Gene	Protein	cis_trans_position_1mb_coding_region	nSamples	nCarriers	nNonCarriers	p-value	beta	lower	upper	se	model	Panel	Olink Assay	pan_p	pan_beta	Gene_chr	Gene_Start	Gene_end
GLA	GLA	cis-position, cis-gene	44582	146	44436	3.78e-277	-2.846379067	-3.00210125	-2.690656883	0.079449395	rec	InflammationII	GLA:P06280:OID30594:v1:InflammationII	1.2617E-294	-2.822375456	X	101393273	101408012
CFHR5	CFHR5	cis-position, cis-gene	45148	283	44865	3.96e-226	-1.878701586	-1.992747724	-1.764655448	0.058186314	rec	InflammationII	CFHR5:Q9BXR6:OID30716:v1:InflammationII	2.2631E-235	-1.878734146	1	196975010	197009678
PHYKPL	PHYKPL	cis-position, cis-gene	44654	282	44372	1.74e-213	-1.825722981	-1.939849236	-1.711596726	0.058227172	flexdmg	InflammationII	PHYKPL:Q8IUZ5:OID30634:v1:InflammationII	3.5087E-236	-1.84218491	5	178208471	178232802
NAGPA	NAGPA	cis-position, cis-gene	44654	158	44496	4.61e-211	-2.40132249	-2.552307165	-2.250337816	0.077032324	flexdmg	InflammationII	NAGPA:Q9UK23:OID30643:v1:InflammationII	1.7712E-225	-2.376469496	16	5024844	5034141
F11	F11	cis-position, cis-gene	45109	316	44793	1.03e-199	-1.623667911	-1.728683283	-1.518652538	0.053578818	flexdmg	InflammationII	F11:P03951:OID30773:v1:InflammationII	1.0605E-218	-1.593052337	4	186266189	186289681
AOC3	AOC3	cis-position, cis-gene	45433	162	45271	6.53e-190	-2.178115913	-2.322662759	-2.033569067	0.07374778	flexdmg	Cardiometabolic	AOC3:Q16853:OID20389:v1:Cardiometabolic	1.2322E-198	-2.129542347	17	42851184	42858130
CFI	CFI	cis-position, cis-gene	45680	304	45376	1.41e-189	-1.628831468	-1.737025797	-1.520637138	0.05520074	flexdmg	InflammationII	CFI:P05156:OID30772:v1:InflammationII	1.6745E-197	-1.620099809	4	109731008	109802150
SGSH	SGSH	cis-position, cis-gene	44876	442	44434	2e-181	-1.349146482	-1.440788697	-1.257504266	0.04675583	flexdmg	CardiometabolicII	SGSH:P51688:OID30341:v1:CardiometabolicII	4.6777E-188	-1.318711152	17	80206716	80220923
GRHPR	GRHPR	cis-position, cis-gene	45616	421	45195	5.38e-180	-1.367208489	-1.46046009	-1.273956887	0.047576959	flexdmg	CardiometabolicII	GRHPR:Q9UBQ7:OID30289:v1:CardiometabolicII	1.1964E-188	-1.363980055	9	37422666	37436990
CEACAM1	CEACAM1	cis-position, cis-gene	45317	145	45172	8.4e-178	-2.234068942	-2.387397524	-2.080740359	0.078228216	rec	Oncology	CEACAM1:P13688:OID21528:v1:Oncology	5.212E-171	-2.205594539	19	42507304	42561234
TNFRSF10B	TNFRSF10B	cis-position, cis-gene	44914	116	44798	2.93e-177	2.385475041	2.221505771	2.549444312	0.083657073	ptv	Neurology	TNFRSF10B:O14763:OID20981:v1:Neurology	1.6777E-182	2.389716193	8	23020133	23069031
DPT	DPT	cis-position, cis-gene	45810	143	45667	3.11e-177	-2.136991353	-2.283904432	-1.990078274	0.074955049	flexnonsynmtr	Cardiometabolic	DPT:Q07507:OID20278:v1:Cardiometabolic	9.5675E-175	-2.064534877	1	168695468	168729206
DPP4	DPP4	cis-position, cis-gene	44402	290	44112	2.49e-176	-1.566684083	-1.674656019	-1.458712148	0.055087232	flexdmg	Cardiometabolic	DPP4:P27487:OID20406:v1:Cardiometabolic	2.0527E-200	-1.575952006	2	161992245	162074394
SSNA1	SSNA1	cis-position, cis-gene	45423	128	45295	6.13e-166	-2.393221696	-2.5633673	-2.223076093	0.086808262	flexdmg	OncologyII	SSNA1:O43805:OID31453:v1:OncologyII	8.7022E-181	-2.397195219	9	137188660	137190370
KYNU	KYNU	cis-position, cis-gene	45752	159	45593	7.16e-165	-2.077637904	-2.225839115	-1.929436692	0.075612251	flexdmg	Inflammation	KYNU:Q16719:OID20669:v1:Inflammation	1.2173E-173	-2.02688681	2	142877657	143055833
CNDP1	CNDP1	cis-position, cis-gene	45433	269	45164	2.5e-164	-1.6418944	-1.759207475	-1.524581324	0.059853115	flexdmg	Cardiometabolic	CNDP1:Q96KN2:OID20347:v1:Cardiometabolic	4.0737E-173	-1.628837066	18	74534500	74587212
THBS4	THBS4	cis-position, cis-gene	45276	635	44641	3.95e-164	-1.066433741	-1.142676155	-0.990191327	0.038898865	flexdmg	Cardiometabolic	THBS4:P35443:OID20368:v1:Cardiometabolic	9.9453E-181	-1.075440343	5	79991311	80083287
PLA2G7	PLA2G7	cis-position, cis-gene	45260	271	44989	1.54e-163	-1.558835639	-1.670486895	-1.447184384	0.056964449	flexdmg	Neurology	PLA2G7:Q13093:OID21105:v1:Neurology	3.7926E-174	-1.525233634	6	46704201	46735693
HGFAC	HGFAC	cis-position, cis-gene	45294	399	44895	4.57e-163	-1.337010546	-1.432915056	-1.241106036	0.048930463	flexdmg	InflammationII	HGFAC:Q04756:OID30718:v1:InflammationII	2.8091E-174	-1.299757089	4	3441968	3449486
STAB1	MFAP4	trans-position, trans-gene	44654	714	43940	2.45e-161	0.980983788	0.910237283	1.051730293	0.03609484	ptvraredmg	InflammationII	MFAP4:P55083:OID30598:v1:InflammationII	1.2697E-176	0.958272996	3	52495338	52524495
ADAM8	ADAM8	cis-position, cis-gene	45565	155	45410	8.14e-161	-2.142259082	-2.29702247	-1.987495694	0.078960265	ptv	Neurology	ADAM8:P78325:OID21039:v1:Neurology	1.7194E-170	-2.149297872	10	133262420	133276868
NPL	NPL	cis-position, cis-gene	45616	246	45370	9.46e-157	-1.510004327	-1.620527406	-1.399481247	0.056388866	flexdmg	CardiometabolicII	NPL:Q9BXD5:OID30329:v1:CardiometabolicII	1.1598E-167	-1.522317325	1	182789293	182830384
ADA	ADA	cis-position, cis-gene	45752	210	45542	1.38e-152	-1.779116496	-1.911140965	-1.647092026	0.067358878	flexdmg	Inflammation	ADA:P00813:OID20645:v1:Inflammation	2.2035E-160	-1.740650432	20	44619522	44652233
AMPD3	AMPD3	cis-position, cis-gene	45493	437	45056	1.48e-152	-1.223373947	-1.314164895	-1.132582999	0.04632153	flexdmg	NeurologyII	AMPD3:Q01432:OID31139:v1:NeurologyII	9.6038E-180	-1.156805002	11	10308313	10507579
GDF15	GDF15	cis-position, cis-gene	45810	137	45673	2.04e-150	-1.83672978	-1.974030636	-1.699428925	0.070050892	flexdmg	Cardiometabolic	GDF15:Q99988:OID20251:v1:Cardiometabolic	8.1741E-145	-1.776223287	19	18374731	18389176
STAB2	DKK3	trans-position, trans-gene	45810	998	44812	2.3e-149	0.787146284	0.728093458	0.84619911	0.03012875	flexdmg	Cardiometabolic	DKK3:Q9UBP4:OID20264:v1:Cardiometabolic	4.8496E-161	0.77243083	12	103587273	103766719
STAB1	CSPG4	trans-position, trans-gene	45606	726	44880	5.3e-148	0.909985657	0.84139836	0.978572955	0.034993233	ptvraredmg	CardiometabolicII	CSPG4:Q6UVK1:OID30397:v1:CardiometabolicII	7.2601E-160	0.885533256	3	52495338	52524495
HPGDS	HPGDS	cis-position, cis-gene	44180	155	44025	3.09e-147	-2.06005998	-2.21572389	-1.904396069	0.079419645	flexdmg	Oncology	HPGDS:O60760:OID21266:v1:Oncology	2.7911E-151	-2.060932614	4	94298535	94342876
THOP1	THOP1	cis-position, cis-gene	45062	146	44916	2.64e-142	-1.986631211	-2.139392878	-1.833869544	0.077938964	flexdmg	Cardiometabolic	THOP1:P52888:OID20194:v1:Cardiometabolic	1.7942E-150	-1.953988534	19	2785503	2815807
SIAE	SIAE	cis-position, cis-gene	45307	430	44877	4.6e-141	-1.200288153	-1.292999789	-1.107576517	0.04730146	flexdmg	Oncology	SIAE:Q9HAT2:OID21503:v1:Oncology	3.2944E-154	-1.218307476	11	124633113	124695707
FCN2	FCN2	cis-position, cis-gene	45067	260	44807	3.45e-139	-1.536308227	-1.65578624	-1.416830215	0.060957652	flexdmg	Cardiometabolic	FCN2:Q15485:OID20382:v1:Cardiometabolic	1.3174E-143	-1.506223921	9	134880810	134887523
FAP	FAP	cis-position, cis-gene	45810	170	45640	1.6e-138	-1.858335377	-2.003220815	-1.71344994	0.073920546	flexdmg	Cardiometabolic	FAP:Q12884:OID20330:v1:Cardiometabolic	6.6473E-153	-1.869513479	2	162170684	162245151
PCSK9	PCSK9	cis-position, cis-gene	45810	278	45532	9.36e-137	-1.448487332	-1.56216169	-1.334812974	0.057996654	flexdmg	Cardiometabolic	PCSK9:Q8NBP7:OID20235:v1:Cardiometabolic	9.279E-103	-1.211224453	1	55039447	55064852
BTD	BTD	cis-position, cis-gene	45680	525	45155	4.38e-136	-1.070888172	-1.155139651	-0.986636694	0.042985099	flexdmg	InflammationII	BTD:P43251:OID30754:v1:InflammationII	3.6732E-227	-1.238785519	3	15601341	15722311
C7	C7	cis-position, cis-gene	44742	375	44367	1.46e-132	-1.229309523	-1.327323169	-1.131295877	0.050006528	flexdmg	InflammationII	C7:P10643:OID30766:v1:InflammationII	5.7558E-144	-1.197718709	5	40909492	40984643
ADAMTS13	ADAMTS13	cis-position, cis-gene	45810	306	45504	6.52e-132	-1.378671057	-1.488878184	-1.268463931	0.056227673	flexdmg	Cardiometabolic	ADAMTS13:Q76LX8:OID20249:v1:Cardiometabolic	5.8501E-142	-1.362686051	9	133414358	133459402
PEPD	PEPD	cis-position, cis-gene	45669	592	45077	2.51e-131	-0.990126782	-1.069454045	-0.910799519	0.040472764	flexdmg	InflammationII	PEPD:P12955:OID30688:v1:InflammationII	2.4556E-138	-0.979560952	19	33386950	33521823
CPQ	CPQ	cis-position, cis-gene	45534	212	45322	1.69e-128	-1.599307619	-1.728873689	-1.46974155	0.066104594	flexnonsynmtr	CardiometabolicII	CPQ:Q9Y646:OID30406:v1:CardiometabolicII	2.469E-124	-1.577241787	8	96645242	97149654
CA12	CA12	cis-position, cis-gene	45042	72	44970	1.74e-128	-2.791815291	-3.017994455	-2.565636127	0.115396551	ptv	Oncology	CA12:O43570:OID21344:v1:Oncology	1.8757E-133	-2.798361297	15	63321378	63381846
ENPP6	ENPP6	cis-position, cis-gene	44457	177	44280	1.76e-127	-1.73151101	-1.872347627	-1.590674393	0.07185478	flexdmg	CardiometabolicII	ENPP6:Q6UWR7:OID30273:v1:CardiometabolicII	1.7076E-143	-1.671332843	4	184088706	184221230
SELP	SELP	cis-position, cis-gene	45433	377	45056	2.68e-127	-1.223817622	-1.323440081	-1.124195163	0.050827364	flexdmg	Cardiometabolic	SELP:P16109:OID20379:v1:Cardiometabolic	1.6533E-134	-1.224065441	1	169588849	169630193
TCN2	TCN2	cis-position, cis-gene	45739	112	45627	4.43e-127	-2.185548818	-2.363618392	-2.007479245	0.090851088	flexdmg	Cardiometabolic	TCN2:P20062:OID20341:v1:Cardiometabolic	5.3088E-129	-2.108229918	22	30607003	30627271
STAB1	CD248	trans-position, trans-gene	45606	726	44880	1.32e-125	0.84742262	0.777965623	0.916879616	0.035436953	ptvraredmg	CardiometabolicII	CD248:Q9HCU0:OID30394:v1:CardiometabolicII	9.9059E-135	0.824013998	3	52495338	52524495
XPNPEP2	XPNPEP2	cis-position, cis-gene	45388	380	45008	6.15e-124	-1.190497026	-1.288741056	-1.092252995	0.050124089	rec	Oncology	XPNPEP2:O43895:OID21508:v1:Oncology	1.011E-133	-1.198529967	X	129738949	129769536
IL1R2	IL1R2	cis-position, cis-gene	45157	159	44998	3.5e-123	-1.800643249	-1.949701723	-1.651584774	0.0760496	flexdmg	Inflammation	IL1R2:P27930:OID20757:v1:Inflammation	3.97E-139	-1.839952482	2	101991960	102028544
PLA2G15	PLA2G15	cis-position, cis-gene	45388	226	45162	2.33e-121	-1.538008215	-1.66630214	-1.409714291	0.06545554	flexdmg	Oncology	PLA2G15:Q8NCC3:OID21473:v1:Oncology	1.8209E-135	-1.555572153	16	68245304	68261058
ANGPTL3	ANGPTL3	cis-position, cis-gene	45275	150	45125	3.18e-121	-1.726725195	-1.870841703	-1.582608687	0.073528215	flexdmg	Cardiometabolic	ANGPTL3:Q9Y5C1:OID20407:v1:Cardiometabolic	4.4823E-113	-1.58112717	1	62597520	62606313
BCHE	BCHE	cis-position, cis-gene	44938	359	44579	1.78e-119	-1.194967469	-1.295443394	-1.094491543	0.051262788	flexdmg	InflammationII	BCHE:P06276:OID30717:v1:InflammationII	2.7872E-135	-1.204283547	3	165772904	165837462
LY9	LY9	cis-position, cis-gene	44711	84	44627	2.15e-118	-2.485245638	-2.695183553	-2.275307722	0.107110249	flexdmg	Inflammation	LY9:Q9HBG7:OID20670:v1:Inflammation	5.3746E-117	-2.436608538	1	160796074	160828261
ANGPTL4	ANGPTL4	cis-position, cis-gene	45378	207	45171	6.4e-118	-1.550040186	-1.681252576	-1.418827796	0.066944541	flexnonsynmtr	Inflammation	ANGPTL4:Q9BY76:OID20703:v1:Inflammation	1.0028E-115	-1.447517284	19	8363289	8374370
CD109	CD109	cis-position, cis-gene	45260	306	44954	1.04e-117	-1.294481787	-1.404161019	-1.184802554	0.055958323	flexdmg	Neurology	CD109:Q6YHK3:OID21108:v1:Neurology	6.8844E-128	-1.281331066	6	73695785	73828316
GALNT10	GALNT10	cis-position, cis-gene	45042	186	44856	1.35e-116	-1.625911355	-1.764339899	-1.48748281	0.070626208	flexdmg	Oncology	GALNT10:Q86SR1:OID21371:v1:Oncology	9.7621E-132	-1.646403971	5	154190730	154420984
CA14	CA14	cis-position, cis-gene	45621	160	45461	1.2e-115	-1.708682692	-1.854772625	-1.562592758	0.074535072	flexdmg	Oncology	CA14:Q9ULX7:OID21401:v1:Oncology	1.8134E-127	-1.72017616	1	150257251	150265078
GNPTAB	CPQ	trans-position, trans-gene	45534	76	45458	1.67e-115	2.527212764	2.311001211	2.743424316	0.11031111	ptv	CardiometabolicII	CPQ:Q9Y646:OID30406:v1:CardiometabolicII	1.8116E-99	2.224820824	12	101745497	101830867
CRELD1	CRELD1	cis-position, cis-gene	44654	189	44465	6.92e-115	-1.619041565	-1.757928039	-1.480155091	0.070859827	flexdmg	InflammationII	CRELD1:Q96HD1:OID30619:v1:InflammationII	2.1997E-113	-1.579100388	3	9933793	9945413
STAB1	OMD	trans-position, trans-gene	45452	729	44723	1.59e-114	0.804797624	0.735644973	0.873950276	0.035281674	ptvraredmg	Inflammation	OMD:Q99983:OID20725:v1:Inflammation	5.3585E-124	0.784337388	3	52495338	52524495
WFIKKN1	WFIKKN1	cis-position, cis-gene	44766	173	44593	3.8e-114	-1.624469969	-1.764284648	-1.48465529	0.071333401	flexdmg	Neurology	WFIKKN1:Q96NZ8:OID20939:v1:Neurology	2.9196E-116	-1.585255878	16	629239	634117
EPHA1	EPHA1	cis-position, cis-gene	45384	302	45082	4.93e-114	-1.204600652	-1.308334536	-1.100866768	0.052925011	flexdmg	Inflammation	EPHA1:P21709:OID20677:v1:Inflammation	1.1223E-119	-1.126328263	7	143390289	143408856
FAM20A	FAM20A	cis-position, cis-gene	45616	284	45332	4.59e-113	-1.286563591	-1.397842022	-1.17528516	0.056774246	flexdmg	CardiometabolicII	FAM20A:Q96MK3:OID30348:v1:CardiometabolicII	5.9837E-139	-1.364662905	17	68535113	68601367
QPCT	QPCT	cis-position, cis-gene	45310	143	45167	4.59e-113	-1.838155038	-1.997139385	-1.679170691	0.081113785	flexdmg	Cardiometabolic	QPCT:Q16769:OID20320:v1:Cardiometabolic	7.8566E-115	-1.83550518	2	37342827	37373322
CA4	CA4	cis-position, cis-gene	45810	112	45698	1.7e-112	-2.098685451	-2.280677813	-1.91669309	0.092852497	flexdmg	Cardiometabolic	CA4:P22748:OID20241:v1:Cardiometabolic	1.4216E-126	-2.023487327	17	60149942	60170899
MELTF	MELTF	cis-position, cis-gene	45616	403	45213	2.93e-112	-1.094115098	-1.189094798	-0.999135399	0.048458635	flexdmg	CardiometabolicII	MELTF:P08582:OID30347:v1:CardiometabolicII	5.5085E-124	-1.091276192	3	196980590	197029835
GCNT1	GCNT1	cis-position, cis-gene	45042	91	44951	4.85e-112	-2.271747928	-2.469147729	-2.074348126	0.100713327	flexdmg	Oncology	GCNT1:Q02742:OID21379:v1:Oncology	1.3964E-118	-2.198721157	9	76419850	76651203
PRCP	PRCP	cis-position, cis-gene	45524	102	45422	6.1e-112	-2.127678175	-2.312649148	-1.942707202	0.094372169	ptvraredmg	Cardiometabolic	PRCP:P42785:OID20337:v1:Cardiometabolic	3.2213E-118	-2.059121611	11	82822936	82970584
IGFALS	IGFBP3	trans-position, trans-gene	45433	261	45172	1.1e-111	-1.323257727	-1.438429775	-1.20808568	0.058760762	flexdmg	Cardiometabolic	IGFBP3:P17936:OID20398:v1:Cardiometabolic	2.3771E-116	-1.29713544	16	1790413	1794908
ADA2	ADA2	cis-position, cis-gene	44988	215	44773	2.98e-110	-1.4683278	-1.596970884	-1.339684715	0.065633666	flexdmg	Cardiometabolic	ADA2:Q9NZK5:OID20394:v1:Cardiometabolic	1.6885E-119	-1.476363329	22	17178790	17258235
CD38	CD38	cis-position, cis-gene	45042	55	44987	4.49e-110	-2.436657853	-2.650315538	-2.223000168	0.109008096	ptv	Oncology	CD38:P28907:OID21316:v1:Oncology	1.7109E-109	-2.436147112	4	15778275	15853232
TCTN3	TCTN3	cis-position, cis-gene	45616	68	45548	1.08e-109	-2.636615739	-2.868226886	-2.405004591	0.118167987	ptv	CardiometabolicII	TCTN3:Q6NUS6:OID30326:v1:CardiometabolicII	2.1668E-115	-2.633439069	10	95659823	95694143
INHBC	INHBC	cis-position, cis-gene	45260	134	45126	1.1e-109	-1.893553321	-2.059891304	-1.727215337	0.084865607	flexdmg	Neurology	INHBC:P55103:OID21093:v1:Neurology	6.7355E-115	-1.872710685	12	57434784	57452062
SIGLEC1	SIGLEC1	cis-position, cis-gene	45452	651	44801	4.34e-109	-0.848881885	-0.923660847	-0.774102923	0.038152216	flexnonsynmtr	Inflammation	SIGLEC1:Q9BZZ2:OID20690:v1:Inflammation	2.8695E-111	-0.805704966	20	3686970	3712600
APCS	APCS	cis-position, cis-gene	45333	149	45184	6.61e-106	-1.655464414	-1.803522979	-1.507405849	0.075539454	flexnonsynmtr	InflammationII	APCS:P02743:OID30778:v1:InflammationII	2.9773E-109	-1.625895455	1	159587826	159588865
KIRREL2	KIRREL2	cis-position, cis-gene	44217	119	44098	3.04e-105	-1.943159869	-2.117496922	-1.768822815	0.088946675	rec	Neurology	KIRREL2:Q6UWL6:OID20873:v1:Neurology	2.7832E-109	-1.922676697	19	35855861	35867136
PAMR1	PAMR1	cis-position, cis-gene	45260	498	44762	3.42e-105	-0.943053634	-1.0276891	-0.858418167	0.043180999	flexdmg	Neurology	PAMR1:Q6UXH9:OID21153:v1:Neurology	8.8486E-108	-0.905390805	11	35431823	35530300
ACY3	ACY3	cis-position, cis-gene	44108	216	43892	1.37e-104	-1.428640746	-1.557223854	-1.300057639	0.065603031	flexdmg	CardiometabolicII	ACY3:Q96HD9:OID30086:v1:CardiometabolicII	9.3837E-115	-1.441722135	11	67642555	67650730
GNPTAB	CREG1	trans-position, trans-gene	44687	77	44610	3.3e-101	2.397980579	2.178478913	2.617482245	0.111989669	ptv	Oncology	CREG1:O75629:OID21515:v1:Oncology	1.2651E-101	2.233458394	12	101745497	101830867
GNPTAB	MAN2B2	trans-position, trans-gene	45616	77	45539	1.2e-99	2.370665049	2.151916485	2.589413612	0.111605498	ptv	CardiometabolicII	MAN2B2:Q9Y2E5:OID30306:v1:CardiometabolicII	1.8361E-101	2.215014627	12	101745497	101830867
GNPTAB	SMPDL3A	trans-position, trans-gene	45384	77	45307	1.25e-99	2.406410955	2.18434625	2.628475659	0.113297377	ptv	Inflammation	SMPDL3A:Q92484:OID20676:v1:Inflammation	2.313E-99	2.227232931	12	101745497	101830867
KLKB1	KLKB1	cis-position, cis-gene	44877	202	44675	9.71e-99	-1.405323792	-1.535600912	-1.275046672	0.066467346	ptvraredmg	InflammationII	KLKB1:P03952:OID30760:v1:InflammationII	1.1438E-103	-1.372765007	4	186226438	186258471
PON1	PON1	cis-position, cis-gene	45669	143	45526	2.06e-98	-1.725572426	-1.885815386	-1.565329465	0.081755947	flexdmg	InflammationII	PON1:P27169:OID30704:v1:InflammationII	5.8914E-102	-1.719337099	7	95297676	95324532
B4GALT7	GPC1	trans-position, trans-gene	45621	228	45393	7.43e-97	1.349015692	1.222712678	1.475318705	0.064439787	flexdmg	Oncology	GPC1:P35052:OID21438:v1:Oncology	8.9622E-102	1.330557728	5	177600118	177610347
CD36	CD36	cis-position, cis-gene	44339	153	44186	9.79e-97	-1.633867239	-1.786926356	-1.480808121	0.078090689	ptv	InflammationII	CD36:P16671:OID30485:v1:InflammationII	4.3241E-136	-1.717405759	7	80369575	80679277
ANPEP	ANPEP	cis-position, cis-gene	45364	117	45247	1.01e-96	-1.892344122	-2.069637669	-1.715050575	0.090455139	ptvraredmg	Cardiometabolic	ANPEP:P15144:OID20350:v1:Cardiometabolic	4.59002E-91	-1.594795702	15	89784895	89815401
STAB1	FBLN2	trans-position, trans-gene	45606	726	44880	7.15e-96	0.728135629	0.659605712	0.796665546	0.034963958	ptvraredmg	CardiometabolicII	FBLN2:P98095:OID30378:v1:CardiometabolicII	9.8081E-107	0.726143176	3	52495338	52524495
SPINK1	SPINK1	cis-position, cis-gene	45260	148	45112	9.23e-96	-1.644866893	-1.799766083	-1.489967704	0.079029537	flexnonsynmtr	Neurology	SPINK1:P00995:OID21097:v1:Neurology	7.22429E-97	-1.623825537	5	147824572	147831671
AARSD1	AARSD1	cis-position, cis-gene	45042	129	44913	3.07e-95	-1.737419304	-1.901491597	-1.573347011	0.083709642	flexdmg	Oncology	AARSD1:Q9BTE6:OID21311:v1:Oncology	1.3945E-105	-1.695498466	17	42950526	42964498
DDC	DDC	cis-position, cis-gene	45201	105	45096	3.47e-95	-1.983478394	-2.170841696	-1.796115092	0.095592717	ptvraredmg	Cardiometabolic	DDC:P20711:OID20215:v1:Cardiometabolic	2.02109E-94	-1.935697603	7	50458436	50565405
C1GALT1C1	C1GALT1C1	cis-position, cis-gene	44108	236	43872	9.68e-95	-1.34892553	-1.476647603	-1.221203458	0.065163731	rec	CardiometabolicII	C1GALT1C1:Q96EU7:OID30180:v1:CardiometabolicII	3.6417E-99	-1.340257665	X	120625674	120630054
LILRB4	LILRB4	cis-position, cis-gene	44437	87	44350	7.71e-94	-2.101622988	-2.30159473	-1.901651246	0.102025494	ptv	Inflammation	LILRB4:Q8NHJ6:OID20429:v1:Inflammation	6.45384E-95	-2.093424266	19	54643889	54670359
GALNT5	GALNT5	cis-position, cis-gene	45616	265	45351	1.53e-92	-1.211170284	-1.327247378	-1.095093189	0.059222524	flexdmg	CardiometabolicII	GALNT5:Q7Z7M9:OID30295:v1:CardiometabolicII	1.7106E-100	-1.20444799	2	157257705	157318491
SPINK5	SPINK5	cis-position, cis-gene	45260	103	45157	4.45e-92	-1.938944331	-2.125247483	-1.752641179	0.095051832	ptv	Neurology	SPINK5:Q9NQ38:OID21148:v1:Neurology	1.42218E-94	-1.931810881	5	148025683	148137382
CPA4	CPA4	cis-position, cis-gene	43889	144	43745	4.5e-92	-1.678552033	-1.839828213	-1.517275853	0.082283007	flexdmg	InflammationII	CPA4:Q9UI42:OID30606:v1:InflammationII	2.67353E-96	-1.653071478	7	130293134	130324180
CTSV	CTSV	cis-position, cis-gene	45466	128	45338	1.85e-91	-1.658123521	-1.817997673	-1.49824937	0.081567771	flexdmg	Oncology	CTSV:O60911:OID21405:v1:Oncology	6.4115E-103	-1.698748368	9	97029677	97156556
IDUA	IDUA	cis-position, cis-gene	45621	407	45214	4.07e-91	-0.99561824	-1.091799711	-0.899436768	0.049071778	flexdmg	Oncology	IDUA:P35475:OID21468:v1:Oncology	1.27537E-93	-0.958339864	4	986997	1004564
TCHH	FABP9	trans-position, trans-gene	45190	232	44958	4.31e-91	1.293475241	1.168504015	1.418446467	0.063760293	ptv	Inflammation	FABP9:Q0Z7S8:OID20501:v1:Inflammation	3.60183E-95	1.27512441	1	152106317	152115454
HSPG2	HSPG2	cis-position, cis-gene	44912	59	44853	6.4e-90	-2.483244071	-2.724761848	-2.241726295	0.123222297	ptv	Cardiometabolic	HSPG2:P98160:OID20383:v1:Cardiometabolic	1.289E-101	-2.504280842	1	21822244	21937310
FGL1	FGL1	cis-position, cis-gene	45669	194	45475	6.48e-90	-1.342958994	-1.473582645	-1.212335344	0.066644177	flexnonsynmtr	InflammationII	FGL1:Q08830:OID30702:v1:InflammationII	1.9791E-95	-1.349205996	8	17864380	17910365
GGT5	GGT5	cis-position, cis-gene	44914	78	44836	1.09e-89	-2.204113776	-2.418767013	-1.989460539	0.109516018	flexdmg	Neurology	GGT5:P36269:OID20909:v1:Neurology	5.23901E-93	-2.183542544	22	24219654	24245108
GNPTAB	NAAA	trans-position, trans-gene	44706	77	44629	1.17e-89	2.252140295	2.032774156	2.471506435	0.111920525	ptv	Neurology	NAAA:Q02083:OID20931:v1:Neurology	5.98642E-86	2.07182134	12	101745497	101830867
FETUB	FETUB	cis-position, cis-gene	45352	98	45254	1.28e-89	-1.95536096	-2.14586958	-1.764852341	0.097197466	flexdmg	Cardiometabolic	FETUB:Q9UGM5:OID20404:v1:Cardiometabolic	3.15216E-89	-1.82541643	3	186635969	186653141
FBP1	FBP1	cis-position, cis-gene	45276	155	45121	2.18e-89	1.569363464	1.41626044	1.722466488	0.078113134	flexdmg	Cardiometabolic	FBP1:P09467:OID20227:v1:Cardiometabolic	7.61128E-77	1.402012287	9	94603133	94640249
HYAL1	HYAL1	cis-position, cis-gene	45008	112	44896	6.79e-89	-1.85431012	-2.035724666	-1.672895574	0.092557653	flexdmg	Cardiometabolic	HYAL1:Q12794:OID20357:v1:Cardiometabolic	1.09111E-91	-1.8068178	3	50299890	50312381
KYAT1	KYAT1	cis-position, cis-gene	45201	184	45017	9.35e-89	-1.449227192	-1.591126015	-1.307328369	0.07239675	flexdmg	Cardiometabolic	KYAT1:Q16773:OID20232:v1:Cardiometabolic	4.98193E-97	-1.411644957	9	128832942	128882494
KEL	KEL	cis-position, cis-gene	44217	439	43778	1.31e-88	-0.911931653	-1.001294082	-0.822569224	0.045592665	flexdmg	Neurology	KEL:P23276:OID20881:v1:Neurology	1.18074E-96	-0.913445381	7	142941114	142962363
ASGR1	ITGB7	trans-position, trans-gene	45621	104	45517	3.88e-88	1.936803927	1.746479636	2.127128218	0.097103437	flexdmg	Oncology	ITGB7:P26010:OID21393:v1:Oncology	1.59747E-94	1.95707677	17	7173431	7179564
ACY1	ACY1	cis-position, cis-gene	45276	144	45132	3.89e-88	-1.543658405	-1.695347349	-1.391969461	0.077391671	flexdmg	Cardiometabolic	ACY1:Q03154:OID20137:v1:Cardiometabolic	3.25757E-93	-1.5384914	3	51983340	51989197
STAB2	PDGFRA	trans-position, trans-gene	45276	978	44298	1.11e-87	0.622931763	0.561555588	0.684307937	0.031314113	flexdmg	Cardiometabolic	PDGFRA:P16234:OID20133:v1:Cardiometabolic	6.80533E-97	0.619028698	12	103587273	103766719
ADAM15	ADAM15	cis-position, cis-gene	44454	128	44326	1.03e-86	-1.729420417	-1.900783887	-1.558056946	0.087429567	flexdmg	Cardiometabolic	ADAM15:Q13444:OID20109:v1:Cardiometabolic	1.80735E-96	-1.753686412	1	155050566	155062775
SUSD2	SUSD2	cis-position, cis-gene	45260	227	45033	1.03e-86	-1.252543472	-1.376657739	-1.128429204	0.063323075	flexdmg	Neurology	SUSD2:Q9UGT4:OID21098:v1:Neurology	2.4527E-101	-1.28460607	22	24181487	24189106
CPB2	CPB2	cis-position, cis-gene	45606	57	45549	1.04e-86	-2.561015851	-2.814796155	-2.307235547	0.129478689	ptvraredmg	InflammationII	CPB2:Q96IY4:OID30734:v1:InflammationII	4.3761E-103	-2.582586755	13	46053186	46105033
ASGR1	CD163	trans-position, trans-gene	45433	104	45329	1.13e-86	1.885278474	1.698417889	2.072139059	0.095336244	ptvraredmg	Cardiometabolic	CD163:Q86VB7:OID20360:v1:Cardiometabolic	6.37041E-92	1.900167306	17	7173431	7179564
CPVL	CPVL	cis-position, cis-gene	45540	105	45435	2.55e-86	-1.923329816	-2.114362321	-1.732297312	0.097464763	ptv	Oncology	CPVL:Q9H3G5:OID21435:v1:Oncology	5.74311E-89	-1.881010784	7	28995235	29195451
NPC2	NPC2	cis-position, cis-gene	44869	178	44691	2.93e-86	-1.387756594	-1.525638923	-1.249874265	0.070347521	flexdmg	CardiometabolicII	NPC2:P61916:OID30418:v1:CardiometabolicII	3.64164E-85	-1.360766399	14	74476192	74494177
SERPIND1	SERPIND1	cis-position, cis-gene	45606	226	45380	3.38e-85	-1.277228734	-1.404943447	-1.14951402	0.065160035	flexdmg	InflammationII	SERPIND1:P05546:OID30767:v1:InflammationII	1.85585E-84	-1.191238438	22	20774113	20787720
ASGR1	TNFSF8	trans-position, trans-gene	45606	104	45502	3.77e-85	1.898828464	1.708903516	2.088753412	0.096899691	flexdmg	CardiometabolicII	TNFSF8:P32971:OID30384:v1:CardiometabolicII	1.39182E-88	1.892327701	17	7173431	7179564
HEPH	HEPH	cis-position, cis-gene	45616	191	45425	1.59e-84	-1.385661868	-1.524784048	-1.246539689	0.070980124	ptvraredmg	CardiometabolicII	HEPH:Q9BQS7:OID30337:v1:CardiometabolicII	4.87135E-98	-1.393611592	X	66162671	66268867
EPPK1	EPPK1	cis-position, cis-gene	44457	177	44280	2.39e-84	-1.423369025	-1.566423937	-1.280314112	0.072986554	ptv	CardiometabolicII	EPPK1:P58107:OID30250:v1:CardiometabolicII	3.32672E-93	-1.431596658	8	143857324	143878467
CR2	CR2	cis-position, cis-gene	45433	263	45170	2.44e-84	-1.183561614	-1.302526162	-1.064597065	0.060695696	flexdmg	Cardiometabolic	CR2:P20023:OID20393:v1:Cardiometabolic	3.89201E-93	-1.195563121	1	207454230	207489895
ADAMTSL4	ADAMTSL4	cis-position, cis-gene	44457	295	44162	5.78e-84	-1.096253139	-1.206689608	-0.98581667	0.056344638	flexdmg	CardiometabolicII	ADAMTSL4:Q6UY14:OID30275:v1:CardiometabolicII	1.12066E-91	-1.085814535	1	150549369	150560937
PAM	PAM	cis-position, cis-gene	45591	315	45276	4.4e-83	-1.076611754	-1.185664933	-0.967558576	0.055638921	flexdmg	Cardiometabolic	PAM:P19021:OID20291:v1:Cardiometabolic	1.24948E-72	-1.006214681	5	102753981	103029730
LY75	LY75	cis-position, cis-gene	45190	252	44938	1.79e-82	-1.197934296	-1.319734467	-1.076134125	0.062142421	flexdmg	Inflammation	LY75:O60449:OID20580:v1:Inflammation	8.05575E-85	-1.147804364	2	159803355	159904756
AFM	AFM	cis-position, cis-gene	45680	176	45504	2.14e-82	-1.427091402	-1.572263886	-1.281918918	0.074066992	flexdmg	InflammationII	AFM:P43652:OID30741:v1:InflammationII	9.38524E-90	-1.382533333	4	73481745	73504001
PCDH12	PCDH12	cis-position, cis-gene	45520	351	45169	3e-82	-1.024180394	-1.12846155	-0.919899238	0.053204234	flexdmg	NeurologyII	PCDH12:Q9NPG4:OID31045:v1:NeurologyII	7.22482E-82	-1.019639226	5	141943581	141969741
CANT1	CANT1	cis-position, cis-gene	45135	228	44907	8.74e-82	-1.241915347	-1.368732105	-1.115098588	0.064701881	flexdmg	Cardiometabolic	CANT1:Q8WVQ1:OID20181:v1:Cardiometabolic	4.72864E-83	-1.205627221	17	78991716	79009867
LCAT	KITLG	trans-position, trans-gene	45276	177	45099	1.06e-81	-1.419581651	-1.564618928	-1.274544374	0.073997991	flexdmg	Cardiometabolic	KITLG:P21583:OID20196:v1:Cardiometabolic	4.45966E-89	-1.416338989	16	67939750	67944131
C1RL	C1RL	cis-position, cis-gene	45609	287	45322	2.32e-81	-1.114291831	-1.228382497	-1.000201165	0.058209048	flexnonsynmtr	InflammationII	C1RL:Q9NZP8:OID30721:v1:InflammationII	1.1183E-95	-1.140743176	12	7089587	7109238
C2	C2	cis-position, cis-gene	45352	152	45200	3.04e-81	-1.512197399	-1.667143311	-1.357251488	0.079053378	ptvraredmg	Cardiometabolic	C2:P06681:OID20410:v1:Cardiometabolic	8.65994E-89	-1.536298952	6	31897785	31945672
STAB1	HRC	trans-position, trans-gene	44457	718	43739	6.14e-81	0.708634105	0.635886832	0.781381378	0.037115627	ptvraredmg	CardiometabolicII	HRC:P23327:OID30211:v1:CardiometabolicII	9.68769E-88	0.691292555	3	52495338	52524495
COL15A1	COL15A1	cis-position, cis-gene	45606	523	45083	1.52e-80	-0.801795841	-0.884317373	-0.719274309	0.042102478	flexdmg	CardiometabolicII	COL15A1:P39059:OID30396:v1:CardiometabolicII	7.40532E-57	-0.585724621	9	98943179	99070792
CDON	CDON	cis-position, cis-gene	45300	314	44986	2.97e-80	-1.029972453	-1.136174234	-0.923770673	0.054184129	flexdmg	Inflammation	CDON:Q4KMG0:OID20754:v1:Inflammation	1.35785E-90	-1.049416468	11	125955796	126063335
SORCS2	SORCS2	cis-position, cis-gene	44180	254	43926	7.05e-80	-1.107214174	-1.221650456	-0.992777891	0.058385331	flexdmg	Oncology	SORCS2:Q96PQ0:OID21262:v1:Oncology	1.08778E-82	-1.082775192	4	7192538	7742836
GNPTAB	SMPD1	trans-position, trans-gene	45420	75	45345	1.86e-79	2.137549072	1.916008931	2.359089212	0.113029747	ptv	Neurology	SMPD1:P17405:OID21028:v1:Neurology	1.46701E-76	1.944403832	12	101745497	101830867
CD276	CD276	cis-position, cis-gene	45225	87	45138	7.56e-79	-1.923702519	-2.123868208	-1.723536831	0.102124494	ptv	Inflammation	CD276:Q5ZPR3:OID20680:v1:Inflammation	4.80175E-79	-1.893447487	15	73683966	73714514
NHLRC3	NHLRC3	cis-position, cis-gene	43654	81	43573	2.19e-78	-2.027321795	-2.238891806	-1.815751785	0.107942872	ptvraredmg	InflammationII	NHLRC3:Q5JS37:OID30614:v1:InflammationII	4.68562E-82	-1.915296657	13	39038306	39050109
MARCO	MARCO	cis-position, cis-gene	45276	295	44981	2.66e-78	-1.057970312	-1.168448927	-0.947491697	0.056366169	flexdmg	Cardiometabolic	MARCO:Q9UEW3:OID20210:v1:Cardiometabolic	1.43801E-79	-1.040044576	2	118942194	118994660
STAB2	POSTN	trans-position, trans-gene	45606	989	44617	5.69e-78	0.590345756	0.528563673	0.652127838	0.031521213	flexdmg	CardiometabolicII	POSTN:Q15063:OID30410:v1:CardiometabolicII	3.98662E-84	0.578219034	12	103587273	103766719
FCN1	FCN1	cis-position, cis-gene	45591	167	45424	6.26e-78	-1.418817912	-1.56734324	-1.270292584	0.075777608	flexdmg	InflammationII	FCN1:O00602:OID30690:v1:InflammationII	1.80532E-80	-1.325380807	9	134903232	134917912
C8B	C8B	cis-position, cis-gene	45680	321	45359	7.61e-78	-1.021857915	-1.128888866	-0.914826963	0.054607184	flexnonsynmtr	InflammationII	C8B:P07358:OID30719:v1:InflammationII	1.1203E-87	-1.016013842	1	56929207	56974383
CPPED1	CPPED1	cis-position, cis-gene	45644	127	45517	5.74e-77	-1.597584007	-1.765895631	-1.429272383	0.085872578	rec	Neurology	CPPED1:Q9BRF8:OID21053:v1:Neurology	2.93534E-76	-1.552516858	16	12659799	12803887
KHK	KHK	cis-position, cis-gene	44457	258	44199	2.06e-76	-1.124690088	-1.243616029	-1.005764146	0.060675963	flexdmg	CardiometabolicII	KHK:P50053:OID30241:v1:CardiometabolicII	2.57368E-83	-1.14150427	2	27086747	27100762
ASGR1	CR1	trans-position, trans-gene	45513	105	45408	3.51e-76	1.772495414	1.58476802	1.960222808	0.095778495	flexdmg	InflammationII	CR1:P17927:OID30697:v1:InflammationII	8.55706E-79	1.770757094	17	7173431	7179564
ADAMTSL5	ADAMTSL5	cis-position, cis-gene	45616	188	45428	4.56e-76	-1.333811984	-1.475186961	-1.192437007	0.072129501	flexdmg	CardiometabolicII	ADAMTSL5:Q6ZMM2:OID30355:v1:CardiometabolicII	2.61476E-64	-0.96974351	19	1505022	1513604
TXNDC15	TXNDC15	cis-position, cis-gene	45388	47	45341	4.98e-76	-2.656191708	-2.937800765	-2.374582651	0.143676897	ptv	Oncology	TXNDC15:Q96J42:OID21495:v1:Oncology	1.5222E-75	-2.601496642	5	134874371	134901635
CD101	CD101	cis-position, cis-gene	45423	249	45174	2.44e-75	-1.168501343	-1.292968718	-1.044033968	0.063503237	flexdmg	OncologyII	CD101:Q93033:OID31480:v1:OncologyII	1.60833E-84	-1.146547786	1	117001750	117036552
PCBD1	PCBD1	cis-position, cis-gene	44577	62	44515	3.09e-75	-2.23895661	-2.477605439	-2.000307782	0.121758536	ptvraredmg	InflammationII	PCBD1:P61457:OID30610:v1:InflammationII	1.72611E-75	-2.225851888	10	70882280	70888565
NT5E	NT5E	cis-position, cis-gene	45388	190	45198	6.89e-75	-1.310092906	-1.450073819	-1.170111994	0.07141824	flexdmg	Oncology	NT5E:P21589:OID21498:v1:Oncology	1.0403E-81	-1.289487539	6	85449584	85495791
ITGAM	ITGAM	cis-position, cis-gene	45260	270	44990	7.74e-75	-1.081653384	-1.197265642	-0.966041126	0.058985351	flexdmg	Neurology	ITGAM:P11215:OID21071:v1:Neurology	1.97817E-72	-1.041152622	16	31259967	31332892
ASGR1	SIGLEC9	trans-position, trans-gene	45556	104	45452	1.33e-74	1.730407003	1.545149133	1.915664873	0.094518546	flexdmg	Oncology	SIGLEC9:Q9Y336:OID21390:v1:Oncology	2.47918E-71	1.685963721	17	7173431	7179564
GNPTAB	SGSH	trans-position, trans-gene	44876	77	44799	1.7e-74	2.052529493	1.832631443	2.272427543	0.112191917	ptv	CardiometabolicII	SGSH:P51688:OID30341:v1:CardiometabolicII	1.20646E-71	1.872064581	12	101745497	101830867
LCAT	LCAT	cis-position, cis-gene	45669	177	45492	6.39e-74	-1.33763163	-1.481516004	-1.193747255	0.073409798	flexdmg	InflammationII	LCAT:P04180:OID30677:v1:InflammationII	1.66418E-80	-1.331860046	16	67939750	67944131
GNPTAB	DPP7	trans-position, trans-gene	44917	74	44843	1.19e-73	2.087176446	1.862251249	2.312101644	0.114756769	ptv	Cardiometabolic	DPP7:Q9UHL4:OID20142:v1:Cardiometabolic	6.80023E-79	2.008028273	12	101745497	101830867
COL18A1	COL18A1	cis-position, cis-gene	45444	122	45322	2.77e-73	-1.52975509	-1.69503917	-1.364471009	0.084327915	ptv	Cardiometabolic	COL18A1:P39060:OID20332:v1:Cardiometabolic	6.20442E-80	-1.540325488	21	45405165	45513720
SERPINA4	SERPINA4	cis-position, cis-gene	44971	189	44782	3.01e-73	-1.297713978	-1.437960242	-1.157467714	0.071553604	flexdmg	InflammationII	SERPINA4:P29622:OID30774:v1:InflammationII	4.64224E-78	-1.264070149	14	94561442	94569913
SPON2	SPON2	cis-position, cis-gene	45046	96	44950	1.19e-72	-1.79052591	-1.984847897	-1.596203923	0.099143028	flexdmg	Cardiometabolic	SPON2:Q9BUD6:OID20221:v1:Cardiometabolic	2.05551E-77	-1.776295221	4	1166932	1208962
CTSB	CTSB	cis-position, cis-gene	45319	45	45274	4.32e-72	-2.615675548	-2.900686249	-2.330664848	0.145412409	ptv	Cardiometabolic	CTSB:P07858:OID20276:v1:Cardiometabolic	8.28667E-74	-2.611061971	8	11842524	11869533
FLG	WFDC12	trans-position, trans-gene	45540	562	44978	4.83e-72	0.685247927	0.610554951	0.759940903	0.038108348	ptv	Oncology	WFDC12:Q8WWY7:OID21462:v1:Oncology	1.70293E-81	0.691922212	1	152302163	152325257
STAB2	LTBP2	trans-position, trans-gene	45810	998	44812	7.36e-72	0.478009954	0.425837402	0.530182505	0.026618434	flexdmg	Cardiometabolic	LTBP2:Q14767:OID20254:v1:Cardiometabolic	2.86446E-78	0.472164332	12	103587273	103766719
MRI1	MRI1	cis-position, cis-gene	44410	255	44155	1.08e-71	-1.110545861	-1.231895901	-0.989195821	0.061912735	flexdmg	NeurologyII	MRI1:Q9BV20:OID30891:v1:NeurologyII	1.58706E-79	-1.116310219	19	13764522	13774282
GNPTAB	CTSZ	trans-position, trans-gene	45291	75	45216	1.17e-71	2.00941118	1.78978073	2.229041631	0.112055416	ptv	Cardiometabolic	CTSZ:Q9UBR2:OID20365:v1:Cardiometabolic	3.54692E-70	1.845181464	12	101745497	101830867
EPS8L2	EPS8L2	cis-position, cis-gene	45544	56	45488	1.22e-71	-2.302173051	-2.553839561	-2.050506542	0.128400226	ptv	Oncology	EPS8L2:Q9H6S3:OID21397:v1:Oncology	7.8222E-76	-2.312849708	11	694438	727727
GNPTAB	PLA2G15	trans-position, trans-gene	45388	77	45311	1.45e-71	2.011568298	1.791553454	2.231583141	0.112251539	ptv	Oncology	PLA2G15:Q8NCC3:OID21473:v1:Oncology	9.30897E-72	1.874189563	12	101745497	101830867
SSC5D	SSC5D	cis-position, cis-gene	45433	93	45340	2.74e-71	-1.796400484	-1.993274455	-1.599526513	0.100445072	ptv	Cardiometabolic	SSC5D:A1L4H1:OID20351:v1:Cardiometabolic	6.83135E-76	-1.750935928	19	55488404	55519099
CLEC5A	CLEC5A	cis-position, cis-gene	45135	40	45095	2.92e-70	-2.655709136	-2.948939408	-2.362478864	0.149606017	flexdmg	Cardiometabolic	CLEC5A:Q9NY25:OID20165:v1:Cardiometabolic	1.24834E-73	-2.608263287	7	141927357	141947007
STAB1	BLMH	trans-position, trans-gene	45810	727	45083	3.18e-70	0.646670915	0.575247273	0.718094558	0.03644034	ptvraredmg	Cardiometabolic	BLMH:Q13867:OID20336:v1:Cardiometabolic	2.12952E-82	0.654589253	3	52495338	52524495
LY75-CD302	LY75	cis-position, trans-gene	45190	287	44903	7.68e-70	-1.031504169	-1.145750545	-0.917257794	0.058288476	flexdmg	Inflammation	LY75:O60449:OID20580:v1:Inflammation	9.59156E-73	-0.995988558	2	159768628	159904756
TNFRSF10A	TNFRSF10A	cis-position, cis-gene	44914	158	44756	8.09e-70	-1.345334691	-1.494363107	-1.196306274	0.076034254	ptvraredmg	Neurology	TNFRSF10A:O00220:OID20967:v1:Neurology	4.87839E-72	-1.304897649	8	23190452	23225102
DPP7	DPP7	cis-position, cis-gene	44917	345	44572	1.31e-69	-0.941957491	-1.046462972	-0.837452009	0.053318666	flexdmg	Cardiometabolic	DPP7:Q9UHL4:OID20142:v1:Cardiometabolic	5.25214E-82	-0.978386951	9	137110546	137115177
LGALS8	LGALS8	cis-position, cis-gene	45644	141	45503	1.39e-69	-1.47031442	-1.633476512	-1.307152328	0.083245287	flexdmg	Neurology	LGALS8:O00214:OID21041:v1:Neurology	1.66108E-76	-1.502549011	1	236518000	236552981
GNPTAB	ARSA	trans-position, trans-gene	45260	77	45183	2.07e-69	1.939676305	1.724155781	2.15519683	0.10995853	ptv	Neurology	ARSA:P15289:OID21138:v1:Neurology	2.43266E-67	1.793386215	12	101745497	101830867
VSIG4	VSIG4	cis-position, cis-gene	45198	103	45095	2.31e-69	-1.635494517	-1.817279233	-1.453709801	0.092746524	flexnonsynmtr	Neurology	VSIG4:Q9Y279:OID21144:v1:Neurology	4.96445E-69	-1.579223923	X	66021738	66040125
ARSB	ARSB	cis-position, cis-gene	45042	341	44701	4.94e-69	-0.944154195	-1.049354995	-0.838953395	0.053673421	flexdmg	Oncology	ARSB:P15848:OID21331:v1:Oncology	8.20599E-71	-0.912969164	5	78777209	78986087
ASGR1	CSF1R	trans-position, trans-gene	45669	105	45564	5.88e-69	1.680982841	1.493572694	1.868392988	0.095616644	flexdmg	InflammationII	CSF1R:P07333:OID30681:v1:InflammationII	3.60031E-72	1.678418552	17	7173431	7179564
DPEP1	DPEP1	cis-position, cis-gene	44842	139	44703	6.8e-68	-1.436248885	-1.597657778	-1.274839993	0.082350765	flexdmg	Neurology	DPEP1:P16444:OID20897:v1:Neurology	1.98954E-74	-1.40550767	16	89613308	89638456
ITGA2	ITGA2	cis-position, cis-gene	44654	203	44451	7.93e-68	-1.171759553	-1.303510417	-1.04000869	0.067219241	flexdmg	InflammationII	ITGA2:P17301:OID30570:v1:InflammationII	5.58544E-73	-1.151825144	5	52989340	53094779
WFIKKN2	WFIKKN2	cis-position, cis-gene	45300	244	45056	9.71e-68	-1.09893858	-1.222587044	-0.975290117	0.063085424	flexdmg	Inflammation	WFIKKN2:Q8TEU8:OID20785:v1:Inflammation	3.56826E-75	-1.108202539	17	50834650	50842353
CSTB	CSTB	cis-position, cis-gene	44641	84	44557	1.81e-67	-1.839202778	-2.046566883	-1.631838674	0.105797087	ptv	Cardiometabolic	CSTB:P04080:OID20294:v1:Cardiometabolic	2.29871E-69	-1.848223949	21	43772511	43776330
PI16	PI16	cis-position, cis-gene	45669	96	45573	1.98e-67	-1.690601419	-1.881273972	-1.499928865	0.097281123	flexdmg	InflammationII	PI16:Q6UXB8:OID30676:v1:InflammationII	2.52291E-69	-1.633780703	6	36948263	36964837
GOT1	GOT1	cis-position, cis-gene	45606	139	45467	1.99e-67	-1.416193305	-1.575918057	-1.256468553	0.081491554	flexdmg	CardiometabolicII	GOT1:P17174:OID30417:v1:CardiometabolicII	4.75564E-67	-1.347978352	10	99396870	99430624
RECK	RECK	cis-position, cis-gene	44457	122	44335	3.83e-67	-1.468841869	-1.634859908	-1.30282383	0.08470233	flexdmg	CardiometabolicII	RECK:O95980:OID30234:v1:CardiometabolicII	4.89548E-71	-1.439546623	9	36036913	36124455
CTSF	CTSF	cis-position, cis-gene	45388	131	45257	4.01e-67	-1.466209961	-1.63196224	-1.300457682	0.084566787	flexdmg	Oncology	CTSF:Q9UBX1:OID21500:v1:Oncology	3.54707E-69	-1.427127676	11	66563464	66568879
SIGLEC6	SIGLEC6	cis-position, cis-gene	45621	210	45411	4.65e-67	-1.1853488	-1.319417789	-1.051279811	0.068401987	flexnonsynmtr	Oncology	SIGLEC6:O43699:OID21394:v1:Oncology	1.46874E-68	-1.158062029	19	51517819	51531856
SCARB2	SCARB2	cis-position, cis-gene	44060	33	44027	5.96e-67	-2.756647026	-3.068677408	-2.444616644	0.159197725	ptv	Neurology	SCARB2:Q14108:OID20943:v1:Neurology	1.17999E-68	-2.754614339	4	76158737	76234536
DDR1	DDR1	cis-position, cis-gene	45644	636	45008	1.36e-66	-0.673171585	-0.749584593	-0.596758577	0.038985911	flexdmg	Neurology	DDR1:Q08345:OID21009:v1:Neurology	6.11492E-67	-0.656345903	6	30876421	30900156
VIT	VIT	cis-position, cis-gene	45616	375	45241	1.84e-66	-0.791202528	-0.881105303	-0.701299752	0.045868388	flexdmg	CardiometabolicII	VIT:Q6UXI7:OID30334:v1:CardiometabolicII	3.21153E-82	-0.826251249	2	36696690	36814794
APRT	APRT	cis-position, cis-gene	44842	147	44695	4.22e-66	-1.379889909	-1.537120558	-1.22265926	0.080219027	flexdmg	Neurology	APRT:P07741:OID20927:v1:Neurology	7.37536E-77	-1.426398515	16	88809339	88811937
GNPTAB	GLB1	trans-position, trans-gene	44914	77	44837	4.62e-66	1.891934582	1.676293147	2.107576018	0.110020196	ptv	Neurology	GLB1:P16278:OID20949:v1:Neurology	7.37532E-68	1.782862503	12	101745497	101830867
PCDHGB7	RFC4	trans-position, trans-gene	45424	525	44899	4.81e-66	0.748987111	0.663604601	0.83436962	0.043562144	rec	OncologyII	RFC4:P35249:OID31376:v1:OncologyII	4.0357E-66	0.741529802	5	141417647	141512981
SLC39A5	SLC39A5	cis-position, cis-gene	45190	106	45084	6.21e-66	-1.564891869	-1.743438613	-1.386345125	0.091094511	ptv	Inflammation	SLC39A5:Q6ZMH5:OID20539:v1:Inflammation	1.83955E-69	-1.563655231	12	56230049	56237846
GZMA	GZMA	cis-position, cis-gene	45752	54	45698	6.53e-66	-2.293267853	-2.554969189	-2.031566518	0.133520009	ptv	Inflammation	GZMA:P12544:OID20663:v1:Inflammation	3.34107E-73	-2.279465918	5	55102646	55110252
CDA	CDA	cis-position, cis-gene	45538	82	45456	9.72e-66	-1.835925413	-2.045718233	-1.626132593	0.107036274	flexdmg	CardiometabolicII	CDA:P32320:OID30345:v1:CardiometabolicII	3.09712E-70	-1.830759964	1	20589086	20618903
PRTN3	PRTN3	cis-position, cis-gene	44144	134	44010	1.04e-65	-1.465194425	-1.632654383	-1.297734466	0.085437981	flexdmg	Cardiometabolic	PRTN3:P24158:OID20329:v1:Cardiometabolic	2.6399E-68	-1.450401538	19	840999	848175
TPP1	TPP1	cis-position, cis-gene	44925	48	44877	1.5e-64	-2.404759045	-2.682147245	-2.127370845	0.141523378	ptv	Inflammation	TPP1:O14773:OID20750:v1:Inflammation	1.80007E-71	-2.432423738	11	6612768	6619448
GLB1	GLB1	cis-position, cis-gene	44914	231	44683	3.48e-64	-1.0780634	-1.202782136	-0.953344664	0.063631462	ptvraredmg	Neurology	GLB1:P16278:OID20949:v1:Neurology	5.25893E-72	-1.075114171	3	32996609	33097202
DCTPP1	DCTPP1	cis-position, cis-gene	45276	26	45250	4.3e-64	-3.173082378	-3.540448105	-2.805716651	0.187429925	ptvraredmg	Cardiometabolic	DCTPP1:Q9H773:OID20148:v1:Cardiometabolic	1.90488E-68	-3.178075542	16	30423615	30430030
PON3	PON3	cis-position, cis-gene	45452	92	45360	4.85e-64	-1.684851032	-1.879998986	-1.489703078	0.09956446	flexdmg	Inflammation	PON3:Q15166:OID20777:v1:Inflammation	8.4468E-65	-1.664406588	7	95359872	95396375
MOCS2	MOCS2	cis-position, cis-gene	44654	134	44520	8.33e-64	-1.434586899	-1.601058596	-1.268115202	0.084933797	flexdmg	InflammationII	MOCS2:O96007:OID30638:v1:InflammationII	3.46289E-68	-1.428639031	5	53095679	53110063
LPO	LPO	cis-position, cis-gene	43778	332	43446	1.04e-63	-0.898059624	-1.002348583	-0.793770665	0.053208159	flexdmg	Neurology	LPO:P22079:OID20963:v1:Neurology	2.1586E-68	-0.893686012	17	58218548	58268518
SPINT1	SPINT1	cis-position, cis-gene	45117	269	44848	1.47e-63	-1.021093333	-1.139821163	-0.902365503	0.060574911	flexdmg	Neurology	SPINT1:O43278:OID21109:v1:Neurology	6.97169E-60	-0.809309397	15	40844018	40858207
NOL3	PHOSPHO1	trans-position, trans-gene	44914	94	44820	1.56e-63	-1.639144077	-1.829775124	-1.44851303	0.097259903	ptv	Neurology	PHOSPHO1:Q8TCT1:OID20922:v1:Neurology	2.38514E-64	-1.613750674	16	67170497	67175737
GNPTAB	CTBS	trans-position, trans-gene	45092	74	45018	1.92e-63	1.906955831	1.685012103	2.12889956	0.113235636	ptv	InflammationII	CTBS:Q01459:OID30710:v1:InflammationII	1.96273E-62	1.763566311	12	101745497	101830867
ASGR1	KEL	trans-position, trans-gene	44217	103	44114	2.03e-63	1.581243081	1.397180128	1.765306033	0.093908824	flexdmg	Neurology	KEL:P23276:OID20881:v1:Neurology	1.99702E-66	1.581155526	17	7173431	7179564
GNPTAB	PRCP	trans-position, trans-gene	45524	76	45448	3.38e-63	1.841469237	1.626715417	2.056223057	0.109567374	ptv	Cardiometabolic	PRCP:P42785:OID20337:v1:Cardiometabolic	1.8078E-61	1.69384268	12	101745497	101830867
ERBB2	ERBB2	cis-position, cis-gene	45388	357	45031	3.79e-63	-0.835459959	-0.932930793	-0.737989125	0.049729605	flexdmg	Oncology	ERBB2:P04626:OID21520:v1:Oncology	4.84823E-61	-0.782634876	17	39687914	39730426
ECM1	ECM1	cis-position, cis-gene	44609	325	44284	1.38e-62	-0.92046228	-1.028342787	-0.812581772	0.055040592	flexdmg	InflammationII	ECM1:Q16610:OID30736:v1:InflammationII	4.06223E-67	-0.905997396	1	150508062	150513789
PEAR1	PEAR1	cis-position, cis-gene	45810	247	45563	5.78e-62	-1.048097151	-1.171578498	-0.924615804	0.06300018	ptvraredmg	Cardiometabolic	PEAR1:Q5VY43:OID20257:v1:Cardiometabolic	4.2643E-68	-1.050549772	1	156893698	156916429
RIDA	RIDA	cis-position, cis-gene	44654	35	44619	6.3e-62	-2.70019478	-3.018404822	-2.381984739	0.162350643	ptv	InflammationII	RIDA:P52758:OID30635:v1:InflammationII	1.93403E-63	-2.692488197	8	98102344	98117171
ADAMTS8	ADAMTS8	cis-position, cis-gene	45388	373	45015	1.64e-61	-0.852210069	-0.952992306	-0.751427833	0.051419082	flexdmg	Oncology	ADAMTS8:Q9UP79:OID21502:v1:Oncology	2.09828E-66	-0.84965759	11	130404923	130428609
BOC	BOC	cis-position, cis-gene	44454	332	44122	2.32e-61	-0.889675231	-0.995019803	-0.784330658	0.053746754	flexdmg	Cardiometabolic	BOC:Q9BWV1:OID20116:v1:Cardiometabolic	6.36291E-58	-0.824948497	3	113211003	113287459
STAB1	NELL2	trans-position, trans-gene	45452	729	44723	2.42e-61	0.594778385	0.52433876	0.665218011	0.035938287	ptvraredmg	Inflammation	NELL2:Q99435:OID20706:v1:Inflammation	9.31365E-68	0.586007832	3	52495338	52524495
COMP	COMP	cis-position, cis-gene	44763	172	44591	4.07e-61	-1.189892222	-1.331076011	-1.048708434	0.07203192	ptvraredmg	Cardiometabolic	COMP:P49747:OID20405:v1:Cardiometabolic	3.62668E-64	-1.165248655	19	18782773	18791305
CPXM2	CPXM2	cis-position, cis-gene	45616	59	45557	6.05e-61	-2.057542931	-2.302038907	-1.813046954	0.124741826	ptv	CardiometabolicII	CPXM2:Q8N436:OID30322:v1:CardiometabolicII	4.26023E-65	-2.025652073	10	123706207	123940267
ITGAM	ITGB2	trans-position, trans-gene	45000	73	44927	6.91e-61	-1.842419763	-2.061455869	-1.623383656	0.111752162	ptv	Cardiometabolic	ITGB2:P05107:OID20315:v1:Cardiometabolic	8.3444E-61	-1.833301428	16	31259967	31332892
LGALS9	LGALS9	cis-position, cis-gene	45236	106	45130	1.37e-60	-1.493332909	-1.671317333	-1.315348485	0.090807617	flexnonsynmtr	Inflammation	LGALS9:O00182:OID20781:v1:Inflammation	6.68882E-65	-1.437798466	17	27629798	27649560
GNPTAB	CTSO	trans-position, trans-gene	45752	75	45677	3.02e-60	1.855176077	1.63340904	2.076943114	0.113145532	ptv	Inflammation	CTSO:P43234:OID20660:v1:Inflammation	1.4369E-58	1.697840237	12	101745497	101830867
CLEC3B	CLEC3B	cis-position, cis-gene	44778	42	44736	3.43e-60	-2.428449082	-2.718873336	-2.138024829	0.148174355	flexnonsynmtr	InflammationII	CLEC3B:P05452:OID30756:v1:InflammationII	2.29497E-59	-2.287310567	3	45001548	45036071
CPM	CPM	cis-position, cis-gene	45414	49	45365	8.12e-60	-2.191820716	-2.454799873	-1.928841559	0.134171927	flexdmg	Neurology	CPM:P14384:OID21054:v1:Neurology	5.5438E-60	-2.176919326	12	68842197	68971570
CA9	CA9	cis-position, cis-gene	45621	84	45537	8.93e-60	-1.732357091	-1.940283898	-1.524430284	0.106084239	ptv	Oncology	CA9:Q16790:OID21417:v1:Oncology	1.47322E-64	-1.756950284	9	35673928	35681159
EBI3	EBI3_IL27	cis-position, cis-gene	45553	39	45514	1.19e-59	-2.51000136	-2.811590811	-2.208411908	0.153870906	flexdmg	Oncology	EBI3_IL27:Q14213_Q8NEV9:OID21389:v1:Oncology	9.71545E-71	-2.554571377	19	4229302	4237542
ASRGL1	ASRGL1	cis-position, cis-gene	44457	219	44238	1.2e-59	-1.087985278	-1.218712233	-0.957258322	0.066696835	flexdmg	CardiometabolicII	ASRGL1:Q7L266:OID30283:v1:CardiometabolicII	5.24769E-66	-1.085323648	11	62337448	62393412
TCN1	TCN1	cis-position, cis-gene	44808	120	44688	2.86e-59	-1.461692869	-1.637900608	-1.28548513	0.08990113	flexdmg	InflammationII	TCN1:P20061:OID30687:v1:InflammationII	1.99459E-63	-1.468059664	11	59852800	59866489
FCRL6	FCRL6	cis-position, cis-gene	45190	129	45061	3.12e-59	-1.407768788	-1.577535451	-1.238002125	0.086614915	ptvraredmg	Inflammation	FCRL6:Q6DN72:OID20529:v1:Inflammation	1.64734E-61	-1.379634125	1	159800511	159816257
CGREF1	CGREF1	cis-position, cis-gene	45276	66	45210	5.18e-59	-1.961562115	-2.198568373	-1.724555858	0.120920548	ptv	Cardiometabolic	CGREF1:Q99674:OID20152:v1:Cardiometabolic	9.62305E-61	-1.90394452	2	27098889	27119128
RNASET2	RNASET2	cis-position, cis-gene	45592	95	45497	5.18e-59	-1.603973815	-1.797775674	-1.410171957	0.09887769	flexnonsynmtr	Cardiometabolic	RNASET2:O00584:OID20321:v1:Cardiometabolic	1.34841E-55	-1.503838048	6	166922113	166957191
MIF	MIF	cis-position, cis-gene	45192	128	45064	9.72e-59	-1.40986245	-1.580618094	-1.239106807	0.087119493	flexdmg	Neurology	MIF:P14174:OID21073:v1:Neurology	3.66826E-62	-1.42188661	22	23894383	23895227
LYPD3	LYPD3	cis-position, cis-gene	45027	39	44988	1.98e-58	-2.525385263	-2.832082951	-2.218687575	0.15647708	ptv	Oncology	LYPD3:O95274:OID21530:v1:Oncology	8.30711E-58	-2.498320933	19	43460787	43465608
VNN2	VNN2	cis-position, cis-gene	45042	345	44697	4.38e-58	-0.855809269	-0.960062753	-0.751555785	0.053190101	flexdmg	Oncology	VNN2:O95498:OID21310:v1:Oncology	5.98904E-62	-0.855826145	6	132743870	132763459
CLEC10A	CLEC10A	cis-position, cis-gene	44914	44	44870	4.77e-58	-2.378089369	-2.667878692	-2.088300045	0.147850426	flexdmg	Neurology	CLEC10A:Q8IUN9:OID20928:v1:Neurology	2.81631E-66	-2.282148661	17	7074537	7080307
ENTPD2	ENTPD2	cis-position, cis-gene	44180	253	43927	5.19e-58	-0.998986266	-1.120757516	-0.877215016	0.062127628	flexdmg	Oncology	ENTPD2:Q9Y5L3:OID21260:v1:Oncology	1.846E-62	-0.99955774	9	137048107	137054061
NIT2	NIT2	cis-position, cis-gene	45380	208	45172	1.29e-57	-1.098694513	-1.233099806	-0.96428922	0.068573559	flexdmg	CardiometabolicII	NIT2:Q9NQR4:OID30336:v1:CardiometabolicII	8.12342E-59	-1.079520231	3	100334739	100361635
GCHFR	GCHFR	cis-position, cis-gene	43639	78	43561	1.84e-57	-1.715314167	-1.925432018	-1.505196315	0.107201981	flexdmg	InflammationII	GCHFR:P30047:OID30631:v1:InflammationII	2.47171E-60	-1.733635263	15	40764068	40767708
CTBS	CTBS	cis-position, cis-gene	45092	94	44998	1.92e-57	-1.608167683	-1.805201627	-1.411133738	0.10052667	flexnonsynmtr	InflammationII	CTBS:Q01459:OID30710:v1:InflammationII	8.46438E-72	-1.654147171	1	84549611	84574480
HDDC2	HDDC2	cis-position, cis-gene	45423	184	45239	2.47e-57	-1.152746932	-1.294124648	-1.011369216	0.07213089	flexdmg	OncologyII	HDDC2:Q7Z4H3:OID31447:v1:OncologyII	2.27346E-57	-1.132942535	6	125219962	125302078
TMPRSS11D	TMPRSS11D	cis-position, cis-gene	45424	67	45357	3.66e-57	-1.900600766	-2.13405816	-1.667143372	0.119109929	ptv	NeurologyII	TMPRSS11D:O60235:OID31103:v1:NeurologyII	2.55861E-57	-1.898696473	4	67820876	67884002
IL18BP	IL18BP	cis-position, cis-gene	45433	49	45384	9.44e-57	-2.132971669	-2.395953443	-1.869989896	0.134173264	flexdmg	Cardiometabolic	IL18BP:O95998:OID20348:v1:Cardiometabolic	2.71433E-57	-2.089293644	11	71998613	72005715
DDHD2	DDHD2	cis-position, cis-gene	45520	168	45352	3.11e-56	-1.189921041	-1.337330172	-1.042511909	0.075208122	flexdmg	NeurologyII	DDHD2:O94830:OID31043:v1:NeurologyII	2.66307E-60	-1.191107776	8	38225218	38275558
GNPTAB	CTSF	trans-position, trans-gene	45388	77	45311	5.48e-56	1.741308339	1.525104609	1.957512069	0.11030711	ptv	Oncology	CTSF:Q9UBX1:OID21500:v1:Oncology	2.66171E-54	1.596668983	12	101745497	101830867
ASGR1	LYVE1	trans-position, trans-gene	45680	102	45578	3.64e-55	1.514845325	1.325309624	1.704381027	0.096701102	flexdmg	InflammationII	LYVE1:Q9Y5Y7:OID30728:v1:InflammationII	1.82415E-57	1.513874167	17	7173431	7179564
PROC	PROC	cis-position, cis-gene	45352	261	45091	6.69e-55	-0.93214528	-1.049063476	-0.815227084	0.059651644	flexdmg	Cardiometabolic	PROC:P04070:OID20402:v1:Cardiometabolic	1.74772E-61	-0.952559213	2	127418427	127429242
STAB1	ECE1	trans-position, trans-gene	44217	711	43506	7.94e-55	0.587667257	0.513907029	0.661427486	0.03763243	ptvraredmg	Neurology	ECE1:P42892:OID20891:v1:Neurology	1.97799E-61	0.581266841	3	52495338	52524495
SCPEP1	SCPEP1	cis-position, cis-gene	44318	146	44172	8.03e-55	-1.273890821	-1.433789283	-1.113992359	0.081580118	flexdmg	CardiometabolicII	SCPEP1:Q9HB40:OID30278:v1:CardiometabolicII	4.46387E-62	-1.218252094	17	56978129	57006768
ASGR1	CD28	trans-position, trans-gene	44180	103	44077	1.49e-54	1.50942911	1.319485148	1.699373072	0.096909309	flexdmg	Oncology	CD28:P10747:OID21265:v1:Oncology	7.22333E-58	1.519639463	17	7173431	7179564
PBXIP1	PBXIP1	cis-position, cis-gene	45423	58	45365	1.59e-54	-1.975221758	-2.223857328	-1.726586188	0.126853832	ptv	OncologyII	PBXIP1:Q96AQ6:OID31435:v1:OncologyII	1.12924E-57	-1.940090631	1	154944076	154956123
CFD	CFD	cis-position, cis-gene	45680	147	45533	2.04e-54	-1.230811989	-1.385905074	-1.075718903	0.079128482	ptvraredmg	InflammationII	CFD:P00746:OID30738:v1:InflammationII	1.61277E-55	-1.191269316	19	859453	867884
COMT	COMT	cis-position, cis-gene	43974	136	43838	2.22e-54	-1.312225184	-1.477625286	-1.146825081	0.084387034	flexdmg	Cardiometabolic	COMT:P21964:OID20086:v1:Cardiometabolic	6.56127E-57	-1.310922676	22	19941371	19969975
EGFL7	EGFL7	cis-position, cis-gene	44180	267	43913	2.56e-54	-0.909779779	-1.024521567	-0.795037991	0.0585412	flexnonsynmtr	Oncology	EGFL7:Q9UHF1:OID21252:v1:Oncology	2.37672E-64	-0.959634301	9	136658856	136672678
F9	F9	cis-position, cis-gene	45352	78	45274	2.67e-54	-1.715399629	-1.931792318	-1.499006939	0.110403514	rec	Cardiometabolic	F9:P00740:OID20349:v1:Cardiometabolic	1.61597E-61	-1.726186424	X	139530739	139563459
CPA2	CPA2	cis-position, cis-gene	45498	141	45357	3.56e-54	-1.291876044	-1.45503885	-1.128713238	0.083245644	ptvraredmg	Neurology	CPA2:P48052:OID21060:v1:Neurology	1.02092E-58	-1.281491146	7	130266863	130289798
CLEC1A	CLEC1A	cis-position, cis-gene	44454	57	44397	6.2e-54	-2.001813005	-2.255216243	-1.748409768	0.12928622	flexdmg	Cardiometabolic	CLEC1A:Q8NC01:OID20099:v1:Cardiometabolic	1.79811E-56	-2.00119656	12	10069554	10111627
ASGR1	PTPRC	trans-position, trans-gene	45606	104	45502	6.98e-54	1.496739351	1.30717188	1.686306822	0.096717307	flexdmg	CardiometabolicII	PTPRC:P08575:OID30380:v1:CardiometabolicII	2.15671E-54	1.46925734	17	7173431	7179564
OSCAR	OSCAR	cis-position, cis-gene	45300	113	45187	9.02e-54	-1.430553844	-1.611931738	-1.249175951	0.092538968	flexnonsynmtr	Inflammation	OSCAR:Q8IYS5:OID20776:v1:Inflammation	9.66694E-51	-1.358419122	19	54094668	54102692
TFPI2	TFPI2	cis-position, cis-gene	45252	68	45184	1.4e-53	-1.74529974	-1.966990227	-1.523609254	0.113106443	flexdmg	Oncology	TFPI2:P48307:OID21512:v1:Oncology	4.3434E-50	-1.61699055	7	93885396	93890753
STAB1	ESM1	trans-position, trans-gene	45225	1236	43989	2.28e-53	0.430499109	0.37570316	0.485295057	0.027956882	flexdmg	Inflammation	ESM1:Q9NQ30:OID20758:v1:Inflammation	7.53567E-55	0.419438294	3	52495338	52524495
GPLD1	NCS1	trans-position, trans-gene	45621	275	45346	3.89e-53	-0.827227346	-0.932759201	-0.721695491	0.053842343	flexdmg	Oncology	NCS1:P62166:OID21458:v1:Oncology	8.82213E-63	-0.830957412	6	24425832	24495043
VNN1	VNN1	cis-position, cis-gene	45669	221	45448	5.98e-53	-1.021602034	-1.152169773	-0.891034295	0.066615651	flexdmg	InflammationII	VNN1:O95497:OID30711:v1:InflammationII	2.19066E-54	-0.982053094	6	132680849	132714055
KIAA0319	KIAA0319	cis-position, cis-gene	45493	205	45288	1.01e-52	-1.044536895	-1.178334949	-0.910738842	0.06826375	flexdmg	NeurologyII	KIAA0319:Q5VV43:OID31094:v1:NeurologyII	7.49307E-53	-0.987293738	6	24544104	24646191
PTS	PTS	cis-position, cis-gene	44015	53	43962	1.09e-52	-2.04258812	-2.304298319	-1.780877921	0.133524392	flexdmg	Neurology	PTS:Q03393:OID20847:v1:Neurology	1.7983E-58	-1.994938095	11	112226367	112269955
APEX1	APEX1	cis-position, cis-gene	45476	54	45422	1.82e-52	-2.03658116	-2.298111777	-1.775050544	0.133432887	ptv	Oncology	APEX1:P27695:OID21434:v1:Oncology	4.54287E-59	-2.046609637	14	20455191	20457772
CFP	CFP	cis-position, cis-gene	45680	96	45584	2.28e-52	-1.507362219	-1.701119777	-1.313604661	0.098855093	rec	InflammationII	CFP:P27918:OID30784:v1:InflammationII	5.12483E-57	-1.52314526	X	47623172	47630305
ENPP7	ENPP7	cis-position, cis-gene	43884	293	43591	2.44e-52	-0.88405788	-0.997723963	-0.770391798	0.057992365	flexdmg	Inflammation	ENPP7:Q6UWV6:OID20689:v1:Inflammation	1.79114E-56	-0.867166709	17	79730943	79742219
GUCA2A	GUCA2A	cis-position, cis-gene	45031	42	44989	1.14e-51	-2.250046971	-2.541292893	-1.95880105	0.148593593	flexdmg	Neurology	GUCA2A:Q02747:OID21101:v1:Neurology	3.567E-52	-2.242122602	1	42162690	42164745
TNN	TNN	cis-position, cis-gene	45606	411	45195	1.14e-51	-0.73959056	-0.835322814	-0.643858306	0.048842587	flexdmg	CardiometabolicII	TNN:Q9UQP3:OID30412:v1:CardiometabolicII	3.34554E-55	-0.729261511	1	175067833	175148075
STAB1	LTBP2	trans-position, trans-gene	45810	727	45083	1.58e-51	0.470647881	0.409638972	0.531656789	0.031126743	ptvraredmg	Cardiometabolic	LTBP2:Q14767:OID20254:v1:Cardiometabolic	5.79429E-59	0.473498421	3	52495338	52524495
SIGLEC1	SSC5D	trans-position, trans-gene	45433	492	44941	2.03e-51	0.663140781	0.577087336	0.749194227	0.043904456	flexdmg	Cardiometabolic	SSC5D:A1L4H1:OID20351:v1:Cardiometabolic	1.98287E-55	0.66494011	20	3686970	3712600
FUT1	TIE1	trans-position, trans-gene	45810	211	45599	4.41e-51	1.020946511	0.888006746	1.153886276	0.067825864	flexdmg	Cardiometabolic	TIE1:P35590:OID20303:v1:Cardiometabolic	1.17173E-52	1.009007077	19	48748011	48755390
MMP3	MMP3	cis-position, cis-gene	45260	147	45113	4.43e-51	-0.960103941	-1.085121773	-0.83508611	0.063784073	flexdmg	Neurology	MMP3:P08254:OID21083:v1:Neurology	6.13461E-50	-0.925636883	11	102835801	102843609
ANGPTL7	ANGPTL7	cis-position, cis-gene	45621	176	45445	4.68e-51	-1.09574117	-1.23845686	-0.953025481	0.072813533	ptvraredmg	Oncology	ANGPTL7:O43827:OID21412:v1:Oncology	1.93521E-52	-1.082145045	1	11189355	11195981
DPEP2	DPEP2	cis-position, cis-gene	45042	112	44930	4.73e-51	-1.388887149	-1.569789108	-1.207985191	0.092296132	flexdmg	Oncology	DPEP2:Q9H4A9:OID21305:v1:Oncology	2.17502E-59	-1.402454668	16	67987394	68000586
F7	F7	cis-position, cis-gene	45365	288	45077	6.42e-51	-0.863275451	-0.975869936	-0.750680965	0.057445688	flexdmg	Cardiometabolic	F7:P08709:OID20372:v1:Cardiometabolic	2.09238E-59	-0.886892469	13	113105788	113120685
ASGR1	L1CAM	trans-position, trans-gene	45388	104	45284	9.1e-51	1.417436899	1.232277402	1.602596396	0.094468347	flexdmg	Oncology	L1CAM:P32004:OID21484:v1:Oncology	1.48876E-51	1.397221959	17	7173431	7179564
ITIH4	ITIH4	cis-position, cis-gene	45680	29	45651	1.07e-50	-2.619886784	-2.962376597	-2.277396971	0.17473828	ptv	InflammationII	ITIH4:Q14624:OID30762:v1:InflammationII	2.32327E-52	-2.594124678	3	52812962	52830688
ASGR1	PLAU	trans-position, trans-gene	45260	103	45157	1.13e-50	1.419681925	1.234053714	1.605310135	0.094707477	flexdmg	Neurology	PLAU:P00749:OID21124:v1:Neurology	3.68733E-50	1.389957318	17	7173431	7179564
NIT1	NIT1	cis-position, cis-gene	44457	196	44261	1.15e-50	-1.04623201	-1.183040871	-0.909423149	0.069799821	flexdmg	CardiometabolicII	NIT1:Q86X76:OID30252:v1:CardiometabolicII	5.46507E-54	-1.028830049	1	161118086	161125445
B4GALNT3	NELL1	trans-position, trans-gene	45388	338	45050	1.34e-50	0.810699438	0.704616508	0.916782369	0.054123495	flexdmg	Oncology	NELL1:Q92832:OID21494:v1:Oncology	1.92133E-51	0.777222683	12	460377	561892
PLG	PLG	cis-position, cis-gene	44697	158	44539	1.53e-50	-1.18188283	-1.336624227	-1.027141433	0.078949004	ptvraredmg	InflammationII	PLG:P00747:OID30785:v1:InflammationII	8.59521E-54	-1.151430825	6	160702238	160754097
PTGES3L-AARSD1	AARSD1	cis-position, trans-gene	45042	145	44897	2.56e-50	-1.182266877	-1.337419693	-1.02711406	0.079158927	flexdmg	Oncology	AARSD1:Q9BTE6:OID21311:v1:Oncology	1.79472E-56	-1.141944681	17	42950526	42980528
GPD1	GPD1	cis-position, cis-gene	45424	187	45237	2.75e-50	-1.075163922	-1.216308426	-0.934019417	0.072011906	flexdmg	OncologyII	GPD1:P21695:OID31358:v1:OncologyII	9.17521E-54	-1.069717076	12	50103982	50111313
MZB1	MZB1	cis-position, cis-gene	45374	75	45299	2.9e-50	-1.690807254	-1.912822264	-1.468792243	0.113272023	flexnonsynmtr	Inflammation	MZB1:Q8WU39:OID20732:v1:Inflammation	5.29971E-48	-1.542710997	5	139387467	139390081
SERPINB8	SERPINB8	cis-position, cis-gene	45752	202	45550	3.23e-50	-1.030673702	-1.166075364	-0.895272039	0.069081922	flexdmg	Inflammation	SERPINB8:P50452:OID20630:v1:Inflammation	2.04563E-52	-0.976555702	18	63970029	64019779
ABCA8	FGFBP2	trans-position, trans-gene	45606	411	45195	3.39e-50	0.727772555	0.632142877	0.823402232	0.048790253	ptvraredmg	CardiometabolicII	FGFBP2:Q9BYJ0:OID30395:v1:CardiometabolicII	1.28187E-53	0.701870857	17	68867287	68955408
CDHR5	CDHR5	cis-position, cis-gene	45276	172	45104	3.95e-50	-1.119213348	-1.266378843	-0.972047852	0.075083808	flexdmg	Cardiometabolic	CDHR5:Q9HBB8:OID20193:v1:Cardiometabolic	1.33734E-44	-0.974883147	11	616577	626078
OGFR	OGFR	cis-position, cis-gene	45042	82	44960	4.26e-50	-1.57497719	-1.782139325	-1.367815055	0.105694068	flexdmg	Oncology	OGFR:Q9NZT2:OID21360:v1:Oncology	6.95366E-57	-1.540220893	20	62804835	62814000
GNPTAB	GUSB	trans-position, trans-gene	45451	76	45375	8.07e-50	1.606177237	1.394297759	1.818056715	0.108100881	ptv	Cardiometabolic	GUSB:P08236:OID20296:v1:Cardiometabolic	4.06671E-48	1.464538004	12	101745497	101830867
TALDO1	TALDO1	cis-position, cis-gene	45456	247	45209	1.86e-49	-0.911748968	-1.032479446	-0.79101849	0.061596674	flexdmg	CardiometabolicII	TALDO1:P37837:OID30414:v1:CardiometabolicII	5.07362E-56	-0.93659902	11	747415	765012
TDP1	TDP1	cis-position, cis-gene	45424	257	45167	2.69e-49	-0.91747828	-1.03917426	-0.7957823	0.062089272	flexdmg	OncologyII	TDP1:Q9NUW8:OID31403:v1:OncologyII	4.9105E-54	-0.929754676	14	89954939	90044764
SMOC2	SMOC2	cis-position, cis-gene	45452	160	45292	2.85e-49	-1.074421768	-1.216972741	-0.931870795	0.072729487	flexdmg	Inflammation	SMOC2:Q9H3U7:OID20730:v1:Inflammation	1.75051E-53	-1.074604833	6	168441151	168673445
FAM3D	FAM3D	cis-position, cis-gene	45423	148	45275	3.82e-49	-1.200690046	-1.360207828	-1.041172264	0.081385949	flexnonsynmtr	OncologyII	FAM3D:Q96BQ1:OID31514:v1:OncologyII	1.24787E-50	-1.167790422	3	58633946	58666834
SIRPB1	SIRPB1	cis-position, cis-gene	45157	197	44960	7.51e-49	-1.021857728	-1.158038906	-0.88567655	0.069479606	flexnonsynmtr	Inflammation	SIRPB1:O00241:OID20739:v1:Inflammation	1.08923E-52	-0.995409068	20	1561385	1620061
GNPTAB	TPP1	trans-position, trans-gene	44925	76	44849	7.79e-49	1.655657133	1.434974259	1.876340008	0.112592337	ptv	Inflammation	TPP1:O14773:OID20750:v1:Inflammation	6.78507E-52	1.58695904	12	101745497	101830867
STAB1	ACHE	trans-position, trans-gene	44654	905	43749	1.05e-48	0.467572156	0.405164263	0.529980048	0.031840483	flexnonsynmtr	InflammationII	ACHE:P22303:OID30585:v1:InflammationII	1.62737E-50	0.448462958	3	52495338	52524495
STAB2	VCAM1	trans-position, trans-gene	45351	987	44364	2.45e-48	0.454955916	0.393990621	0.515921212	0.031104483	flexdmg	Cardiometabolic	VCAM1:P19320:OID20396:v1:Cardiometabolic	6.02548E-53	0.44979838	12	103587273	103766719
STAB1	DMP1	trans-position, trans-gene	44457	185	44272	2.6e-48	1.034696907	0.896007582	1.173386232	0.070759233	ptv	CardiometabolicII	DMP1:Q13316:OID30213:v1:CardiometabolicII	5.1182E-51	1.042306369	3	52495338	52524495
TMPRSS5	TMPRSS5	cis-position, cis-gene	44702	113	44589	2.74e-48	-1.34325663	-1.523349104	-1.163164156	0.091883115	flexdmg	Neurology	TMPRSS5:Q9H3S3:OID20947:v1:Neurology	3.40368E-59	-1.381026985	11	113687547	113706373
ALDH3A1	ALDH3A1	cis-position, cis-gene	45113	191	44922	4.24e-48	-1.007785521	-1.143179011	-0.872392032	0.069077726	ptvraredmg	Inflammation	ALDH3A1:P30838:OID20512:v1:Inflammation	3.14443E-57	-0.989291338	17	19737984	19748943
GRN	GRN	cis-position, cis-gene	45048	20	45028	4.76e-48	-3.198569742	-3.628521188	-2.768618295	0.219361118	ptv	Neurology	GRN:P28799:OID21159:v1:Neurology	1.10083E-50	-3.218922835	17	44345246	44353106
LGALS1	LGALS1	cis-position, cis-gene	45276	60	45216	5.72e-48	-1.821884458	-2.066996165	-1.57677275	0.125055947	flexdmg	Cardiometabolic	LGALS1:P09382:OID20154:v1:Cardiometabolic	2.76032E-62	-1.942658965	22	37675636	37679802
CREG1	CREG1	cis-position, cis-gene	44687	43	44644	6.06e-48	-2.18772669	-2.482132841	-1.89332054	0.15020591	rec	Oncology	CREG1:O75629:OID21515:v1:Oncology	3.44901E-48	-2.191157168	1	167529117	167553805
NAPRT	NAPRT	cis-position, cis-gene	45493	296	45197	6.71e-48	-0.830183794	-0.941959285	-0.718408303	0.057027842	flexdmg	NeurologyII	NAPRT:Q6XQN6:OID31114:v1:NeurologyII	5.38091E-53	-0.845075586	8	143574785	143578649
MYOC	MYOC	cis-position, cis-gene	45260	241	45019	7.43e-48	-0.89235688	-1.01256032	-0.772153441	0.061327771	flexdmg	Neurology	MYOC:Q99972:OID21121:v1:Neurology	9.42202E-49	-0.875594509	1	171635417	171652688
AMBP	AMBP	cis-position, cis-gene	45556	31	45525	7.64e-48	-2.435217626	-2.763295836	-2.107139417	0.167385468	ptv	Oncology	AMBP:P02760:OID21413:v1:Oncology	7.27531E-56	-2.452668119	9	114060127	114078328
UPB1	UPB1	cis-position, cis-gene	45616	287	45329	9.66e-48	-0.83275864	-0.94507432	-0.72044296	0.05730345	flexdmg	CardiometabolicII	UPB1:Q9UBR1:OID30352:v1:CardiometabolicII	5.17019E-49	-0.809292738	22	24494107	24528390
ASGR1	MSR1	trans-position, trans-gene	45644	106	45538	1.18e-47	1.307994685	1.131414577	1.484574793	0.090091157	flexdmg	Neurology	MSR1:P21757:OID21063:v1:Neurology	1.2798E-49	1.313054224	17	7173431	7179564
B3GNT7	B3GNT7	cis-position, cis-gene	44457	60	44397	1.31e-47	-1.784246008	-2.025233089	-1.543258926	0.122951503	flexdmg	CardiometabolicII	B3GNT7:Q8NFL0:OID30281:v1:CardiometabolicII	1.57982E-44	-1.662331749	2	231395710	231401164
FAM3B	FAM3B	cis-position, cis-gene	45042	41	45001	1.33e-47	-2.171206971	-2.464479019	-1.877934923	0.149627323	ptv	Oncology	FAM3B:P58499:OID21372:v1:Oncology	6.10792E-48	-2.174476538	21	41304212	41357727
S100A4	S100A4	cis-position, cis-gene	45388	83	45305	1.8e-47	-1.561211715	-1.772397516	-1.350025913	0.107746963	flexnonsynmtr	Oncology	S100A4:P26447:OID21519:v1:Oncology	1.23435E-50	-1.573220255	1	153543613	153550136
EFNA4	EFNA4	cis-position, cis-gene	44838	43	44795	2.07e-47	-2.124974758	-2.412610757	-1.83733876	0.146751794	raredmgmtr	Neurology	EFNA4:P52798:OID20935:v1:Neurology	1.46175E-51	-2.141653294	1	155063737	155069553
ASGR1	THBS4	trans-position, trans-gene	45276	104	45172	2.36e-47	1.391034711	1.202626642	1.579442781	0.096125762	ptvraredmg	Cardiometabolic	THBS4:P35443:OID20368:v1:Cardiometabolic	9.20047E-51	1.412165919	17	7173431	7179564
HIP1R	HIP1R	cis-position, cis-gene	45412	51	45361	2.45e-47	-1.957797227	-2.223019599	-1.692574855	0.135316415	ptv	NeurologyII	HIP1R:O75146:OID31141:v1:NeurologyII	1.61984E-46	-1.867651071	12	122834453	122862961
RNASE6	RNASE6	cis-position, cis-gene	45386	41	45345	2.52e-47	-2.140600715	-2.430623973	-1.850577458	0.147969821	ptvraredmg	InflammationII	RNASE6:Q93091:OID30689:v1:InflammationII	1.46623E-48	-2.142390921	14	20781268	20782467
ASGR2	ASGR2	cis-position, cis-gene	45669	34	45635	4.2e-47	-2.415358188	-2.743412756	-2.087303619	0.167373418	ptv	InflammationII	ASGR2:P07307:OID30679:v1:InflammationII	8.61727E-53	-2.39154524	17	7101322	7115700
BCAT1	BCAT1	cis-position, cis-gene	45616	110	45506	4.8e-47	-1.349920493	-1.533384354	-1.166456632	0.093603246	flexdmg	CardiometabolicII	BCAT1:P54687:OID30312:v1:CardiometabolicII	5.34342E-49	-1.345664732	12	24810024	24949101
ASGR1	SIGLEC1	trans-position, trans-gene	45452	104	45348	6.95e-47	1.37031477	1.183747404	1.556882135	0.095186645	flexdmg	Inflammation	SIGLEC1:Q9BZZ2:OID20690:v1:Inflammation	1.84824E-49	1.38102133	17	7173431	7179564
GBP1	GBP1	cis-position, cis-gene	45418	93	45325	9.17e-47	-1.476717763	-1.67804182	-1.275393706	0.102715505	ptv	NeurologyII	GBP1:P32455:OID31128:v1:NeurologyII	3.64231E-49	-1.481495303	1	89051882	89065360
STAB1	NPTX2	trans-position, trans-gene	45606	726	44880	2.42e-46	0.449387656	0.387832485	0.510942827	0.031405443	ptvraredmg	CardiometabolicII	NPTX2:P47972:OID30390:v1:CardiometabolicII	5.07681E-50	0.439085899	3	52495338	52524495
KLK6	KLK6	cis-position, cis-gene	45309	30	45279	2.43e-46	-2.549214023	-2.898404237	-2.20002381	0.178156785	ptv	Oncology	KLK6:Q92876:OID21526:v1:Oncology	5.11878E-49	-2.546426641	19	50958631	50969673
LAMB1	LAMB1	cis-position, cis-gene	44457	40	44417	3.16e-46	-2.228871649	-2.534567688	-1.923175611	0.155965985	ptv	CardiometabolicII	LAMB1:P07942:OID30280:v1:CardiometabolicII	3.5242E-53	-2.234253209	7	107923799	108003213
IGDCC4	IGDCC4	cis-position, cis-gene	45606	179	45427	5.35e-46	-0.996235185	-1.133228335	-0.859242036	0.069893893	flexdmg	CardiometabolicII	IGDCC4:Q8TDY8:OID30402:v1:CardiometabolicII	1.17461E-48	-0.961585613	15	65381484	65422947
TLR3	TLR3	cis-position, cis-gene	45752	216	45536	7.48e-46	-0.96017357	-1.092426303	-0.827920837	0.067475338	flexdmg	Inflammation	TLR3:O15455:OID20612:v1:Inflammation	1.6303E-49	-0.961028937	4	186069155	186088073
DDX58	DDX58	cis-position, cis-gene	44180	173	44007	8.14e-46	-1.065201118	-1.211975452	-0.918426783	0.074884188	flexdmg	Oncology	DDX58:O95786:OID21226:v1:Oncology	2.27062E-50	-1.087357978	9	32455302	32526208
MMP8	MMP8	cis-position, cis-gene	45565	234	45331	9.32e-46	-0.917622105	-1.04415054	-0.791093671	0.064554794	flexnonsynmtr	Neurology	MMP8:P22894:OID21019:v1:Neurology	7.77229E-41	-0.822856713	11	102711796	102727050
PLPBP	PLPBP	cis-position, cis-gene	45276	127	45149	1.78e-45	-1.233978399	-1.404676733	-1.063280064	0.087090258	flexdmg	Cardiometabolic	PLPBP:O94903:OID20144:v1:Cardiometabolic	3.71616E-46	-1.219076356	8	37762595	37779768
CHI3L1	CHI3L1	cis-position, cis-gene	44265	182	44083	2.39e-45	-0.982977154	-1.119148228	-0.846806081	0.069474414	flexdmg	Cardiometabolic	CHI3L1:P36222:OID20399:v1:Cardiometabolic	1.17386E-42	-0.908149267	1	203178931	203186704
STAB1	DPT	trans-position, trans-gene	45810	727	45083	3.39e-45	0.475791837	0.409762856	0.541820818	0.033687984	ptvraredmg	Cardiometabolic	DPT:Q07507:OID20278:v1:Cardiometabolic	3.35567E-51	0.474694121	3	52495338	52524495
CD1C	CD1C	cis-position, cis-gene	45388	137	45251	3.47e-45	-1.164019798	-1.325575978	-1.002463618	0.082425938	flexnonsynmtr	Oncology	CD1C:P29017:OID21483:v1:Oncology	7.39022E-47	-1.15809312	1	158289923	158294774
HAVCR1	HAVCR1	cis-position, cis-gene	45556	106	45450	5.46e-45	-1.221684865	-1.391633339	-1.051736391	0.086707694	ptv	Oncology	HAVCR1:Q96D42:OID21422:v1:Oncology	3.89521E-46	-1.208141945	5	157029413	157059119
LAIR1	LAIR1	cis-position, cis-gene	45225	44	45181	5.47e-45	-1.973763688	-2.248331952	-1.699195424	0.140084672	ptvraredmg	Inflammation	LAIR1:Q6GTX8:OID20737:v1:Inflammation	1.12135E-39	-1.864729267	19	54351384	54370558
ASGR1	CD86	trans-position, trans-gene	45423	104	45319	6.29e-45	1.335911198	1.149941	1.521881395	0.094881968	flexdmg	OncologyII	CD86:P42081:OID31500:v1:OncologyII	3.75402E-44	1.30479221	17	7173431	7179564
GALNT3	GALNT3	cis-position, cis-gene	44437	34	44403	8.44e-45	-2.399848874	-2.734414923	-2.065282825	0.170695449	ptv	Inflammation	GALNT3:Q14435:OID20471:v1:Inflammation	1.50322E-51	-2.296384943	2	165747588	165794659
SERPINA6	SERPINA6	cis-position, cis-gene	45680	86	45594	8.46e-45	-1.358589543	-1.548000467	-1.169178619	0.096637441	ptvraredmg	InflammationII	SERPINA6:P08185:OID30743:v1:InflammationII	6.59041E-44	-1.305442788	14	94304248	94323389
ASGR1	HEPACAM2	trans-position, trans-gene	45493	103	45390	9.8e-45	1.372477475	1.180988505	1.563966445	0.097697649	ptvraredmg	NeurologyII	HEPACAM2:A8MVW5:OID31151:v1:NeurologyII	1.87506E-46	1.369397581	17	7173431	7179564
ASGR1	ICAM2	trans-position, trans-gene	45810	106	45704	1.32e-44	1.362583521	1.172188883	1.55297816	0.097139339	ptvraredmg	Cardiometabolic	ICAM2:P13598:OID20248:v1:Cardiometabolic	2.94978E-46	1.351730079	17	7173431	7179564
SIGLEC1	LGALS3BP	trans-position, trans-gene	45680	497	45183	1.38e-44	0.626216733	0.538695559	0.713737908	0.044653297	flexdmg	InflammationII	LGALS3BP:Q08380:OID30765:v1:InflammationII	2.29034E-46	0.61417444	20	3686970	3712600
MST1	MST1	cis-position, cis-gene	45072	232	44840	2.67e-44	-0.919330407	-1.048250638	-0.790410176	0.06577507	flexdmg	InflammationII	MST1:P26927:OID30713:v1:InflammationII	1.0249E-57	-0.941832479	3	49683947	49689501
CSF3R	CSF3	trans-position, trans-gene	44437	86	44351	3.16e-44	1.471296928	1.264798505	1.677795351	0.105355403	ptv	Inflammation	CSF3:P09919:OID20491:v1:Inflammation	2.91682E-45	1.472040652	1	36466043	36483278
CFHR5	CFHR2	cis-position, trans-gene	45394	286	45108	4.78e-44	-0.821800001	-0.937388547	-0.706211456	0.058973258	rec	InflammationII	CFHR2:P36980:OID30720:v1:InflammationII	1.26347E-44	-0.801751931	1	196975010	197009678
PPL	PPL	cis-position, cis-gene	44339	61	44278	5.61e-44	-1.749486918	-1.995754094	-1.503219742	0.125645396	ptv	InflammationII	PPL:O60437:OID30564:v1:InflammationII	2.05965E-46	-1.710083758	16	4882507	4960741
ASGR1	MILR1	trans-position, trans-gene	44437	102	44335	7.37e-44	1.358176236	1.166721134	1.549631338	0.097680308	flexdmg	Inflammation	MILR1:Q7Z6M3:OID20482:v1:Inflammation	2.49041E-44	1.329630012	17	7173431	7179564
ASGR1	ADGRE5	trans-position, trans-gene	45596	106	45490	7.61e-44	1.294639428	1.112106253	1.477172603	0.093128409	ptvraredmg	Cardiometabolic	ADGRE5:P48960:OID20260:v1:Cardiometabolic	1.11595E-44	1.283804423	17	7173431	7179564
STAB1	NRP2	trans-position, trans-gene	45260	1222	44038	8.34e-44	0.382197325	0.328285422	0.436109228	0.027505843	flexdmg	Neurology	NRP2:O60462:OID21081:v1:Neurology	1.6133E-49	0.389891708	3	52495338	52524495
CAPN2	DTX3	trans-position, trans-gene	45042	402	44640	8.43e-44	-0.628830597	-0.717536092	-0.540125101	0.045257521	flexdmg	Oncology	DTX3:Q8N9I9:OID21349:v1:Oncology	4.27434E-45	-0.600027359	1	223701593	223776018
QSOX1	QSOX1	cis-position, cis-gene	44893	171	44722	1.02e-43	-1.047993654	-1.195972073	-0.900015236	0.075498544	flexdmg	InflammationII	QSOX1:O00391:OID30729:v1:InflammationII	1.29309E-47	-1.041911309	1	180154869	180204030
MPO	MPO	cis-position, cis-gene	45260	390	44870	1.23e-43	-0.697851549	-0.796487757	-0.599215342	0.050324174	flexdmg	Neurology	MPO:P05164:OID21100:v1:Neurology	5.33143E-84	-0.854732539	17	58269855	58280935
NCR3LG1	NCR3LG1	cis-position, cis-gene	45423	41	45382	1.36e-43	-2.020689785	-2.306446529	-1.73493304	0.14579305	ptv	OncologyII	NCR3LG1:Q68D85:OID31490:v1:OncologyII	1.12545E-49	-2.066738185	11	17351800	17377341
CSPG4	CSPG4	cis-position, cis-gene	45606	41	45565	2.44e-43	-2.029921802	-2.317862542	-1.741981063	0.146907339	ptv	CardiometabolicII	CSPG4:Q6UVK1:OID30397:v1:CardiometabolicII	4.92295E-43	-1.894952572	15	75674322	75712848
ASS1	ASS1	cis-position, cis-gene	44108	266	43842	3.46e-43	-0.798296232	-0.911737451	-0.684855013	0.057877647	flexdmg	CardiometabolicII	ASS1:P00966:OID30170:v1:CardiometabolicII	2.87526E-47	-0.78677586	9	130444961	130501274
STAB1	NOTCH3	trans-position, trans-gene	45810	727	45083	3.6e-43	0.479356518	0.411221773	0.547491263	0.034762345	ptvraredmg	Cardiometabolic	NOTCH3:Q9UM47:OID20253:v1:Cardiometabolic	6.9167E-49	0.478411718	3	52495338	52524495
MAN2B2	MAN2B2	cis-position, cis-gene	45616	509	45107	3.79e-43	-0.602939006	-0.68866347	-0.517214542	0.043736614	flexnonsynmtr	CardiometabolicII	MAN2B2:Q9Y2E5:OID30306:v1:CardiometabolicII	3.68716E-41	-0.549181685	4	6575189	6623362
ENO3	ENO3	cis-position, cis-gene	44457	366	44091	5.14e-43	-0.6687091	-0.763934442	-0.573483757	0.048583928	flexdmg	CardiometabolicII	ENO3:P13929:OID30209:v1:CardiometabolicII	2.17258E-44	-0.654303291	17	4948092	4957131
GNPTAB	IDUA	trans-position, trans-gene	45621	77	45544	6.56e-43	1.548955687	1.328093153	1.769818221	0.112684046	ptv	Oncology	IDUA:P35475:OID21468:v1:Oncology	2.13782E-44	1.471862759	12	101745497	101830867
TIE1	TIE1	cis-position, cis-gene	45810	255	45555	7.47e-43	-0.848233285	-0.969265057	-0.727201513	0.061750407	ptvraredmg	Cardiometabolic	TIE1:P35590:OID20303:v1:Cardiometabolic	1.40663E-45	-0.857299003	1	43300982	43323108
MEGF10	MEGF10	cis-position, cis-gene	45225	282	44943	1.1e-42	-0.797357001	-0.911364019	-0.683349983	0.058166357	flexdmg	Inflammation	MEGF10:Q96KG7:OID20746:v1:Inflammation	3.19015E-44	-0.759103926	5	127290796	127465737
REG4	REG4	cis-position, cis-gene	45300	28	45272	1.16e-42	-2.442325858	-2.791628024	-2.093023692	0.178213902	flexdmg	Inflammation	REG4:Q9BYZ8:OID20784:v1:Inflammation	6.67151E-49	-2.550441288	1	119794017	119811580
NAGK	NAGK	cis-position, cis-gene	44384	72	44312	1.35e-42	-1.573191428	-1.798366106	-1.34801675	0.114884017	ptvraredmg	CardiometabolicII	NAGK:Q9UJ70:OID30271:v1:CardiometabolicII	5.93708E-50	-1.61481513	2	71064344	71079808
NME3	NME3	cis-position, cis-gene	45300	34	45266	1.53e-42	-2.323650829	-2.65646971	-1.990831947	0.169804133	ptvraredmg	Inflammation	NME3:Q13232:OID20789:v1:Inflammation	2.08256E-45	-2.253753679	16	1770320	1771561
RGMA	RGMA	cis-position, cis-gene	45644	296	45348	1.82e-42	-0.784517776	-0.896990353	-0.6720452	0.0573835	flexdmg	Neurology	RGMA:Q96B86:OID21065:v1:Neurology	4.86977E-42	-0.738539971	15	93035271	93089211
CDHR1	CDHR1	cis-position, cis-gene	44217	274	43943	3.52e-42	-0.81808887	-0.935784488	-0.700393251	0.060048244	flexdmg	Neurology	CDHR1:Q96JP9:OID20808:v1:Neurology	5.12378E-46	-0.815133136	10	84194537	84219621
TNFRSF6B	TNFRSF6B	cis-position, cis-gene	44914	95	44819	4.12e-42	-1.34896138	-1.54320181	-1.15472095	0.09910141	flexdmg	Neurology	TNFRSF6B:O95407:OID20964:v1:Neurology	3.61494E-43	-1.325693066	20	63696652	63698684
CPXM1	CPXM1	cis-position, cis-gene	45388	396	44992	4.43e-42	-0.679122596	-0.776950459	-0.581294733	0.04991176	flexdmg	Oncology	CPXM1:Q96SM3:OID21479:v1:Oncology	2.29784E-44	-0.669141455	20	2794074	2800627
ASGR1	ITGB2	trans-position, trans-gene	45000	102	44898	4.5e-42	1.288079294	1.102517653	1.473640936	0.094673499	flexdmg	Cardiometabolic	ITGB2:P05107:OID20315:v1:Cardiometabolic	6.15213E-43	1.274172857	17	7173431	7179564
GALNT7	GALNT7	cis-position, cis-gene	45042	100	44942	5.91e-42	-1.344064379	-1.537977239	-1.15015152	0.098934291	flexdmg	Oncology	GALNT7:Q86SF2:OID21377:v1:Oncology	2.14281E-40	-1.241029777	4	173168811	173323967
IL17RA	IL17RA	cis-position, cis-gene	45260	334	44926	6.56e-42	0.73041397	0.624974615	0.835853325	0.053795139	rec	Neurology	IL17RA:Q96F46:OID21089:v1:Neurology	7.22216E-41	0.724172828	22	17084954	17115694
SOD3	SOD3	cis-position, cis-gene	45669	65	45604	8.15e-42	-1.536861163	-1.758977757	-1.31474457	0.11332387	flexdmg	InflammationII	SOD3:P08294:OID30683:v1:InflammationII	2.02001E-47	-1.555509006	4	24789912	24800842
UMOD	UMOD	cis-position, cis-gene	45658	303	45355	8.62e-42	-0.750678043	-0.859204064	-0.642152023	0.055369967	flexdmg	Cardiometabolic	UMOD:P07911:OID20237:v1:Cardiometabolic	1.11088E-41	-0.724331126	16	20333051	20356301
CFI	CFP	trans-position, trans-gene	45680	304	45376	1.02e-41	-0.753871005	-0.862959364	-0.644782646	0.055656873	flexdmg	InflammationII	CFP:P27918:OID30784:v1:InflammationII	1.36111E-44	-0.760843006	4	109731008	109802150
BCAM	BCAM	cis-position, cis-gene	45260	32	45228	1.06e-41	-2.331225688	-2.668632067	-1.993819309	0.172144669	ptv	Neurology	BCAM:P50895:OID21076:v1:Neurology	5.87828E-39	-2.228137205	19	44809071	44821421
NAGPA	CPVL	trans-position, trans-gene	45540	163	45377	1.19e-41	1.061735222	0.907968268	1.215502175	0.078451883	flexdmg	Oncology	CPVL:Q9H3G5:OID21435:v1:Oncology	7.21582E-40	0.985159727	16	5024844	5034141
MSR1	LGALS3BP	trans-position, trans-gene	45680	137	45543	1.35e-41	1.145945813	0.979869811	1.312021816	0.084731965	ptvraredmg	InflammationII	LGALS3BP:Q08380:OID30765:v1:InflammationII	7.25108E-43	1.103917917	8	16107878	16567490
CHRDL1	CHRDL1	cis-position, cis-gene	45378	54	45324	1.61e-41	-1.613843401	-1.847954658	-1.379732144	0.119443526	flexdmg	Inflammation	CHRDL1:Q9BU40:OID20771:v1:Inflammation	4.3721E-40	-1.559043532	X	110673856	110795819
MSR1	C1QTNF5	trans-position, trans-gene	44654	192	44462	1.68e-41	0.968687929	0.82813521	1.109240647	0.071709944	flexdmg	InflammationII	C1QTNF5:Q9BXJ0:OID30618:v1:InflammationII	6.34622E-46	0.954382002	8	16107878	16567490
TET2	FLT3LG	trans-position, trans-gene	45752	74	45678	1.84e-41	-1.490086633	-1.706404381	-1.273768886	0.110365305	ptv	Inflammation	FLT3LG:P49771:OID20661:v1:Inflammation	2.40498E-40	-1.450097832	4	105145875	105279816
MATN2	MATN2	cis-position, cis-gene	45300	62	45238	2.32e-41	-1.650118564	-1.889967761	-1.410269367	0.122371017	ptv	Inflammation	MATN2:O00339:OID20767:v1:Inflammation	4.10761E-42	-1.599716043	8	97868840	98036724
PLA2G15	DPEP2	cis-position, trans-gene	45042	140	44902	3.32e-41	-1.111789765	-1.273710498	-0.949869033	0.082611916	flexnonsynmtr	Oncology	DPEP2:Q9H4A9:OID21305:v1:Oncology	1.1738E-37	-1.024566824	16	68245304	68261058
F12	F12	cis-position, cis-gene	45680	168	45512	3.34e-41	-1.019878082	-1.168420001	-0.871336162	0.075786077	flexdmg	InflammationII	F12:P00748:OID30739:v1:InflammationII	1.53121E-47	-1.018736272	5	177402133	177416583
IL1RL1	IL1RL1	cis-position, cis-gene	45667	130	45537	3.76e-41	-1.082854856	-1.240672788	-0.925036925	0.080518697	flexdmg	Cardiometabolic	IL1RL1:Q01638:OID20250:v1:Cardiometabolic	1.39832E-44	-1.07255795	2	102311502	102352037
ABCA1	KITLG	trans-position, trans-gene	45276	757	44519	4.37e-41	-0.484941154	-0.555675502	-0.414206806	0.036088651	flexdmg	Cardiometabolic	KITLG:P21583:OID20196:v1:Cardiometabolic	3.88543E-44	-0.475162754	9	104781002	104928246
SHBG	SHBG	cis-position, cis-gene	45669	82	45587	4.75e-41	-1.343854837	-1.539963605	-1.14774607	0.100054679	ptv	InflammationII	SHBG:P04278:OID30685:v1:InflammationII	5.17711E-39	-1.296041374	17	7613946	7633382
STAB1	KAZALD1	trans-position, trans-gene	45042	723	44319	7.2e-41	0.497280759	0.424545919	0.570015599	0.037109296	ptvraredmg	Oncology	KAZALD1:Q96I82:OID21339:v1:Oncology	1.92429E-44	0.48294983	3	52495338	52524495
IGFBP7	IGFBP7	cis-position, cis-gene	45810	21	45789	8.72e-41	-2.713625997	-3.110964833	-2.316287161	0.202722263	ptv	Cardiometabolic	IGFBP7:Q16270:OID20236:v1:Cardiometabolic	3.38347E-43	-2.732942433	4	57030773	57110385
ASGR1	TIMD4	trans-position, trans-gene	45433	104	45329	1.1e-40	1.286269078	1.097687492	1.474850664	0.096214298	flexdmg	Cardiometabolic	TIMD4:Q96H15:OID20375:v1:Cardiometabolic	1.30843E-42	1.292189719	17	7173431	7179564
GUSB	GUSB	cis-position, cis-gene	45451	141	45310	1.12e-40	-1.062190644	-1.217933901	-0.906447387	0.079460189	ptvraredmg	Cardiometabolic	GUSB:P08236:OID20296:v1:Cardiometabolic	3.32938E-40	-0.99934621	7	65960684	65982215
OSMR	OSMR	cis-position, cis-gene	45509	168	45341	1.19e-40	-0.986513098	-1.131214327	-0.841811869	0.07382655	flexdmg	Cardiometabolic	OSMR:Q99650:OID20356:v1:Cardiometabolic	2.01514E-36	-0.860579202	5	38845858	38945596
CXCR6	CXCL16	trans-position, trans-gene	45735	70	45665	1.42e-40	1.542569118	1.316082708	1.769055527	0.115553354	flexnonsynmtr	Cardiometabolic	CXCL16:Q9H2A7:OID20282:v1:Cardiometabolic	7.4853E-47	1.564060427	3	45940399	45948354
ITGBL1	ITGBL1	cis-position, cis-gene	45606	116	45490	1.55e-40	-1.161952919	-1.332637177	-0.991268661	0.087083093	flexnonsynmtr	CardiometabolicII	ITGBL1:O95965:OID30408:v1:CardiometabolicII	6.97199E-41	-1.079542807	13	101452593	101720856
GSR	GSR	cis-position, cis-gene	45439	107	45332	1.67e-40	-1.244320388	-1.427179069	-1.061461706	0.093294474	ptvraredmg	InflammationII	GSR:P00390:OID30700:v1:InflammationII	3.04871E-47	-1.228617219	8	30678066	30727846
ITGA11	ITGA11	cis-position, cis-gene	45190	228	44962	2.26e-40	-0.863300152	-0.99038245	-0.736217854	0.064837361	ptvraredmg	Inflammation	ITGA11:Q9UKX5:OID20581:v1:Inflammation	4.06697E-42	-0.843385951	15	68296532	68432163
CES3	CES3	cis-position, cis-gene	45042	179	44863	2.94e-40	-0.975541717	-1.119359176	-0.831724258	0.07337563	flexdmg	Oncology	CES3:Q6UWW8:OID21340:v1:Oncology	3.67569E-43	-0.961260448	16	66961245	66975149
LTBP2	LTBP2	cis-position, cis-gene	45810	42	45768	2.99e-40	-1.709189013	-1.961188884	-1.457189142	0.128570327	ptv	Cardiometabolic	LTBP2:Q14767:OID20254:v1:Cardiometabolic	8.74759E-40	-1.709519013	14	74498183	74612378
AGER	AGER	cis-position, cis-gene	45144	89	45055	4.36e-40	-1.354318515	-1.554421151	-1.154215878	0.10209232	ptv	Inflammation	AGER:Q15109:OID20756:v1:Inflammation	7.66506E-42	-1.336415655	6	32180968	32184322
GNPTAB	CTSC	trans-position, trans-gene	45157	77	45080	4.47e-40	1.47552125	1.257479659	1.693562841	0.111244771	ptv	Inflammation	CTSC:P53634:OID20679:v1:Inflammation	9.54465E-40	1.365204729	12	101745497	101830867
FGFBP1	FGFBP1	cis-position, cis-gene	45388	33	45355	4.8e-40	-2.204163171	-2.530013902	-1.878312441	0.166248992	ptv	Oncology	FGFBP1:Q14512:OID21507:v1:Oncology	2.12212E-40	-2.197765962	4	15935577	15938740
A1BG	A1BG	cis-position, cis-gene	45680	139	45541	6.5e-40	-1.057665685	-1.214295784	-0.901035585	0.079912666	flexnonsynmtr	InflammationII	A1BG:P04217:OID30771:v1:InflammationII	3.24701E-41	-0.970886171	19	58345178	58353492
ADIPOQ	ADIPOQ	cis-position, cis-gene	45680	85	45595	1.55e-39	-1.226871395	-1.409465787	-1.044277003	0.093159646	flexdmg	InflammationII	ADIPOQ:Q15848:OID30748:v1:InflammationII	3.06349E-46	-1.209580463	3	186842704	186858463
CELSR2	CELSR2	cis-position, cis-gene	44654	16	44638	1.74e-39	-3.228941307	-3.709804026	-2.748078587	0.245335978	ptv	InflammationII	CELSR2:Q9HCU4:OID30593:v1:InflammationII	6.56776E-40	-3.063134961	1	109249539	109275751
F10	F10	cis-position, cis-gene	45669	268	45401	1.92e-39	-0.795915427	-0.914517648	-0.677313205	0.060510845	flexdmg	InflammationII	F10:P00742:OID30684:v1:InflammationII	1.73722E-41	-0.78084187	13	113122799	113149529
ASGR1	IL6ST	trans-position, trans-gene	45276	106	45170	2.51e-39	1.238068179	1.053296939	1.422839419	0.094270252	ptvraredmg	Cardiometabolic	IL6ST:P40189:OID20147:v1:Cardiometabolic	2.24401E-41	1.246226527	17	7173431	7179564
CSF3R	CSF3R	cis-position, cis-gene	44339	83	44256	3.22e-39	1.417799513	1.205902451	1.629696575	0.10810978	ptv	InflammationII	CSF3R:Q99062:OID30527:v1:InflammationII	4.87118E-41	1.450141811	1	36466043	36483278
PEBP1	PEBP1	cis-position, cis-gene	45260	68	45192	3.56e-39	-1.544508896	-1.775483797	-1.313533995	0.11784335	flexdmg	Neurology	PEBP1:P30086:OID21087:v1:Neurology	8.64273E-43	-1.558499326	12	118136124	118145584
MRC2	COL3A1	trans-position, trans-gene	45606	148	45458	4.1e-39	1.071085274	0.910776847	1.231393701	0.081789345	ptvraredmg	CardiometabolicII	COL3A1:P02461:OID30379:v1:CardiometabolicII	1.05751E-41	1.071244946	17	62626515	62693601
STAB2	MAMDC2	trans-position, trans-gene	45616	990	44626	4.52e-39	0.405935835	0.345145185	0.466726484	0.031015384	flexdmg	CardiometabolicII	MAMDC2:Q7Z304:OID30309:v1:CardiometabolicII	9.58199E-38	0.374960404	12	103587273	103766719
HRG	HRG	cis-position, cis-gene	45461	26	45435	4.82e-39	-2.516576373	-2.893583338	-2.139569408	0.192348903	ptv	InflammationII	HRG:P04196:OID30770:v1:InflammationII	6.63163E-40	-2.463473089	3	186660216	186678234
CD5	CD5	cis-position, cis-gene	45556	37	45519	4.94e-39	-2.107913893	-2.423744449	-1.792083336	0.161136717	ptv	Oncology	CD5:P06127:OID21449:v1:Oncology	5.55692E-39	-2.107841256	11	61102489	61127852
ASGR1	CD244	trans-position, trans-gene	45752	106	45646	5.25e-39	1.258497247	1.06986846	1.447126034	0.096238398	flexdmg	Inflammation	CD244:Q9BZW8:OID20628:v1:Inflammation	3.65045E-38	1.217682151	17	7173431	7179564
ENPP5	ENPP5	cis-position, cis-gene	45452	124	45328	6.72e-39	-1.080817107	-1.243048251	-0.918585963	0.082770308	flexdmg	Inflammation	ENPP5:Q9UJA9:OID20736:v1:Inflammation	2.20359E-50	-1.152208525	6	46159185	46170980
ASGR1	CD58	trans-position, trans-gene	45157	104	45053	8.39e-39	1.254896947	1.066293054	1.44350084	0.096225664	flexdmg	Inflammation	CD58:P19256:OID20716:v1:Inflammation	1.8165E-39	1.238094121	17	7173431	7179564
DCXR	DCXR	cis-position, cis-gene	45388	94	45294	8.67e-39	-1.252202032	-1.440438848	-1.063965216	0.096038395	flexdmg	Oncology	DCXR:Q7Z4W1:OID21480:v1:Oncology	4.34529E-44	-1.277578651	17	82035136	82037709
FLG	CDSN	trans-position, trans-gene	45602	562	45040	1.03e-38	0.541622214	0.460122594	0.623121834	0.041581099	ptv	Inflammation	CDSN:Q15517:OID20667:v1:Inflammation	1.6956E-43	0.543620296	1	152302163	152325257
ASGR1	ICAM3	trans-position, trans-gene	45810	106	45704	1.15e-38	1.248556673	1.060554249	1.436559096	0.095918831	flexdmg	Cardiometabolic	ICAM3:P32942:OID20277:v1:Cardiometabolic	3.00686E-39	1.233975336	17	7173431	7179564
PRSS53	PRSS53	cis-position, cis-gene	45493	169	45324	1.31e-38	-0.95647736	-1.100608415	-0.812346305	0.073535646	ptvraredmg	NeurologyII	PRSS53:Q2L4Q9:OID31093:v1:NeurologyII	6.68429E-40	-0.940999167	16	31083437	31089628
CRTAC1	CRTAC1	cis-position, cis-gene	45810	259	45551	1.56e-38	-0.760819118	-0.875587298	-0.646050938	0.058554722	flexnonsynmtr	Cardiometabolic	CRTAC1:Q9NQ79:OID20279:v1:Cardiometabolic	7.49171E-41	-0.75305526	10	97865000	98030828
CNTN2	CNTN2	cis-position, cis-gene	45621	26	45595	3.05e-38	-2.445498625	-2.815861498	-2.075135752	0.188959106	ptv	Oncology	CNTN2:Q02246:OID21426:v1:Oncology	8.36723E-40	-2.403301762	1	205042937	205078289
STAB2	STAB2	cis-position, cis-gene	45606	133	45473	4.13e-38	-1.09077664	-1.256270613	-0.925282667	0.08443501	ptv	CardiometabolicII	STAB2:Q8WWQ8:OID30401:v1:CardiometabolicII	4.92567E-39	-1.054895875	12	103587273	103766719
CD93	CD93	cis-position, cis-gene	43545	112	43433	4.74e-38	-1.196900834	-1.378639585	-1.015162083	0.092722978	ptvraredmg	Cardiometabolic	CD93:Q9NPY3:OID20397:v1:Cardiometabolic	2.47918E-35	-1.090189722	20	23079360	23086324
TP53I3	TP53I3	cis-position, cis-gene	43825	69	43756	6.06e-38	-1.525695038	-1.757699746	-1.29369033	0.118368654	flexdmg	InflammationII	TP53I3:Q53FA7:OID30632:v1:InflammationII	1.04733E-40	-1.450512468	2	24077433	24085861
GZMB	GZMB	cis-position, cis-gene	45190	115	45075	6.75e-38	-1.16305441	-1.340033754	-0.986075066	0.090294823	flexdmg	Inflammation	GZMB:P10144:OID20604:v1:Inflammation	7.39767E-38	-1.107476343	14	24630954	24634267
FUT1	DIPK2B	trans-position, trans-gene	44654	198	44456	7.27e-38	0.855740942	0.725467372	0.986014511	0.066465526	flexnonsynmtr	InflammationII	DIPK2B:Q9H7Y0:OID30582:v1:InflammationII	4.56937E-39	0.8636176	19	48748011	48755390
IL7R	IL7R	cis-position, cis-gene	45260	102	45158	7.36e-38	-1.267089971	-1.460000527	-1.074179416	0.098422928	ptvraredmg	Neurology	IL7R:P16871:OID21136:v1:Neurology	1.29626E-39	-1.192189383	5	35852695	35879603
GMPR	GMPR	cis-position, cis-gene	45752	171	45581	9.25e-38	-0.949615818	-1.094393309	-0.804838327	0.073865469	flexdmg	Inflammation	GMPR:P36959:OID20641:v1:Inflammation	7.61137E-44	-0.944079487	6	16238587	16295549
MEGF9	MEGF9	cis-position, cis-gene	45667	122	45545	1.18e-37	-1.147512237	-1.322719666	-0.972304808	0.089390818	flexdmg	Cardiometabolic	MEGF9:Q9H1U4:OID20285:v1:Cardiometabolic	2.06127E-40	-1.141282956	9	120600811	120714470
CNTN4	CNTN4	cis-position, cis-gene	45260	164	45096	1.21e-37	-0.970956253	-1.119228531	-0.822683975	0.075648488	ptvraredmg	Neurology	CNTN4:Q8IWV2:OID21117:v1:Neurology	3.70458E-38	-0.940952539	3	2098813	3057959
ASGR1	ASGR1	cis-position, cis-gene	44914	103	44811	2.35e-37	-1.221988713	-1.409347802	-1.034629624	0.095590551	flexdmg	Neurology	ASGR1:P07306:OID20990:v1:Neurology	4.75031E-33	-1.12079083	17	7173431	7179564
NT5C	NT5C	cis-position, cis-gene	45616	68	45548	2.4e-37	-1.534198395	-1.769458705	-1.298938086	0.120029789	flexdmg	CardiometabolicII	NT5C:Q8TCD5:OID30294:v1:CardiometabolicII	2.809E-39	-1.525574948	17	75130225	75131757
MIA	MIA	cis-position, cis-gene	45388	23	45365	3.28e-37	-2.60816364	-3.00887351	-2.20745377	0.204442114	flexdmg	Oncology	MIA:Q16674:OID21531:v1:Oncology	1.45073E-48	-2.719681377	19	40771648	40777490
MFAP5	MFAP5	cis-position, cis-gene	45810	14	45796	3.74e-37	-3.285577731	-3.790774869	-2.780380592	0.257751565	ptv	Cardiometabolic	MFAP5:Q13361:OID20239:v1:Cardiometabolic	1.05369E-37	-2.926187828	12	8637346	8662888
STAB1	POSTN	trans-position, trans-gene	45606	188	45418	6.11e-37	-0.912429575	-1.053150357	-0.771708792	0.071795731	ptv	CardiometabolicII	POSTN:Q15063:OID30410:v1:CardiometabolicII	2.15516E-38	-0.913183816	3	52495338	52524495
KLK7	KLK7	cis-position, cis-gene	43595	119	43476	6.28e-37	-1.123200147	-1.296448806	-0.949951488	0.088391342	flexdmg	InflammationII	KLK7:P49862:OID30652:v1:InflammationII	7.09215E-40	-1.096597291	19	50976468	50984099
STAB1	CRIM1	trans-position, trans-gene	45452	729	44723	7.97e-37	0.453386839	0.383347772	0.523425906	0.035733922	ptvraredmg	Inflammation	CRIM1:Q9NZV1:OID20701:v1:Inflammation	8.30172E-40	0.441279822	3	52495338	52524495
SCG3	SCG3	cis-position, cis-gene	45300	26	45274	8.23e-37	-2.429646788	-2.805050834	-2.054242741	0.191531077	ptv	Inflammation	SCG3:Q8WXD2:OID20728:v1:Inflammation	9.28535E-37	-2.430102056	15	51681492	51721026
MVK	MVK	cis-position, cis-gene	44437	183	44254	8.32e-37	-0.914499864	-1.055806014	-0.773193713	0.072094335	flexdmg	Inflammation	MVK:Q03426:OID20459:v1:Inflammation	4.6072E-40	-0.919088484	12	109573255	109598125
ST6GAL1	ST6GAL1	cis-position, cis-gene	45810	32	45778	8.51e-37	-2.182240039	-2.519490313	-1.844989766	0.17206508	flexdmg	Cardiometabolic	ST6GAL1:P15907:OID20302:v1:Cardiometabolic	5.86214E-37	-2.12281045	3	186930325	187078553
LGALS3	LGALS3	cis-position, cis-gene	45374	37	45337	9.43e-37	-1.968623986	-2.273051829	-1.664196143	0.155319037	ptvraredmg	Cardiometabolic	LGALS3:P17931:OID20284:v1:Cardiometabolic	3.19091E-43	-2.05657528	14	55124110	55145423
ASGR1	ADGRE2	trans-position, trans-gene	45452	104	45348	9.62e-37	1.19335769	1.008793974	1.377921405	0.094164383	flexdmg	Inflammation	ADGRE2:Q9UHX3:OID20755:v1:Inflammation	3.56392E-37	1.17692627	17	7173431	7179564
KLRF1	KLRF1	cis-position, cis-gene	44339	35	44304	1e-36	-2.030292027	-2.344364752	-1.716219301	0.160239755	ptv	InflammationII	KLRF1:Q9NZS2:OID30464:v1:InflammationII	6.4046E-36	-2.03161365	12	9827481	9845007
ASGR1	CR2	trans-position, trans-gene	45433	104	45329	1.04e-36	1.223553567	1.0342242	1.412882934	0.096595816	ptvraredmg	Cardiometabolic	CR2:P20023:OID20393:v1:Cardiometabolic	9.72909E-37	1.197220385	17	7173431	7179564
GFER	GFER	cis-position, cis-gene	44180	79	44101	1.2e-36	-1.385554244	-1.600129694	-1.170978794	0.109476282	flexdmg	Oncology	GFER:P55789:OID21259:v1:Oncology	6.44705E-37	-1.334309241	16	1984193	1987749
CST3	CST3	cis-position, cis-gene	45357	15	45342	1.22e-36	-2.991700798	-3.455070295	-2.5283313	0.236411042	ptv	Cardiometabolic	CST3:P01034:OID20400:v1:Cardiometabolic	1.38696E-36	-2.99304302	20	23626706	23638473
PNLIPRP1	PNLIPRP1	cis-position, cis-gene	45493	92	45401	1.3e-36	-1.301501403	-1.503168164	-1.099834641	0.102890357	ptv	NeurologyII	PNLIPRP1:P54315:OID31122:v1:NeurologyII	1.4311E-37	-1.266078831	10	116590385	116609175
RBKS	RBKS	cis-position, cis-gene	44206	136	44070	1.42e-36	-1.030992577	-1.190831798	-0.871153355	0.081549888	flexdmg	Neurology	RBKS:Q9H477:OID20986:v1:Neurology	6.68802E-43	-1.059238244	2	27781379	27890681
DTYMK	DTYMK	cis-position, cis-gene	45616	132	45484	1.43e-36	-1.076515696	-1.243421871	-0.909609521	0.085155516	flexnonsynmtr	CardiometabolicII	DTYMK:P23919:OID30308:v1:CardiometabolicII	1.43785E-43	-1.09217712	2	241675747	241686944
STAB2	CD248	trans-position, trans-gene	45606	989	44617	1.73e-36	0.386227595	0.326274778	0.446180411	0.030587921	flexdmg	CardiometabolicII	CD248:Q9HCU0:OID30394:v1:CardiometabolicII	6.96498E-39	0.3767933	12	103587273	103766719
ENTPD6	ENTPD6	cis-position, cis-gene	44454	70	44384	1.75e-36	-1.503672058	-1.737092451	-1.270251664	0.119090982	flexdmg	Cardiometabolic	ENTPD6:O75354:OID20100:v1:Cardiometabolic	5.51831E-41	-1.505437857	20	25195693	25228075
MERTK	MERTK	cis-position, cis-gene	45752	42	45710	2.16e-36	-1.843002344	-2.12948626	-1.556518428	0.14616408	ptv	Inflammation	MERTK:Q12866:OID20657:v1:Inflammation	7.33434E-36	-1.791801701	2	111898607	112029561
CAT	CAT	cis-position, cis-gene	44917	301	44616	2.19e-36	-0.691901228	-0.799459707	-0.584342748	0.054876304	flexdmg	InflammationII	CAT:P04040:OID30712:v1:InflammationII	2.78702E-37	-0.660904156	11	34438934	34472060
MAN2B1	CTSL	trans-position, trans-gene	45276	441	44835	3.99e-36	-0.575876826	-0.665738122	-0.486015529	0.045847217	flexdmg	Cardiometabolic	CTSL:P07711:OID20228:v1:Cardiometabolic	3.42624E-39	-0.574623377	19	12646508	12666777
QDPR	QDPR	cis-position, cis-gene	45070	106	44964	4.58e-36	-1.198096708	-1.385215105	-1.010978311	0.095467759	ptvraredmg	Cardiometabolic	QDPR:P09417:OID20174:v1:Cardiometabolic	6.10265E-43	-1.238252943	4	17460261	17512206
CD58	CD58	cis-position, cis-gene	45157	23	45134	4.68e-36	-2.5651405	-2.965818208	-2.164462791	0.204425677	flexdmg	Inflammation	CD58:P19256:OID20716:v1:Inflammation	4.67173E-36	-2.568095224	1	116514534	116571039
PLTP	PLTP	cis-position, cis-gene	45667	24	45643	4.74e-36	-2.488976024	-2.877789346	-2.100162702	0.198372529	ptv	Cardiometabolic	PLTP:P55058:OID20238:v1:Cardiometabolic	1.92549E-38	-2.475066286	20	45898621	45912155
ASGR1	CD48	trans-position, trans-gene	45378	104	45274	5.12e-36	1.216808093	1.026632591	1.406983595	0.097027511	flexdmg	Inflammation	CD48:P09326:OID20692:v1:Inflammation	2.62523E-37	1.208384926	17	7173431	7179564
CD163L1	DNPEP	trans-position, trans-gene	45493	178	45315	5.49e-36	0.924730574	0.780140356	1.069320793	0.073769912	flexdmg	NeurologyII	DNPEP:Q9ULA0:OID31118:v1:NeurologyII	2.35231E-36	0.887291443	12	7326484	7444185
AGRN	AGRN	cis-position, cis-gene	45452	21	45431	5.58e-36	-2.647344289	-3.06132342	-2.233365159	0.211212096	ptv	Inflammation	AGRN:O00468:OID20786:v1:Inflammation	5.30529E-37	-2.622739163	1	1020120	1056118
CNTN3	CNTN3	cis-position, cis-gene	45260	153	45107	6.57e-36	-0.920725124	-1.064853252	-0.776596996	0.073534143	flexdmg	Neurology	CNTN3:Q9P232:OID21092:v1:Neurology	9.01704E-36	-0.89692148	3	74262568	74614659
ASGR1	ITGAM	trans-position, trans-gene	45260	103	45157	6.78e-36	1.195866118	1.008630547	1.383101688	0.095527552	flexdmg	Neurology	ITGAM:P11215:OID21071:v1:Neurology	1.09991E-35	1.166646106	17	7173431	7179564
APOF	APOF	cis-position, cis-gene	45669	48	45621	7.35e-36	-1.665637888	-1.926561293	-1.404714482	0.133123103	flexdmg	InflammationII	APOF:Q13790:OID30701:v1:InflammationII	1.11354E-36	-1.656102188	12	56360568	56362857
MAMDC4	MAMDC4	cis-position, cis-gene	45424	207	45217	1.18e-35	-0.850758401	-0.984430569	-0.717086233	0.068199521	ptv	OncologyII	MAMDC4:Q6UXC1:OID31342:v1:OncologyII	7.98742E-37	-0.831422233	9	136850943	136860799
MCAM	MCAM	cis-position, cis-gene	45433	76	45357	1.34e-35	-1.353242486	-1.566042821	-1.14044215	0.108570701	ptvraredmg	Cardiometabolic	MCAM:P43121:OID20343:v1:Cardiometabolic	3.18842E-39	-1.340064626	11	119308529	119321521
ADH1B	ADH1B	cis-position, cis-gene	44654	149	44505	1.35e-35	-0.978005359	-1.131804183	-0.824206535	0.078468102	flexdmg	InflammationII	ADH1B:P00325:OID30612:v1:InflammationII	2.71041E-36	-0.956754624	4	99304971	99352760
TIMP4	TIMP4	cis-position, cis-gene	45260	155	45105	2.46e-35	-0.934642603	-1.082195513	-0.787089692	0.075281466	flexdmg	Neurology	TIMP4:Q99727:OID21147:v1:Neurology	5.46601E-36	-0.910187069	3	12153068	12158912
IL17RB	IL17RB	cis-position, cis-gene	44616	63	44553	3.99e-35	-1.511627638	-1.751014431	-1.272240845	0.122135048	ptvraredmg	Inflammation	IL17RB:Q9NRM6:OID20585:v1:Inflammation	7.3694E-35	-1.429724339	3	53846568	53865794
ITIH3	ITIH3	cis-position, cis-gene	45433	366	45067	4.43e-35	-0.600025104	-0.695113184	-0.504937023	0.048513925	flexdmg	Cardiometabolic	ITIH3:Q06033:OID20352:v1:Cardiometabolic	1.07609E-34	-0.572012018	3	52794768	52809009
AXL	AXL	cis-position, cis-gene	45433	14	45419	4.51e-35	-3.233521675	-3.746010163	-2.721033187	0.261471554	ptv	Cardiometabolic	AXL:P30530:OID20363:v1:Cardiometabolic	1.29032E-35	-3.051943349	19	41219223	41261766
AHNAK2	AHNAK2	cis-position, cis-gene	44457	188	44269	5.62e-35	-0.87458416	-1.013395954	-0.735772366	0.070821716	flexdmg	CardiometabolicII	AHNAK2:Q8IVF2:OID30244:v1:CardiometabolicII	1.65554E-39	-0.881083365	14	104937244	104978374
NAGA	NAGA	cis-position, cis-gene	44267	263	44004	6.25e-35	-0.757394876	-0.877688991	-0.637100762	0.061373997	flexdmg	InflammationII	NAGA:P17050:OID30509:v1:InflammationII	1.66554E-40	-0.782113768	22	42058334	42070842
TBC1D17	TBC1D17	cis-position, cis-gene	44217	153	44064	6.43e-35	-0.97088015	-1.125109719	-0.81665058	0.078687847	flexdmg	Neurology	TBC1D17:Q9HA65:OID20844:v1:Neurology	5.52398E-43	-1.037691074	19	49877666	49888750
STAB2	CRIM1	trans-position, trans-gene	45452	979	44473	6.71e-35	0.381439907	0.320827432	0.442052383	0.030924477	flexdmg	Inflammation	CRIM1:Q9NZV1:OID20701:v1:Inflammation	3.2912E-38	0.376296624	12	103587273	103766719
SETX	AFP	trans-position, trans-gene	44766	722	44044	8.61e-35	0.442870425	0.372382207	0.513358643	0.035963065	flexdmg	Neurology	AFP:P02771:OID20978:v1:Neurology	5.26882E-32	0.407415434	9	132261440	132356726
STAB2	CLEC11A	trans-position, trans-gene	45188	982	44206	9.32e-35	0.390313465	0.328157475	0.452469455	0.031711973	flexdmg	Neurology	CLEC11A:Q9Y240:OID21112:v1:Neurology	2.70279E-37	0.381398151	12	103587273	103766719
FOLR1	FOLR1	cis-position, cis-gene	45162	62	45100	9.91e-35	-1.464933997	-1.698314196	-1.231553798	0.119070525	flexdmg	Oncology	FOLR1:P15328:OID21529:v1:Oncology	1.81874E-34	-1.451008149	11	72189558	72196323
GIPC2	GIPC2	cis-position, cis-gene	45493	93	45400	1.08e-34	-1.204300145	-1.396268595	-1.012331695	0.097942279	flexdmg	NeurologyII	GIPC2:Q8TF65:OID31153:v1:NeurologyII	5.779E-37	-1.096641621	1	77979542	78138444
NID1	ADGRF5	trans-position, trans-gene	45616	448	45168	1.35e-34	-0.567689294	-0.658315416	-0.477063173	0.046237439	flexdmg	CardiometabolicII	ADGRF5:Q8IZF2:OID30349:v1:CardiometabolicII	1.21444E-36	-0.55580571	1	235975830	236065109
IL5RA	IL5RA	cis-position, cis-gene	45190	159	45031	1.47e-34	-0.944018855	-1.094802389	-0.79323532	0.076929727	flexnonsynmtr	Inflammation	IL5RA:Q01344:OID20601:v1:Inflammation	6.20182E-34	-0.905441814	3	3066324	3126613
THTPA	THTPA	cis-position, cis-gene	45347	99	45248	1.6e-34	-1.220672929	-1.415754724	-1.025591134	0.099530699	flexdmg	OncologyII	THTPA:Q9BU02:OID31375:v1:OncologyII	4.63109E-38	-1.230748936	14	23555988	23560271
FAM3C	FAM3C	cis-position, cis-gene	45201	41	45160	1.71e-34	-1.807900147	-2.096961724	-1.518838569	0.147479156	flexdmg	Cardiometabolic	FAM3C:Q92520:OID20233:v1:Cardiometabolic	9.13753E-38	-1.833678386	7	121348878	121396364
LILRB5	LILRB5	cis-position, cis-gene	45810	98	45712	2.71e-34	-1.229073893	-1.426191854	-1.031955932	0.100569578	rec	Cardiometabolic	LILRB5:O75023:OID20324:v1:Cardiometabolic	5.7603E-40	-1.26620892	19	54249421	54257301
NPHS1	NPHS1	cis-position, cis-gene	44339	326	44013	2.96e-34	-0.672161684	-0.780023665	-0.564299703	0.055031131	ptvraredmg	InflammationII	NPHS1:O60500:OID30540:v1:InflammationII	2.46166E-37	-0.660071749	19	35825372	35869287
CD302	CD302	cis-position, cis-gene	45042	39	45003	4.27e-34	-1.813440007	-2.105158342	-1.521721672	0.148834619	flexdmg	Oncology	CD302:Q8IX05:OID21328:v1:Oncology	1.22918E-39	-1.903805926	2	159768628	159798255
TF	TF	cis-position, cis-gene	45680	97	45583	4.85e-34	-1.222120285	-1.418887198	-1.025353371	0.100390466	ptvraredmg	InflammationII	TF:P02787:OID30783:v1:InflammationII	1.05696E-35	-1.207265731	3	133746040	133796641
FUT1	CDH5	trans-position, trans-gene	45810	211	45599	5.2e-34	0.824150149	0.691395231	0.956905067	0.067731555	flexdmg	Cardiometabolic	CDH5:P33151:OID20243:v1:Cardiometabolic	2.82031E-36	0.830972252	19	48748011	48755390
FUCA2	FUCA1	trans-position, trans-gene	45513	176	45337	5.4e-34	-0.90347039	-1.049037433	-0.757903347	0.074268288	ptvraredmg	Cardiometabolic	FUCA1:P04066:OID20261:v1:Cardiometabolic	1.22755E-37	-0.900691043	6	143494812	143511883
APOM	APOM	cis-position, cis-gene	45352	24	45328	5.78e-34	-2.414880453	-2.804146071	-2.025614835	0.198603254	flexdmg	Cardiometabolic	APOM:O95445:OID20374:v1:Cardiometabolic	1.16123E-34	-2.393119688	6	31652416	31658210
SERPINF1	SERPINF1	cis-position, cis-gene	45084	19	45065	5.85e-34	-2.673274141	-3.104221851	-2.24232643	0.219869416	ptv	InflammationII	SERPINF1:P36955:OID30757:v1:InflammationII	3.59221E-33	-2.565748914	17	1762029	1777565
STAB1	MYOC	trans-position, trans-gene	45260	717	44543	6.2e-34	0.43476324	0.364648986	0.504877494	0.035772279	ptvraredmg	Neurology	MYOC:Q99972:OID21121:v1:Neurology	7.33117E-40	0.442831513	3	52495338	52524495
KLK4	KLK4	cis-position, cis-gene	45621	130	45491	6.25e-34	-0.948815884	-1.101841164	-0.795790604	0.078073485	flexdmg	Oncology	KLK4:Q9Y5K2:OID21391:v1:Oncology	1.10328E-36	-0.948090699	19	50906351	50911395
VWA1	VWA1	cis-position, cis-gene	45553	192	45361	1.16e-33	-0.865825338	-1.006052511	-0.725598164	0.071543889	flexdmg	Oncology	VWA1:Q6PCB0:OID21421:v1:Oncology	1.63506E-35	-0.853983616	1	1434861	1442882
CD55	CD55	cis-position, cis-gene	43681	28	43653	1.52e-33	-2.187461646	-2.542369887	-1.832553406	0.18107394	ptv	Cardiometabolic	CD55:P08174:OID20377:v1:Cardiometabolic	2.53499E-33	-2.113047534	1	207321532	207386804
HSD17B14	HSD17B14	cis-position, cis-gene	45493	79	45414	1.56e-33	-1.347887502	-1.566624466	-1.129150538	0.111599572	flexdmg	NeurologyII	HSD17B14:Q9BPX1:OID31098:v1:NeurologyII	3.89919E-39	-1.3207178	19	48813018	48836510
F3	F3	cis-position, cis-gene	45338	81	45257	1.63e-33	-1.242753652	-1.444496613	-1.041010691	0.102929224	flexnonsynmtr	Oncology	F3:P13726:OID21440:v1:Oncology	5.67605E-30	-1.154723496	1	94529173	94541759
FTCD	FTCD	cis-position, cis-gene	45419	369	45050	2.59e-33	-0.608035127	-0.707053986	-0.509016269	0.050519407	flexdmg	NeurologyII	FTCD:O95954:OID31137:v1:NeurologyII	1.43241E-31	-0.572594415	21	46136160	46155579
SIGLEC10	SIGLEC10	cis-position, cis-gene	45190	72	45118	2.69e-33	-1.388535093	-1.614715873	-1.162354313	0.115397385	ptvraredmg	Inflammation	SIGLEC10:Q96LC7:OID20537:v1:Inflammation	5.75446E-34	-1.334247556	19	51410020	51417803
ICAM3	ICAM3	cis-position, cis-gene	45810	137	45673	2.72e-33	-1.015695939	-1.181158419	-0.850233459	0.084418952	flexnonsynmtr	Cardiometabolic	ICAM3:P32942:OID20277:v1:Cardiometabolic	4.985E-58	-1.194914294	19	10333776	10339661
WFDC2	WFDC2	cis-position, cis-gene	42977	31	42946	3.04e-33	-1.925185206	-2.239034873	-1.611335539	0.160125812	flexdmg	Oncology	WFDC2:Q14508:OID21505:v1:Oncology	8.28999E-40	-2.001373242	20	45469753	45481532
GNPTAB	GGH	trans-position, trans-gene	44485	73	44412	3.05e-33	1.386641079	1.160578957	1.612703202	0.115336797	ptv	Cardiometabolic	GGH:Q92820:OID20416:v1:Cardiometabolic	4.01409E-31	1.24460953	12	101745497	101830867
ASGR1	CD80	trans-position, trans-gene	45616	105	45511	4.38e-33	1.119128772	0.93621671	1.302040834	0.093321718	flexdmg	CardiometabolicII	CD80:P33681:OID30291:v1:CardiometabolicII	2.64917E-33	1.103384861	17	7173431	7179564
C3	C3	cis-position, cis-gene	43297	33	43264	4.93e-33	-2.074873783	-2.414256741	-1.735490825	0.17315291	ptv	InflammationII	C3:P01024:OID30776:v1:InflammationII	1.25345E-38	-2.181307029	19	6677704	6730562
FGB	FGA	cis-position, trans-gene	44766	23	44743	5.17e-33	-2.384612975	-2.774800201	-1.994425748	0.199073389	ptv	InflammationII	FGA:P02671:OID30788:v1:InflammationII	4.02118E-33	-2.386538339	4	154562980	154572763
MRC2	THBS2	trans-position, trans-gene	45260	191	45069	5.69e-33	0.850712944	0.711419146	0.990006743	0.071067669	flexdmg	Neurology	THBS2:P35442:OID21104:v1:Neurology	2.6915E-34	0.845669002	17	62626515	62693601
GNPTAB	NAGA	trans-position, trans-gene	44267	74	44193	6.03e-33	1.381550837	1.155251574	1.607850101	0.115457771	ptv	InflammationII	NAGA:P17050:OID30509:v1:InflammationII	1.22143E-32	1.30163387	12	101745497	101830867
STAB1	ADIPOQ	trans-position, trans-gene	45680	729	44951	8.05e-33	0.382766218	0.319940726	0.445591709	0.032053562	ptvraredmg	InflammationII	ADIPOQ:Q15848:OID30748:v1:InflammationII	4.27995E-36	0.376862498	3	52495338	52524495
CD46	CD46	cis-position, cis-gene	44997	44	44953	8.46e-33	-1.750890505	-2.038369012	-1.463411999	0.146671456	ptvraredmg	Cardiometabolic	CD46:P15529:OID20380:v1:Cardiometabolic	3.29424E-33	-1.677874861	1	207752054	207795513
ASGR1	TNFRSF21	trans-position, trans-gene	45644	106	45538	9.43e-33	1.123210295	0.938648003	1.307772586	0.094163667	flexdmg	Neurology	TNFRSF21:O75509:OID21052:v1:Neurology	3.96429E-35	1.139474549	17	7173431	7179564
STAB2	TNR	trans-position, trans-gene	44914	975	43939	9.45e-33	0.373253729	0.311921708	0.43458575	0.031291579	flexdmg	Neurology	TNR:Q92752:OID20957:v1:Neurology	4.11691E-36	0.369364958	12	103587273	103766719
IMPACT	IMPACT	cis-position, cis-gene	45493	107	45386	1.06e-32	-1.120498815	-1.304768667	-0.936228962	0.094014456	flexdmg	NeurologyII	IMPACT:Q9P2X3:OID31112:v1:NeurologyII	3.06079E-34	-1.083110004	18	24426634	24453531
RBP5	RBP5	cis-position, cis-gene	45042	46	44996	1.18e-32	-1.663182148	-1.936904446	-1.38945985	0.139653046	flexnonsynmtr	Oncology	RBP5:P82980:OID21369:v1:Oncology	2.40451E-29	-1.518679885	12	7115736	7128889
GNPTAB	ARSB	trans-position, trans-gene	45042	75	44967	1.56e-32	1.358920874	1.134843462	1.582998286	0.114324238	ptv	Oncology	ARSB:P15848:OID21331:v1:Oncology	1.04463E-35	1.326151254	12	101745497	101830867
LYVE1	LYVE1	cis-position, cis-gene	45680	45	45635	1.59e-32	-1.730771254	-2.016210229	-1.445332279	0.145630946	flexdmg	InflammationII	LYVE1:Q9Y5Y7:OID30728:v1:InflammationII	2.59604E-28	-1.500110961	11	10556966	10611689
DCBLD2	DCBLD2	cis-position, cis-gene	45388	294	45094	1.6e-32	-0.659702214	-0.768506731	-0.550897697	0.055512048	flexdmg	Oncology	DCBLD2:Q96PD2:OID21474:v1:Oncology	2.91628E-33	-0.639899139	3	98795941	98901695
PSMD9	PSMD9	cis-position, cis-gene	45042	54	44988	2.5e-32	-1.562328944	-1.820812266	-1.303845621	0.131878124	ptvraredmg	Oncology	PSMD9:O00233:OID21304:v1:Oncology	3.22911E-34	-1.541411563	12	121888732	121918297
IGSF8	IGSF8	cis-position, cis-gene	45276	58	45218	2.62e-32	-1.524658211	-1.776992357	-1.272324064	0.128740834	ptvraredmg	Cardiometabolic	IGSF8:Q969P0:OID20167:v1:Cardiometabolic	6.55834E-30	-1.384455529	1	160091340	160098943
CTSE	CTSE	cis-position, cis-gene	44654	426	44228	2.74e-32	-0.564293513	-0.657713942	-0.470873085	0.047663067	flexnonsynmtr	InflammationII	CTSE:P14091:OID30628:v1:InflammationII	5.45315E-34	-0.552161573	1	206008535	206023909
IQGAP2	IQGAP2	cis-position, cis-gene	45042	141	44901	2.9e-32	-0.97772009	-1.13965159	-0.815788589	0.08261741	ptv	Oncology	IQGAP2:Q13576:OID21361:v1:Oncology	1.47664E-36	-1.018509544	5	76403285	76708132
ASGR1	LIFR	trans-position, trans-gene	45190	105	45085	3.33e-32	1.138984924	0.950157738	1.32781211	0.09633959	flexdmg	Inflammation	LIFR:P42702:OID20606:v1:Inflammation	1.97124E-34	1.154522455	17	7173431	7179564
GALNT4	CD300A	trans-position, trans-gene	44654	171	44483	3.45e-32	0.882566923	0.736214307	1.028919538	0.074669049	flexdmg	InflammationII	CD300A:Q9UGN4:OID30576:v1:InflammationII	5.82764E-41	0.919360417	12	89519412	89524806
MSRA	MSRA	cis-position, cis-gene	45388	159	45229	3.52e-32	-0.927477011	-1.081299919	-0.773654102	0.078480424	flexdmg	Oncology	MSRA:Q9UJ68:OID21513:v1:Oncology	4.43386E-37	-0.956498301	8	10054292	10428891
C1QTNF1	C1QTNF1	cis-position, cis-gene	45432	125	45307	3.92e-32	-1.037227787	-1.209387932	-0.865067641	0.087836082	flexdmg	Cardiometabolic	C1QTNF1:Q9BXJ1:OID20367:v1:Cardiometabolic	4.89328E-32	-1.001775298	17	79022814	79049788
IGF2R	CTSO	trans-position, trans-gene	45752	216	45536	4.26e-32	0.789095628	0.658043327	0.92014793	0.066862878	ptvraredmg	Inflammation	CTSO:P43234:OID20660:v1:Inflammation	1.72963E-33	0.76709647	6	159969082	160113507
FOLR2	FOLR2	cis-position, cis-gene	45644	98	45546	4.57e-32	-1.137588966	-1.326612415	-0.948565517	0.096439749	flexdmg	Neurology	FOLR2:P14207:OID21062:v1:Neurology	2.03497E-44	-1.240054421	11	72216601	72221950
POC1B-GALNT4	CD300A	trans-position, trans-gene	44654	174	44480	4.69e-32	0.873052496	0.727959343	1.018145649	0.074026472	flexdmg	InflammationII	CD300A:Q9UGN4:OID30576:v1:InflammationII	8.21591E-41	0.910971539	12	89519412	89526262
HAGH	HAGH	cis-position, cis-gene	45488	320	45168	5.13e-32	-0.628975861	-0.733575018	-0.524376704	0.053366477	flexdmg	Oncology	HAGH:Q16775:OID21459:v1:Oncology	1.7437E-31	-0.590769864	16	1795620	1827157
AP1G2	AP1G2	cis-position, cis-gene	45424	267	45157	5.78e-32	-0.70790702	-0.825732267	-0.590081773	0.060114424	flexdmg	OncologyII	AP1G2:O75843:OID31348:v1:OncologyII	3.37727E-34	-0.685974407	14	23559565	23568070
CAPN2	YAP1	trans-position, trans-gene	45493	406	45087	6.59e-32	-0.524891097	-0.612337651	-0.437444543	0.044615221	flexdmg	NeurologyII	YAP1:P46937:OID31113:v1:NeurologyII	2.83406E-31	-0.489409876	1	223701593	223776018
AHSP	AHSP	cis-position, cis-gene	45183	62	45121	6.88e-32	-1.394163881	-1.62650115	-1.161826611	0.118538424	flexdmg	Neurology	AHSP:Q9NZD4:OID21078:v1:Neurology	7.38268E-33	-1.368115715	16	31527900	31528803
DSG3	DSG3	cis-position, cis-gene	45471	199	45272	7.06e-32	-0.781853738	-0.912175113	-0.651532364	0.066489948	flexdmg	Oncology	DSG3:P32926:OID21460:v1:Oncology	1.00147E-29	-0.723177741	18	31447741	31478702
SMPD1	SMPD1	cis-position, cis-gene	45420	302	45118	7.98e-32	-0.665078582	-0.776033459	-0.554123705	0.056609162	ptvraredmg	Neurology	SMPD1:P17405:OID21028:v1:Neurology	2.33997E-33	-0.635209669	11	6390440	6394998
STAB1	PHYKPL	trans-position, trans-gene	44654	714	43940	8.49e-32	0.435965447	0.363202364	0.50872853	0.037123697	ptvraredmg	InflammationII	PHYKPL:Q8IUZ5:OID30634:v1:InflammationII	1.22392E-37	0.444489799	3	52495338	52524495
HYOU1	HYOU1	cis-position, cis-gene	45810	125	45685	1.14e-31	-1.026817567	-1.198565484	-0.855069649	0.087625782	flexdmg	Cardiometabolic	HYOU1:Q9Y4L1:OID20300:v1:Cardiometabolic	3.89227E-33	-1.013853623	11	119044188	119057227
ASGR1	ADGRE1	trans-position, trans-gene	45423	104	45319	1.56e-31	1.127190029	0.938225411	1.316154647	0.096409721	flexdmg	OncologyII	ADGRE1:Q14246:OID31483:v1:OncologyII	1.42198E-32	1.123298761	17	7173431	7179564
TSHR	TSHB	trans-position, trans-gene	45276	318	44958	1.59e-31	0.655093276	0.545256784	0.764929768	0.056038558	flexdmg	Cardiometabolic	TSHB:P01222:OID20129:v1:Cardiometabolic	2.78038E-31	0.628037541	14	80954989	81146302
B4GALNT3	PTPRZ1	trans-position, trans-gene	45616	338	45278	2.19e-31	0.575078999	0.47843105	0.671726949	0.049309776	flexdmg	CardiometabolicII	PTPRZ1:P23471:OID30343:v1:CardiometabolicII	1.09186E-31	0.548846653	12	460377	561892
CCS	CCS	cis-position, cis-gene	44914	152	44762	2.51e-31	-0.914882762	-1.068787078	-0.760978446	0.078521936	flexdmg	Neurology	CCS:O14618:OID20973:v1:Neurology	2.67068E-33	-0.899525555	11	66593153	66606019
CR1	CR1	cis-position, cis-gene	45513	517	44996	3.23e-31	-0.505320472	-0.590486827	-0.420154117	0.043451864	flexdmg	InflammationII	CR1:P17927:OID30697:v1:InflammationII	7.88384E-31	-0.48959175	1	207496147	207641765
LIFR	LIFR	cis-position, cis-gene	45190	420	44770	3.72e-31	0.561494301	0.466763494	0.656225108	0.048331637	flexnonsynmtr	Inflammation	LIFR:P42702:OID20606:v1:Inflammation	7.45983E-28	0.507646722	5	38474668	38608354
SIGLEC9	SIGLEC9	cis-position, cis-gene	45556	79	45477	3.83e-31	-1.26178558	-1.474712181	-1.048858979	0.108635129	flexdmg	Oncology	SIGLEC9:Q9Y336:OID21390:v1:Oncology	1.67264E-28	-1.198769151	19	51124906	51136651
FHIT	FHIT	cis-position, cis-gene	44217	93	44124	4.48e-31	-1.188185198	-1.38891839	-0.987452006	0.102413971	flexdmg	Neurology	FHIT:P49789:OID20872:v1:Neurology	3.75726E-34	-1.148426744	3	59747277	61251459
SHMT1	SHMT1	cis-position, cis-gene	45378	146	45232	4.52e-31	-0.94943971	-1.10985366	-0.78902576	0.081843172	ptvraredmg	Inflammation	SHMT1:P34896:OID20714:v1:Inflammation	5.92028E-35	-0.951471756	17	18327860	18363563
EPOR	EPO	trans-position, trans-gene	45190	169	45021	4.74e-31	0.885187692	0.735576501	1.034798883	0.076331598	flexdmg	Inflammation	EPO:P01588:OID20522:v1:Inflammation	2.87646E-31	0.851377114	19	11377205	11384342
PGLYRP2	PGLYRP2	cis-position, cis-gene	45172	40	45132	4.98e-31	-1.827899266	-2.136955689	-1.518842844	0.157680519	ptvraredmg	InflammationII	PGLYRP2:Q96PD5:OID30742:v1:InflammationII	1.12691E-36	-1.900755666	19	15468645	15498956
ADGRE5	ADGRE5	cis-position, cis-gene	45596	23	45573	5.62e-31	-2.314312065	-2.705962744	-1.922661385	0.19982014	ptv	Cardiometabolic	ADGRE5:P48960:OID20260:v1:Cardiometabolic	1.2319E-30	-2.312053343	19	14380501	14408725
PRTG	PRTG	cis-position, cis-gene	45621	203	45418	6.26e-31	-0.801156996	-0.936845121	-0.665468871	0.06922807	ptvraredmg	Oncology	PRTG:Q2VWP7:OID21443:v1:Oncology	4.63045E-29	-0.729714914	15	55611544	55743152
TACSTD2	TACSTD2	cis-position, cis-gene	40049	66	39983	7.38e-31	-1.410240508	-1.649355484	-1.171125531	0.12199599	ptvraredmg	Oncology	TACSTD2:P09758:OID21447:v1:Oncology	1.90059E-31	-1.337355958	1	58575433	58577252
ROBO1	ROBO1	cis-position, cis-gene	45300	19	45281	8.38e-31	-2.595041155	-3.035506599	-2.154575711	0.22472539	ptv	Inflammation	ROBO1:Q9Y6N7:OID20734:v1:Inflammation	7.16656E-31	-2.597311725	3	78597239	79767998
FGFBP2	FGFBP2	cis-position, cis-gene	45606	19	45587	9.11e-31	-2.609834374	-3.053087371	-2.166581376	0.22614764	ptvraredmg	CardiometabolicII	FGFBP2:Q9BYJ0:OID30395:v1:CardiometabolicII	2.48734E-33	-2.589627533	4	15960245	15969309
GNPTAB	RNASET2	trans-position, trans-gene	45592	76	45516	1.01e-30	1.276463997	1.059501216	1.493426778	0.110694391	ptv	Cardiometabolic	RNASET2:O00584:OID20321:v1:Cardiometabolic	2.26058E-31	1.201767343	12	101745497	101830867
TREM2	TREM2	cis-position, cis-gene	45225	46	45179	1.04e-30	-1.566588975	-1.83292967	-1.30024828	0.135886968	flexdmg	Inflammation	TREM2:Q9NZC2:OID20731:v1:Inflammation	3.70006E-30	-1.454254489	6	41158506	41163186
ENTPD5	ENTPD5	cis-position, cis-gene	44454	78	44376	1.12e-30	-1.279445177	-1.497076162	-1.061814192	0.111035232	flexdmg	Cardiometabolic	ENTPD5:O75356:OID20104:v1:Cardiometabolic	4.06546E-32	-1.290614451	14	73958010	74019399
GNPTAB	LGMN	trans-position, trans-gene	45452	77	45375	1.28e-30	1.308021838	1.085306162	1.530737513	0.113629507	ptv	Inflammation	LGMN:Q99538:OID20773:v1:Inflammation	1.16719E-30	1.214638829	12	101745497	101830867
SLC10A2	EPCAM	trans-position, trans-gene	45224	200	45024	1.38e-30	-0.803500062	-0.940391071	-0.666609052	0.069841765	flexdmg	Inflammation	EPCAM:P16422:OID20743:v1:Inflammation	1.35488E-31	-0.779666521	13	103043998	103066846
CCL25	CCL25	cis-position, cis-gene	45752	20	45732	1.43e-30	-2.480522404	-2.903230759	-2.05781405	0.215665783	ptv	Inflammation	CCL25:O15444:OID20674:v1:Inflammation	9.29815E-28	-2.301244876	19	8052318	8062660
ASGR1	LILRB1	trans-position, trans-gene	45810	106	45704	1.46e-30	1.083677339	0.898975048	1.26837963	0.094235103	flexdmg	Cardiometabolic	LILRB1:Q8NHL6:OID20323:v1:Cardiometabolic	3.91602E-30	1.057805699	17	7173431	7179564
CNTN1	CNTN1	cis-position, cis-gene	45810	167	45643	1.52e-30	-0.822169633	-0.962344259	-0.681995006	0.07151709	flexdmg	Cardiometabolic	CNTN1:Q12860:OID20307:v1:Cardiometabolic	3.40362E-31	-0.798968804	12	40692439	41072415
IGF2R	IGF2R	cis-position, cis-gene	45260	21	45239	1.56e-30	-2.445677945	-2.862733646	-2.028622243	0.212781738	ptv	Neurology	IGF2R:P11717:OID21146:v1:Neurology	1.71809E-30	-2.443891509	6	159969082	160113507
APOA4	APOA4	cis-position, cis-gene	45680	25	45655	1.93e-30	-2.24184916	-2.624761901	-1.858936418	0.195362055	ptv	InflammationII	APOA4:P06727:OID30733:v1:InflammationII	3.48981E-34	-2.213354751	11	116820700	116823304
PAXX	PAXX	cis-position, cis-gene	44654	22	44632	1.94e-30	-2.386028695	-2.793568572	-1.978488819	0.207926691	ptv	InflammationII	PAXX:Q9BUH6:OID30591:v1:InflammationII	2.22128E-32	-2.363108374	9	136992422	136993984
NBL1	NBL1	cis-position, cis-gene	45388	35	45353	2.24e-30	-1.871676683	-2.191719315	-1.55163405	0.163285702	flexdmg	Oncology	NBL1:P41271:OID21486:v1:Oncology	1.21438E-28	-1.763212226	1	19596979	19658456
ASGR1	ITGB1	trans-position, trans-gene	45214	103	45111	2.31e-30	1.076899693	0.892712712	1.261086673	0.093972159	flexdmg	Cardiometabolic	ITGB1:P05556:OID20376:v1:Cardiometabolic	1.69381E-31	1.074057847	17	7173431	7179564
JAM2	JAM2	cis-position, cis-gene	45644	47	45597	2.66e-30	-1.580133213	-1.850678465	-1.309587962	0.138032166	ptvraredmg	Neurology	JAM2:P57087:OID21064:v1:Neurology	8.47246E-34	-1.624251383	21	25639258	25717562
CLEC11A	CLEC11A	cis-position, cis-gene	45188	68	45120	3.07e-30	-1.364309727	-1.598155145	-1.130464308	0.119307882	flexdmg	Neurology	CLEC11A:Q9Y240:OID21112:v1:Neurology	4.62932E-31	-1.358505484	19	50723364	50725708
ITPA	ITPA	cis-position, cis-gene	44108	76	44032	3.68e-30	-1.289713058	-1.511074523	-1.068351592	0.112938498	flexdmg	CardiometabolicII	ITPA:Q9BY32:OID30082:v1:CardiometabolicII	2.1778E-32	-1.291665783	20	3208868	3223870
HNMT	HNMT	cis-position, cis-gene	44701	61	44640	3.69e-30	-1.410165059	-1.652205622	-1.168124495	0.123489007	flexdmg	Neurology	HNMT:P50135:OID20975:v1:Neurology	2.63767E-30	-1.386516416	2	137964020	138016364
ASGR1	PLTP	trans-position, trans-gene	45667	106	45561	4.52e-30	1.077774701	0.892494725	1.263054677	0.09452983	ptvraredmg	Cardiometabolic	PLTP:P55058:OID20238:v1:Cardiometabolic	1.3249E-29	1.04529383	17	7173431	7179564
SIGLEC1	PKD1	trans-position, trans-gene	45616	500	45116	5.53e-30	0.469173021	0.388392102	0.54995394	0.041214418	flexdmg	CardiometabolicII	PKD1:P98161:OID30328:v1:CardiometabolicII	8.51586E-32	0.466443523	20	3686970	3712600
BGLAP	BGLAP	cis-position, cis-gene	45606	22	45584	6.35e-30	-2.295423381	-2.691060487	-1.899786274	0.201854016	ptv	CardiometabolicII	BGLAP:P02818:OID30389:v1:CardiometabolicII	1.3E-28	-2.17801183	1	156242184	156243317
TINAGL1	TINAGL1	cis-position, cis-gene	45132	152	44980	6.73e-30	-0.886501271	-1.039365231	-0.733637311	0.077991157	flexnonsynmtr	Cardiometabolic	TINAGL1:Q9GZM7:OID20180:v1:Cardiometabolic	7.18669E-33	-0.904429405	1	31576485	31587686
STAB1	EGFLAM	trans-position, trans-gene	45423	1237	44186	7.05e-30	0.323513781	0.2677086	0.379318961	0.028471795	flexdmg	OncologyII	EGFLAM:Q63HQ2:OID31496:v1:OncologyII	2.24065E-33	0.327490276	3	52495338	52524495
ASGR1	IL7R	trans-position, trans-gene	45260	103	45157	7.43e-30	1.112646241	0.920639506	1.304652976	0.097961799	flexdmg	Neurology	IL7R:P16871:OID21136:v1:Neurology	8.48239E-31	1.100702749	17	7173431	7179564
FLG	PSAPL1	trans-position, trans-gene	45423	559	44864	7.79e-30	0.47067196	0.389419253	0.551924667	0.041455119	ptv	OncologyII	PSAPL1:Q6NUJ1:OID31473:v1:OncologyII	9.92811E-34	0.476672006	1	152302163	152325257
NXPH3	NXPH3	cis-position, cis-gene	44339	79	44260	1.03e-29	-1.242449644	-1.457395208	-1.02750408	0.109665124	flexdmg	InflammationII	NXPH3:O95157:OID30565:v1:InflammationII	2.14684E-30	-1.234772506	17	49575871	49583827
HAVCR2	HAVCR2	cis-position, cis-gene	45260	95	45165	1.05e-29	-1.119972481	-1.313756092	-0.92618887	0.098868361	flexnonsynmtr	Neurology	HAVCR2:Q8TDQ0:OID21137:v1:Neurology	3.70532E-35	-1.174916854	5	157085832	157142869
CYTL1	CYTL1	cis-position, cis-gene	45606	65	45541	1.2e-29	-1.336820349	-1.568373044	-1.105267654	0.118138164	flexnonsynmtr	CardiometabolicII	CYTL1:Q9NRR1:OID30374:v1:CardiometabolicII	1.6123E-32	-1.271289247	4	5014586	5019458
LRPAP1	LRPAP1	cis-position, cis-gene	45644	166	45478	1.29e-29	0.857569168	0.708941738	1.006196599	0.075829703	flexdmg	Neurology	LRPAP1:P30533:OID21059:v1:Neurology	8.52691E-32	0.848861974	4	3503612	3532446
NPC1	SIGLEC8	trans-position, trans-gene	44457	631	43826	1.86e-29	0.434401655	0.358901498	0.509901812	0.038520147	flexdmg	CardiometabolicII	SIGLEC8:Q9NYZ4:OID30261:v1:CardiometabolicII	3.97425E-27	0.395286111	18	23506184	23586617
SLC10A2	GPA33	trans-position, trans-gene	45042	194	44848	2.78e-29	-0.799154621	-0.93848597	-0.659823273	0.071086818	flexdmg	Oncology	GPA33:Q99795:OID21376:v1:Oncology	2.18397E-30	-0.774616307	13	103043998	103066846
ADGRE5	ADGRE2	cis-position, trans-gene	45452	23	45429	3.09e-29	-2.247395821	-2.639562195	-1.855229446	0.200083231	ptv	Inflammation	ADGRE2:Q9UHX3:OID20755:v1:Inflammation	5.41779E-29	-2.245359327	19	14380501	14408725
COL18A1	COL4A1	trans-position, trans-gene	45276	117	45159	3.23e-29	1.021581507	0.843257323	1.199905691	0.090980965	ptv	Cardiometabolic	COL4A1:P02462:OID20208:v1:Cardiometabolic	4.68256E-32	1.035667371	21	45405165	45513720
MATN3	MATN3	cis-position, cis-gene	44838	25	44813	3.31e-29	-2.164179588	-2.542026466	-1.78633271	0.192777356	ptv	Neurology	MATN3:O15232:OID20979:v1:Neurology	1.43018E-35	-2.240101252	2	19992052	20012668
CA1	CA1	cis-position, cis-gene	44240	101	44139	3.82e-29	-1.074434371	-1.262232541	-0.886636201	0.095814531	flexdmg	Cardiometabolic	CA1:P00915:OID20409:v1:Cardiometabolic	2.77042E-30	-1.06836333	8	85327608	85379014
ASGR1	ISLR2	trans-position, trans-gene	43588	102	43486	3.95e-29	1.102511757	0.909758723	1.295264791	0.09834246	flexdmg	Neurology	ISLR2:Q6UXK2:OID20889:v1:Neurology	4.77238E-30	1.094474423	17	7173431	7179564
CLU	CLU	cis-position, cis-gene	45680	51	45629	4.64e-29	-1.5255403	-1.792600363	-1.258480237	0.136254026	flexdmg	InflammationII	CLU:P10909:OID30732:v1:InflammationII	2.0098E-34	-1.575115166	8	27596917	27614700
TREH	TREH	cis-position, cis-gene	45606	176	45430	5.43e-29	-0.838386242	-0.985337198	-0.691435287	0.074974364	rec	CardiometabolicII	TREH:O43280:OID30388:v1:CardiometabolicII	1.9073E-29	-0.827916961	11	118657316	118679690
ASGR1	MARCO	trans-position, trans-gene	45276	106	45170	5.55e-29	1.051941825	0.867528961	1.236354689	0.094087408	ptvraredmg	Cardiometabolic	MARCO:Q9UEW3:OID20210:v1:Cardiometabolic	2.37368E-30	1.059482099	17	7173431	7179564
ASGR1	LY75	trans-position, trans-gene	45190	105	45085	6.18e-29	1.076815234	0.887879404	1.265751064	0.09639502	flexdmg	Inflammation	LY75:O60449:OID20580:v1:Inflammation	8.22738E-30	1.061893164	17	7173431	7179564
CD300E	CD300E	cis-position, cis-gene	45475	42	45433	6.36e-29	-1.647094179	-1.936157748	-1.358030611	0.147480195	flexdmg	Oncology	CD300E:Q496F6:OID21418:v1:Oncology	1.92161E-31	-1.667030952	17	74609885	74623738
HEPACAM2	HEPACAM2	cis-position, cis-gene	45493	193	45300	8.1e-29	-0.796807009	-0.936915621	-0.656698397	0.071483396	flexnonsynmtr	NeurologyII	HEPACAM2:A8MVW5:OID31151:v1:NeurologyII	2.42032E-31	-0.807813018	7	93188534	93226469
STAB1	SORT1	trans-position, trans-gene	45201	1232	43969	8.14e-29	0.316031933	0.260459192	0.371604674	0.028353201	flexdmg	Cardiometabolic	SORT1:Q99523:OID20213:v1:Cardiometabolic	4.9287E-32	0.320646126	3	52495338	52524495
RNASE4	RNASE4	cis-position, cis-gene	44308	37	44271	8.28e-29	-1.740622698	-2.04674021	-1.434505186	0.156181006	flexdmg	InflammationII	RNASE4:P34096:OID30705:v1:InflammationII	2.06803E-28	-1.639807082	14	20684560	20701216
LHPP	LHPP	cis-position, cis-gene	45308	49	45259	8.57e-29	-1.533185874	-1.802900504	-1.263471245	0.137608356	flexdmg	Inflammation	LHPP:Q9H008:OID20749:v1:Inflammation	1.29606E-33	-1.485077632	10	124461823	124617888
STAB2	DCTPP1	trans-position, trans-gene	45276	978	44298	1.21e-28	0.343833899	0.283180582	0.404487216	0.030945311	flexdmg	Cardiometabolic	DCTPP1:Q9H773:OID20148:v1:Cardiometabolic	7.4595E-33	0.348928524	12	103587273	103766719
ASGR1	CD22	trans-position, trans-gene	45752	106	45646	1.22e-28	1.041334932	0.857627585	1.225042279	0.09372748	flexdmg	Inflammation	CD22:P20273:OID20637:v1:Inflammation	3.96969E-30	1.047321213	17	7173431	7179564
ACE2	ACE2	cis-position, cis-gene	44454	172	44282	1.36e-28	-0.752704526	-0.885610355	-0.619798697	0.067808495	flexdmg	Cardiometabolic	ACE2:Q9BYF1:OID20105:v1:Cardiometabolic	6.04149E-30	-0.758260049	X	15494566	15607236
FUT1	TEK	trans-position, trans-gene	45388	209	45179	1.61e-28	0.758547067	0.624428723	0.892665412	0.068427158	flexdmg	Oncology	TEK:Q02763:OID21496:v1:Oncology	3.0479E-31	0.76986452	19	48748011	48755390
EDA2R	EDA2R	cis-position, cis-gene	45621	102	45519	1.64e-28	-0.848470441	-0.998516993	-0.698423888	0.076553738	flexnonsynmtr	Oncology	EDA2R:Q9HAV5:OID21451:v1:Oncology	1.50068E-34	-0.860829225	X	66595637	66639298
CTSO	CTSO	cis-position, cis-gene	45752	47	45705	2.01e-28	-1.583376934	-1.863844423	-1.302909446	0.1430945	ptvraredmg	Inflammation	CTSO:P43234:OID20660:v1:Inflammation	2.39776E-35	-1.585966004	4	155921580	155953912
NLRC4	IL18	trans-position, trans-gene	45078	93	44985	2.6e-28	-1.098328787	-1.293283256	-0.903374318	0.099465722	ptv	Inflammation	IL18:Q14116:OID20694:v1:Inflammation	4.3607E-31	-1.138829573	2	32224449	32265743
STAB2	COL5A1	trans-position, trans-gene	44654	961	43693	2.73e-28	0.352918782	0.290250066	0.415587499	0.031973556	flexdmg	InflammationII	COL5A1:P20908:OID30587:v1:InflammationII	1.04001E-30	0.347499723	12	103587273	103766719
SEZ6L2	SEZ6L2	cis-position, cis-gene	45042	98	44944	2.88e-28	-1.006955877	-1.185841066	-0.828070688	0.091267177	ptvraredmg	Oncology	SEZ6L2:Q6UXD5:OID21289:v1:Oncology	2.43565E-30	-0.998617956	16	29871159	29899550
STAB2	ISM1	trans-position, trans-gene	45190	974	44216	3.26e-28	0.345722686	0.284241693	0.407203679	0.031367589	flexdmg	Inflammation	ISM1:B1AKI9:OID20538:v1:Inflammation	1.88208E-28	0.326474208	12	103587273	103766719
GPLD1	CPM	trans-position, trans-gene	45414	277	45137	3.81e-28	-0.623660407	-0.734709071	-0.512611743	0.056657012	flexdmg	Neurology	CPM:P14384:OID21054:v1:Neurology	2.71889E-31	-0.609526839	6	24425832	24495043
VEGFB	VEGFB	cis-position, cis-gene	44339	17	44322	3.97e-28	-2.61034529	-3.075288662	-2.145401918	0.237213887	ptv	InflammationII	VEGFB:P49765:OID30554:v1:InflammationII	3.00528E-30	-2.573733359	11	64234584	64239264
ASGR1	CD300C	trans-position, trans-gene	45644	106	45538	4.06e-28	1.024890382	0.842303126	1.207477637	0.093156003	flexdmg	Neurology	CD300C:Q08708:OID21010:v1:Neurology	1.61891E-29	1.038765327	17	7173431	7179564
IL1RL2	IL1RL2	cis-position, cis-gene	44437	73	44364	4.17e-28	-1.222831277	-1.440727407	-1.004935148	0.111170508	ptvraredmg	Inflammation	IL1RL2:Q9HB29:OID20487:v1:Inflammation	2.94041E-37	-1.256017058	2	102187006	102240002
ADAM9	ADAM9	cis-position, cis-gene	45423	91	45332	4.68e-28	-1.120965031	-1.320900265	-0.921029798	0.102006927	flexdmg	OncologyII	ADAM9:Q13443:OID31488:v1:OncologyII	6.60784E-27	-1.041920771	8	38996754	39105445
STAB1	KCTD5	trans-position, trans-gene	44675	1209	43466	4.89e-28	0.31207709	0.256395183	0.367758997	0.028408888	flexdmg	NeurologyII	KCTD5:Q9NXV2:OID31148:v1:NeurologyII	4.53094E-33	0.324848856	3	52495338	52524495
FCAMR	FCAMR	cis-position, cis-gene	45616	95	45521	6.09e-28	-1.08304136	-1.276634999	-0.889447721	0.098771458	flexdmg	CardiometabolicII	FCAMR:Q8WWV6:OID30332:v1:CardiometabolicII	4.11164E-30	-1.057987189	1	206957965	206970625
TIMD4	TIMD4	cis-position, cis-gene	45433	56	45377	6.85e-28	-1.436154718	-1.693114524	-1.179194912	0.131100857	ptvraredmg	Cardiometabolic	TIMD4:Q96H15:OID20375:v1:Cardiometabolic	2.04253E-41	-1.623323838	5	156919292	156963226
CFHR4	CFHR4	cis-position, cis-gene	45608	150	45458	7.87e-28	-0.890901359	-1.050488273	-0.731314446	0.081421229	flexdmg	InflammationII	CFHR4:Q92496:OID30758:v1:InflammationII	5.31563E-31	-0.896183089	1	196888014	196918795
SIGLEC1	ANGPTL2	trans-position, trans-gene	45306	496	44810	7.91e-28	0.482786222	0.396301743	0.569270701	0.044124366	flexdmg	Inflammation	ANGPTL2:Q9UKU9:OID20726:v1:Inflammation	1.18337E-29	0.481433084	20	3686970	3712600
PKLR	PKLR	cis-position, cis-gene	45310	243	45067	8.45e-28	-0.689558745	-0.813151019	-0.56596647	0.063056756	flexdmg	Inflammation	PKLR:P30613:OID20682:v1:Inflammation	2.62175E-26	-0.636533445	1	155289293	155301438
RARRES2	RARRES2	cis-position, cis-gene	45509	121	45388	1.04e-27	-0.964306432	-1.137438455	-0.791174408	0.088331938	flexnonsynmtr	Cardiometabolic	RARRES2:Q99969:OID20373:v1:Cardiometabolic	2.57028E-27	-0.938964561	7	150338317	150341662
IFNAR1	IFNAR1	cis-position, cis-gene	45423	61	45362	1.12e-27	-1.376935383	-1.624303434	-1.129567332	0.126207144	flexdmg	OncologyII	IFNAR1:P17181:OID31491:v1:OncologyII	4.10614E-33	-1.436978449	21	33324387	33359864
OMD	OMD	cis-position, cis-gene	45452	52	45400	1.22e-27	-1.435485976	-1.693565283	-1.177406668	0.131672028	ptvraredmg	Inflammation	OMD:Q99983:OID20725:v1:Inflammation	1.93293E-29	-1.423560012	9	92412380	92424471
STAB1	CLEC11A	trans-position, trans-gene	45188	1221	43967	1.49e-27	0.310476248	0.254563299	0.366389196	0.028526774	flexdmg	Neurology	CLEC11A:Q9Y240:OID21112:v1:Neurology	5.96488E-29	0.305872232	3	52495338	52524495
SFRP2	SMAD5	trans-position, trans-gene	45042	55	44987	1.74e-27	-1.424738311	-1.68164287	-1.167833753	0.131072639	ptvraredmg	Oncology	SMAD5:Q99717:OID21353:v1:Oncology	8.54096E-29	-1.410896443	4	153780590	153789076
ITGAE	ITGB7	trans-position, trans-gene	45621	470	45151	1.79e-27	-0.499790465	-0.589933612	-0.409647319	0.045991026	flexdmg	Oncology	ITGB7:P26010:OID21393:v1:Oncology	5.5423E-27	-0.478113449	17	3714625	3801243
GZMH	GZMH	cis-position, cis-gene	44454	155	44299	1.81e-27	-0.839936541	-0.991444982	-0.688428099	0.07729954	flexdmg	Cardiometabolic	GZMH:P20718:OID20096:v1:Cardiometabolic	1.60375E-30	-0.850458008	14	24606480	24609699
ACP5	ACP5	cis-position, cis-gene	45451	94	45357	2.26e-27	-1.062327812	-1.254309531	-0.870346094	0.097949047	ptvraredmg	Cardiometabolic	ACP5:P13686:OID20314:v1:Cardiometabolic	5.5122E-32	-1.118005065	19	11574660	11579008
CD163	KLK7	trans-position, trans-gene	43595	55	43540	2.33e-27	1.409412481	1.15464939	1.664175573	0.129979947	ptvraredmg	InflammationII	KLK7:P49862:OID30652:v1:InflammationII	1.38868E-26	1.29553796	12	7470811	7503893
GMPR2	GMPR2	cis-position, cis-gene	44654	117	44537	2.47e-27	-0.984632847	-1.162706399	-0.806559295	0.090853059	ptvraredmg	InflammationII	GMPR2:Q9P2T1:OID30623:v1:InflammationII	4.36923E-31	-0.998180071	14	24232422	24239242
ASGR1	COMP	trans-position, trans-gene	44763	101	44662	2.79e-27	1.018615357	0.834207221	1.203023492	0.094084967	ptvraredmg	Cardiometabolic	COMP:P49747:OID20405:v1:Cardiometabolic	9.08031E-29	1.023692111	17	7173431	7179564
STAMBP	STAMBP	cis-position, cis-gene	44842	79	44763	3.16e-27	-1.192336573	-1.408427889	-0.976245258	0.11024972	flexdmg	Neurology	STAMBP:O95630:OID20955:v1:Neurology	1.48144E-29	-1.192395107	2	73828916	73873659
CTSZ	CTSZ	cis-position, cis-gene	45291	23	45268	3.36e-27	-2.190918537	-2.58819628	-1.793640795	0.202691031	ptv	Cardiometabolic	CTSZ:Q9UBR2:OID20365:v1:Cardiometabolic	5.68292E-30	-2.211112964	20	58985686	59008238
RELT	RELT	cis-position, cis-gene	45260	96	45164	3.49e-27	-0.982743013	-1.16100095	-0.804485076	0.090947165	ptvraredmg	Neurology	RELT:Q969Z4:OID21142:v1:Neurology	5.28357E-27	-0.925335933	11	73376399	73397474
C5	C5	cis-position, cis-gene	45680	37	45643	3.56e-27	-1.766033209	-2.086421654	-1.445644765	0.163462163	ptv	InflammationII	C5:P01031:OID30744:v1:InflammationII	4.75165E-26	-1.681806584	9	120932987	121075195
CRISP3	CRISP3	cis-position, cis-gene	45313	19	45294	3.95e-27	-2.397861452	-2.833259092	-1.962463812	0.222139799	ptv	InflammationII	CRISP3:P54108:OID30715:v1:InflammationII	7.24349E-28	-2.376569225	6	49727376	49744437
GNPTAB	CTSD	trans-position, trans-gene	42322	67	42255	4.18e-27	1.256276566	1.02806371	1.484489423	0.116433939	ptv	Cardiometabolic	CTSD:P07339:OID20358:v1:Cardiometabolic	6.80793E-26	1.136489432	12	101745497	101830867
ASGR1	SLAMF7	trans-position, trans-gene	45190	105	45085	4.45e-27	1.04206597	0.852657771	1.23147417	0.096636023	ptvraredmg	Inflammation	SLAMF7:Q9NQ25:OID20602:v1:Inflammation	5.89854E-28	1.028581971	17	7173431	7179564
AAMDC	AAMDC	cis-position, cis-gene	44457	97	44360	5.17e-27	-1.081946031	-1.278853043	-0.885039019	0.100461871	flexdmg	CardiometabolicII	AAMDC:Q9H7C9:OID30236:v1:CardiometabolicII	2.28965E-27	-1.051997057	11	77821109	77918432
MANSC1	MANSC1	cis-position, cis-gene	45388	38	45350	5.9e-27	1.716793939	1.403990431	2.029597446	0.159592301	ptv	Oncology	MANSC1:Q9H8J5:OID21492:v1:Oncology	3.94673E-21	1.439633942	12	12326056	12350242
ASGR1	GAS6	trans-position, trans-gene	45523	106	45417	5.95e-27	1.016161801	0.831000543	1.20132306	0.094469253	flexdmg	Cardiometabolic	GAS6:Q14393:OID20318:v1:Cardiometabolic	6.53514E-28	1.016111734	17	7173431	7179564
TRIM21	TRIM21	cis-position, cis-gene	45190	156	45034	6.06e-27	-0.836401582	-0.988831486	-0.683971678	0.077769704	flexnonsynmtr	Inflammation	TRIM21:P19474:OID20533:v1:Inflammation	6.50652E-26	-0.772431646	11	4384897	4393702
SERPINA7	SERPINA7	cis-position, cis-gene	45680	96	45584	6.31e-27	-1.078048024	-1.274586475	-0.881509574	0.100273904	flexdmg	InflammationII	SERPINA7:P05543:OID30724:v1:InflammationII	4.75486E-25	-1.012472971	X	106032435	106038727
ADAMTS7	CTSH	cis-position, trans-gene	44310	426	43884	6.43e-27	-0.506902402	-0.599328421	-0.414476383	0.04715571	rec	Cardiometabolic	CTSH:P09668:OID20113:v1:Cardiometabolic	4.36548E-26	-0.476583408	15	78759203	78811464
VSIG1	CTSE	trans-position, trans-gene	44654	154	44500	6.49e-27	0.851555503	0.696273997	1.00683701	0.079224566	rec	InflammationII	CTSE:P14091:OID30628:v1:InflammationII	2.58297E-22	0.71600343	X	108018906	108079184
DPP6	DPP6	cis-position, cis-gene	45042	68	44974	6.58e-27	-1.247062957	-1.474493628	-1.019632286	0.116035069	ptvraredmg	Oncology	DPP6:P42658:OID21354:v1:Oncology	2.10665E-27	-1.203521609	7	153887097	154894285
PNLIP	PNLIP	cis-position, cis-gene	45669	130	45539	7.35e-27	-0.934611279	-1.105222802	-0.763999755	0.087045987	flexdmg	InflammationII	PNLIP:P16233:OID30693:v1:InflammationII	8.27015E-31	-0.953283769	10	116545931	116567855
STAB1	PLA2G10	trans-position, trans-gene	44914	715	44199	8.49e-27	0.391010045	0.319543396	0.462476694	0.036462263	ptvraredmg	Neurology	PLA2G10:O15496:OID21002:v1:Neurology	1.17796E-31	0.398950836	3	52495338	52524495
ASGR1	AXL	trans-position, trans-gene	45433	104	45329	9.06e-27	1.029784472	0.841458559	1.218110384	0.096083854	ptvraredmg	Cardiometabolic	AXL:P30530:OID20363:v1:Cardiometabolic	5.93957E-28	1.030116279	17	7173431	7179564
ASGR1	LY9	trans-position, trans-gene	44711	104	44607	1.03e-26	1.035919402	0.846267698	1.225571105	0.096760231	flexdmg	Inflammation	LY9:Q9HBG7:OID20670:v1:Inflammation	1.0381E-27	1.035528871	17	7173431	7179564
FUT1	GFRAL	trans-position, trans-gene	43970	203	43767	1.1e-26	0.722841011	0.590426785	0.855255237	0.067557659	flexdmg	NeurologyII	GFRAL:Q6UXV0:OID31091:v1:NeurologyII	8.29907E-29	0.728699075	19	48748011	48755390
MFGE8	MFGE8	cis-position, cis-gene	45260	265	44995	1.15e-26	-0.643969007	-0.761980675	-0.525957339	0.06020953	flexdmg	Neurology	MFGE8:Q08431:OID21134:v1:Neurology	5.60673E-27	-0.614147874	15	88898683	88913381
LILRA2	LILRA2	cis-position, cis-gene	45260	88	45172	1.23e-26	-1.084673491	-1.283558134	-0.885788847	0.101470907	rec	Neurology	LILRA2:Q8N149:OID21152:v1:Neurology	1.73394E-28	-1.000713733	19	54572920	54590287
VWF	VWF	cis-position, cis-gene	45810	83	45727	1.24e-26	-1.157250764	-1.36946403	-0.945037499	0.108271202	ptv	Cardiometabolic	VWF:P04275:OID20256:v1:Cardiometabolic	8.05276E-28	-1.158694656	12	5948877	6124770
CD59	CD59	cis-position, cis-gene	43637	8	43629	1.28e-26	-3.438163705	-4.068813066	-2.807514343	0.321756862	ptv	Cardiometabolic	CD59:P13987:OID20339:v1:Cardiometabolic	1.20663E-26	-3.436931409	11	33703010	33736479
ASGR1	TYRO3	trans-position, trans-gene	45276	106	45170	1.33e-26	1.034581838	0.844746491	1.224417185	0.096853958	ptvraredmg	Cardiometabolic	TYRO3:Q06418:OID20161:v1:Cardiometabolic	4.31097E-29	1.05670283	17	7173431	7179564
ASGR1	PDCD1LG2	trans-position, trans-gene	45042	104	44938	1.44e-26	1.034701893	0.844715889	1.224687896	0.09693081	flexdmg	Oncology	PDCD1LG2:Q9BQ51:OID21273:v1:Oncology	8.49813E-28	1.036127573	17	7173431	7179564
DBH	DBH	cis-position, cis-gene	45591	425	45166	1.5e-26	-0.515149677	-0.609772517	-0.420526837	0.048276564	flexnonsynmtr	InflammationII	DBH:P09172:OID30703:v1:InflammationII	8.31261E-30	-0.523480921	9	133636363	133659329
ASGR1	ERBB4	trans-position, trans-gene	45388	104	45284	1.55e-26	1.015122479	0.82861347	1.201631487	0.095156868	flexdmg	Oncology	ERBB4:Q15303:OID21510:v1:Oncology	8.6369E-28	1.017608289	17	7173431	7179564
TET2	CD1C	trans-position, trans-gene	45388	75	45313	1.6e-26	1.188696061	0.97022966	1.407162462	0.111461524	ptv	Oncology	CD1C:P29017:OID21483:v1:Oncology	2.8676E-26	1.172383114	4	105145875	105279816
ASGR1	LYPD3	trans-position, trans-gene	45027	103	44924	1.85e-26	1.028098119	0.838908678	1.21728756	0.096524403	ptvraredmg	Oncology	LYPD3:O95274:OID21530:v1:Oncology	1.25948E-27	1.034901128	17	7173431	7179564
CDH17	CDH17	cis-position, cis-gene	45276	205	45071	1.87e-26	-0.727032873	-0.860835161	-0.593230585	0.068265902	flexdmg	Cardiometabolic	CDH17:Q12864:OID20134:v1:Cardiometabolic	1.13572E-25	-0.682656586	8	94127162	94217303
SAMD9L	SAMD9L	cis-position, cis-gene	45190	227	44963	2.15e-26	-0.695183456	-0.823280236	-0.567086676	0.06535495	flexdmg	Inflammation	SAMD9L:Q8IVG5:OID20536:v1:Inflammation	1.16497E-28	-0.701598692	7	93130056	93148385
KAZALD1	KAZALD1	cis-position, cis-gene	45042	101	44941	2.49e-26	-1.048121747	-1.241501494	-0.854742	0.098662297	flexdmg	Oncology	KAZALD1:Q96I82:OID21339:v1:Oncology	4.14316E-29	-1.060008366	10	101061989	101068131
ADGRD1	ADGRD1	cis-position, cis-gene	44654	118	44536	2.55e-26	-0.877105439	-1.038963405	-0.715247472	0.082579873	ptvraredmg	InflammationII	ADGRD1:Q6QNK2:OID30588:v1:InflammationII	3.10776E-30	-0.872001706	12	130953907	131141469
CPB1	CPB1	cis-position, cis-gene	45810	100	45710	3.23e-26	-1.039256148	-1.231437527	-0.847074769	0.098050934	ptvraredmg	Cardiometabolic	CPB1:P15086:OID20289:v1:Cardiometabolic	1.38834E-29	-1.059593126	3	148791102	148860187
ASGR1	ITGAV	trans-position, trans-gene	45621	104	45517	3.28e-26	0.987294293	0.804697143	1.169891444	0.093161051	flexdmg	Oncology	ITGAV:P06756:OID21416:v1:Oncology	9.33432E-26	0.957696571	17	7173431	7179564
TGFBI	TGFBI	cis-position, cis-gene	44984	11	44973	3.34e-26	-3.12505608	-3.703126575	-2.546985585	0.294931406	ptv	Cardiometabolic	TGFBI:Q15582:OID20417:v1:Cardiometabolic	3.38297E-26	-3.121507662	5	136028988	136063818
TPK1	TPK1	cis-position, cis-gene	45616	59	45557	3.41e-26	-1.359741956	-1.611308638	-1.108175275	0.128349299	ptvraredmg	CardiometabolicII	TPK1:Q9H3S4:OID30338:v1:CardiometabolicII	3.42739E-31	-1.434142732	7	144451941	144836395
TGM2	TGM2	cis-position, cis-gene	45202	198	45004	4.1e-26	-0.73220035	-0.867888929	-0.596511771	0.069228284	ptvraredmg	Cardiometabolic	TGM2:P21980:OID20141:v1:Cardiometabolic	6.95791E-31	-0.749468709	20	38127385	38166578
CLEC4A	CLEC4A	cis-position, cis-gene	45190	69	45121	4.12e-26	-1.237805105	-1.467200396	-1.008409813	0.117037429	flexnonsynmtr	Inflammation	CLEC4A:Q9UMR7:OID20573:v1:Inflammation	4.72042E-31	-1.296552584	12	8123617	8138607
STAB1	SPP1	trans-position, trans-gene	45739	727	45012	5.19e-26	0.373377572	0.304039385	0.442715759	0.03537634	ptvraredmg	Cardiometabolic	SPP1:P10451:OID20322:v1:Cardiometabolic	5.28711E-30	0.377762036	3	52495338	52524495
FUT1	PTPRM	trans-position, trans-gene	45115	208	44907	5.71e-26	0.710844193	0.578725832	0.842962553	0.067406756	flexdmg	Inflammation	PTPRM:P28827:OID20598:v1:Inflammation	6.01985E-28	0.718639168	19	48748011	48755390
GPHA2	GPHA2	cis-position, cis-gene	45423	88	45335	5.73e-26	-1.084424637	-1.285986046	-0.882863228	0.102836602	flexnonsynmtr	OncologyII	GPHA2:Q96T91:OID31437:v1:OncologyII	4.17302E-25	-0.992590088	11	64934471	64935893
CD209	CD209	cis-position, cis-gene	45361	102	45259	6.45e-26	-1.021147271	-1.211146859	-0.831147684	0.096937758	flexnonsynmtr	Cardiometabolic	CD209:Q9NNX6:OID20262:v1:Cardiometabolic	2.54739E-29	-1.026749451	19	7739993	7747564
MEP1A	MEP1A	cis-position, cis-gene	45423	119	45304	7.3e-26	-0.923642324	-1.095690016	-0.751594631	0.087778708	ptvraredmg	OncologyII	MEP1A:Q16819:OID31459:v1:OncologyII	2.44029E-25	-0.885463467	6	46793389	46839778
STAB1	PTS	trans-position, trans-gene	44015	708	43307	7.63e-26	0.387763104	0.315506425	0.460019784	0.036865316	ptvraredmg	Neurology	PTS:Q03393:OID20847:v1:Neurology	6.44911E-28	0.377411338	3	52495338	52524495
ENDOU	ENDOU	cis-position, cis-gene	42534	35	42499	1.08e-25	-1.554797135	-1.845418347	-1.264175923	0.148274632	ptv	OncologyII	ENDOU:P21128:OID31498:v1:OncologyII	2.31904E-27	-1.521790665	12	47709734	47725567
STAB2	FBLN2	trans-position, trans-gene	45606	989	44617	1.13e-25	0.316015038	0.256919004	0.375111072	0.030150791	flexdmg	CardiometabolicII	FBLN2:P98095:OID30378:v1:CardiometabolicII	5.04303E-28	0.314390813	12	103587273	103766719
TIMP1	TIMP1	cis-position, cis-gene	44776	149	44627	1.14e-25	0.829533718	0.6743933	0.984674135	0.079152588	rec	Cardiometabolic	TIMP1:P01033:OID20418:v1:Cardiometabolic	2.0464E-21	0.721658937	X	47582408	47586789
ASGR1	LRRC25	trans-position, trans-gene	45042	104	44938	1.15e-25	1.00835738	0.819762739	1.196952021	0.096220937	ptvraredmg	Oncology	LRRC25:Q8N386:OID21333:v1:Oncology	1.67903E-25	0.979802733	17	7173431	7179564
SERPINA3	SERPINA3	cis-position, cis-gene	45539	22	45517	1.2e-25	-2.205390455	-2.618039797	-1.792741114	0.210533649	ptv	InflammationII	SERPINA3:P01011:OID30786:v1:InflammationII	1.36891E-28	-2.189594155	14	94612384	94624055
C1QTNF5	C1QTNF5	cis-position, cis-gene	44654	57	44597	1.22e-25	-1.377318338	-1.635070276	-1.119566401	0.131504941	flexdmg	InflammationII	C1QTNF5:Q9BXJ0:OID30618:v1:InflammationII	5.83312E-32	-1.407755138	11	119338942	119340940
THBS2	THBS2	cis-position, cis-gene	45260	20	45240	1.36e-25	-2.294272609	-2.724044679	-1.86450054	0.219269627	ptv	Neurology	THBS2:P35442:OID21104:v1:Neurology	2.00874E-27	-2.331815773	6	169215780	169254050
CFH	CFH	cis-position, cis-gene	43171	16	43155	1.37e-25	-2.566399274	-3.047141079	-2.08565747	0.245274058	ptv	InflammationII	CFH:P08603:OID30790:v1:InflammationII	2.72024E-27	-2.57217563	1	196651754	196752476
ASGR1	IL1RL1	trans-position, trans-gene	45667	106	45561	1.46e-25	0.933131506	0.758220868	1.108042144	0.089239395	flexdmg	Cardiometabolic	IL1RL1:Q01638:OID20250:v1:Cardiometabolic	4.6818E-27	0.93956578	17	7173431	7179564
HS1BP3	HS1BP3	cis-position, cis-gene	44457	83	44374	1.47e-25	-1.136814309	-1.349910194	-0.923718424	0.108721427	flexdmg	CardiometabolicII	HS1BP3:Q53T59:OID30243:v1:CardiometabolicII	2.99437E-26	-1.090148815	2	20560448	20651130
VSIG2	VSIG2	cis-position, cis-gene	45424	69	45355	1.5e-25	-1.20184493	-1.427172766	-0.976517095	0.114962229	flexdmg	OncologyII	VSIG2:Q96IQ7:OID31371:v1:OncologyII	4.20286E-24	-1.077259699	11	124747474	124752255
KLF1	ARG1	trans-position, trans-gene	44950	39	44911	1.56e-25	-1.632622159	-1.938819592	-1.326424726	0.156221842	ptvraredmg	Oncology	ARG1:P05089:OID21445:v1:Oncology	6.26646E-25	-1.490268075	19	12884422	12887203
CFHR5	CFHR4	cis-position, trans-gene	45608	286	45322	1.78e-25	-0.616507381	-0.732273933	-0.500740829	0.059064085	rec	InflammationII	CFHR4:Q92496:OID30758:v1:InflammationII	4.02435E-29	-0.641739796	1	196975010	197009678
MAN1A2	MAN1A2	cis-position, cis-gene	44457	42	44415	2e-25	-1.513387416	-1.797871049	-1.228903782	0.145143425	UR	CardiometabolicII	MAN1A2:O60476:OID30262:v1:CardiometabolicII	7.76169E-27	-1.503253795	1	117367449	117528872
ADAM9	CRIM1	trans-position, trans-gene	45452	91	45361	2.16e-25	-1.046812795	-1.243733742	-0.849891849	0.10046904	ptvraredmg	Inflammation	CRIM1:Q9NZV1:OID20701:v1:Inflammation	4.4647E-26	-1.02559106	8	38996754	39105445
FRZB	FRZB	cis-position, cis-gene	44765	40	44725	2.18e-25	-1.571899683	-1.867610992	-1.276188374	0.150871808	ptv	Neurology	FRZB:Q92765:OID20968:v1:Neurology	1.94269E-26	-1.58512184	2	182833275	182866637
ASGR1	PODXL	trans-position, trans-gene	45042	104	44938	2.32e-25	1.019490809	0.827584345	1.211397272	0.097910628	flexdmg	Oncology	PODXL:O00592:OID21358:v1:Oncology	2.21571E-25	0.996733613	17	7173431	7179564
PLB1	PLB1	cis-position, cis-gene	45493	356	45137	2.45e-25	-0.522453609	-0.62084614	-0.424061079	0.050199857	ptvraredmg	NeurologyII	PLB1:Q6P1J6:OID31110:v1:NeurologyII	2.09429E-28	-0.520981914	2	28457145	28644142
CTHRC1	CTHRC1	cis-position, cis-gene	45606	104	45502	2.49e-25	-0.898713758	-1.067996124	-0.729431393	0.086367848	ptvraredmg	CardiometabolicII	CTHRC1:Q96CG8:OID30393:v1:CardiometabolicII	2.42832E-26	-0.887761048	8	103371538	103382989
PRELP	PRELP	cis-position, cis-gene	45225	77	45148	2.63e-25	-1.107490783	-1.316201934	-0.898779631	0.106484387	ptvraredmg	Inflammation	PRELP:P51888:OID20766:v1:Inflammation	1.59513E-30	-1.138277933	1	203475806	203491352
CRTAM	CRTAM	cis-position, cis-gene	44914	92	44822	2.86e-25	-1.058755749	-1.258429895	-0.859081602	0.10187369	flexdmg	Neurology	CRTAM:O95727:OID20914:v1:Neurology	1.26037E-27	-1.029933745	11	122838500	122872643
PLIN3	PLIN3	cis-position, cis-gene	45276	29	45247	3e-25	-1.899842239	-2.258302503	-1.541381975	0.182886359	ptv	Cardiometabolic	PLIN3:O60664:OID20143:v1:Cardiometabolic	9.2325E-29	-1.909796321	19	4838341	4867694
KLB	KLB	cis-position, cis-gene	44217	133	44084	3.05e-25	-0.895376973	-1.064338497	-0.726415449	0.086204082	flexdmg	Neurology	KLB:Q86Z14:OID20888:v1:Neurology	4.37435E-28	-0.91700457	4	39406930	39451533
LAYN	LAYN	cis-position, cis-gene	44842	162	44680	3.31e-25	-0.749197312	-0.89068365	-0.607710974	0.072186284	flexnonsynmtr	Neurology	LAYN:Q6UX15:OID20970:v1:Neurology	2.52332E-27	-0.7450372	11	111540280	111561745
ESAM	ESAM	cis-position, cis-gene	45810	116	45694	3.85e-25	-0.926400093	-1.101597148	-0.751203039	0.089385532	flexnonsynmtr	Cardiometabolic	ESAM:Q96AP7:OID20270:v1:Cardiometabolic	1.65209E-24	-0.852117299	11	124752583	124762290
SPON1	SPON1	cis-position, cis-gene	45300	213	45087	5.05e-25	-0.663233688	-0.788976183	-0.537491192	0.064153799	flexdmg	Inflammation	SPON1:Q9HCB6:OID20759:v1:Inflammation	1.52601E-27	-0.658119488	11	13962723	14268133
ARSA	ARSA	cis-position, cis-gene	45260	322	44938	5.11e-25	-0.558575494	-0.664487737	-0.45266325	0.054036406	flexdmg	Neurology	ARSA:P15289:OID21138:v1:Neurology	6.26578E-25	-0.533018988	22	50622754	50628173
DNMBP	DNMBP	cis-position, cis-gene	44914	213	44701	5.2e-25	-0.689969548	-0.820817182	-0.559121913	0.066758424	flexdmg	Neurology	DNMBP:Q6XZF7:OID20956:v1:Neurology	1.50243E-24	-0.632704664	10	99875577	100009947
ASGR1	SIGLEC7	trans-position, trans-gene	45276	106	45170	5.64e-25	0.959540669	0.777432763	1.141648575	0.092911419	ptvraredmg	Cardiometabolic	SIGLEC7:Q9Y286:OID20190:v1:Cardiometabolic	5.96215E-24	0.920380184	17	7173431	7179564
ASGR1	LILRA2	trans-position, trans-gene	45260	103	45157	5.68e-25	0.968969989	0.785061714	1.152878264	0.093829966	flexdmg	Neurology	LILRA2:Q8N149:OID21152:v1:Neurology	1.59361E-23	0.928243773	17	7173431	7179564
LRPAP1	LRP1	trans-position, trans-gene	45042	165	44877	5.79e-25	0.773502869	0.626668337	0.9203374	0.07491494	flexdmg	Oncology	LRP1:Q07954:OID21293:v1:Oncology	2.39908E-24	0.726650438	4	3503612	3532446
C1orf56	MENT	cis-position, cis-gene	44654	97	44557	6.14e-25	-0.986547187	-1.173927858	-0.799166516	0.095601547	flexnonsynmtr	InflammationII	MENT:Q9BUN1:OID30595:v1:InflammationII	3.00085E-22	-0.894451788	1	151047783	151051420
C4BPB	C4BPB	cis-position, cis-gene	45388	13	45375	6.36e-25	-2.743136635	-3.264332579	-2.221940691	0.26591409	ptv	Oncology	C4BPB:P20851:OID21481:v1:Oncology	8.81955E-29	-2.772016939	1	207088860	207099993
CDH3	CDH3	cis-position, cis-gene	45644	205	45439	7e-25	-0.700891312	-0.834179184	-0.56760344	0.068003462	flexdmg	Neurology	CDH3:P22223:OID21008:v1:Neurology	1.81268E-27	-0.697584112	16	68636189	68727468
HIST1H2AD	LRPAP1	trans-position, trans-gene	45644	81	45563	7.86e-25	1.116855612	0.904232664	1.32947856	0.108480212	flexnonsynmtr	Neurology	LRPAP1:P30533:OID21059:v1:Neurology	9.21356E-22	0.999191369	6	26198784	26199293
ASGR1	NCR3LG1	trans-position, trans-gene	45423	104	45319	8.01e-25	0.943923001	0.764191635	1.123654367	0.091698917	flexdmg	OncologyII	NCR3LG1:Q68D85:OID31490:v1:OncologyII	1.99089E-24	0.915307667	17	7173431	7179564
ACADSB	ACADSB	cis-position, cis-gene	45616	258	45358	9.2e-25	-0.636380795	-0.757711788	-0.515049802	0.061903062	flexdmg	CardiometabolicII	ACADSB:P45954:OID30356:v1:CardiometabolicII	2.22033E-26	-0.624037466	10	123008979	123058290
MET	MET	cis-position, cis-gene	45373	205	45168	9.63e-25	-0.69447466	-0.826938186	-0.562011133	0.06758287	flexdmg	Cardiometabolic	MET:P08581:OID20269:v1:Cardiometabolic	1.19214E-22	-0.624891029	7	116672196	116798377
SLAMF8	SLAMF8	cis-position, cis-gene	44180	111	44069	9.66e-25	-0.960922346	-1.144209052	-0.777635641	0.093512781	flexnonsynmtr	Oncology	SLAMF8:Q9P0V8:OID21214:v1:Oncology	7.37791E-29	-0.965345082	1	159826811	159837492
TNFSF13	TNFSF13	cis-position, cis-gene	45452	9	45443	1.05e-24	-3.205423858	-3.817298224	-2.593549492	0.312178219	ptv	Inflammation	TNFSF13:O75888:OID20733:v1:Inflammation	1.66E-24	-3.204814861	17	7558292	7561608
DCTD	DCTD	cis-position, cis-gene	44654	93	44561	1.35e-24	-1.052405619	-1.253774055	-0.851037183	0.1027381	flexnonsynmtr	InflammationII	DCTD:P32321:OID30657:v1:InflammationII	2.2824E-24	-1.025912073	4	182890060	182917936
GSN	GSN	cis-position, cis-gene	45525	26	45499	1.41e-24	-1.973921617	-2.351793718	-1.596049515	0.192790303	ptv	InflammationII	GSN:P06396:OID30714:v1:InflammationII	4.68977E-28	-1.978198099	9	121207794	121332843
PTRHD1	PTRHD1	cis-position, cis-gene	44654	60	44594	1.59e-24	-1.303245409	-1.552997162	-1.053493655	0.12742325	flexnonsynmtr	InflammationII	PTRHD1:Q6GMV3:OID30659:v1:InflammationII	8.89728E-27	-1.321760465	2	24789728	24793391
ATRAID	ATRAID	cis-position, cis-gene	45423	26	45397	1.63e-24	-1.943050019	-2.315522964	-1.570577075	0.190035643	rec	OncologyII	ATRAID:Q6UW56:OID31451:v1:OncologyII	9.86572E-24	-1.84451467	2	27212041	27217178
STAB1	FUOM	trans-position, trans-gene	44654	905	43749	1.68e-24	0.329192695	0.266073852	0.392311538	0.03220321	flexnonsynmtr	InflammationII	FUOM:A2VDF0:OID30626:v1:InflammationII	1.51498E-24	0.31027437	3	52495338	52524495
MLLT6	PLXDC1	cis-position, trans-gene	44180	739	43441	1.79e-24	-0.377124181	-0.449478549	-0.304769813	0.036915161	rec	Oncology	PLXDC1:Q8IUK5:OID21258:v1:Oncology	3.69417E-25	-0.378977022	17	38705620	38729803
SUSD1	SUSD1	cis-position, cis-gene	44454	210	44244	1.98e-24	-0.701865436	-0.836656506	-0.567074367	0.068770344	flexdmg	Cardiometabolic	SUSD1:Q6UWL2:OID20072:v1:Cardiometabolic	2.13415E-26	-0.6993825	9	112040783	112175297
BST1	BST1	cis-position, cis-gene	45644	34	45610	2.02e-24	-1.739703586	-2.073875019	-1.405532153	0.170494239	ptv	Neurology	BST1:Q10588:OID21051:v1:Neurology	4.95129E-27	-1.722223753	4	15703065	15738313
CYB5R2	CYB5R2	cis-position, cis-gene	45004	130	44874	2.36e-24	-0.865674521	-1.032203559	-0.699145483	0.08496307	flexnonsynmtr	OncologyII	CYB5R2:Q6BCY4:OID31512:v1:OncologyII	4.66544E-28	-0.894277743	11	7665100	7677222
DKK4	DKK4	cis-position, cis-gene	44838	86	44752	2.56e-24	-1.064576153	-1.269522388	-0.859629918	0.104563503	flexdmg	Neurology	DKK4:Q9UBT3:OID20934:v1:Neurology	2.40499E-22	-0.950755292	8	42374063	42377229
RIDA	PTP4A3	trans-position, trans-gene	44339	36	44303	2.6e-24	-1.668699394	-1.989993538	-1.34740525	0.163924119	ptv	InflammationII	PTP4A3:O75365:OID30469:v1:InflammationII	3.86381E-25	-1.671542608	8	98102344	98117171
FAP	ADAMTSL4	trans-position, trans-gene	44457	136	44321	2.63e-24	0.845673908	0.682825234	1.008522581	0.083085322	ptvraredmg	CardiometabolicII	ADAMTSL4:Q6UY14:OID30275:v1:CardiometabolicII	1.67002E-26	0.839300556	2	162170684	162245151
IGFBP6	IGFBP6	cis-position, cis-gene	45060	29	45031	2.63e-24	-1.61905846	-1.930832623	-1.307284297	0.159067099	ptvraredmg	Cardiometabolic	IGFBP6:P24592:OID20413:v1:Cardiometabolic	8.14106E-23	-1.404842743	12	53097436	53102345
AGXT	AGXT	cis-position, cis-gene	45276	361	44915	2.69e-24	-0.524695361	-0.625755631	-0.423635091	0.051560931	flexdmg	Cardiometabolic	AGXT:P21549:OID20139:v1:Cardiometabolic	2.19483E-25	-0.510892777	2	240868824	240880502
ASGR1	CCDC80	trans-position, trans-gene	45276	106	45170	2.88e-24	0.889172931	0.717798138	1.060547723	0.087435387	ptvraredmg	Cardiometabolic	CCDC80:Q76M96:OID20226:v1:Cardiometabolic	1.64139E-26	0.91331235	17	7173431	7179564
GP5	GP5	cis-position, cis-gene	44654	76	44578	6.99e-24	-1.148683402	-1.371981193	-0.925385611	0.113926449	ptvraredmg	InflammationII	GP5:P40197:OID30611:v1:InflammationII	9.29125E-26	-1.133461594	3	194394821	194399266
CDNF	CDNF	cis-position, cis-gene	45042	89	44953	7.28e-24	-1.035541878	-1.236925242	-0.834158513	0.10274574	flexdmg	Oncology	CDNF:Q49AH0:OID21318:v1:Oncology	7.29343E-28	-1.084709044	10	14819245	14838575
LTBP3	LTBP3	cis-position, cis-gene	44180	551	43629	8.68e-24	-0.415069908	-0.495928117	-0.334211699	0.041253816	flexdmg	Oncology	LTBP3:Q9NS15:OID21191:v1:Oncology	1.03445E-22	-0.38894059	11	65538559	65558930
CLSTN3	CLSTN3	cis-position, cis-gene	45493	17	45476	9.02e-24	-2.404272933	-2.872823519	-1.935722346	0.239054451	ptv	NeurologyII	CLSTN3:Q9BQT9:OID31092:v1:NeurologyII	4.98857E-26	-2.454380864	12	7129698	7158945
STAB1	FN1	trans-position, trans-gene	45680	1243	44437	9.3e-24	0.284195921	0.22879449	0.339597353	0.028265807	flexdmg	InflammationII	FN1:P02751:OID30787:v1:InflammationII	2.17956E-25	0.281398576	3	52495338	52524495
STAB2	NRP2	trans-position, trans-gene	45260	984	44276	1.04e-23	0.3073535	0.24737442	0.367332581	0.030601315	flexdmg	Neurology	NRP2:O60462:OID21081:v1:Neurology	5.52121E-27	0.309384521	12	103587273	103766719
ASGR1	ANGPT2	trans-position, trans-gene	45621	104	45517	1.09e-23	0.962914176	0.774914901	1.150913451	0.095917214	ptvraredmg	Oncology	ANGPT2:O15123:OID21463:v1:Oncology	9.82447E-25	0.96254198	17	7173431	7179564
ASGR1	ALPI	trans-position, trans-gene	44339	99	44240	1.11e-23	1.006217559	0.809719402	1.202715716	0.100253266	flexdmg	InflammationII	ALPI:P09923:OID30497:v1:InflammationII	1.41641E-23	0.984090213	17	7173431	7179564
ATG4A	ATG4A	cis-position, cis-gene	44180	60	44120	1.11e-23	-1.25918563	-1.505079943	-1.013291316	0.125455149	rec	Oncology	ATG4A:Q8WYN0:OID21246:v1:Oncology	3.11055E-26	-1.278520556	X	108091668	108154671
ASGR1	CD55	trans-position, trans-gene	43681	99	43582	1.12e-23	0.967993542	0.778955385	1.157031698	0.096447138	ptvraredmg	Cardiometabolic	CD55:P08174:OID20377:v1:Cardiometabolic	9.99323E-25	0.969882173	17	7173431	7179564
ASGR1	FCGR2A	trans-position, trans-gene	45054	104	44950	1.13e-23	0.962997246	0.774918282	1.151076209	0.095957839	ptvraredmg	Cardiometabolic	FCGR2A:P12318:OID20391:v1:Cardiometabolic	3.00253E-25	0.973422204	17	7173431	7179564
PGLYRP1	PGLYRP1	cis-position, cis-gene	45596	69	45527	1.22e-23	-1.169490148	-1.398089817	-0.94089048	0.11663153	flexnonsynmtr	Cardiometabolic	PGLYRP1:O75594:OID20338:v1:Cardiometabolic	1.01497E-21	-1.079649758	19	46019153	46023053
STAB1	COL4A1	trans-position, trans-gene	45276	721	44555	1.24e-23	0.370074657	0.297725756	0.442423558	0.036912396	ptvraredmg	Cardiometabolic	COL4A1:P02462:OID20208:v1:Cardiometabolic	1.23636E-26	0.36979329	3	52495338	52524495
CALCB	CALCB	cis-position, cis-gene	45493	64	45429	1.28e-23	-1.229613586	-1.470067218	-0.989159953	0.122679414	flexnonsynmtr	NeurologyII	CALCB:P10092:OID31100:v1:NeurologyII	2.43742E-21	-1.116501753	11	14904997	15082342
CFB	CFB	cis-position, cis-gene	44982	120	44862	1.29e-23	-0.8933573	-1.068075187	-0.718639413	0.089141017	flexdmg	InflammationII	CFB:P00751:OID30755:v1:InflammationII	1.38189E-25	-0.896798208	6	31945650	31952086
PLG	CTSO	trans-position, trans-gene	45752	276	45476	1.29e-23	0.593479582	0.477411983	0.709547181	0.059217684	flexnonsynmtr	Inflammation	CTSO:P43234:OID20660:v1:Inflammation	3.16645E-21	0.538372521	6	160702238	160754097
ABCA6	GAL	trans-position, trans-gene	45452	646	44806	1.31e-23	0.379447812	0.305227982	0.453667642	0.037866947	flexdmg	Inflammation	GAL:P22466:OID20727:v1:Inflammation	9.97733E-24	0.364909952	17	69078089	69141992
MFAP4	MFAP4	cis-position, cis-gene	44654	42	44612	1.45e-23	-1.48883453	-1.780332509	-1.197336551	0.148722159	flexnonsynmtr	InflammationII	MFAP4:P55083:OID30598:v1:InflammationII	4.58307E-28	-1.499185124	17	19383442	19387190
F13A1	F13B	trans-position, trans-gene	45461	234	45227	1.49e-23	-0.641064985	-0.766619524	-0.515510446	0.064057909	flexdmg	InflammationII	F13B:P05160:OID30781:v1:InflammationII	2.62124E-23	-0.605268246	6	6144078	6321013
NELL1	NELL1	cis-position, cis-gene	45388	372	45016	1.69e-23	0.516591038	0.415290928	0.617891147	0.0516833	flexdmg	Oncology	NELL1:Q92832:OID21494:v1:Oncology	4.58611E-22	0.481372861	11	20669551	21575686
LCAT	VAT1	trans-position, trans-gene	45042	176	44866	1.88e-23	-0.744394964	-0.890520034	-0.598269895	0.074552973	flexdmg	Oncology	VAT1:Q99536:OID21382:v1:Oncology	3.76814E-23	-0.705113509	16	67939750	67944131
SELE	SELE	cis-position, cis-gene	45810	129	45681	1.97e-23	-0.858662054	-1.027299656	-0.690024453	0.086038899	flexdmg	Cardiometabolic	SELE:P16581:OID20290:v1:Cardiometabolic	3.25898E-23	-0.815276819	1	169722640	169764705
ASGR1	SLAMF1	trans-position, trans-gene	44437	102	44335	2.06e-23	0.978945788	0.786607161	1.171284415	0.098131082	flexdmg	Inflammation	SLAMF1:Q13291:OID20496:v1:Inflammation	6.41515E-23	0.944759157	17	7173431	7179564
STAB1	SUOX	trans-position, trans-gene	45520	1243	44277	2.31e-23	0.279150628	0.224240439	0.334060817	0.028015172	flexdmg	NeurologyII	SUOX:P51687:OID31031:v1:NeurologyII	1.41643E-25	0.280292623	3	52495338	52524495
XG	XG	cis-position, cis-gene	45591	11	45580	2.36e-23	-2.255533796	-2.699307702	-1.811759891	0.226413405	ptv	Cardiometabolic	XG:P55808:OID20259:v1:Cardiometabolic	2.1047E-25	-2.25802302	X	2752040	2816500
IRAK4	IRAK4	cis-position, cis-gene	45190	94	45096	2.46e-23	-1.018618524	-1.219111226	-0.818125821	0.102291334	ptv	Inflammation	IRAK4:Q9NWZ3:OID20577:v1:Inflammation	7.27764E-24	-1.019054957	12	43758944	43789543
ASGR1	DPEP1	trans-position, trans-gene	44842	103	44739	2.6e-23	0.954018468	0.766137968	1.141898967	0.095856571	flexdmg	Neurology	DPEP1:P16444:OID20897:v1:Neurology	3.9254E-25	0.97411217	17	7173431	7179564
PCSK7	GOLM2	trans-position, trans-gene	45644	140	45504	2.74e-23	-0.832566936	-0.996619843	-0.668514029	0.08369978	ptvraredmg	Neurology	GOLM2:Q6P4E1:OID21044:v1:Neurology	1.30773E-27	-0.859236363	11	117204337	117232525
ABCA1	APOA1	trans-position, trans-gene	45680	775	44905	3.31e-23	-0.339194195	-0.406155926	-0.272232463	0.034163871	flexdmg	InflammationII	APOA1:P02647:OID30769:v1:InflammationII	5.71273E-25	-0.333042774	9	104781002	104928246
RARRES1	RARRES1	cis-position, cis-gene	44180	30	44150	3.53e-23	1.786249064	1.433389592	2.139108536	0.180028717	raredmg	Oncology	RARRES1:P49788:OID21177:v1:Oncology	1.96787E-22	1.702273668	3	158696892	158732489
CD33	CD33	cis-position, cis-gene	45388	107	45281	3.63e-23	-0.96246393	-1.152649126	-0.772278734	0.097032458	flexdmg	Oncology	CD33:P20138:OID21472:v1:Oncology	3.70218E-24	-0.947092601	19	51225064	51243860
BLVRB	BLVRB	cis-position, cis-gene	45260	32	45228	3.66e-23	-1.702908552	-2.039433546	-1.366383559	0.171694987	rec	Neurology	BLVRB:P30043:OID21141:v1:Neurology	3.5995E-23	-1.700882157	19	40447765	40465764
APOB	FGFBP1	trans-position, trans-gene	45388	75	45313	3.7e-23	-1.095098202	-1.311530037	-0.878666368	0.110423489	ptv	Oncology	FGFBP1:Q14512:OID21507:v1:Oncology	4.0004E-23	-1.054262534	2	21001429	21044073
LCAT	PLTP	trans-position, trans-gene	45667	176	45491	4.15e-23	-0.727372656	-0.871295381	-0.583449931	0.073429364	flexdmg	Cardiometabolic	PLTP:P55058:OID20238:v1:Cardiometabolic	2.56956E-26	-0.743324004	16	67939750	67944131
ADGRG1	ADGRG1	cis-position, cis-gene	45042	19	45023	4.18e-23	-2.128588699	-2.549791714	-1.707385684	0.214897669	ptv	Oncology	ADGRG1:Q9Y653:OID21294:v1:Oncology	8.45679E-30	-2.178127411	16	57610652	57665580
OPTC	OPTC	cis-position, cis-gene	45042	79	44963	4.84e-23	-1.063571791	-1.274345027	-0.852798555	0.10753645	flexdmg	Oncology	OPTC:Q9UBM4:OID21362:v1:Oncology	8.29383E-28	-1.107505262	1	203494153	203508949
ALCAM	ALCAM	cis-position, cis-gene	45810	9	45801	4.92e-23	-3.033484974	-3.634751055	-2.432218893	0.306765937	ptv	Cardiometabolic	ALCAM:Q13740:OID20273:v1:Cardiometabolic	9.37102E-27	-3.121383577	3	105366909	105576900
MRC2	COL1A1	trans-position, trans-gene	45810	41	45769	5.18e-23	1.514679402	1.214298997	1.815059807	0.153254074	UR	Cardiometabolic	COL1A1:P02452:OID20335:v1:Cardiometabolic	2.69262E-22	1.366086568	17	62626515	62693601
GALNT4	CD300C	trans-position, trans-gene	45644	181	45463	5.43e-23	0.704872074	0.565021144	0.844723003	0.071351933	flexdmg	Neurology	CD300C:Q08708:OID21010:v1:Neurology	5.5551E-26	0.701459682	12	89519412	89524806
ECHS1	ECHS1	cis-position, cis-gene	44457	114	44343	6.22e-23	-0.912332149	-1.09359404	-0.731070257	0.092479737	flexnonsynmtr	CardiometabolicII	ECHS1:P30084:OID30239:v1:CardiometabolicII	5.96258E-24	-0.889234405	10	133362485	133373354
CTSD	CTSD	cis-position, cis-gene	42322	60	42262	6.25e-23	-1.21376664	-1.454921312	-0.972611967	0.123036839	ptvraredmg	Cardiometabolic	CTSD:P07339:OID20358:v1:Cardiometabolic	1.22932E-23	-1.185165216	11	1752752	1764573
APOB	LDLR	trans-position, trans-gene	45373	77	45296	6.43e-23	-1.091157043	-1.308023019	-0.874291066	0.110644987	ptv	Cardiometabolic	LDLR:P01130:OID20240:v1:Cardiometabolic	2.03482E-22	-1.033709812	2	21001429	21044073
CDH15	CDH15	cis-position, cis-gene	45572	30	45542	7.53e-23	-1.516326684	-1.818183385	-1.214469983	0.154007259	ptv	Neurology	CDH15:P55291:OID21005:v1:Neurology	1.63922E-20	-1.334944511	16	89171748	89195492
CD160	CD160	cis-position, cis-gene	45752	26	45726	8.06e-23	-1.896978175	-2.274873866	-1.519082483	0.192802364	ptv	Inflammation	CD160:O95971:OID20647:v1:Inflammation	3.37852E-23	-1.881012994	1	145719471	145739288
CCR2	CCL2	trans-position, trans-gene	44838	140	44698	8.14e-23	0.805789529	0.645253193	0.966325864	0.081905587	flexdmg	Neurology	CCL2:P13500:OID21004:v1:Neurology	2.27745E-23	0.811310909	3	46353744	46360940
ASGR1	CD200R1	trans-position, trans-gene	45041	105	44936	8.63e-23	0.950970297	0.761395781	1.140544814	0.096720869	ptvraredmg	Inflammation	CD200R1:Q8TD46:OID20595:v1:Inflammation	6.0244E-23	0.934482461	17	7173431	7179564
UXS1	UXS1	cis-position, cis-gene	44180	109	44071	9.54e-23	-0.924415581	-1.108883375	-0.739947787	0.094115371	flexnonsynmtr	Oncology	UXS1:Q8NBZ7:OID21189:v1:Oncology	3.08349E-24	-0.931458945	2	106093308	106194301
SIGLEC7	SIGLEC7	cis-position, cis-gene	45276	202	45074	9.65e-23	-0.661695328	-0.793754663	-0.529635993	0.067376648	flexnonsynmtr	Cardiometabolic	SIGLEC7:Q9Y286:OID20190:v1:Cardiometabolic	1.16769E-21	-0.613276913	19	51142299	51153526
C9	C9	cis-position, cis-gene	45669	69	45600	1.03e-22	-1.157001301	-1.388075081	-0.92592752	0.117893826	ptv	InflammationII	C9:P02748:OID30698:v1:InflammationII	3.66646E-24	-1.165210028	5	39284140	39371324
LAP3	LAP3	cis-position, cis-gene	44437	132	44305	1.09e-22	-0.845035703	-1.013896253	-0.676175153	0.086152577	flexdmg	Inflammation	LAP3:P28838:OID20436:v1:Inflammation	8.84804E-25	-0.865149588	4	17577198	17607972
FLT3	FLT3LG	trans-position, trans-gene	45752	120	45632	1.22e-22	0.850004458	0.679950663	1.020058253	0.086761438	ptvraredmg	Inflammation	FLT3LG:P49771:OID20661:v1:Inflammation	2.23387E-22	0.785310506	13	28003274	28100592
TMEM260	MET	trans-position, trans-gene	45373	347	45026	1.24e-22	-0.509682691	-0.611669158	-0.407696224	0.052033479	flexdmg	Cardiometabolic	MET:P08581:OID20269:v1:Cardiometabolic	6.9542E-24	-0.503365247	14	56579791	56651884
POC1B-GALNT4	CD300C	trans-position, trans-gene	45644	184	45460	1.27e-22	0.693086447	0.554371382	0.831801512	0.070772415	flexdmg	Neurology	CD300C:Q08708:OID21010:v1:Neurology	1.23571E-25	0.691616137	12	89519412	89526262
SPPL2A	KLRB1	trans-position, trans-gene	45752	150	45602	1.28e-22	-0.772087942	-0.926631442	-0.617544441	0.078848087	flexnonsynmtr	Inflammation	KLRB1:Q12918:OID20629:v1:Inflammation	2.92884E-21	-0.715028692	15	50707533	50766158
JAK3	IL15	trans-position, trans-gene	45190	182	45008	1.31e-22	0.720873308	0.576546847	0.865199769	0.07363533	ptvraredmg	Inflammation	IL15:P40933:OID20562:v1:Inflammation	2.58814E-21	0.654587594	19	17824780	17848071
CLUL1	CLUL1	cis-position, cis-gene	45199	50	45149	1.46e-22	-1.316332012	-1.58016368	-1.052500344	0.134606861	ptv	Cardiometabolic	CLUL1:Q15846:OID20198:v1:Cardiometabolic	1.09243E-24	-1.326599305	18	596988	650334
MPI	MPI	cis-position, cis-gene	45042	155	44887	1.48e-22	-0.776909167	-0.932650456	-0.621167878	0.079459165	flexdmg	Oncology	MPI:P34949:OID21288:v1:Oncology	1.22488E-27	-0.804402475	15	74890005	74902219
CEACAM8	CEACAM8	cis-position, cis-gene	44454	78	44376	1.66e-22	-1.054884603	-1.266597411	-0.843171796	0.108015781	flexdmg	Cardiometabolic	CEACAM8:P31997:OID20102:v1:Cardiometabolic	2.90012E-24	-1.062358221	19	42580243	42595055
CD300LF	CD300LF	cis-position, cis-gene	45621	58	45563	1.67e-22	-1.223892733	-1.469537901	-0.978247565	0.125328144	ptvraredmg	Oncology	CD300LF:Q8TDQ1:OID21469:v1:Oncology	7.37775E-23	-1.16340695	17	74694311	74712978
ELF4	XPNPEP2	cis-position, trans-gene	45388	180	45208	1.82e-22	-0.711218212	-0.854093267	-0.568343157	0.072894831	rec	Oncology	XPNPEP2:O43895:OID21508:v1:Oncology	6.54235E-19	-0.623004615	X	130064920	130110713
ITGB6	ITGB6	cis-position, cis-gene	44437	211	44226	2.01e-22	-0.630885505	-0.757753804	-0.504017206	0.06472815	ptvraredmg	Inflammation	ITGB6:P18564:OID20493:v1:Inflammation	2.58391E-28	-0.670495117	2	160099667	160200313
ITIH4	VWC2	trans-position, trans-gene	44766	30	44736	2.08e-22	-1.683425565	-2.022079839	-1.344771291	0.172781294	ptv	Neurology	VWC2:Q2TAL6:OID20936:v1:Neurology	2.81421E-26	-1.754415413	3	52812962	52830688
ANGPTL1	ANGPTL1	cis-position, cis-gene	44624	8	44616	2.17e-22	-3.350077691	-4.02432391	-2.675831472	0.344000159	ptv	Cardiometabolic	ANGPTL1:O95841:OID20211:v1:Cardiometabolic	8.73401E-20	-2.959794474	1	178849535	178871077
ASGR1	AMIGO2	trans-position, trans-gene	45042	104	44938	2.41e-22	0.948556656	0.75743697	1.139676342	0.097509214	ptvraredmg	Oncology	AMIGO2:Q86SJ2:OID21370:v1:Oncology	3.26695E-23	0.946640903	17	7173431	7179564
CFI	CFB	trans-position, trans-gene	44982	300	44682	2.59e-22	-0.549046645	-0.659753059	-0.438340231	0.056482382	flexdmg	InflammationII	CFB:P00751:OID30755:v1:InflammationII	1.06077E-22	-0.539608215	4	109731008	109802150
TDRKH	TDRKH	cis-position, cis-gene	44217	825	43392	2.66e-22	-0.335794194	-0.403521092	-0.268067297	0.034554228	rec	Neurology	TDRKH:Q9Y2W6:OID20875:v1:Neurology	2.42824E-23	-0.341272166	1	151770107	151791416
FUT1	ICAM2	trans-position, trans-gene	45810	211	45599	2.71e-22	0.670282616	0.53506404	0.805501191	0.068988513	flexdmg	Cardiometabolic	ICAM2:P13598:OID20248:v1:Cardiometabolic	4.93272E-23	0.655198742	19	48748011	48755390
SERPINC1	SERPINC1	cis-position, cis-gene	45606	155	45451	2.76e-22	-0.755627474	-0.90809164	-0.603163308	0.077787204	flexdmg	InflammationII	SERPINC1:P01008:OID30789:v1:InflammationII	1.33455E-26	-0.782675377	1	173903800	173917327
BLMH	BLMH	cis-position, cis-gene	45810	83	45727	2.92e-22	-1.041925979	-1.252282095	-0.831569862	0.107323684	ptvraredmg	Cardiometabolic	BLMH:Q13867:OID20336:v1:Cardiometabolic	6.79684E-22	-1.020607119	17	30248203	30292056
STAB1	BCAT1	trans-position, trans-gene	45616	726	44890	3.27e-22	0.356216432	0.284214054	0.428218809	0.036735607	ptvraredmg	CardiometabolicII	BCAT1:P54687:OID30312:v1:CardiometabolicII	6.38821E-25	0.352803924	3	52495338	52524495
GIMAP8	GIMAP8	cis-position, cis-gene	44039	98	43941	3.68e-22	-0.975505677	-1.172929634	-0.77808172	0.10072559	flexdmg	OncologyII	GIMAP8:Q8ND71:OID31194:v1:OncologyII	1.72744E-22	-0.950576953	7	150450630	150479393
NEU1	LAMP1	trans-position, trans-gene	44443	118	44325	3.69e-22	0.870278504	0.694147539	1.046409469	0.08986194	ptvraredmg	CardiometabolicII	LAMP1:P11279:OID30416:v1:CardiometabolicII	2.34696E-22	0.838700692	6	31859052	31862932
AGT	AGT	cis-position, cis-gene	45669	18	45651	3.94e-22	-2.246941957	-2.702013275	-1.791870638	0.232177354	ptv	InflammationII	AGT:P01019:OID30709:v1:InflammationII	3.83363E-22	-2.248788108	1	230690776	230745576
COL24A1	COL24A1	cis-position, cis-gene	45423	326	45097	4.01e-22	-0.526831581	-0.633551571	-0.420111591	0.054448523	ptvraredmg	OncologyII	COL24A1:Q17RW2:OID31464:v1:OncologyII	2.05765E-23	-0.508683575	1	85729233	86156943
ASGR1	TNXB	trans-position, trans-gene	45260	103	45157	4.11e-22	0.922005853	0.735191328	1.108820379	0.095312735	flexdmg	Neurology	TNXB:P22105:OID21107:v1:Neurology	2.02979E-21	0.890922916	17	7173431	7179564
STAB1	NPL	trans-position, trans-gene	45616	726	44890	4.6e-22	0.321049482	0.255920115	0.38617885	0.033228998	ptvraredmg	CardiometabolicII	NPL:Q9BXD5:OID30329:v1:CardiometabolicII	4.46275E-23	0.308596697	3	52495338	52524495
MMP9	MMP9	cis-position, cis-gene	45183	41	45142	4.62e-22	-1.475955921	-1.775381391	-1.176530451	0.15276681	ptv	Neurology	MMP9:P14780:OID21103:v1:Neurology	5.79381E-27	-1.574493848	20	46008908	46016561
ASGR1	ICOSLG	trans-position, trans-gene	45042	104	44938	5.33e-22	0.941694463	0.750361081	1.133027845	0.097618242	ptvraredmg	Oncology	ICOSLG:O75144:OID21351:v1:Oncology	9.68229E-23	0.937990883	17	7173431	7179564
STAB2	LAMB1	trans-position, trans-gene	44457	964	43493	5.52e-22	0.309960501	0.246960023	0.372960978	0.032142816	flexdmg	CardiometabolicII	LAMB1:P07942:OID30280:v1:CardiometabolicII	2.73074E-25	0.31361809	12	103587273	103766719
ASGR1	MCAM	trans-position, trans-gene	45433	104	45329	5.69e-22	0.895686984	0.713573467	1.077800502	0.092914291	flexdmg	Cardiometabolic	MCAM:P43121:OID20343:v1:Cardiometabolic	1.58723E-23	0.908488741	17	7173431	7179564
ADAMTS5	TGFBR3	trans-position, trans-gene	45810	185	45625	6.69e-22	-0.698362866	-0.840601227	-0.556124505	0.072570008	ptvraredmg	Cardiometabolic	TGFBR3:Q03167:OID20255:v1:Cardiometabolic	3.58123E-22	-0.656868832	21	26917912	26967120
TNFSF10	TNFSF10	cis-position, cis-gene	45752	13	45739	6.77e-22	-2.618512236	-3.151907453	-2.085117019	0.272138215	ptv	Inflammation	TNFSF10:P50591:OID20611:v1:Inflammation	7.97323E-22	-2.617648181	3	172505508	172523475
ASGR1	ITGA11	trans-position, trans-gene	45190	105	45085	7.07e-22	0.918617669	0.731408973	1.105826366	0.095513837	flexdmg	Inflammation	ITGA11:Q9UKX5:OID20581:v1:Inflammation	3.97316E-21	0.88298327	17	7173431	7179564
ADGRE1	ADGRE1	cis-position, cis-gene	45423	208	45215	8.35e-22	-0.655500881	-0.789327313	-0.52167445	0.068278226	ptvraredmg	OncologyII	ADGRE1:Q14246:OID31483:v1:OncologyII	2.49734E-24	-0.663196089	19	6887566	6940459
DDT	DDT	cis-position, cis-gene	45606	51	45555	8.91e-22	-1.29333345	-1.557563972	-1.029102927	0.134810389	flexdmg	CardiometabolicII	DDT:P30046:OID30372:v1:CardiometabolicII	3.45326E-22	-1.295362309	22	23970542	23980525
ACP6	ACP6	cis-position, cis-gene	45553	64	45489	9.26e-22	-1.193367019	-1.437276545	-0.949457493	0.124442615	flexdmg	Oncology	ACP6:Q9NPH0:OID21432:v1:Oncology	2.35086E-25	-1.200667753	1	147629652	147670524
NDUFA4L2	INHBC	cis-position, trans-gene	45260	102	45158	1.06e-21	-0.935367171	-1.126827938	-0.743906405	0.097683246	flexdmg	Neurology	INHBC:P55103:OID21093:v1:Neurology	4.09191E-20	-0.844569237	12	57234903	57240762
ENPP2	ENPP2	cis-position, cis-gene	45810	175	45635	1.14e-21	-0.583579438	-0.703121439	-0.464037437	0.060990325	flexdmg	Cardiometabolic	ENPP2:Q13822:OID20288:v1:Cardiometabolic	8.64512E-20	-0.509017884	8	119557086	119673453
KNG1	KLKB1	trans-position, trans-gene	44877	87	44790	1.18e-21	-0.971416143	-1.170471531	-0.772360755	0.101557997	flexdmg	InflammationII	KLKB1:P03952:OID30760:v1:InflammationII	1.32483E-22	-0.963593415	3	186717309	186744410
POSTN	POSTN	cis-position, cis-gene	45606	198	45408	1.2e-21	-0.669563852	-0.806798395	-0.532329309	0.070017051	ptvraredmg	CardiometabolicII	POSTN:Q15063:OID30410:v1:CardiometabolicII	2.86741E-20	-0.594740383	13	37562583	37598844
LPA	LPA	cis-position, cis-gene	44686	368	44318	1.26e-21	-0.499764001	-0.602246265	-0.397281738	0.052286413	ptvraredmg	InflammationII	LPA:P08519:OID30747:v1:InflammationII	6.55142E-26	-0.503622375	6	160531482	160664275
F5	TFPI	trans-position, trans-gene	45133	552	44581	1.33e-21	-0.389178876	-0.469032922	-0.309324831	0.040741516	flexdmg	Cardiometabolic	TFPI:P10646:OID20388:v1:Cardiometabolic	3.4555E-22	-0.373190392	1	169511954	169586531
FUT8	FUT8	cis-position, cis-gene	44914	69	44845	1.4e-21	-1.139296466	-1.373191492	-0.90540144	0.119333172	flexnonsynmtr	Neurology	FUT8:Q9BYC5:OID20992:v1:Neurology	3.00209E-20	-1.031186582	14	65410592	65744121
ASGR1	HEG1	trans-position, trans-gene	44654	104	44550	1.52e-21	0.890616491	0.707609182	1.0736238	0.09337026	ptvraredmg	InflammationII	HEG1:Q9ULI3:OID30579:v1:InflammationII	2.18486E-21	0.866000318	17	7173431	7179564
PVR	PVR	cis-position, cis-gene	45644	134	45510	1.56e-21	0.811381935	0.644605625	0.978158244	0.08508926	flexnonsynmtr	Neurology	PVR:P15151:OID21011:v1:Neurology	4.67016E-20	0.760057328	19	44643798	44666162
FLG	PYDC1	trans-position, trans-gene	44457	549	43908	1.6e-21	0.397645761	0.315890173	0.479401348	0.041711665	ptv	CardiometabolicII	PYDC1:Q8WXC3:OID30202:v1:CardiometabolicII	1.35972E-25	0.41244789	1	152302163	152325257
F13B	F13B	cis-position, cis-gene	45461	79	45382	1.79e-21	-1.048006786	-1.263742646	-0.832270926	0.110068407	flexdmg	InflammationII	F13B:P05160:OID30781:v1:InflammationII	2.33269E-25	-1.000161716	1	197038741	197067260
STAB1	HSD17B14	trans-position, trans-gene	45493	730	44763	1.79e-21	0.35230444	0.279782543	0.424826336	0.037000663	ptvraredmg	NeurologyII	HSD17B14:Q9BPX1:OID31098:v1:NeurologyII	1.96796E-22	0.334837149	3	52495338	52524495
CD163	GALNT7	trans-position, trans-gene	45042	20	45022	2.03e-21	2.103581711	1.669947358	2.537216063	0.221240134	URmtr	Oncology	GALNT7:Q86SF2:OID21377:v1:Oncology	9.21222E-22	2.072510185	12	7470811	7503893
MCM7	PILRB	cis-position, trans-gene	45275	121	45154	2.2e-21	-0.845103964	-1.019468353	-0.670739575	0.088960678	rec	Cardiometabolic	PILRB:Q9UKJ0:OID20197:v1:Cardiometabolic	2.50752E-19	-0.781999466	7	100092728	100101940
SIRT2	SIRT2	cis-position, cis-gene	45042	124	44918	2.22e-21	-0.84557283	-1.020050795	-0.671094864	0.089018613	flexdmg	Oncology	SIRT2:Q8IXJ6:OID21375:v1:Oncology	3.31072E-21	-0.837148078	19	38878555	38899862
CD200R1	CD200R1	cis-position, cis-gene	45041	30	45011	2.49e-21	-1.714968563	-2.069276483	-1.360660643	0.180767809	ptvraredmg	Inflammation	CD200R1:Q8TD46:OID20595:v1:Inflammation	3.64118E-22	-1.726003551	3	112921205	112975103
ART3	ART3	cis-position, cis-gene	45432	47	45385	2.55e-21	-1.252935175	-1.511864101	-0.99400625	0.132105501	ptvraredmg	Cardiometabolic	ART3:Q13508:OID20346:v1:Cardiometabolic	1.0444E-22	-1.229469867	4	76011184	76112802
ASGR1	SPINK5	trans-position, trans-gene	45260	103	45157	2.58e-21	0.904691942	0.71770698	1.091676903	0.095399691	ptvraredmg	Neurology	SPINK5:Q9NQ38:OID21148:v1:Neurology	2.34629E-24	0.955163778	17	7173431	7179564
SETMAR	SETMAR	cis-position, cis-gene	44766	29	44737	2.85e-21	-1.661381895	-2.005131169	-1.317632622	0.175380761	URmtr	Neurology	SETMAR:Q53H47:OID20948:v1:Neurology	3.52192E-20	-1.515738069	3	4303332	4317265
SERPINA5	SERPINA5	cis-position, cis-gene	45104	40	45064	2.93e-21	-1.458225857	-1.760041131	-1.156410584	0.15398608	rec	InflammationII	SERPINA5:P05154:OID30763:v1:InflammationII	5.35738E-17	-0.969530937	14	94561442	94593118
GNPTAB	PSAP	trans-position, trans-gene	45233	76	45157	3.15e-21	1.046841348	0.830001248	1.263681447	0.110631775	ptv	CardiometabolicII	PSAP:P07602:OID30419:v1:CardiometabolicII	3.87265E-21	0.968968895	12	101745497	101830867
CD300A	CD300A	cis-position, cis-gene	44654	17	44637	3.24e-21	-2.23772665	-2.701385652	-1.774067648	0.236558647	ptvraredmg	InflammationII	CD300A:Q9UGN4:OID30576:v1:InflammationII	4.33514E-20	-2.008261972	17	74466399	74484794
FCER2	FCER2	cis-position, cis-gene	45260	159	45101	3.74e-21	-0.743208313	-0.897447002	-0.588969625	0.078692549	flexnonsynmtr	Neurology	FCER2:P06734:OID21133:v1:Neurology	5.71964E-23	-0.719843748	19	7688758	7702146
ICAM1	ICAM1	cis-position, cis-gene	45057	25	45032	3.9e-21	-1.850483171	-2.234702839	-1.466263503	0.196028777	ptvraredmg	Cardiometabolic	ICAM1:P05362:OID20411:v1:Cardiometabolic	2.98061E-21	-1.85371052	19	10271093	10286615
PLXNB3	PLXNB3	cis-position, cis-gene	45128	647	44481	3.91e-21	-0.371626246	-0.44878968	-0.294462812	0.039368766	rec	Cardiometabolic	PLXNB3:Q9ULL4:OID20160:v1:Cardiometabolic	4.32246E-22	-0.36265763	X	153764196	153779346
ASGR1	IL18BP	trans-position, trans-gene	45433	104	45329	4.18e-21	0.870967539	0.689990396	1.051944682	0.092334513	ptvraredmg	Cardiometabolic	IL18BP:O95998:OID20348:v1:Cardiometabolic	2.6123E-21	0.858666964	17	7173431	7179564
SCARA5	SCARA5	cis-position, cis-gene	45644	20	45624	4.46e-21	-1.941408158	-2.345103712	-1.537712604	0.20596544	ptv	Neurology	SCARA5:Q6ZMJ2:OID21058:v1:Neurology	4.98028E-21	-1.942952958	8	27869883	27992673
FUT1	PCDH17	trans-position, trans-gene	45275	207	45068	4.9e-21	0.647928362	0.513057313	0.782799412	0.068811184	flexdmg	Cardiometabolic	PCDH17:O14917:OID20132:v1:Cardiometabolic	1.95385E-21	0.634035621	19	48748011	48755390
MOCS1	SUOX	trans-position, trans-gene	45520	470	45050	5.3e-21	-0.424919121	-0.513447959	-0.336390283	0.045167403	flexdmg	NeurologyII	SUOX:P51687:OID31031:v1:NeurologyII	2.67013E-24	-0.443427059	6	39903705	39934551
NLRC4	HMOX1	trans-position, trans-gene	44775	91	44684	5.4e-21	-0.952602757	-1.151110698	-0.754094815	0.101278684	ptv	Cardiometabolic	HMOX1:P09601:OID20217:v1:Cardiometabolic	3.77643E-20	-0.915103343	2	32224449	32265743
EDEM1	TCTN3	trans-position, trans-gene	45616	160	45456	5.44e-21	0.728440052	0.576630344	0.88024976	0.0774533	ptvraredmg	CardiometabolicII	TCTN3:Q6NUS6:OID30326:v1:CardiometabolicII	1.0431E-23	0.739679839	3	5187674	5219965
SPPL2A	FAP	trans-position, trans-gene	45810	150	45660	5.82e-21	-0.743733562	-0.898848387	-0.588618738	0.079139579	flexnonsynmtr	Cardiometabolic	FAP:Q12884:OID20330:v1:Cardiometabolic	1.09403E-21	-0.726941723	15	50707533	50766158
NID1	NID1	cis-position, cis-gene	45276	21	45255	5.95e-21	-1.996365234	-2.41283428	-1.579896187	0.212482429	ptv	Cardiometabolic	NID1:P14543:OID20362:v1:Cardiometabolic	1.03504E-21	-1.944863776	1	235975830	236065109
STAB1	PTX3	trans-position, trans-gene	45190	727	44463	7.23e-21	0.346237994	0.27384988	0.418626108	0.0369324	ptvraredmg	Inflammation	PTX3:P26022:OID20570:v1:Inflammation	2.56916E-21	0.326701317	3	52495338	52524495
SEZ6L	SEZ6L	cis-position, cis-gene	45388	232	45156	7.37e-21	-0.584568016	-0.706809675	-0.462326358	0.062367675	flexdmg	Oncology	SEZ6L:Q9BYH1:OID21488:v1:Oncology	1.13118E-23	-0.596022486	22	26169462	26383597
SSC5D	ANGPTL2	trans-position, trans-gene	45306	93	45213	8.28e-21	-0.9500014	-1.148922698	-0.751080102	0.101489611	ptv	Inflammation	ANGPTL2:Q9UKU9:OID20726:v1:Inflammation	1.65917E-25	-0.999649278	19	55488404	55519099
HAO1	HAO1	cis-position, cis-gene	45621	161	45460	8.9e-21	-0.70435941	-0.851967119	-0.556751701	0.075309441	flexdmg	Oncology	HAO1:Q9UJM8:OID21395:v1:Oncology	9.25691E-23	-0.708273784	20	7882985	7940458
ECE1	ECE1	cis-position, cis-gene	44217	282	43935	9.1e-21	-0.55692502	-0.673662468	-0.440187571	0.059559386	flexdmg	Neurology	ECE1:P42892:OID20891:v1:Neurology	7.58117E-23	-0.567156571	1	21217247	21345572
APOB	PCSK9	trans-position, trans-gene	45810	78	45732	9.45e-21	-1.027098596	-1.242485975	-0.811711217	0.109890634	ptv	Cardiometabolic	PCSK9:Q8NBP7:OID20235:v1:Cardiometabolic	1.70433E-21	-1.004133815	2	21001429	21044073
RPE	RPE	cis-position, cis-gene	44858	133	44725	1e-20	-0.803638487	-0.972273891	-0.635003082	0.08603773	flexdmg	OncologyII	RPE:Q96AT9:OID31324:v1:OncologyII	3.48814E-22	-0.807254566	2	210002565	210022260
CHGB	CHGB	cis-position, cis-gene	45497	29	45468	1.04e-20	-1.667693873	-2.017787563	-1.317600184	0.178617758	ptv	Neurology	CHGB:P05060:OID21038:v1:Neurology	6.88255E-22	-1.695839292	20	5911510	5925353
STAB2	NCAN	trans-position, trans-gene	45644	991	44653	1.06e-20	0.279619822	0.220907653	0.33833199	0.029954944	flexdmg	Neurology	NCAN:O14594:OID21055:v1:Neurology	2.04494E-22	0.275701317	12	103587273	103766719
STAB1	NID1	trans-position, trans-gene	45276	1226	44050	1.06e-20	0.263135201	0.207880687	0.318389715	0.028190843	flexdmg	Cardiometabolic	NID1:P14543:OID20362:v1:Cardiometabolic	1.0303E-21	0.258002069	3	52495338	52524495
MMP1	MMP1	cis-position, cis-gene	43610	76	43534	1.1e-20	-1.059749929	-1.282353507	-0.837146351	0.113572188	ptv	Inflammation	MMP1:P03956:OID20672:v1:Inflammation	3.27356E-21	-1.043524058	11	102789401	102798160
STAB1	ADAMTS13	trans-position, trans-gene	45810	186	45624	1.39e-20	0.673972264	0.532013644	0.815930883	0.072427283	ptv	Cardiometabolic	ADAMTS13:Q76LX8:OID20249:v1:Cardiometabolic	8.85382E-20	0.641959938	3	52495338	52524495
CAPN2	GFAP	trans-position, trans-gene	44106	387	43719	1.75e-20	-0.431199201	-0.522263734	-0.340134668	0.046461075	flexdmg	Oncology	GFAP:P14136:OID21247:v1:Oncology	5.71492E-20	-0.398317239	1	223701593	223776018
PARK7	PARK7	cis-position, cis-gene	45260	100	45160	1.76e-20	-0.908449264	-1.100311672	-0.716586856	0.097888164	flexdmg	Neurology	PARK7:Q99497:OID21160:v1:Neurology	5.41567E-23	-0.921373647	1	7954291	7985505
NPC1	CTSL	trans-position, trans-gene	45276	636	44640	1.81e-20	0.355217028	0.280171476	0.430262579	0.038288226	flexdmg	Cardiometabolic	CTSL:P07711:OID20228:v1:Cardiometabolic	7.01489E-21	0.340462093	18	23506184	23586617
B4GALNT3	DSG3	trans-position, trans-gene	45471	336	45135	1.85e-20	0.475554275	0.375057478	0.576051072	0.051273453	flexdmg	Oncology	DSG3:P32926:OID21460:v1:Oncology	8.52382E-20	0.444914573	12	460377	561892
STAB2	OMD	trans-position, trans-gene	45452	979	44473	1.85e-20	0.284516977	0.224392628	0.344641326	0.030675435	flexdmg	Inflammation	OMD:Q99983:OID20725:v1:Inflammation	1.45785E-19	0.261687426	12	103587273	103766719
ASGR1	EBI3_IL27	trans-position, trans-gene	45553	104	45449	1.9e-20	0.876196801	0.690986274	1.061407328	0.094494391	flexdmg	Oncology	EBI3_IL27:Q14213_Q8NEV9:OID21389:v1:Oncology	1.12606E-20	0.862257069	17	7173431	7179564
CD163L1	NADK	trans-position, trans-gene	45276	175	45101	2.01e-20	0.684083174	0.539385591	0.828780756	0.073824679	flexdmg	Cardiometabolic	NADK:O95544:OID20178:v1:Cardiometabolic	3.01927E-21	0.666381599	12	7326484	7444185
CD163L1	NPTX2	trans-position, trans-gene	45606	178	45428	2.07e-20	0.584627743	0.460925168	0.708330317	0.063113043	flexdmg	CardiometabolicII	NPTX2:P47972:OID30390:v1:CardiometabolicII	6.88417E-21	0.567894087	12	7326484	7444185
REG3A	REG3A	cis-position, cis-gene	45810	19	45791	2.12e-20	-2.035855444	-2.466742524	-1.604968363	0.219838576	ptvraredmg	Cardiometabolic	REG3A:Q06141:OID20258:v1:Cardiometabolic	2.3363E-23	-2.083105508	2	79157003	79159753
ADAM22	ADAM22	cis-position, cis-gene	44914	12	44902	2.21e-20	-2.613149	-3.166493634	-2.059804366	0.282316267	ptv	Neurology	ADAM22:Q9P0K1:OID21001:v1:Neurology	2.01453E-20	-2.610868143	7	87934143	88202889
EFCAB14	EFCAB14	cis-position, cis-gene	45423	12	45411	2.32e-20	-2.522544319	-3.057001345	-1.988087293	0.272679898	ptv	OncologyII	EFCAB14:O75071:OID31460:v1:OncologyII	7.58207E-24	-2.552542303	1	46674659	46719146
GNPTAB	CTSV	trans-position, trans-gene	45466	77	45389	2.48e-20	0.975047327	0.768300718	1.181793935	0.105482093	ptv	Oncology	CTSV:O60911:OID21405:v1:Oncology	8.18998E-19	0.874262555	12	101745497	101830867
STAB2	SCG3	trans-position, trans-gene	45300	977	44323	3.72e-20	0.290788801	0.228838324	0.352739279	0.031607123	flexdmg	Inflammation	SCG3:Q8WXD2:OID20728:v1:Inflammation	1.0355E-21	0.284479734	12	103587273	103766719
PCSK7	TFRC	trans-position, trans-gene	45430	140	45290	3.78e-20	-0.759371034	-0.921179622	-0.597562447	0.082554718	ptvraredmg	Cardiometabolic	TFRC:P02786:OID20369:v1:Cardiometabolic	3.81746E-20	-0.714780721	11	117204337	117232525
FCN3	MASP1	trans-position, trans-gene	44842	100	44742	3.85e-20	-0.902373358	-1.09469051	-0.710056205	0.09812015	flexdmg	Neurology	MASP1:P48740:OID20954:v1:Neurology	5.95827E-25	-0.937237452	1	27369110	27374825
CD163	CD163	cis-position, cis-gene	45433	58	45375	3.89e-20	-1.176993542	-1.427872704	-0.92611438	0.127998513	ptvraredmg	Cardiometabolic	CD163:Q86VB7:OID20360:v1:Cardiometabolic	1.75389E-16	-0.983191524	12	7470811	7503893
PTGR1	PTGR1	cis-position, cis-gene	45616	75	45541	3.91e-20	-1.031412731	-1.251272948	-0.811552514	0.112172664	ptvraredmg	CardiometabolicII	PTGR1:Q14914:OID30297:v1:CardiometabolicII	2.46657E-22	-1.028823465	9	111549722	111599893
PCDHGB7	BCHE	trans-position, trans-gene	44938	519	44419	3.93e-20	0.394654741	0.310524527	0.478784954	0.04292321	rec	InflammationII	BCHE:P06276:OID30717:v1:InflammationII	4.49547E-20	0.389218383	5	141417647	141512981
MMP28	LAMA4	trans-position, trans-gene	45452	175	45277	4.18e-20	0.688554917	0.541665382	0.835444451	0.074943021	flexdmg	Inflammation	LAMA4:Q16363:OID20769:v1:Inflammation	2.58473E-22	0.679394854	17	35756249	35795707
STAB2	ESM1	trans-position, trans-gene	45225	977	44248	4.36e-20	0.288391843	0.22683874	0.349944947	0.031404381	flexdmg	Inflammation	ESM1:Q9NQ30:OID20758:v1:Inflammation	8.88046E-19	0.26235122	12	103587273	103766719
FKBP14	FKBP14	cis-position, cis-gene	45520	112	45408	4.54e-20	-0.861596967	-1.045580567	-0.677613368	0.093868411	flexnonsynmtr	NeurologyII	FKBP14:Q9NWM8:OID31065:v1:NeurologyII	3.37113E-21	-0.854454778	7	30010587	30026702
MMP2	TIMP2	trans-position, trans-gene	45616	217	45399	5.19e-20	0.615425258	0.483801396	0.747049121	0.067154483	flexdmg	CardiometabolicII	TIMP2:P16035:OID30318:v1:CardiometabolicII	2.43163E-19	0.586262307	16	55478830	55506691
ASGR1	CD33	trans-position, trans-gene	45388	104	45284	5.24e-20	0.902062183	0.709109794	1.095014571	0.098444279	flexdmg	Oncology	CD33:P20138:OID21472:v1:Oncology	7.69224E-21	0.890709936	17	7173431	7179564
CAPG	CAPG	cis-position, cis-gene	44892	36	44856	5.4e-20	-1.49318555	-1.81269093	-1.17368017	0.163011547	ptv	Oncology	CAPG:P40121:OID21431:v1:Oncology	3.05905E-22	-1.478567794	2	85394753	85418432
SUSD5	SUSD5	cis-position, cis-gene	44435	15	44420	5.89e-20	-2.124017935	-2.578969391	-1.669066479	0.23211603	ptv	InflammationII	SUSD5:O60279:OID30650:v1:InflammationII	1.77097E-25	-2.161549139	3	33150043	33218810
GNPTAB	CTSB	trans-position, trans-gene	45319	76	45243	6.45e-20	1.025979939	0.805983124	1.245976754	0.112242336	ptv	Cardiometabolic	CTSB:P07858:OID20276:v1:Cardiometabolic	1.42533E-18	0.915444818	12	101745497	101830867
TNFRSF13B	FCRL2	trans-position, trans-gene	45542	357	45185	7.18e-20	0.476426841	0.374138334	0.578715348	0.052187585	flexdmg	Inflammation	FCRL2:Q96LA5:OID20639:v1:Inflammation	3.97342E-20	0.459955305	17	16929816	16972118
STAB1	SDC1	trans-position, trans-gene	45276	1233	44043	7.23e-20	0.253820474	0.19932082	0.308320129	0.027805713	flexdmg	Cardiometabolic	SDC1:P18827:OID20169:v1:Cardiometabolic	8.85202E-22	0.255920491	3	52495338	52524495
PLG	CXCL9	trans-position, trans-gene	45452	362	45090	7.29e-20	-0.437187532	-0.531068707	-0.343306358	0.047898162	flexdmg	Inflammation	CXCL9:Q07325:OID20675:v1:Inflammation	9.45302E-19	-0.411113572	6	160702238	160754097
TCL1A	TCL1A	cis-position, cis-gene	44851	78	44773	7.52e-20	-1.001426508	-1.216548419	-0.786304596	0.109755131	flexnonsynmtr	Neurology	TCL1A:P56279:OID20987:v1:Neurology	1.24787E-20	-0.98835013	14	95709947	95714196
CILP	CILP	cis-position, cis-gene	45606	52	45554	7.6e-20	-1.200737555	-1.458707786	-0.942767324	0.131616389	ptv	CardiometabolicII	CILP:O75339:OID30399:v1:CardiometabolicII	1.30529E-19	-1.087798416	15	65194760	65211473
CLEC14A	CLEC14A	cis-position, cis-gene	45260	74	45186	7.83e-20	-1.009149829	-1.226034844	-0.792264814	0.110654693	flexdmg	Neurology	CLEC14A:Q86T13:OID21090:v1:Neurology	6.18506E-21	-0.98828646	14	38254000	38256093
CHL1	CHL1	cis-position, cis-gene	45362	301	45061	8.2e-20	-0.519582886	-0.631313805	-0.407851967	0.057005097	flexdmg	Cardiometabolic	CHL1:O00533:OID20366:v1:Cardiometabolic	2.91537E-19	-0.490846084	3	196763	409417
COCH	COCH	cis-position, cis-gene	45616	17	45599	8.53e-20	-2.1422296	-2.603108927	-1.681350274	0.235140593	ptv	CardiometabolicII	COCH:O43405:OID30305:v1:CardiometabolicII	4.24278E-26	-2.188089776	14	30874514	30895065
FBLN2	FBLN2	cis-position, cis-gene	45606	28	45578	9.31e-20	-1.61373742	-1.961280243	-1.266194598	0.177316317	ptv	CardiometabolicII	FBLN2:P98095:OID30378:v1:CardiometabolicII	2.74454E-19	-1.611913807	3	13549125	13638422
APOB	PLA2G10	trans-position, trans-gene	44914	75	44839	1.01e-19	1.016514867	0.797376834	1.2356529	0.111804159	ptv	Neurology	PLA2G10:O15496:OID21002:v1:Neurology	6.19257E-22	1.030691331	2	21001429	21044073
XK	SRPX	cis-position, trans-gene	45616	105	45511	1.03e-19	-0.818665696	-0.995190795	-0.642140597	0.09006309	rec	CardiometabolicII	SRPX:P78539:OID30310:v1:CardiometabolicII	7.66836E-19	-0.786198066	X	37685781	37732130
STAB2	BMP10	trans-position, trans-gene	44654	961	43693	1.07e-19	0.282439225	0.22151381	0.343364639	0.031084123	flexdmg	InflammationII	BMP10:O95393:OID30575:v1:InflammationII	1.00597E-20	0.271944964	12	103587273	103766719
STAB1	ENTPD6	trans-position, trans-gene	44454	1218	43236	1.23e-19	0.262654784	0.205897532	0.319412035	0.028957525	flexdmg	Cardiometabolic	ENTPD6:O75354:OID20100:v1:Cardiometabolic	9.49041E-23	0.270380832	3	52495338	52524495
STAB1	NCAN	trans-position, trans-gene	45644	726	44918	1.26e-19	0.316447334	0.248047098	0.38484757	0.034897795	ptvraredmg	Neurology	NCAN:O14594:OID21055:v1:Neurology	2.34796E-20	0.303065936	3	52495338	52524495
FUOM	FUOM	cis-position, cis-gene	44654	37	44617	1.54e-19	-1.426978218	-1.736172737	-1.1177837	0.157750926	flexdmg	InflammationII	FUOM:A2VDF0:OID30626:v1:InflammationII	3.68119E-22	-1.342486974	10	133355158	133358025
FOLR2	FOLR3	cis-position, trans-gene	45246	98	45148	1.69e-19	-0.898369945	-1.093235924	-0.703503966	0.099420584	flexdmg	Oncology	FOLR3:P41439:OID21485:v1:Oncology	2.2329E-26	-0.963701632	11	72216601	72221950
RGS9	MILR1	cis-position, trans-gene	44437	206	44231	1.72e-19	0.62239401	0.487354831	0.757433189	0.068896929	rec	Inflammation	MILR1:Q7Z6M3:OID20482:v1:Inflammation	3.47338E-20	0.627936952	17	65137338	65227703
COQ7	COQ7	cis-position, cis-gene	44457	63	44394	1.79e-19	-1.113657567	-1.355388463	-0.87192667	0.123330997	flexdmg	CardiometabolicII	COQ7:Q99807:OID30217:v1:CardiometabolicII	1.02884E-20	-1.072431575	16	19067614	19080095
LCAT	BPIFA2	trans-position, trans-gene	43098	161	42937	2e-19	-0.687340298	-0.836736667	-0.537943929	0.076221896	flexdmg	CardiometabolicII	BPIFA2:Q96DR5:OID30279:v1:CardiometabolicII	1.94512E-23	-0.728520736	16	67939750	67944131
ASGR1	IGF1R	trans-position, trans-gene	45042	104	44938	2.14e-19	0.848166577	0.663656752	1.032676401	0.094136865	flexdmg	Oncology	IGF1R:P08069:OID21274:v1:Oncology	3.88664E-19	0.823459191	17	7173431	7179564
FSTL1	FSTL1	cis-position, cis-gene	44457	74	44383	2.17e-19	-1.034225639	-1.259242076	-0.809209202	0.114803287	flexnonsynmtr	CardiometabolicII	FSTL1:Q12841:OID30254:v1:CardiometabolicII	1.92899E-19	-0.996743278	3	120392293	120450993
OGN	OGN	cis-position, cis-gene	45260	45	45215	2.21e-19	-1.229829812	-1.497465734	-0.962193889	0.136547796	flexdmg	Neurology	OGN:P20774:OID21123:v1:Neurology	1.53744E-17	-1.031526979	9	92383268	92404696
MME	MME	cis-position, cis-gene	45042	92	44950	2.34e-19	-0.896551243	-1.091798127	-0.701304359	0.09961491	ptv	Oncology	MME:P08473:OID21307:v1:Oncology	5.14946E-22	-0.942120911	3	155024124	155183704
PKD1	PKD1	cis-position, cis-gene	45616	947	44669	2.46e-19	-0.270891701	-0.329921181	-0.211862222	0.030116835	flexdmg	CardiometabolicII	PKD1:P98161:OID30328:v1:CardiometabolicII	1.26612E-19	-0.256483437	16	2088708	2135898
SLC34A3	DPP7	cis-position, trans-gene	44917	188	44729	2.49e-19	-0.650116721	-0.791803161	-0.508430281	0.07228838	rec	Cardiometabolic	DPP7:Q9UHL4:OID20142:v1:Cardiometabolic	4.84364E-16	-0.562725856	9	137230757	137236555
B4GALNT3	LYPD3	trans-position, trans-gene	45027	335	44692	2.52e-19	0.482595261	0.377401788	0.587788734	0.053669682	flexdmg	Oncology	LYPD3:O95274:OID21530:v1:Oncology	4.96423E-19	0.458288508	12	460377	561892
ASGR1	VCAM1	trans-position, trans-gene	45351	104	45247	2.83e-19	0.853255701	0.667001426	1.039509976	0.0950269	flexdmg	Cardiometabolic	VCAM1:P19320:OID20396:v1:Cardiometabolic	1.4808E-19	0.843728316	17	7173431	7179564
WWP2	WWP2	cis-position, cis-gene	44914	189	44725	2.84e-19	-0.6382295	-0.777551502	-0.498907497	0.071082044	flexdmg	Neurology	WWP2:O00308:OID20926:v1:Neurology	1.44824E-21	-0.653174773	16	69762328	69941741
GBE1	GFAP	trans-position, trans-gene	44106	178	43928	2.95e-19	0.613506383	0.479520994	0.747491771	0.068359272	ptvraredmg	Oncology	GFAP:P14136:OID21247:v1:Oncology	1.27759E-18	0.573586787	3	81489699	81761799
STAB2	KAZALD1	trans-position, trans-gene	45042	977	44065	2.96e-19	0.287621676	0.224804521	0.350438831	0.032049296	flexdmg	Oncology	KAZALD1:Q96I82:OID21339:v1:Oncology	2.35824E-21	0.284841089	12	103587273	103766719
CST6	CST6	cis-position, cis-gene	44070	15	44055	3.24e-19	-2.186646538	-2.664752862	-1.708540214	0.243929578	flexdmg	Cardiometabolic	CST6:Q15828:OID20293:v1:Cardiometabolic	3.5244E-20	-2.180749907	11	66012008	66013505
C1QC	C1QA	cis-position, trans-gene	45524	143	45381	3.47e-19	0.72776961	0.568507218	0.887032003	0.081255655	flexdmg	Inflammation	C1QA:P02745:OID20654:v1:Inflammation	4.99011E-19	0.711814856	1	22643625	22648110
SMPDL3A	SMPDL3A	cis-position, cis-gene	45384	120	45264	3.5e-19	-0.816484404	-0.995175969	-0.63779284	0.091168408	ptvraredmg	Inflammation	SMPDL3A:Q92484:OID20676:v1:Inflammation	5.72375E-18	-0.726811949	6	122789049	122809720
SPINT1	CDSN	trans-position, trans-gene	45602	26	45576	3.57e-19	-1.722264793	-2.099281625	-1.345247961	0.192353953	ptv	Inflammation	CDSN:Q15517:OID20667:v1:Inflammation	5.3573E-19	-1.5958045	15	40844018	40858207
VAT1	VAT1	cis-position, cis-gene	45042	37	45005	3.65e-19	-1.453469668	-1.771735744	-1.135203591	0.16237927	ptvraredmg	Oncology	VAT1:Q99536:OID21382:v1:Oncology	1.62049E-17	-1.270915071	17	43014607	43025123
IQGAP2	CDH2	trans-position, trans-gene	45276	146	45130	3.71e-19	0.673783143	0.526215326	0.821350959	0.075289072	ptv	Cardiometabolic	CDH2:P19022:OID20170:v1:Cardiometabolic	2.2254E-19	0.664041492	5	76403285	76708132
ASGR1	ALCAM	trans-position, trans-gene	45810	106	45704	3.85e-19	0.800739418	0.625286072	0.976192764	0.089516292	flexdmg	Cardiometabolic	ALCAM:Q13740:OID20273:v1:Cardiometabolic	3.75187E-19	0.783665147	17	7173431	7179564
FNDC1	FNDC1	cis-position, cis-gene	45493	33	45460	4.04e-19	-1.531498557	-1.867268227	-1.195728887	0.171309644	ptv	NeurologyII	FNDC1:Q4ZHG4:OID31127:v1:NeurologyII	6.64577E-20	-1.500100417	6	159169400	159272108
STAB1	NCAM1	trans-position, trans-gene	45432	718	44714	4.31e-19	0.319095372	0.249078496	0.389112249	0.0357226	ptvraredmg	Cardiometabolic	NCAM1:P13591:OID20354:v1:Cardiometabolic	6.84677E-22	0.319922375	3	52495338	52524495
VCAM1	VCAM1	cis-position, cis-gene	45351	61	45290	4.69e-19	-1.106450095	-1.349481763	-0.863418427	0.123994717	flexdmg	Cardiometabolic	VCAM1:P19320:OID20396:v1:Cardiometabolic	3.77137E-21	-1.130588257	1	100719742	100739045
EGFR	EGFR	cis-position, cis-gene	45810	16	45794	5.1e-19	-2.135739987	-2.605354377	-1.666125598	0.239597248	ptv	Cardiometabolic	EGFR:P00533:OID20319:v1:Cardiometabolic	5.64838E-19	-2.135303671	7	55019017	55211628
PTPRR	PTPRR	cis-position, cis-gene	45493	185	45308	5.17e-19	-0.641442935	-0.782507926	-0.500377944	0.071971341	flexnonsynmtr	NeurologyII	PTPRR:Q15256:OID31099:v1:NeurologyII	1.95211E-18	-0.598003469	12	70638073	70920738
FCAR	FCAR	cis-position, cis-gene	45190	18	45172	5.21e-19	2.077381903	1.620480865	2.534282941	0.233110812	flexdmg	Inflammation	FCAR:P24071:OID20564:v1:Inflammation	3.61336E-11	1.40372388	19	54874235	54891420
LILRA5	LILRA5	cis-position, cis-gene	45200	78	45122	5.7e-19	-0.984811837	-1.201651403	-0.76797227	0.110631501	flexnonsynmtr	Cardiometabolic	LILRA5:A6NI73:OID20209:v1:Cardiometabolic	4.82812E-22	-0.972360145	19	54307070	54313166
CELA2A	CELA2A	cis-position, cis-gene	45606	29	45577	5.81e-19	-1.635571527	-1.995790165	-1.275352888	0.183783517	ptv	CardiometabolicII	CELA2A:P08217:OID30411:v1:CardiometabolicII	3.94627E-22	-1.649943156	1	15456728	15472091
ATP7B	NHLRC3	trans-position, trans-gene	43654	1017	42637	6.58e-19	0.274501889	0.213953259	0.335050518	0.030891869	flexdmg	InflammationII	NHLRC3:Q5JS37:OID30614:v1:InflammationII	6.14677E-20	0.273648408	13	51891086	52012099
DDAH1	DDAH1	cis-position, cis-gene	45042	37	45005	7.17e-19	-1.42983286	-1.745565207	-1.114100512	0.161086562	flexdmg	Oncology	DDAH1:O94760:OID21299:v1:Oncology	9.26952E-20	-1.346823398	1	85318481	85578363
KLKB1	RAB6A	trans-position, trans-gene	45190	309	44881	7.87e-19	-0.493920384	-0.603115754	-0.384725014	0.055711454	flexdmg	Inflammation	RAB6A:P20340:OID20608:v1:Inflammation	3.0094E-28	-0.520590906	4	186226438	186258471
MMP10	MMP10	cis-position, cis-gene	45147	16	45131	8.09e-19	-2.196788632	-2.682620738	-1.710956526	0.24787143	ptv	Inflammation	MMP10:P09238:OID20687:v1:Inflammation	3.21478E-70	-1.654283418	11	102770502	102780628
ASGR1	PLXDC2	trans-position, trans-gene	45493	103	45390	8.37e-19	0.860757523	0.670315984	1.051199063	0.09716325	flexdmg	NeurologyII	PLXDC2:Q6UX71:OID31101:v1:NeurologyII	2.02008E-19	0.857517581	17	7173431	7179564
ASGR1	CD79B	trans-position, trans-gene	45752	106	45646	8.86e-19	0.843489667	0.656734073	1.03024526	0.095282695	flexdmg	Inflammation	CD79B:P40259:OID20635:v1:Inflammation	1.28106E-18	0.820029945	17	7173431	7179564
PADI4	PADI4	cis-position, cis-gene	44143	265	43878	9.98e-19	-0.535349489	-0.654057194	-0.416641784	0.060564607	flexnonsynmtr	Neurology	PADI4:Q9UM07:OID20832:v1:Neurology	2.43915E-23	-0.556068533	1	17308195	17364004
ANG	ANG	cis-position, cis-gene	45133	12	45121	1.09e-18	-2.422951069	-2.960839	-1.885063138	0.274430298	ptv	Cardiometabolic	ANG:P03950:OID20403:v1:Cardiometabolic	1.4184E-18	-2.319419867	14	20684177	20698971
ASGR1	VIT	trans-position, trans-gene	45616	105	45511	1.21e-18	0.764088153	0.594249768	0.933926538	0.086651529	flexdmg	CardiometabolicII	VIT:Q6UXI7:OID30334:v1:CardiometabolicII	5.36371E-21	0.797942789	17	7173431	7179564
ASGR1	DDR1	trans-position, trans-gene	45644	106	45538	1.25e-18	0.838847238	0.65230934	1.025385136	0.095171621	flexdmg	Neurology	DDR1:Q08345:OID21009:v1:Neurology	3.67219E-19	0.832683902	17	7173431	7179564
ASGR1	PLAUR	trans-position, trans-gene	44935	104	44831	1.28e-18	0.823678229	0.640456828	1.006899631	0.093479506	flexdmg	Inflammation	PLAUR:Q03405:OID20764:v1:Inflammation	3.1092E-19	0.821202383	17	7173431	7179564
C6orf58	LEG1	cis-position, cis-gene	43293	38	43255	1.31e-18	-1.399180135	-1.71050404	-1.087856231	0.158837203	ptvraredmg	InflammationII	LEG1:Q6P5S2:OID30608:v1:InflammationII	1.15923E-18	-1.403035799	6	127577174	127591818
ASAH1	ASAH1	cis-position, cis-gene	45168	23	45145	1.39e-18	-1.812351822	-2.215920946	-1.408782698	0.205900878	ptv	CardiometabolicII	ASAH1:Q13510:OID30415:v1:CardiometabolicII	2.91016E-20	-1.790182844	8	18055992	18084998
ADH4	ADH4	cis-position, cis-gene	44454	102	44352	1.4e-18	-0.825083841	-1.008821126	-0.641346556	0.093742682	flexdmg	Cardiometabolic	ADH4:P08319:OID20117:v1:Cardiometabolic	1.01053E-20	-0.836386837	4	99123657	99157792
RNASE3	RNASE3	cis-position, cis-gene	45063	59	45004	1.42e-18	-1.120262989	-1.36977705	-0.870748928	0.127302011	flexdmg	Cardiometabolic	RNASE3:P12724:OID20203:v1:Cardiometabolic	1.59572E-21	-1.174709511	14	20891385	20892348
ABCA6	MEGF10	trans-position, trans-gene	45225	642	44583	1.43e-18	0.340983855	0.265029823	0.416937887	0.038751732	flexdmg	Inflammation	MEGF10:Q96KG7:OID20746:v1:Inflammation	9.36327E-19	0.327844768	17	69078089	69141992
ASGR1	SPINT1	trans-position, trans-gene	45117	103	45014	1.55e-18	0.860998466	0.669008078	1.052988854	0.09795345	ptvraredmg	Neurology	SPINT1:O43278:OID21109:v1:Neurology	8.20574E-20	0.871924805	17	7173431	7179564
MINDY1	MINDY1	cis-position, cis-gene	45424	175	45249	1.56e-18	-0.654721835	-0.800724379	-0.508719291	0.074490477	ptvraredmg	OncologyII	MINDY1:Q8N5J2:OID31399:v1:OncologyII	6.23277E-18	-0.629171202	1	150996549	151008376
KLRD1	KLRD1	cis-position, cis-gene	45752	10	45742	1.61e-18	-2.672839602	-3.269153637	-2.076525567	0.304239393	flexdmg	Inflammation	KLRD1:Q13241:OID20632:v1:Inflammation	5.10547E-22	-2.698802097	12	10226058	10329608
ASGR2	ASGR1	cis-position, trans-gene	44914	46	44868	1.69e-18	1.256136819	0.97572274	1.536550898	0.143067179	flexdmg	Neurology	ASGR1:P07306:OID20990:v1:Neurology	5.61549E-23	1.317984616	17	7101322	7115700
ADAM9	ADGRG2	trans-position, trans-gene	45276	94	45182	1.73e-18	-0.824807106	-1.008982433	-0.640631778	0.093966217	flexdmg	Cardiometabolic	ADGRG2:Q8IZP9:OID20189:v1:Cardiometabolic	2.86988E-18	-0.7833008	8	38996754	39105445
C1S	C1S	cis-position, cis-gene	45680	183	45497	1.74e-18	-0.641949249	-0.785309512	-0.498588985	0.073142397	flexnonsynmtr	InflammationII	C1S:P09871:OID30731:v1:InflammationII	1.16028E-18	-0.620165034	12	6988259	7071032
IDS	IDS	cis-position, cis-gene	45752	141	45611	1.75e-18	-0.734887902	-0.899014767	-0.570761037	0.083737519	flexdmg	Inflammation	IDS:P22304:OID20619:v1:Inflammation	2.51654E-21	-0.742818505	X	149476988	149521096
SEMA3B	ACY1	trans-position, trans-gene	45276	86	45190	1.88e-18	-0.880628326	-1.077488338	-0.683768315	0.100437941	ptv	Cardiometabolic	ACY1:Q03154:OID20137:v1:Cardiometabolic	8.92508E-18	-0.849512861	3	50267558	50277171
TNFRSF13B	TNFRSF13C	trans-position, trans-gene	44437	348	44089	1.91e-18	0.458434235	0.355937465	0.560931005	0.052293806	flexdmg	Inflammation	TNFRSF13C:Q96RJ3:OID20480:v1:Inflammation	8.35393E-20	0.457004514	17	16929816	16972118
A3GALT2	AK2	cis-position, trans-gene	45493	403	45090	2.44e-18	-0.433706704	-0.530986771	-0.336426637	0.049632278	rec	NeurologyII	AK2:P54819:OID31142:v1:NeurologyII	1.22051E-18	-0.434195974	1	33306766	33321098
SCARF1	SCARF1	cis-position, cis-gene	45810	169	45641	2.57e-18	-0.664421314	-0.813549736	-0.515292892	0.076085317	flexdmg	Cardiometabolic	SCARF1:Q14162:OID20297:v1:Cardiometabolic	8.29639E-18	-0.627751437	17	1633858	1645744
STAB2	A1BG	trans-position, trans-gene	45680	987	44693	2.64e-18	0.264578695	0.205174413	0.323982977	0.030308061	flexdmg	InflammationII	A1BG:P04217:OID30771:v1:InflammationII	4.2329E-23	0.281683322	12	103587273	103766719
IL17D	IL17D	cis-position, cis-gene	44437	37	44400	2.85e-18	-1.283543252	-1.572016003	-0.9950705	0.147178669	flexdmg	Inflammation	IL17D:Q8TAD2:OID20481:v1:Inflammation	2.93388E-16	-1.150015082	13	20702127	20723098
STAB1	LRP1	trans-position, trans-gene	45042	723	44319	2.89e-18	0.314156851	0.243538567	0.384775134	0.03602943	ptvraredmg	Oncology	LRP1:Q07954:OID21293:v1:Oncology	1.9207E-23	0.335569451	3	52495338	52524495
TREML2	TREML2	cis-position, cis-gene	45260	26	45234	2.99e-18	-1.678278847	-2.055707938	-1.300849757	0.192564249	ptvraredmg	Neurology	TREML2:Q5T2D2:OID21120:v1:Neurology	6.78123E-14	-1.41677137	6	41189749	41201149
NEDD4	NEDD4L	trans-position, trans-gene	44339	261	44078	3.16e-18	-0.528082271	-0.646928198	-0.409236343	0.060635135	flexdmg	InflammationII	NEDD4L:Q96PU5:OID30521:v1:InflammationII	6.27663E-17	-0.481754487	15	55826917	55993746
ASGR1	PTPRZ1	trans-position, trans-gene	45616	105	45511	3.2e-18	0.769072606	0.595961536	0.942183676	0.088321253	flexdmg	CardiometabolicII	PTPRZ1:P23471:OID30343:v1:CardiometabolicII	4.62123E-18	0.748578186	17	7173431	7179564
NUDT16	NUDT16	cis-position, cis-gene	45353	35	45318	3.22e-18	-1.456200971	-1.783997401	-1.128404541	0.167241685	raredmg	OncologyII	NUDT16:Q96DE0:OID31484:v1:OncologyII	4.87529E-19	-1.396463869	3	131381671	131388830
EGFLAM	EGFLAM	cis-position, cis-gene	45423	31	45392	3.28e-18	-1.545473248	-1.893450178	-1.197496319	0.177537779	ptv	OncologyII	EGFLAM:Q63HQ2:OID31496:v1:OncologyII	6.37098E-21	-1.589894573	5	38258409	38465480
CPN1	EBI3_IL27	trans-position, trans-gene	45553	58	45495	3.35e-18	-1.100539002	-1.348404725	-0.852673279	0.126461066	ptvraredmg	Oncology	EBI3_IL27:Q14213_Q8NEV9:OID21389:v1:Oncology	4.82669E-16	-0.929855189	10	100042308	100081901
LY6D	LY6D	cis-position, cis-gene	45024	18	45006	3.46e-18	-1.992415345	-2.441343855	-1.543486836	0.229043207	ptvraredmg	Inflammation	LY6D:Q14210:OID20708:v1:Inflammation	5.93826E-19	-1.983985428	8	142784882	142786539
CLEC4C	CLEC4C	cis-position, cis-gene	45190	39	45151	3.73e-18	-1.375429108	-1.685643936	-1.06521428	0.158271539	flexdmg	Inflammation	CLEC4C:Q8WTT0:OID20547:v1:Inflammation	1.40367E-19	-1.397411513	12	7729383	7751605
NAAA	NAAA	cis-position, cis-gene	44706	187	44519	3.94e-18	-0.626744963	-0.768199747	-0.485290179	0.07217018	flexdmg	Neurology	NAAA:Q02083:OID20931:v1:Neurology	8.11999E-19	-0.605537593	4	75913660	75941013
DXO	DXO	cis-position, cis-gene	45493	127	45366	4.29e-18	-0.762704508	-0.935042135	-0.590366882	0.087926636	flexdmg	NeurologyII	DXO:O77932:OID31080:v1:NeurologyII	3.61907E-18	-0.752374187	6	31969810	31972290
ASGR1	DSG3	trans-position, trans-gene	45471	104	45367	4.37e-18	0.797491226	0.617254617	0.977727835	0.091956695	ptvraredmg	Oncology	DSG3:P32926:OID21460:v1:Oncology	6.18325E-20	0.824976906	17	7173431	7179564
ASGR1	GRN	trans-position, trans-gene	45048	103	44945	4.39e-18	0.840428568	0.650472742	1.030384393	0.096915413	ptvraredmg	Neurology	GRN:P28799:OID21159:v1:Neurology	8.06949E-19	0.841352379	17	7173431	7179564
APOB	CES1	trans-position, trans-gene	45368	78	45290	4.45e-18	0.952717595	0.737346364	1.168088825	0.109882367	ptv	Cardiometabolic	CES1:P23141:OID20244:v1:Cardiometabolic	1.33085E-17	0.902419723	2	21001429	21044073
CLEC1B	CLEC1B	cis-position, cis-gene	45644	70	45574	5.43e-18	-1.025944388	-1.258480141	-0.793408634	0.118639723	flexdmg	Neurology	CLEC1B:Q9P126:OID21061:v1:Neurology	1.06051E-17	-0.992362789	12	9985642	10013424
L3MBTL2	SPESP1	trans-position, trans-gene	45616	60	45556	5.83e-18	1.019167965	0.787950665	1.250385265	0.117967046	ptvraredmg	CardiometabolicII	SPESP1:Q6UW49:OID30298:v1:CardiometabolicII	3.54053E-16	0.895449088	22	41205232	41231272
ABCA1	APOA2	trans-position, trans-gene	45669	772	44897	5.85e-18	-0.303106576	-0.371875754	-0.234337398	0.03508603	flexdmg	InflammationII	APOA2:P02652:OID30686:v1:InflammationII	1.2979E-18	-0.292021345	9	104781002	104928246
MPHOSPH10	CD207	cis-position, trans-gene	44284	258	44026	6.27e-18	-0.532280036	-0.653154207	-0.411405865	0.061669942	rec	Oncology	CD207:Q9UJ71:OID21298:v1:Oncology	5.38443E-17	-0.510519873	2	71130314	71150102
CD209	CLEC4M	cis-position, trans-gene	45539	104	45435	6.8e-18	-0.834698163	-1.024450883	-0.644945443	0.096811817	flexnonsynmtr	CardiometabolicII	CLEC4M:Q9H2X3:OID30405:v1:CardiometabolicII	2.78647E-19	-0.812024059	19	7739993	7747564
ASGR1	CD300A	trans-position, trans-gene	44654	104	44550	6.98e-18	0.825379852	0.637678953	1.013080752	0.095764928	ptvraredmg	InflammationII	CD300A:Q9UGN4:OID30576:v1:InflammationII	2.50538E-18	0.819045101	17	7173431	7179564
SORD	SORD	cis-position, cis-gene	45412	64	45348	7.17e-18	-1.03943865	-1.27590281	-0.802974491	0.120643979	flexdmg	Oncology	SORD:Q00796:OID21453:v1:Oncology	7.39353E-20	-1.014502683	15	45023147	45077185
TRIM10	MYL4	trans-position, trans-gene	44457	240	44217	7.42e-18	0.53992755	0.417041836	0.662813264	0.062696237	flexdmg	CardiometabolicII	MYL4:P12829:OID30245:v1:CardiometabolicII	3.82736E-20	0.5538925	6	30151939	30163440
ASGR1	PKD1	trans-position, trans-gene	45616	105	45511	8.79e-18	0.77001195	0.594362102	0.945661798	0.089616537	flexdmg	CardiometabolicII	PKD1:P98161:OID30328:v1:CardiometabolicII	1.04375E-18	0.774615374	17	7173431	7179564
ELAC1	ELAC1	cis-position, cis-gene	45520	72	45448	9.05e-18	-1.003869025	-1.232953264	-0.774784785	0.116878753	flexdmg	NeurologyII	ELAC1:Q9H777:OID31029:v1:NeurologyII	1.07312E-20	-1.046832777	18	50967991	50988121
RIPOR3	HBEGF	trans-position, trans-gene	45488	78	45410	9.09e-18	-0.961795272	-1.181291678	-0.742298866	0.111987039	ptv	Oncology	HBEGF:Q99075:OID21465:v1:Oncology	2.29105E-21	-1.021438972	20	50586108	50692004
ASGR1	CNTN4	trans-position, trans-gene	45260	103	45157	9.65e-18	0.81957953	0.63239032	1.006768739	0.095503899	flexdmg	Neurology	CNTN4:Q8IWV2:OID21117:v1:Neurology	6.95842E-18	0.805699582	17	7173431	7179564
ST3GAL6	LRRC25	trans-position, trans-gene	45042	51	44991	1e-17	-1.178086881	-1.44730549	-0.908868272	0.137355264	ptvraredmg	Oncology	LRRC25:Q8N386:OID21333:v1:Oncology	7.97043E-20	-1.182502458	3	98732236	98797054
IDO1	IDO1	cis-position, cis-gene	44457	60	44397	1.06e-17	-1.072234931	-1.317440868	-0.827028993	0.125103962	flexdmg	CardiometabolicII	IDO1:P14902:OID30230:v1:CardiometabolicII	4.23637E-24	-1.164841245	8	39913809	39928790
LILRB4	LILRB1	cis-position, trans-gene	45810	91	45719	1.07e-17	-0.871870086	-1.071274566	-0.672465607	0.10173616	ptv	Cardiometabolic	LILRB1:Q8NHL6:OID20323:v1:Cardiometabolic	1.23474E-17	-0.866258582	19	54643889	54670359
CSF1R	CSF1R	cis-position, cis-gene	45669	8	45661	1.15e-17	-2.969510512	-3.64934132	-2.289679704	0.34684963	ptv	InflammationII	CSF1R:P07333:OID30681:v1:InflammationII	1.0404E-17	-2.968613315	5	150053291	150113372
OR2T6	DYNLT1	trans-position, trans-gene	44410	84	44326	1.31e-17	0.929309034	0.7161776	1.142440468	0.108739561	ptv	NeurologyII	DYNLT1:P63172:OID30925:v1:NeurologyII	1.22115E-16	0.887215376	1	248387609	248388535
ASGR1	SIGLEC10	trans-position, trans-gene	45190	105	45085	1.33e-17	0.817591051	0.630054322	1.00512778	0.095681199	flexdmg	Inflammation	SIGLEC10:Q96LC7:OID20537:v1:Inflammation	1.17822E-17	0.801842226	17	7173431	7179564
SIGLEC8	SIGLEC8	cis-position, cis-gene	44457	47	44410	1.39e-17	-1.198069425	-1.473062555	-0.923076294	0.140301374	ptvraredmg	CardiometabolicII	SIGLEC8:Q9NYZ4:OID30261:v1:CardiometabolicII	4.50289E-21	-1.225814033	19	51450847	51458456
TNFRSF13B	CD22	trans-position, trans-gene	45752	358	45394	1.45e-17	0.436651068	0.336372998	0.536929138	0.051161867	flexdmg	Inflammation	CD22:P20273:OID20637:v1:Inflammation	5.13113E-18	0.423014918	17	16929816	16972118
GM2A	GM2A	cis-position, cis-gene	44578	35	44543	1.45e-17	-1.361492115	-1.674166872	-1.048817358	0.159526535	ptvraredmg	CardiometabolicII	GM2A:P17900:OID30413:v1:CardiometabolicII	1.11725E-13	-1.122885925	5	151212150	151270440
CCL28	CCL28	cis-position, cis-gene	45036	88	44948	1.5e-17	-0.889469052	-1.093838381	-0.685099723	0.104269178	ptv	Inflammation	CCL28:Q9NRJ3:OID20569:v1:Inflammation	1.85157E-17	-0.889424595	5	43376645	43412391
SLURP1	SLURP1	cis-position, cis-gene	45318	45	45273	1.66e-17	-1.236216533	-1.520648958	-0.951784109	0.145117373	flexnonsynmtr	CardiometabolicII	SLURP1:P55000:OID30404:v1:CardiometabolicII	4.75016E-16	-1.126636147	8	142740949	142742406
CPOX	CPOX	cis-position, cis-gene	44339	199	44140	1.76e-17	-0.596257844	-0.733552405	-0.458963283	0.070047619	flexdmg	InflammationII	CPOX:P36551:OID30495:v1:InflammationII	4.86115E-16	-0.543985954	3	98579446	98593648
IGF2R	CPVL	trans-position, trans-gene	45540	21	45519	1.91e-17	1.857625413	1.429399062	2.285851764	0.218481038	ptv	Oncology	CPVL:Q9H3G5:OID21435:v1:Oncology	1.13477E-17	1.860628218	6	159969082	160113507
TPMT	TPMT	cis-position, cis-gene	44180	132	44048	2.03e-17	-0.733765146	-0.903047171	-0.564483121	0.0863676	flexdmg	Oncology	TPMT:P51580:OID21270:v1:Oncology	3.906E-18	-0.714770611	6	18128311	18155077
PM20D1	PM20D1	cis-position, cis-gene	45047	233	44814	2.04e-17	-0.541654561	-0.666625149	-0.416683974	0.063759961	flexdmg	Cardiometabolic	PM20D1:Q6GTS8:OID20149:v1:Cardiometabolic	4.94009E-18	-0.538987869	1	205828025	205850132
SCARB1	IL1RL2	trans-position, trans-gene	44437	290	44147	2.19e-17	-0.474733643	-0.584371922	-0.365095365	0.055937401	flexdmg	Inflammation	IL1RL2:Q9HB29:OID20487:v1:Inflammation	1.33873E-17	-0.468599497	12	124776856	124882668
RBP7	RBP7	cis-position, cis-gene	45423	20	45403	2.45e-17	-1.821494596	-2.242815601	-1.400173591	0.214957916	flexdmg	OncologyII	RBP7:Q96R05:OID31526:v1:OncologyII	2.09853E-18	-1.804803465	1	9997206	10016021
NECTIN4	NECTIN4	cis-position, cis-gene	45388	55	45333	2.46e-17	-1.119882341	-1.378930999	-0.860833682	0.132166586	ptvraredmg	Oncology	NECTIN4:Q96NY8:OID21490:v1:Oncology	1.89717E-18	-1.107791247	1	161070998	161089558
SPINT2	SPINT2	cis-position, cis-gene	45452	53	45399	2.47e-17	-1.140704979	-1.404590739	-0.876819219	0.134634479	flexdmg	Inflammation	SPINT2:O43291:OID20720:v1:Inflammation	8.55434E-16	-1.027352105	19	38244035	38292615
TET2	FLT3	trans-position, trans-gene	44180	78	44102	2.93e-17	0.94548243	0.726249703	1.164715157	0.111852422	URmtr	Oncology	FLT3:P36888:OID21272:v1:Oncology	1.0269E-16	0.910199371	4	105145875	105279816
HSPB6	HSPB6	cis-position, cis-gene	45621	60	45561	3.02e-17	-0.932767063	-1.149152592	-0.716381534	0.110399878	flexdmg	Oncology	HSPB6:O14558:OID21408:v1:Oncology	1.63397E-17	-0.882556769	19	35754566	35758079
GNPTAB	ASAH1	trans-position, trans-gene	45168	76	45092	3.18e-17	0.95700974	0.734843352	1.179176128	0.113349242	ptv	CardiometabolicII	ASAH1:Q13510:OID30415:v1:CardiometabolicII	2.09889E-19	0.951192384	12	101745497	101830867
SLC10A2	S100A14	trans-position, trans-gene	45520	202	45318	3.18e-17	-0.591577814	-0.728908217	-0.454247411	0.070065956	flexdmg	NeurologyII	S100A14:Q9HCY8:OID30987:v1:NeurologyII	2.39889E-16	-0.551355546	13	103043998	103066846
RABEPK	RABEPK	cis-position, cis-gene	44180	203	43977	3.75e-17	-0.590857046	-0.728332087	-0.453382005	0.070139693	flexdmg	Oncology	RABEPK:Q7Z6M1:OID21163:v1:Oncology	4.27032E-18	-0.591139512	9	125200542	125234161
TXNRD1	TXNRD1	cis-position, cis-gene	45260	47	45213	3.79e-17	-1.207829171	-1.488904744	-0.926753597	0.143404703	UR	Neurology	TXNRD1:Q16881:OID21135:v1:Neurology	4.6174E-15	-1.018118565	12	104215779	104350307
CXCL16	CXCL16	cis-position, cis-gene	45735	12	45723	4.05e-17	-2.349360653	-2.896596376	-1.80212493	0.279199638	flexdmg	Cardiometabolic	CXCL16:Q9H2A7:OID20282:v1:Cardiometabolic	4.25675E-17	-2.346321995	17	4733533	4739928
CD163	SOD2	trans-position, trans-gene	45260	58	45202	4.08e-17	1.06477067	0.816729238	1.312812101	0.12655069	ptvraredmg	Neurology	SOD2:P04179:OID21114:v1:Neurology	7.10763E-16	0.95006521	12	7470811	7503893
STAB1	ADGRF5	trans-position, trans-gene	45616	1245	44371	4.1e-17	0.235690017	0.180781576	0.290598458	0.028014282	flexdmg	CardiometabolicII	ADGRF5:Q8IZF2:OID30349:v1:CardiometabolicII	9.88566E-18	0.229897968	3	52495338	52524495
TGFBR3	TGFBR3	cis-position, cis-gene	45810	30	45780	4.28e-17	-1.513378301	-1.866160082	-1.16059652	0.179989254	UR	Cardiometabolic	TGFBR3:Q03167:OID20255:v1:Cardiometabolic	5.18751E-17	-1.442379263	1	91680343	91906335
KLK8	KLK8	cis-position, cis-gene	43747	60	43687	4.31e-17	-1.042626782	-1.285685362	-0.799568202	0.124008326	flexdmg	Oncology	KLK8:O60259:OID21517:v1:Oncology	3.01641E-17	-1.00044592	19	50996007	51002711
CRNN	CRNN	cis-position, cis-gene	43934	49	43885	4.35e-17	-1.134449429	-1.398949105	-0.869949753	0.134947575	flexdmg	Oncology	CRNN:Q9UBG3:OID21427:v1:Oncology	2.46606E-16	-1.084061737	1	152409243	152414263
PRG2	PRG2	cis-position, cis-gene	45606	20	45586	4.4e-17	-1.798838018	-2.2183134	-1.379362637	0.214016302	flexdmg	CardiometabolicII	PRG2:P13727:OID30381:v1:CardiometabolicII	5.46281E-16	-1.700557831	11	57386780	57390650
YARS	YARS1	cis-position, cis-gene	45423	120	45303	4.66e-17	-0.758182268	-0.935131081	-0.581233454	0.090279259	ptvraredmg	OncologyII	YARS1:P54577:OID31494:v1:OncologyII	3.10667E-18	-0.753313511	1	32775239	32818032
LPL	LPL	cis-position, cis-gene	45276	158	45118	4.72e-17	-0.582650886	-0.718655612	-0.44664616	0.069389586	flexdmg	Cardiometabolic	LPL:P06858:OID20188:v1:Cardiometabolic	1.79596E-16	-0.529934236	8	19901717	19967259
GLOD4	GLOD4	cis-position, cis-gene	45168	78	45090	4.87e-17	-0.930474805	-1.147765303	-0.713184307	0.110861564	flexdmg	Inflammation	GLOD4:Q9HC38:OID20710:v1:Inflammation	7.12887E-20	-0.916628524	17	757097	782294
PSAPL1	PSAPL1	cis-position, cis-gene	45423	77	45346	5.21e-17	-0.932207171	-1.150107543	-0.7143068	0.111172738	ptvraredmg	OncologyII	PSAPL1:Q6NUJ1:OID31473:v1:OncologyII	1.57731E-20	-0.959531992	4	7430285	7434930
STAB1	MAMDC2	trans-position, trans-gene	45616	1245	44371	5.35e-17	0.232748793	0.178324336	0.28717325	0.027767353	flexdmg	CardiometabolicII	MAMDC2:Q7Z304:OID30309:v1:CardiometabolicII	5.61753E-18	0.229939066	3	52495338	52524495
MEGF8	PSG1	cis-position, trans-gene	44914	543	44371	5.36e-17	-0.351737097	-0.433986842	-0.269487352	0.041963795	rec	Neurology	PSG1:P11464:OID20916:v1:Neurology	7.82426E-18	-0.351340675	19	42325609	42378769
RGMB	RGMB	cis-position, cis-gene	45644	8	45636	5.4e-17	-2.85084646	-3.517564684	-2.184128236	0.340159586	ptv	Neurology	RGMB:Q6NW40:OID21045:v1:Neurology	5.06833E-17	-2.859419128	5	98768650	98798643
PSAP	GRN	trans-position, trans-gene	45048	10	45038	5.53e-17	2.602731259	1.993838226	3.211624291	0.310657068	ptv	Neurology	GRN:P28799:OID21159:v1:Neurology	9.41672E-19	2.62788507	10	71816298	71851251
CFHR2	CFHR2	cis-position, cis-gene	45394	50	45344	5.86e-17	-1.179140985	-1.455219347	-0.903062623	0.140855138	ptvraredmg	InflammationII	CFHR2:P36980:OID30720:v1:InflammationII	4.44627E-16	-1.097052945	1	196943738	196959622
UBE2L6	UBE2L6	cis-position, cis-gene	45616	33	45583	6.16e-17	-1.428805565	-1.763577095	-1.094034035	0.170800406	flexnonsynmtr	CardiometabolicII	UBE2L6:O14933:OID30321:v1:CardiometabolicII	7.03859E-20	-1.322289485	11	57551656	57568284
FGFBP3	FGFBP3	cis-position, cis-gene	45493	97	45396	6.52e-17	0.827332766	0.633334076	1.021331455	0.098978107	flexnonsynmtr	NeurologyII	FGFBP3:Q8TAT2:OID31108:v1:NeurologyII	9.50317E-14	0.705831112	10	91906584	91909486
OPLAH	OPLAH	cis-position, cis-gene	44457	457	44000	6.65e-17	-0.387772534	-0.478725178	-0.296819891	0.046403999	flexdmg	CardiometabolicII	OPLAH:O14841:OID30201:v1:CardiometabolicII	4.57843E-19	-0.383460219	8	144051266	144063965
HIST1H2AD	SGSH	trans-position, trans-gene	44876	79	44797	6.65e-17	0.92827557	0.710547673	1.146003467	0.111084706	flexnonsynmtr	CardiometabolicII	SGSH:P51688:OID30341:v1:CardiometabolicII	1.3573E-14	0.820251245	6	26198784	26199293
ASGR1	BMP4	trans-position, trans-gene	44838	103	44735	6.78e-17	0.80560033	0.616592624	0.994608036	0.096431671	flexdmg	Neurology	BMP4:P12644:OID20994:v1:Neurology	5.7441E-18	0.81806635	17	7173431	7179564
S100A13	S100A13	cis-position, cis-gene	44339	7	44332	7.16e-17	-3.026147168	-3.736682094	-2.315612241	0.362514581	flexdmg	InflammationII	S100A13:Q99584:OID30529:v1:InflammationII	7.70378E-17	-3.023408403	1	153618787	153631360
CKAP2L	GZMA	trans-position, trans-gene	45752	90	45662	7.76e-17	0.864644524	0.661392094	1.067896953	0.10369938	ptvraredmg	Inflammation	GZMA:P12544:OID20663:v1:Inflammation	1.19347E-16	0.841568835	2	112736349	112764677
C1GALT1C1	GALNT3	trans-position, trans-gene	44437	241	44196	8.29e-17	-0.537636617	-0.664135611	-0.411137624	0.06453973	rec	Inflammation	GALNT3:Q14435:OID20471:v1:Inflammation	7.79039E-18	-0.541196098	X	120625674	120630054
CFHR5	F13B	cis-position, trans-gene	45461	285	45176	8.71e-17	-0.483640121	-0.597516393	-0.369763849	0.058099659	rec	InflammationII	F13B:P05160:OID30781:v1:InflammationII	7.63023E-17	-0.471823357	1	196975010	197009678
TNFRSF13B	CR2	trans-position, trans-gene	45433	352	45081	9.27e-17	0.438265799	0.3349815	0.541550099	0.052695635	flexdmg	Cardiometabolic	CR2:P20023:OID20393:v1:Cardiometabolic	2.02888E-17	0.427083451	17	16929816	16972118
ASGR1	ANGPTL7	trans-position, trans-gene	45621	104	45517	9.52e-17	0.788365538	0.6025043	0.974226775	0.094826388	flexdmg	Oncology	ANGPTL7:O43827:OID21412:v1:Oncology	1.86948E-17	0.78878104	17	7173431	7179564
CCL14	CCL14	cis-position, cis-gene	45133	15	45118	9.66e-17	-2.092544341	-2.585967837	-1.599120845	0.251744553	flexdmg	Cardiometabolic	CCL14:Q16627:OID20401:v1:Cardiometabolic	3.04966E-19	-2.119234597	17	35983288	35987004
FAM19A5	TAFA5	cis-position, cis-gene	45042	67	44975	9.88e-17	-0.984259805	-1.216423611	-0.752096	0.118449913	flexdmg	Oncology	TAFA5:Q7Z5A7:OID21321:v1:Oncology	3.61925E-17	-0.984827656	22	48489460	48751935
ACAN	ACAN	cis-position, cis-gene	44838	442	44396	1.04e-16	-0.369769318	-0.457055315	-0.282483322	0.044533287	flexdmg	Cardiometabolic	ACAN:P16112:OID20159:v1:Cardiometabolic	2.44211E-18	-0.370923623	15	88803436	88875353
CD8A	CD8A	cis-position, cis-gene	45644	51	45593	1.05e-16	-1.152198516	-1.424213898	-0.880183133	0.138782227	flexdmg	Neurology	CD8A:P01732:OID21018:v1:Neurology	9.04912E-18	-1.168465561	2	86784610	86808396
ASGR1	CD34	trans-position, trans-gene	45497	106	45391	1.06e-16	0.796992957	0.608806237	0.985179678	0.096012842	flexdmg	Neurology	CD34:P28906:OID21025:v1:Neurology	1.4253E-16	0.776133522	17	7173431	7179564
GRN	SEMA3G	trans-position, trans-gene	44654	19	44635	1.13e-16	-1.875876698	-2.319183072	-1.432570325	0.226174744	ptv	InflammationII	SEMA3G:Q9NS98:OID30599:v1:InflammationII	5.264E-17	-1.856432217	17	44345246	44353106
STAB1	WFIKKN2	trans-position, trans-gene	45300	725	44575	1.24e-16	0.30557478	0.233263447	0.377886113	0.036893229	ptvraredmg	Inflammation	WFIKKN2:Q8TEU8:OID20785:v1:Inflammation	7.00815E-18	0.296280721	3	52495338	52524495
CCL23	CCL23	cis-position, cis-gene	45452	11	45441	1.31e-16	-2.354190528	-2.911760549	-1.796620507	0.284472149	ptv	Inflammation	CCL23:P55773:OID20693:v1:Inflammation	7.48646E-17	-2.278123543	17	36013056	36017972
LAG3	LAG3	cis-position, cis-gene	45042	241	44801	1.35e-16	-0.511692072	-0.632935417	-0.390448727	0.061858323	flexnonsynmtr	Oncology	LAG3:P18627:OID21315:v1:Oncology	7.46263E-16	-0.478148194	12	6772512	6778455
CKAP2L	COCH	trans-position, trans-gene	45616	90	45526	1.36e-16	0.846071251	0.645578995	1.046563508	0.102291132	ptvraredmg	CardiometabolicII	COCH:O43405:OID30305:v1:CardiometabolicII	3.36881E-18	0.872049196	2	112736349	112764677
STAB2	CSPG4	trans-position, trans-gene	45606	989	44617	1.46e-16	0.250099636	0.190771465	0.309427807	0.030269228	flexdmg	CardiometabolicII	CSPG4:Q6UVK1:OID30397:v1:CardiometabolicII	5.74407E-17	0.2385361	12	103587273	103766719
NCR1	NCR1	cis-position, cis-gene	45121	72	45049	1.47e-16	-0.944962195	-1.169145746	-0.720778644	0.114378395	flexnonsynmtr	Inflammation	NCR1:O76036:OID20566:v1:Inflammation	1.74969E-15	-0.880368702	19	54906148	54916140
IGFBP4	IGFBP4	cis-position, cis-gene	44706	8	44698	1.52e-16	-2.685586586	-3.322971982	-2.04820119	0.325193798	ptv	Neurology	IGFBP4:P22692:OID21158:v1:Neurology	1.4056E-16	-2.689769693	17	40443450	40457725
ASGR1	STAB2	trans-position, trans-gene	45606	104	45502	1.62e-16	0.78852643	0.601205665	0.975847195	0.095571037	flexdmg	CardiometabolicII	STAB2:Q8WWQ8:OID30401:v1:CardiometabolicII	2.22361E-16	0.767076756	17	7173431	7179564
STAB1	CLUL1	trans-position, trans-gene	45199	721	44478	1.63e-16	0.29476824	0.224734047	0.364802434	0.035731431	ptvraredmg	Cardiometabolic	CLUL1:Q15846:OID20198:v1:Cardiometabolic	2.17199E-21	0.31863348	3	52495338	52524495
PLG	KRT5	trans-position, trans-gene	44217	352	43865	1.63e-16	-0.416554359	-0.51552259	-0.317586128	0.05049354	flexdmg	Neurology	KRT5:P13647:OID20860:v1:Neurology	1.56668E-16	-0.402657653	6	160702238	160754097
LILRB2	LILRB2	cis-position, cis-gene	45596	323	45273	1.66e-16	-0.45095526	-0.558124533	-0.343785986	0.054677753	flexnonsynmtr	Cardiometabolic	LILRB2:Q8N423:OID20301:v1:Cardiometabolic	7.67805E-18	-0.447052218	19	54273812	54281184
CTSL	CTSL	cis-position, cis-gene	45276	36	45240	1.67e-16	-1.318683527	-1.632085309	-1.005281746	0.15989753	flexdmg	Cardiometabolic	CTSL:P07711:OID20228:v1:Cardiometabolic	2.93817E-21	-1.360367931	9	87724051	87731469
ASGR1	IFNGR1	trans-position, trans-gene	45452	104	45348	1.78e-16	0.785324373	0.598509663	0.972139082	0.095312839	flexdmg	Inflammation	IFNGR1:P15260:OID20678:v1:Inflammation	1.9084E-17	0.794279978	17	7173431	7179564
ASGR1	NAGPA	trans-position, trans-gene	44654	104	44550	1.88e-16	0.789135735	0.601258708	0.977012762	0.095854788	ptvraredmg	InflammationII	NAGPA:Q9UK23:OID30643:v1:InflammationII	2.30701E-16	0.77182817	17	7173431	7179564
GCNT1	SELPLG	trans-position, trans-gene	45190	95	45095	1.93e-16	0.811700892	0.61837218	1.005029604	0.098636267	flexdmg	Inflammation	SELPLG:Q14242:OID20560:v1:Inflammation	1.4497E-13	0.697924693	9	76419850	76651203
CD36	BRDT	trans-position, trans-gene	44108	448	43660	1.98e-16	-0.389097783	-0.481806031	-0.296389535	0.047299697	flexdmg	CardiometabolicII	BRDT:Q58F21:OID30179:v1:CardiometabolicII	1.93789E-22	-0.4162979	7	80369575	80679277
PDIA3	PDIA3	cis-position, cis-gene	44654	61	44593	1.99e-16	1.04613929	0.796861753	1.295416827	0.127181305	ptvraredmg	InflammationII	PDIA3:P30101:OID30573:v1:InflammationII	1.01902E-18	1.05679655	15	43746394	43773279
NTF4	NTF4	cis-position, cis-gene	44180	101	44079	2e-16	-0.816232063	-1.010735385	-0.62172874	0.099235493	flexdmg	Oncology	NTF4:P34130:OID21208:v1:Oncology	7.48457E-18	-0.806734737	19	49061066	49065054
GRN	CA11	trans-position, trans-gene	44180	19	44161	2.03e-16	-1.876726553	-2.324020584	-1.429432522	0.228209179	ptv	Oncology	CA11:O75493:OID21195:v1:Oncology	3.83744E-17	-1.874980065	17	44345246	44353106
IL18R1	IL18R1	cis-position, cis-gene	45752	48	45704	2.04e-16	-1.166588781	-1.444669589	-0.888507973	0.141876815	ptvraredmg	Inflammation	IL18R1:Q13478:OID20652:v1:Inflammation	1.91456E-16	-1.1674298	2	102311529	102398777
SCGB3A1	SCGB3A1	cis-position, cis-gene	44654	12	44642	2.04e-16	-2.288266648	-2.833687526	-1.74284577	0.278273526	flexdmg	InflammationII	SCGB3A1:Q96QR1:OID30577:v1:InflammationII	8.22018E-17	-2.238025467	5	180590105	180591499
ASGR1	NPTX1	trans-position, trans-gene	45260	103	45157	2.09e-16	0.783400541	0.596598163	0.970202918	0.095306537	flexdmg	Neurology	NPTX1:Q15818:OID21074:v1:Neurology	1.50267E-16	0.766326435	17	7173431	7179564
CD248	CD248	cis-position, cis-gene	45606	122	45484	2.28e-16	-0.708692356	-0.877889143	-0.539495569	0.086324186	ptvraredmg	CardiometabolicII	CD248:Q9HCU0:OID30394:v1:CardiometabolicII	4.82248E-13	-0.580219258	11	66314494	66317044
TNFRSF17	TNFRSF17	cis-position, cis-gene	44654	35	44619	2.28e-16	-1.359675219	-1.684287732	-1.035062706	0.165617181	flexdmg	InflammationII	TNFRSF17:Q02223:OID30589:v1:InflammationII	4.82499E-19	-1.378434798	16	11965210	11968068
SDK2	SDK2	cis-position, cis-gene	44654	21	44633	2.34e-16	-1.745767899	-2.162720123	-1.328815676	0.212728867	ptv	InflammationII	SDK2:Q58EX2:OID30662:v1:InflammationII	2.31047E-17	-1.762109436	17	73334384	73644445
PDE3B	ADIPOQ	trans-position, trans-gene	45680	32	45648	2.47e-16	1.245789011	0.948001394	1.543576629	0.151931223	ptv	InflammationII	ADIPOQ:Q15848:OID30748:v1:InflammationII	1.16857E-16	1.227522654	11	14643656	14872059
FUT1	PECAM1	trans-position, trans-gene	45260	209	45051	2.63e-16	0.561009749	0.426789263	0.695230234	0.068479266	flexdmg	Neurology	PECAM1:P16284:OID21131:v1:Neurology	1.10259E-15	0.530508008	19	48748011	48755390
INPP1	INPP1	cis-position, cis-gene	45042	42	45000	2.86e-16	-1.243701108	-1.541628111	-0.945774105	0.15200228	ptvraredmg	Oncology	INPP1:P49441:OID21345:v1:Oncology	2.63839E-18	-1.270061545	2	190343570	190371665
PKHD1	DPP10	trans-position, trans-gene	45190	184	45006	3.26e-16	0.586428581	0.445682336	0.727174826	0.071808704	ptv	Inflammation	DPP10:Q8N608:OID20527:v1:Inflammation	1.03709E-18	0.60821198	6	51614685	52087625
STAB1	GDF2	trans-position, trans-gene	45276	1233	44043	3.34e-16	0.21866022	0.166161095	0.271159345	0.026785044	flexdmg	Cardiometabolic	GDF2:Q9UK05:OID20202:v1:Cardiometabolic	2.16338E-17	0.217939663	3	52495338	52524495
GGH	GGH	cis-position, cis-gene	44485	28	44457	3.34e-16	-1.520777114	-1.885905659	-1.155648569	0.186288426	flexdmg	Cardiometabolic	GGH:Q92820:OID20416:v1:Cardiometabolic	9.24927E-18	-1.54005944	8	63014881	63039407
CCL22	CCL22	cis-position, cis-gene	44794	28	44766	3.48e-16	-1.520004644	-1.885175947	-1.154833342	0.186310276	flexnonsynmtr	Inflammation	CCL22:O00626:OID20765:v1:Inflammation	2.09344E-16	-1.480062097	16	57358783	57366189
ASGR1	SELE	trans-position, trans-gene	45810	106	45704	3.98e-16	0.77305208	0.586957411	0.95914675	0.094945495	flexdmg	Cardiometabolic	SELE:P16581:OID20290:v1:Cardiometabolic	1.50462E-16	0.767103168	17	7173431	7179564
CRELD2	CRELD2	cis-position, cis-gene	45378	88	45290	4.19e-16	-0.855444784	-1.06153163	-0.649357938	0.105145476	flexdmg	Inflammation	CRELD2:Q6UXH1:OID20751:v1:Inflammation	1.3053E-18	-0.863687033	22	49918167	49927540
ACAA1	ACAA1	cis-position, cis-gene	44180	279	43901	4.25e-16	-0.481749296	-0.597829916	-0.365668676	0.059224271	flexdmg	Oncology	ACAA1:P09110:OID21269:v1:Oncology	1.15118E-16	-0.47225437	3	38103129	38137242
LGALS3BP	LGALS3BP	cis-position, cis-gene	45680	80	45600	4.47e-16	-0.90181362	-1.119279236	-0.684348003	0.110950943	ptvraredmg	InflammationII	LGALS3BP:Q08380:OID30765:v1:InflammationII	9.6234E-18	-0.896755652	17	78971238	78979947
RBP4	TCTN3	trans-position, trans-gene	45616	62	45554	4.51e-16	1.010379819	0.766705405	1.254054233	0.124322665	flexnonsynmtr	CardiometabolicII	TCTN3:Q6NUS6:OID30326:v1:CardiometabolicII	6.75747E-17	0.993714403	10	93591836	93601236
SLC34A3	PTH	trans-position, trans-gene	44410	222	44188	4.94e-16	-0.529669195	-0.65758235	-0.401756041	0.065261233	ptvraredmg	NeurologyII	PTH:P01270:OID30963:v1:NeurologyII	3.85012E-15	-0.495538296	9	137230757	137236555
ASGR1	GFRA2	trans-position, trans-gene	45042	104	44938	5.04e-16	0.788763043	0.59821981	0.979306277	0.097215108	ptvraredmg	Oncology	GFRA2:O00451:OID21330:v1:Oncology	1.05369E-15	0.762322253	17	7173431	7179564
STAB2	ITIH3	trans-position, trans-gene	45433	989	44444	5.38e-16	0.241142114	0.18283204	0.299452187	0.029749791	flexdmg	Cardiometabolic	ITIH3:Q06033:OID20352:v1:Cardiometabolic	4.99525E-22	0.271578088	12	103587273	103766719
PLXNB2	PLXNB2	cis-position, cis-gene	45592	22	45570	5.52e-16	-1.669809063	-2.073740244	-1.265877882	0.206085651	ptv	Cardiometabolic	PLXNB2:O15031:OID20317:v1:Cardiometabolic	6.17014E-16	-1.672275438	22	50274979	50307646
ASGR1	IL3RA	trans-position, trans-gene	44437	102	44335	5.72e-16	0.771430275	0.584720027	0.958140524	0.095259486	flexdmg	Inflammation	IL3RA:P26951:OID20461:v1:Inflammation	4.12393E-16	0.756313084	17	7173431	7179564
STAB2	BMP4	trans-position, trans-gene	44838	974	43864	5.84e-16	0.256374455	0.194303832	0.318445078	0.031668412	flexdmg	Neurology	BMP4:P12644:OID20994:v1:Neurology	3.89068E-17	0.251931052	12	103587273	103766719
INSL5	INSL5	cis-position, cis-gene	45423	45	45378	6.11e-16	-1.139220573	-1.415225739	-0.863215407	0.140817796	flexdmg	OncologyII	INSL5:Q9Y5Q6:OID31448:v1:OncologyII	7.58217E-16	-1.093491689	1	66797740	66801276
SRPX	SRPX	cis-position, cis-gene	45616	12	45604	6.16e-16	-2.150855171	-2.672012407	-1.629697936	0.265894376	ptv	CardiometabolicII	SRPX:P78539:OID30310:v1:CardiometabolicII	4.55573E-16	-2.146959934	X	38149336	38220924
CCDC155	DKKL1	cis-position, trans-gene	45042	147	44895	6.26e-16	-0.64421313	-0.800347592	-0.488078668	0.079659762	flexdmg	Oncology	DKKL1:Q9UK85:OID21313:v1:Oncology	1.61679E-15	-0.622758344	19	49388218	49417999
CLEC4D	CLEC4D	cis-position, cis-gene	45190	37	45153	6.5e-16	-1.268517491	-1.576135362	-0.960899619	0.156946572	flexdmg	Inflammation	CLEC4D:Q8WXI8:OID20609:v1:Inflammation	1.13437E-18	-1.334388387	12	8509475	8522366
HPR	APOL1	trans-position, trans-gene	45669	291	45378	6.55e-16	-0.455652372	-0.566162557	-0.345142188	0.056382288	flexdmg	InflammationII	APOL1:O14791:OID30708:v1:InflammationII	1.33893E-16	-0.44945951	16	72063226	72077246
STAB1	ACE2	trans-position, trans-gene	44454	1218	43236	6.76e-16	0.20837204	0.157812092	0.258931988	0.025795663	flexdmg	Cardiometabolic	ACE2:Q9BYF1:OID20105:v1:Cardiometabolic	5.63887E-17	0.207155219	3	52495338	52524495
ACOT13	ACOT13	cis-position, cis-gene	45423	78	45345	6.85e-16	-0.908715493	-1.129253435	-0.688177552	0.112518426	flexdmg	OncologyII	ACOT13:Q9NPJ3:OID31522:v1:OncologyII	2.27397E-15	-0.872247044	6	24667035	24705065
SAT2	SAT2	cis-position, cis-gene	44858	56	44802	6.86e-16	-1.073207089	-1.3336725	-0.812741679	0.13288937	flexdmg	OncologyII	SAT2:Q96F10:OID31306:v1:OncologyII	1.91005E-18	-1.082926713	17	7626234	7627876
AHSG	AHSG	cis-position, cis-gene	45669	11	45658	7.02e-16	-2.432455621	-3.02301326	-1.841897981	0.301302466	ptv	InflammationII	AHSG:P02765:OID30706:v1:InflammationII	9.51651E-18	-2.472332548	3	186613060	186621318
EFEMP1	EFEMP1	cis-position, cis-gene	45357	137	45220	7.08e-16	-0.621828494	-0.772818985	-0.470838003	0.077035324	flexdmg	Cardiometabolic	EFEMP1:Q12805:OID20414:v1:Cardiometabolic	4.62889E-16	-0.5879663	2	55865967	55924139
TMIGD1	GPA33	trans-position, trans-gene	45042	62	44980	7.14e-16	-1.013991451	-1.260235366	-0.767747536	0.125633582	flexdmg	Oncology	GPA33:Q99795:OID21376:v1:Oncology	1.70869E-18	-1.016822093	17	30316329	30334076
B4GAT1	B4GAT1	cis-position, cis-gene	45260	24	45236	7.24e-16	-1.584452731	-1.969307149	-1.199598313	0.19635265	flexdmg	Neurology	B4GAT1:O43505:OID21127:v1:Neurology	6.5322E-17	-1.583038836	11	66345374	66347629
VSIG10L	VSIG10L	cis-position, cis-gene	44108	188	43920	7.24e-16	-0.586297425	-0.728706565	-0.443888286	0.072657065	rec	CardiometabolicII	VSIG10L:Q86VR7:OID30189:v1:CardiometabolicII	6.787E-16	-0.577049686	19	51331536	51342139
MBNL3	HS6ST2	cis-position, trans-gene	44339	42	44297	7.39e-16	-1.170202901	-1.45452819	-0.885877613	0.145062627	rec	InflammationII	HS6ST2:Q96MM7:OID30481:v1:InflammationII	1.56403E-14	-1.070958976	X	132369314	132490030
OS9	TNFSF10	trans-position, trans-gene	45752	99	45653	7.42e-16	0.796626149	0.603057588	0.990194709	0.098758671	ptvraredmg	Inflammation	TNFSF10:P50591:OID20611:v1:Inflammation	7.53659E-18	0.819009413	12	57693955	57721557
DUSP13	DUSP13	cis-position, cis-gene	45424	255	45169	7.8e-16	-0.495992299	-0.616603076	-0.375381521	0.061535601	flexdmg	OncologyII	DUSP13:Q6B8I1:OID31394:v1:OncologyII	2.06403E-16	-0.480124165	10	75094432	75109221
SWAP70	SWAP70	cis-position, cis-gene	45423	67	45356	8e-16	-0.974114616	-1.211083603	-0.737145629	0.120901543	flexdmg	OncologyII	SWAP70:Q9UH65:OID31477:v1:OncologyII	1.4696E-17	-0.988152686	11	9664077	9752993
C8A	C8B	cis-position, trans-gene	45680	44	45636	8.26e-16	-1.187825285	-1.47692207	-0.8987285	0.14749716	ptv	InflammationII	C8B:P07358:OID30719:v1:InflammationII	3.53376E-16	-1.168804047	1	56854770	56918221
CD300A	CD300C	cis-position, trans-gene	45644	26	45618	8.78e-16	-1.512810821	-1.881345231	-1.144276411	0.188026227	flexdmg	Neurology	CD300C:Q08708:OID21010:v1:Neurology	2.35829E-15	-1.402320799	17	74466399	74484794
GZMA	IL31RA	cis-position, trans-gene	44193	54	44139	9.01e-16	1.074696571	0.812790513	1.336602628	0.133624334	ptv	InflammationII	IL31RA:Q8NI17:OID30475:v1:InflammationII	1.95886E-14	0.9519651	5	55102646	55110252
GAS6	AXL	trans-position, trans-gene	45433	380	45053	9.15e-16	0.405547618	0.306689411	0.504405825	0.050437443	flexdmg	Cardiometabolic	AXL:P30530:OID20363:v1:Cardiometabolic	6.28319E-16	0.396368424	13	113820549	113864076
ASGR1	ENG	trans-position, trans-gene	45810	106	45704	9.64e-16	0.772761103	0.584240109	0.961282097	0.096183406	flexdmg	Cardiometabolic	ENG:P17813:OID20287:v1:Cardiometabolic	2.23546E-15	0.746540714	17	7173431	7179564
ASGR1	HEPH	trans-position, trans-gene	45616	105	45511	9.68e-16	0.770941359	0.582852052	0.959030666	0.095963148	flexdmg	CardiometabolicII	HEPH:Q9BQS7:OID30337:v1:CardiometabolicII	7.39227E-16	0.76004567	17	7173431	7179564
SPINK4	SPINK4	cis-position, cis-gene	45190	23	45167	1.01e-15	-1.614278291	-2.008395421	-1.22016116	0.201078476	ptvraredmg	Inflammation	SPINK4:O60575:OID20509:v1:Inflammation	1.58755E-15	-1.453146634	9	33218365	33248567
LCAT	APOA1	trans-position, trans-gene	45680	177	45503	1.08e-15	-0.569821614	-0.709067629	-0.4305756	0.071043307	flexdmg	InflammationII	APOA1:P02647:OID30769:v1:InflammationII	1.96788E-17	-0.577166025	16	67939750	67944131
MSR1	MSR1	cis-position, cis-gene	45644	137	45507	1.12e-15	-0.636411047	-0.792018238	-0.480803856	0.079390777	ptvraredmg	Neurology	MSR1:P21757:OID21063:v1:Neurology	2.06824E-17	-0.643966612	8	16107878	16567490
CD14	CD14	cis-position, cis-gene	44359	8	44351	1.13e-15	-2.720693366	-3.38604348	-2.055343253	0.339461315	ptv	Cardiometabolic	CD14:P08571:OID20378:v1:Cardiometabolic	1.24238E-15	-2.73003257	5	140631728	140633701
PSG11	CD177	cis-position, trans-gene	45199	48	45151	1.18e-15	1.158415123	0.874952076	1.441878169	0.144622786	rec	Neurology	CD177:Q8N6Q3:OID21119:v1:Neurology	2.60154E-14	0.996428844	19	43007657	43026479
GNPTAB	IDS	trans-position, trans-gene	45752	75	45677	1.18e-15	0.919038296	0.694143949	1.143932642	0.114741085	ptv	Inflammation	IDS:P22304:OID20619:v1:Inflammation	3.12593E-14	0.808812145	12	101745497	101830867
SIGLEC1	GPRC5C	trans-position, trans-gene	45424	494	44930	1.24e-15	0.360834579	0.272463824	0.449205335	0.045086747	flexdmg	OncologyII	GPRC5C:Q9NQ84:OID31340:v1:OncologyII	5.7468E-17	0.362665904	20	3686970	3712600
NRP1	NRP1	cis-position, cis-gene	45509	9	45500	1.29e-15	-2.607879932	-3.246965372	-1.968794492	0.326061316	ptv	Cardiometabolic	NRP1:O14786:OID20390:v1:Cardiometabolic	1.37335E-13	-2.296217463	10	33177492	33336262
STAB1	SPOCK1	trans-position, trans-gene	44914	183	44731	1.3e-15	0.572892794	0.432484455	0.713301132	0.071636292	ptv	Neurology	SPOCK1:Q08629:OID20924:v1:Neurology	7.1384E-15	0.546600148	3	52495338	52524495
SPTLC1	SPTLC1	cis-position, cis-gene	45493	190	45303	1.5e-15	-0.577951159	-0.719912102	-0.435990215	0.072428456	flexdmg	NeurologyII	SPTLC1:O15269:OID31086:v1:NeurologyII	5.33921E-13	-0.489840479	9	92000087	92115413
MASP1	MASP1	cis-position, cis-gene	44842	494	44348	1.54e-15	-0.353756203	-0.440680356	-0.266832049	0.044348675	flexdmg	Neurology	MASP1:P48740:OID20954:v1:Neurology	1.05641E-13	-0.3175579	3	187217282	187291980
ZNF253	INSL4	trans-position, trans-gene	45424	51	45373	1.66e-15	1.093224467	0.824276622	1.362172312	0.137217152	flexdmg	OncologyII	INSL4:Q14641:OID31370:v1:OncologyII	9.22684E-16	1.08098398	19	19865830	19894449
ZC3H7B	TNFRSF13C	cis-position, trans-gene	44437	54	44383	1.69e-15	-1.053961571	-1.313325543	-0.794597599	0.132327383	rec	Inflammation	TNFRSF13C:Q96RJ3:OID20480:v1:Inflammation	5.8458E-14	-0.970975109	22	41301503	41360147
PRKAR2A	PRKAR2A	cis-position, cis-gene	45348	56	45292	1.81e-15	-1.043936142	-1.301101977	-0.786770308	0.131205966	flexnonsynmtr	NeurologyII	PRKAR2A:P13861:OID31119:v1:NeurologyII	1.6198E-14	-0.957449446	3	48744597	48847874
ASGR1	FCAR	trans-position, trans-gene	45190	105	45085	1.84e-15	0.768677851	0.57927297	0.958082732	0.09663433	ptvraredmg	Inflammation	FCAR:P24071:OID20564:v1:Inflammation	1.27687E-15	0.7590134	17	7173431	7179564
DNPH1	DNPH1	cis-position, cis-gene	45384	25	45359	1.96e-15	-1.546921814	-1.928468021	-1.165375607	0.194664815	flexdmg	Inflammation	DNPH1:O43598:OID20744:v1:Inflammation	7.31224E-26	-1.728489398	6	43225629	43229481
PLG	CCDC80	trans-position, trans-gene	45276	273	45003	2.08e-15	-0.43348928	-0.540506156	-0.326472404	0.05459999	flexnonsynmtr	Cardiometabolic	CCDC80:Q76M96:OID20226:v1:Cardiometabolic	2.55794E-14	-0.401435345	6	160702238	160754097
DCN	DCN	cis-position, cis-gene	44454	47	44407	2.15e-15	1.07401497	0.808722808	1.339307131	0.135351944	flexdmg	Cardiometabolic	DCN:P07585:OID20106:v1:Cardiometabolic	5.95702E-23	1.185105575	12	91140484	91183217
C1QTNF1	COL4A1	trans-position, trans-gene	45276	125	45151	2.18e-15	-0.698927887	-0.871603413	-0.526252361	0.088099021	flexdmg	Cardiometabolic	COL4A1:P02462:OID20208:v1:Cardiometabolic	2.7145E-16	-0.700695987	17	79022814	79049788
LCAT	HSD11B1	trans-position, trans-gene	45190	155	45035	2.41e-15	-0.632887972	-0.789496573	-0.476279372	0.079901674	ptvraredmg	Inflammation	HSD11B1:P28845:OID20575:v1:Inflammation	9.55669E-16	-0.616291745	16	67939750	67944131
NEU1	DPP4	trans-position, trans-gene	44402	65	44337	2.45e-15	0.926764446	0.697378489	1.156150404	0.117032611	flexnonsynmtr	Cardiometabolic	DPP4:P27487:OID20406:v1:Cardiometabolic	2.52639E-14	0.811684293	6	31859052	31862932
CD48	CD48	cis-position, cis-gene	45378	75	45303	2.53e-15	-0.904858239	-1.128926857	-0.68078962	0.114319774	flexdmg	Inflammation	CD48:P09326:OID20692:v1:Inflammation	1.31068E-16	-0.920040772	1	160678746	160711831
LXN	LXN	cis-position, cis-gene	44706	53	44653	2.6e-15	-1.068944868	-1.333767221	-0.804122515	0.135112269	ptv	Neurology	LXN:Q9BS40:OID21003:v1:Neurology	3.0303E-16	-1.095937093	3	158645822	158672648
ALDH5A1	ALDH5A1	cis-position, cis-gene	45520	209	45311	2.63e-15	-0.546859436	-0.682360621	-0.411358251	0.069132689	ptvraredmg	NeurologyII	ALDH5A1:P51649:OID31047:v1:NeurologyII	5.34011E-16	-0.538987593	6	24494867	24537207
CST7	CST7	cis-position, cis-gene	45310	29	45281	2.78e-15	-1.454384236	-1.815083356	-1.093685116	0.184028627	ptvraredmg	Inflammation	CST7:O76096:OID20704:v1:Inflammation	2.77964E-14	-1.280248005	20	24949269	24959928
B4GALNT3	COMP	trans-position, trans-gene	44763	334	44429	2.83e-15	0.410022484	0.308306553	0.511738415	0.051895433	flexdmg	Cardiometabolic	COMP:P49747:OID20405:v1:Cardiometabolic	1.19999E-15	0.394824234	12	460377	561892
GPNMB	GPNMB	cis-position, cis-gene	44050	17	44033	2.85e-15	-1.876094291	-2.341549975	-1.410638608	0.237475225	ptv	Cardiometabolic	GPNMB:Q14956:OID20173:v1:Cardiometabolic	7.51517E-17	-1.926638191	7	23235967	23275108
PCSK7	FAM20A	trans-position, trans-gene	45616	171	45445	2.87e-15	-0.580080618	-0.724014586	-0.436146649	0.073435098	flexdmg	CardiometabolicII	FAM20A:Q96MK3:OID30348:v1:CardiometabolicII	1.20486E-16	-0.580550991	11	117204337	117232525
CTSD	CD302	trans-position, trans-gene	45042	63	44979	3.07e-15	-0.925074306	-1.154861349	-0.695287263	0.11723729	ptvraredmg	Oncology	CD302:Q8IX05:OID21328:v1:Oncology	1.58036E-15	-0.899248524	11	1752752	1764573
STAB2	VWF	trans-position, trans-gene	45810	998	44812	3.09e-15	0.249017755	0.1871582	0.310877309	0.031560743	flexdmg	Cardiometabolic	VWF:P04275:OID20256:v1:Cardiometabolic	3.97015E-18	0.257864104	12	103587273	103766719
STAB2	SEZ6L	trans-position, trans-gene	45388	989	44399	3.1e-15	0.240426578	0.180698073	0.300155083	0.030473474	flexdmg	Oncology	SEZ6L:Q9BYH1:OID21488:v1:Oncology	4.34526E-16	0.233687735	12	103587273	103766719
TNFRSF10C	TNFRSF10C	cis-position, cis-gene	45376	21	45355	3.3e-15	-1.718530295	-2.145883735	-1.291176856	0.218035657	ptvraredmg	Cardiometabolic	TNFRSF10C:O14798:OID20265:v1:Cardiometabolic	6.25659E-13	-1.462201289	8	23102921	23117445
TRIM58	DYNLT1	trans-position, trans-gene	44410	85	44325	3.33e-15	0.851990336	0.640087272	1.0638934	0.108112847	flexdmg	NeurologyII	DYNLT1:P63172:OID30925:v1:NeurologyII	1.68443E-19	0.902137916	1	247857187	247880138
ITGB4	NT5C	cis-position, trans-gene	45616	690	44926	3.4e-15	-0.299241549	-0.373690998	-0.2247921	0.037984103	flexnonsynmtr	CardiometabolicII	NT5C:Q8TCD5:OID30294:v1:CardiometabolicII	3.54047E-13	-0.263178033	17	75721342	75757819
SPOCK1	SPOCK1	cis-position, cis-gene	44914	20	44894	3.41e-15	-1.703850752	-2.127783555	-1.279917949	0.216290389	UR	Neurology	SPOCK1:Q08629:OID20924:v1:Neurology	1.99312E-15	-1.575080459	5	136975298	137598379
MAMDC2	MAMDC2	cis-position, cis-gene	45616	113	45503	3.45e-15	-0.716827972	-0.895211495	-0.538444449	0.091011258	flexdmg	CardiometabolicII	MAMDC2:Q7Z304:OID30309:v1:CardiometabolicII	5.73054E-14	-0.646546734	9	70043848	70226972
TMIGD1	EPCAM	trans-position, trans-gene	45224	63	45161	3.47e-15	-0.979214191	-1.222918635	-0.735509747	0.124337958	flexdmg	Inflammation	EPCAM:P16422:OID20743:v1:Inflammation	3.14664E-17	-0.964699493	17	30316329	30334076
SERPINA12	SERPINA12	cis-position, cis-gene	43967	71	43896	3.59e-15	-0.891485433	-1.113471397	-0.66949947	0.113257107	ptv	Cardiometabolic	SERPINA12:Q8IW75:OID20219:v1:Cardiometabolic	1.5247E-15	-0.900559425	14	94487274	94517844
C4BPA	C1QL2	trans-position, trans-gene	44339	183	44156	3.72e-15	-0.551957023	-0.689478577	-0.41443547	0.070163431	flexnonsynmtr	InflammationII	C1QL2:Q7Z5L3:OID30515:v1:InflammationII	2.50759E-14	-0.520044543	1	207104238	207144972
NPC1	PLA2G7	trans-position, trans-gene	45260	633	44627	3.74e-15	0.296561945	0.222667836	0.370456053	0.03770076	flexdmg	Neurology	PLA2G7:Q13093:OID21105:v1:Neurology	1.13287E-13	0.266155361	18	23506184	23586617
LSP1	LSP1	cis-position, cis-gene	45190	26	45164	3.86e-15	-1.512592002	-1.88967264	-1.135511363	0.192386461	ptv	Inflammation	LSP1:P33241:OID20530:v1:Inflammation	3.71166E-15	-1.513134342	11	1850904	1892267
NPTX2	NPTX2	cis-position, cis-gene	45606	59	45547	4.03e-15	-0.860438888	-1.075089204	-0.645788572	0.109514572	ptvraredmg	CardiometabolicII	NPTX2:P47972:OID30390:v1:CardiometabolicII	3.81321E-15	-0.85242133	7	98617285	98629869
RHBDD1	CD79B	trans-position, trans-gene	45752	31	45721	4.09e-15	-1.38278728	-1.727830315	-1.037744245	0.17604094	raredmg	Inflammation	CD79B:P40259:OID20635:v1:Inflammation	1.23135E-15	-1.365051913	2	226835936	226999210
GFRA3	GFRA3	cis-position, cis-gene	44779	48	44731	4.09e-15	-1.093735281	-1.366647993	-0.820822569	0.139239973	flexdmg	Neurology	GFRA3:O60609:OID20933:v1:Neurology	6.93437E-16	-1.082289166	5	138252380	138274621
CCDC105	PGLYRP2	cis-position, trans-gene	45172	208	44964	4.32e-15	-0.544000545	-0.679863897	-0.408137194	0.069317452	rec	InflammationII	PGLYRP2:Q96PD5:OID30742:v1:InflammationII	1.8053E-15	-0.545661263	19	15010727	15023271
PCSK7	ASGR1	trans-position, trans-gene	44914	138	44776	4.87e-15	-0.647780115	-0.809871858	-0.485688371	0.082699159	ptvraredmg	Neurology	ASGR1:P07306:OID20990:v1:Neurology	5.1478E-16	-0.633901803	11	117204337	117232525
SEMA7A	SEMA7A	cis-position, cis-gene	45667	36	45631	4.95e-15	-1.283092522	-1.604241949	-0.961943094	0.163850415	ptvraredmg	Cardiometabolic	SEMA7A:O75326:OID20283:v1:Cardiometabolic	1.60024E-17	-1.328850871	15	74409289	74433958
LDLR	PCSK9	trans-position, trans-gene	45810	423	45387	4.98e-15	0.370991845	0.278124238	0.463859452	0.04738105	flexdmg	Cardiometabolic	PCSK9:Q8NBP7:OID20235:v1:Cardiometabolic	1.30578E-17	0.380413371	19	11089462	11133820
GLO1	GLO1	cis-position, cis-gene	44454	67	44387	5.04e-15	-0.935242016	-1.1693927	-0.701091332	0.119463576	flexdmg	Cardiometabolic	GLO1:Q04760:OID20107:v1:Cardiometabolic	1.63869E-17	-0.985650084	6	38675925	38703145
ASGR1	PEAR1	trans-position, trans-gene	45810	106	45704	5.36e-15	0.752890682	0.564204233	0.941577131	0.096267821	flexdmg	Cardiometabolic	PEAR1:Q5VY43:OID20257:v1:Cardiometabolic	3.09257E-14	0.716069289	17	7173431	7179564
PMM2	PMM2	cis-position, cis-gene	44108	199	43909	5.67e-15	-0.55081147	-0.688974972	-0.412647968	0.070490943	flexdmg	CardiometabolicII	PMM2:O15305:OID30125:v1:CardiometabolicII	6.03083E-16	-0.544147389	16	8788823	8862534
STAB2	ITGBL1	trans-position, trans-gene	45606	989	44617	5.72e-15	0.235602506	0.176494754	0.294710259	0.03015677	flexdmg	CardiometabolicII	ITGBL1:O95965:OID30408:v1:CardiometabolicII	6.96314E-17	0.237395486	12	103587273	103766719
CA5A	CA5A	cis-position, cis-gene	44454	89	44365	5.92e-15	-0.794150597	-0.993495449	-0.594805745	0.101705656	ptvraredmg	Cardiometabolic	CA5A:P35218:OID20075:v1:Cardiometabolic	5.46155E-19	-0.833944683	16	87881546	87936580
PSAP	CTSB	trans-position, trans-gene	45319	201	45118	5.95e-15	0.539687536	0.404206893	0.67516818	0.0691222	flexdmg	Cardiometabolic	CTSB:P07858:OID20276:v1:Cardiometabolic	1.24223E-13	0.488548868	10	71816298	71851251
PIK3IP1	PIK3IP1	cis-position, cis-gene	45260	44	45216	6.55e-15	-1.075867399	-1.34636986	-0.805364939	0.138010303	flexdmg	Neurology	PIK3IP1:Q96FE7:OID21094:v1:Neurology	2.36989E-12	-0.939686525	22	31281594	31292534
IFNLR1	IFNLR1	cis-position, cis-gene	45190	24	45166	7.08e-15	-1.556821533	-1.948744844	-1.164898221	0.199959189	raredmgmtr	Inflammation	IFNLR1:Q8IU57:OID20506:v1:Inflammation	4.50062E-16	-1.592858747	1	24154168	24187959
CHEK2	FLT3LG	trans-position, trans-gene	45752	313	45439	7.12e-15	-0.419276894	-0.524837541	-0.313716247	0.053857037	flexdmg	Inflammation	FLT3LG:P49771:OID20661:v1:Inflammation	4.56826E-15	-0.407141861	22	28687743	28742422
IL1R1	IL1R1	cis-position, cis-gene	45185	16	45169	7.14e-15	-1.914719744	-2.396806033	-1.432633455	0.24596032	raredmg	Neurology	IL1R1:P14778:OID21116:v1:Neurology	8.85824E-15	-1.915208661	2	102064544	102179874
ASGR1	TNR	trans-position, trans-gene	44914	103	44811	7.35e-15	0.74249592	0.555462225	0.929529615	0.095424536	flexdmg	Neurology	TNR:Q92752:OID20957:v1:Neurology	2.36462E-16	0.764660416	17	7173431	7179564
NMNAT1	NMNAT1	cis-position, cis-gene	44914	96	44818	7.52e-15	-0.774718762	-0.969943508	-0.579494016	0.099603607	flexdmg	Neurology	NMNAT1:Q9HAN9:OID20913:v1:Neurology	4.00464E-14	-0.730449073	1	9943428	9985501
GALNT2	GALNT2	cis-position, cis-gene	45621	108	45513	7.86e-15	-0.724765438	-0.907534529	-0.541996348	0.093248774	flexnonsynmtr	Oncology	GALNT2:Q10471:OID21423:v1:Oncology	2.49966E-14	-0.680505841	1	230057990	230282122
ARG1	ARG1	cis-position, cis-gene	44950	81	44869	7.9e-15	-0.84330541	-1.055983623	-0.630627198	0.108508363	flexdmg	Oncology	ARG1:P05089:OID21445:v1:Oncology	3.33121E-18	-0.884934683	6	131470832	131584332
TNFSF10	TNFSF11	trans-position, trans-gene	45190	54	45136	8.13e-15	-1.036760809	-1.298350459	-0.775171159	0.133462983	flexdmg	Inflammation	TNFSF11:O14788:OID20592:v1:Inflammation	5.9713E-16	-1.061817904	3	172505508	172523475
LGMN	LGMN	cis-position, cis-gene	45452	5	45447	8.19e-15	-3.463415923	-4.337383516	-2.58944833	0.445898147	ptv	Inflammation	LGMN:Q99538:OID20773:v1:Inflammation	2.32561E-16	-3.332911487	14	92703807	92748679
KLK11	KLK11	cis-position, cis-gene	44967	153	44814	9.1e-15	-0.614791235	-0.770196487	-0.459385983	0.079287716	flexdmg	Oncology	KLK11:Q9UBX7:OID21518:v1:Oncology	6.41979E-16	-0.610005271	19	51022216	51028039
IL32	IL32	cis-position, cis-gene	45190	163	45027	9.2e-15	-0.582779155	-0.730119343	-0.435438967	0.075172932	flexnonsynmtr	Inflammation	IL32:P24001:OID20605:v1:Inflammation	2.14713E-14	-0.56609779	16	3065297	3082192
CA6	CA6	cis-position, cis-gene	45117	79	45038	1.04e-14	-0.810920993	-1.016339175	-0.605502812	0.104804308	flexdmg	Neurology	CA6:P23280:OID21096:v1:Neurology	8.84741E-20	-0.876306614	1	8945867	8975092
GNPTAB	CPVL	trans-position, trans-gene	45540	77	45463	1.08e-14	0.882987967	0.659173725	1.106802209	0.114190002	ptv	Oncology	CPVL:Q9H3G5:OID21435:v1:Oncology	2.20169E-15	0.838079087	12	101745497	101830867
POF1B	POF1B	cis-position, cis-gene	44339	26	44313	1.09e-14	-1.493812898	-1.872532544	-1.115093252	0.193222583	ptv	InflammationII	POF1B:Q8WVV4:OID30504:v1:InflammationII	9.17897E-15	-1.498162146	X	85277396	85379717
GNPDA2	GNPDA2	cis-position, cis-gene	44654	26	44628	1.13e-14	-1.495997679	-1.875480745	-1.116514613	0.193612117	ptvraredmg	InflammationII	GNPDA2:Q8TDQ7:OID30597:v1:InflammationII	2.66893E-16	-1.559460397	4	44682200	44726588
PSME2	PSME2	cis-position, cis-gene	44706	40	44666	1.17e-14	-1.171955705	-1.469446161	-0.874465249	0.151779523	ptvraredmg	Neurology	PSME2:Q9UL46:OID20989:v1:Neurology	4.40372E-14	-1.103713838	14	24143362	24147570
CCL21	CCL21	cis-position, cis-gene	45452	8	45444	1.22e-14	-2.679238549	-3.359734567	-1.998742532	0.347188976	ptv	Inflammation	CCL21:O00585:OID20686:v1:Inflammation	1.43496E-14	-2.68315918	9	34709005	34710136
EEF1D	NAPRT	cis-position, trans-gene	45493	374	45119	1.22e-14	-0.392502237	-0.492200307	-0.292804167	0.050865943	rec	NeurologyII	NAPRT:Q6XQN6:OID31114:v1:NeurologyII	8.74146E-15	-0.389830215	8	143579697	143599541
FUT1	IL3RA	trans-position, trans-gene	44437	194	44243	1.36e-14	0.532546892	0.39704126	0.668052523	0.069134913	flexnonsynmtr	Inflammation	IL3RA:P26951:OID20461:v1:Inflammation	8.71564E-15	0.529243734	19	48748011	48755390
RBM5	ABHD14B	trans-position, trans-gene	44781	106	44675	1.37e-14	-0.737132321	-0.924736103	-0.54952854	0.095715386	flexdmg	Neurology	ABHD14B:Q96IU4:OID20921:v1:Neurology	3.61057E-14	-0.719533211	3	50088908	50118964
GC	GC	cis-position, cis-gene	45680	196	45484	1.43e-14	-0.54852356	-0.688224238	-0.408822881	0.071275277	flexdmg	InflammationII	GC:P02774:OID30780:v1:InflammationII	5.62823E-17	-0.563592652	4	71741696	71804041
ASGR1	SEZ6L2	trans-position, trans-gene	45042	104	44938	1.49e-14	0.682023127	0.508220201	0.855826053	0.088674208	flexdmg	Oncology	SEZ6L2:Q6UXD5:OID21289:v1:Oncology	5.11162E-14	0.654089819	17	7173431	7179564
MB	MB	cis-position, cis-gene	45810	57	45753	1.54e-14	-0.870048385	-1.091908498	-0.648188271	0.113193023	flexdmg	Cardiometabolic	MB:P02144:OID20263:v1:Cardiometabolic	5.22093E-16	-0.855784224	22	35606764	35637951
KLF1	HBZ	trans-position, trans-gene	45616	39	45577	1.63e-14	1.208154232	0.899788544	1.516519921	0.157328147	flexdmg	CardiometabolicII	HBZ:P02008:OID30307:v1:CardiometabolicII	1.9786E-15	1.179027256	19	12884422	12887203
HS3ST3B1	HS3ST3B1	cis-position, cis-gene	45042	142	44900	1.71e-14	-0.640641068	-0.804275162	-0.477006974	0.083486072	flexnonsynmtr	Oncology	HS3ST3B1:Q9Y662:OID21303:v1:Oncology	1.57262E-14	-0.613679288	17	14301081	14349404
SPINK2	SPINK2	cis-position, cis-gene	44654	25	44629	1.75e-14	-1.335934089	-1.677309089	-0.99455909	0.174169395	flexdmg	InflammationII	SPINK2:P20155:OID30627:v1:InflammationII	1.77733E-13	-1.116808156	4	56809860	56821742
APOE	APOE	cis-position, cis-gene	45680	18	45662	2.06e-14	-1.772741376	-2.226978263	-1.318504488	0.231751629	ptv	InflammationII	APOE:P02649:OID30727:v1:InflammationII	1.44609E-15	-1.802841885	19	44905791	44909393
CDH6	CDH6	cis-position, cis-gene	45276	100	45176	2.14e-14	-0.74568176	-0.936875595	-0.554487925	0.097547059	flexnonsynmtr	Cardiometabolic	CDH6:P55285:OID20157:v1:Cardiometabolic	4.30492E-14	-0.701570449	5	31193686	31329146
TMTC3	LAMB1	trans-position, trans-gene	44457	174	44283	2.18e-14	-0.57319071	-0.720204541	-0.426176879	0.075006392	flexdmg	CardiometabolicII	LAMB1:P07942:OID30280:v1:CardiometabolicII	2.96169E-13	-0.526529577	12	88142296	88199887
SPINT1	PSAPL1	trans-position, trans-gene	45423	275	45148	2.32e-14	-0.450136833	-0.565709886	-0.334563781	0.058965355	flexdmg	OncologyII	PSAPL1:Q6NUJ1:OID31473:v1:OncologyII	1.9421E-14	-0.373037814	15	40844018	40858207
DFFA	DFFA	cis-position, cis-gene	45752	36	45716	2.36e-14	-1.260250175	-1.583910954	-0.936589395	0.165131715	ptv	Inflammation	DFFA:O00273:OID20620:v1:Inflammation	1.73812E-16	-1.305983054	1	10456522	10472529
ASGR1	IGSF21	trans-position, trans-gene	44457	99	44358	2.38e-14	0.731173922	0.543364507	0.918983337	0.095820281	flexdmg	CardiometabolicII	IGSF21:Q96ID5:OID30210:v1:CardiometabolicII	9.45943E-15	0.724810463	17	7173431	7179564
SLC10A2	SLC51B	trans-position, trans-gene	44108	194	43914	2.41e-14	-0.542513704	-0.681891946	-0.403135462	0.071110702	flexdmg	CardiometabolicII	SLC51B:Q86UW2:OID30107:v1:CardiometabolicII	1.43616E-15	-0.546442965	13	103043998	103066846
F2R	F2R	cis-position, cis-gene	45378	41	45337	2.5e-14	-1.180871499	-1.484444827	-0.877298171	0.154883064	ptvraredmg	Inflammation	F2R:P25116:OID20691:v1:Inflammation	4.66017E-12	-1.004861305	5	76716126	76735770
ASGR1	SELL	trans-position, trans-gene	45680	102	45578	2.53e-14	0.729208317	0.54170453	0.916712104	0.09566442	flexdmg	InflammationII	SELL:P14151:OID30752:v1:InflammationII	2.46808E-13	0.682810185	17	7173431	7179564
FABP4	FABP4	cis-position, cis-gene	45810	46	45764	2.67e-14	-1.029818966	-1.2948564	-0.764781532	0.135222091	flexdmg	Cardiometabolic	FABP4:P15090:OID20245:v1:Cardiometabolic	6.05431E-16	-1.060007682	8	81478419	81483236
IL10RA	SCN4B	cis-position, trans-gene	44456	120	44336	2.76e-14	-0.669759753	-0.84223024	-0.497289265	0.087994367	rec	CardiometabolicII	SCN4B:Q8IWT1:OID30277:v1:CardiometabolicII	7.51162E-15	-0.679942035	11	117986370	118003037
STAB2	CLUL1	trans-position, trans-gene	45199	975	44224	2.89e-14	0.234381316	0.173978223	0.29478441	0.030817645	flexdmg	Cardiometabolic	CLUL1:Q15846:OID20198:v1:Cardiometabolic	5.22455E-18	0.252255599	12	103587273	103766719
TNFRSF13B	FCRL1	trans-position, trans-gene	45276	352	44924	3.11e-14	0.397274031	0.294765322	0.499782739	0.052299924	flexdmg	Cardiometabolic	FCRL1:Q96LA6:OID20172:v1:Cardiometabolic	2.46044E-15	0.395570424	17	16929816	16972118
MFSD12	CD83	trans-position, trans-gene	45190	572	44618	3.13e-14	0.309799685	0.229852769	0.3897466	0.040788899	flexnonsynmtr	Inflammation	CD83:Q01151:OID20565:v1:Inflammation	3.61917E-14	0.300464593	19	3538273	3557588
DKK3	DKK3	cis-position, cis-gene	45810	28	45782	3.17e-14	-1.360262142	-1.711373786	-1.009150498	0.179137151	ptvraredmg	Cardiometabolic	DKK3:Q9UBP4:OID20264:v1:Cardiometabolic	4.68615E-14	-1.251594155	11	11956207	12009769
STAB2	APLP1	trans-position, trans-gene	45275	978	44297	3.18e-14	0.240439607	0.178374212	0.302505002	0.031665753	flexdmg	Cardiometabolic	APLP1:P51693:OID20164:v1:Cardiometabolic	2.0926E-15	0.236714878	12	103587273	103766719
SIGLEC1	CD63	trans-position, trans-gene	44838	489	44349	3.19e-14	0.342701259	0.254237045	0.431165473	0.045134413	flexdmg	Neurology	CD63:P08962:OID20988:v1:Neurology	3.38677E-14	0.330241308	20	3686970	3712600
PRRT3	PRRT3	cis-position, cis-gene	44457	23	44434	3.21e-14	-1.523587147	-1.916918003	-1.13025629	0.20067723	ptv	CardiometabolicII	PRRT3:Q5FWE3:OID30276:v1:CardiometabolicII	2.08997E-09	-1.135005307	3	9945542	9952408
BANK1	BANK1	cis-position, cis-gene	45190	99	45091	3.25e-14	-0.747230753	-0.940181769	-0.554279737	0.098443567	ptv	Inflammation	BANK1:Q8NDB2:OID20594:v1:Inflammation	2.0501E-14	-0.726200577	4	101411286	102074812
ASGR1	ADAM15	trans-position, trans-gene	44454	101	44353	3.26e-14	0.74980657	0.55617725	0.943435891	0.098789594	flexdmg	Cardiometabolic	ADAM15:Q13444:OID20109:v1:Cardiometabolic	1.65362E-14	0.738232575	17	7173431	7179564
MME	ENG	trans-position, trans-gene	45810	397	45413	3.31e-14	-0.378300789	-0.47601575	-0.280585828	0.04985417	flexdmg	Cardiometabolic	ENG:P17813:OID20287:v1:Cardiometabolic	9.34733E-14	-0.358384736	3	155024124	155183704
HSDL2	HSDL2	cis-position, cis-gene	44457	117	44340	3.31e-14	-0.691622764	-0.870271865	-0.512973662	0.091146693	flexdmg	CardiometabolicII	HSDL2:Q6YN16:OID30256:v1:CardiometabolicII	4.52692E-07	-0.334083943	9	112380080	112472405
CD244	CD244	cis-position, cis-gene	45752	52	45700	3.38e-14	-1.042752871	-1.312194247	-0.773311494	0.137468978	flexdmg	Inflammation	CD244:Q9BZW8:OID20628:v1:Inflammation	3.86626E-15	-1.072034098	1	160830160	160862887
ASGR1	KLK13	trans-position, trans-gene	44263	103	44160	3.44e-14	0.727737623	0.539634936	0.915840311	0.095969897	flexdmg	Oncology	KLK13:Q9UKR3:OID21291:v1:Oncology	6.26844E-15	0.730483082	17	7173431	7179564
OCLN	OCLN	cis-position, cis-gene	45520	13	45507	3.53e-14	-1.997559338	-2.514096279	-1.481022398	0.263537087	ptv	NeurologyII	OCLN:Q16625:OID31069:v1:NeurologyII	9.32975E-16	-2.046716748	5	69492292	69558104
ACHE	ACHE	cis-position, cis-gene	44654	78	44576	3.66e-14	-0.815356297	-1.026325294	-0.604387299	0.107636303	flexdmg	InflammationII	ACHE:P22303:OID30585:v1:InflammationII	1.55314E-13	-0.766111616	7	100889994	100896974
LCAT	BPIFB1	trans-position, trans-gene	45144	155	44989	3.69e-14	-0.586873607	-0.738747288	-0.434999927	0.077485917	ptvraredmg	Cardiometabolic	BPIFB1:Q8TDL5:OID20308:v1:Cardiometabolic	8.02899E-16	-0.601976664	16	67939750	67944131
ENPP4	ENPP5	cis-position, trans-gene	45452	118	45334	3.71e-14	-0.643409689	-0.809927744	-0.476891634	0.084957489	flexnonsynmtr	Inflammation	ENPP5:Q9UJA9:OID20736:v1:Inflammation	2.53366E-13	-0.597602318	6	46129964	46146699
PM20D1	TOP1	trans-position, trans-gene	45423	240	45183	4.05e-14	-0.472323176	-0.594746841	-0.34989951	0.062460537	flexdmg	OncologyII	TOP1:P11387:OID31449:v1:OncologyII	1.83452E-14	-0.468028519	1	205828025	205850132
NECTIN2	NECTIN2	cis-position, cis-gene	45201	58	45143	4.14e-14	-0.963690539	-1.213575061	-0.713806018	0.12749103	raredmgmtr	Cardiometabolic	NECTIN2:Q92692:OID20222:v1:Cardiometabolic	5.15871E-14	-0.947775461	19	44846175	44889223
SCGN	SCGN	cis-position, cis-gene	44437	48	44389	4.17e-14	-1.067237275	-1.344006545	-0.790468006	0.141207558	flexdmg	Inflammation	SCGN:O76038:OID20457:v1:Inflammation	4.25225E-15	-0.996838833	6	25652201	25701783
CPA1	CPA1	cis-position, cis-gene	45810	72	45738	4.38e-14	-0.878702536	-1.106769852	-0.650635221	0.116359938	flexdmg	Cardiometabolic	CPA1:P15085:OID20280:v1:Cardiometabolic	3.18575E-15	-0.891542502	7	130380339	130388114
SLC34A3	FGF23	trans-position, trans-gene	45551	351	45200	4.39e-14	-0.393227368	-0.495294779	-0.291159956	0.052074783	flexdmg	Oncology	FGF23:Q9GZV9:OID21411:v1:Oncology	1.89165E-15	-0.396315484	9	137230757	137236555
CNPY4	CNPY4	cis-position, cis-gene	45042	76	44966	4.87e-14	-0.859470263	-1.082957377	-0.635983149	0.114023068	ptv	Oncology	CNPY4:Q8N129:OID21317:v1:Oncology	6.08909E-16	-0.894164277	7	100119634	100125508
ASGR1	FASLG	trans-position, trans-gene	45752	106	45646	4.99e-14	0.690083736	0.510568562	0.86959891	0.091588633	flexdmg	Inflammation	FASLG:P48023:OID20665:v1:Inflammation	5.59302E-15	0.698609657	17	7173431	7179564
LRG1	LRG1	cis-position, cis-gene	45680	31	45649	5.05e-14	-1.289024977	-1.624414847	-0.953635106	0.171115889	flexdmg	InflammationII	LRG1:P02750:OID30751:v1:InflammationII	3.07673E-16	-1.261142664	19	4536402	4540036
C8G	C8B	trans-position, trans-gene	45680	166	45514	5.07e-14	-0.572859691	-0.721925011	-0.423794371	0.076053116	flexnonsynmtr	InflammationII	C8B:P07358:OID30719:v1:InflammationII	4.71144E-16	-0.579997763	9	136944875	136946974
ERBB3	ERBB3	cis-position, cis-gene	45090	312	44778	5.07e-14	-0.398436552	-0.50211142	-0.294761683	0.052894893	flexnonsynmtr	Inflammation	ERBB3:P21860:OID20705:v1:Inflammation	3.9102E-14	-0.379864058	12	56076799	56103505
EDEM1	CTSO	trans-position, trans-gene	45752	160	45592	5.08e-14	-0.585329724	-0.737641183	-0.433018265	0.077709299	ptvraredmg	Inflammation	CTSO:P43234:OID20660:v1:Inflammation	2.01924E-13	-0.547626158	3	5187674	5219965
PRTFDC1	PRTFDC1	cis-position, cis-gene	44217	181	44036	5.73e-14	-0.554937497	-0.699644677	-0.410230318	0.073829529	flexdmg	Neurology	PRTFDC1:Q9NRG1:OID20867:v1:Neurology	7.51251E-16	-0.570502546	10	24848614	24952606
SSC4D	SSC4D	cis-position, cis-gene	45201	72	45129	5.84e-14	-0.826038797	-1.041509206	-0.610568389	0.109932957	raredmg	Cardiometabolic	SSC4D:Q8WTU2:OID20182:v1:Cardiometabolic	1.84712E-17	-0.878137258	7	76389334	76409697
MFSD12	CTSL	trans-position, trans-gene	45276	715	44561	5.94e-14	0.271622951	0.200749767	0.342496135	0.036159485	flexdmg	Cardiometabolic	CTSL:P07711:OID20228:v1:Cardiometabolic	9.53086E-15	0.275466375	19	3538273	3557588
ANGPTL3	NRP1	trans-position, trans-gene	45509	150	45359	6.08e-14	0.600710581	0.443905311	0.757515851	0.08000203	flexdmg	Cardiometabolic	NRP1:O14786:OID20390:v1:Cardiometabolic	7.34046E-15	0.589860353	1	62597520	62606313
MCM7	PILRA	cis-position, trans-gene	45260	116	45144	6.17e-14	-0.674457435	-0.850558992	-0.498355878	0.089846981	rec	Neurology	PILRA:Q9UKJ1:OID21129:v1:Neurology	3.20836E-12	-0.613366677	7	100092728	100101940
CD300LG	CD300LG	cis-position, cis-gene	45260	23	45237	6.25e-14	-1.488144243	-1.87678868	-1.099499807	0.198286316	flexdmg	Neurology	CD300LG:Q6UXG3:OID21130:v1:Neurology	2.53645E-15	-1.507494714	17	43847148	43863639
GFER	TRIAP1	trans-position, trans-gene	45621	82	45539	6.42e-14	-0.81874194	-1.032661634	-0.604822245	0.10914181	flexdmg	Oncology	TRIAP1:O43715:OID21403:v1:Oncology	6.24888E-14	-0.788600704	16	1984193	1987749
SPARCL1	SPARCL1	cis-position, cis-gene	45290	21	45269	6.76e-14	-1.603688243	-2.023075829	-1.184300656	0.213971469	ptv	Cardiometabolic	SPARCL1:Q14515:OID20361:v1:Cardiometabolic	4.60418E-18	-1.732514171	4	87473335	87531061
PCSK9	PLA2G7	trans-position, trans-gene	45260	277	44983	6.84e-14	-0.425405994	-0.536679427	-0.314132561	0.056771684	flexdmg	Neurology	PLA2G7:Q13093:OID21105:v1:Neurology	6.15054E-13	-0.396347202	1	55039447	55064852
CTSH	CTSH	cis-position, cis-gene	44310	32	44278	6.97e-14	-1.28389876	-1.619836793	-0.947960727	0.171395421	ptv	Cardiometabolic	CTSH:P09668:OID20113:v1:Cardiometabolic	1.13436E-16	-1.298468268	15	78921058	78949574
C7orf61	PILRB	cis-position, trans-gene	45275	72	45203	7.06e-14	-0.863550735	-1.089557693	-0.637543777	0.115308707	ptv	Cardiometabolic	PILRB:Q9UKJ0:OID20197:v1:Cardiometabolic	1.41841E-13	-0.828037373	7	100456615	100464271
NOXO1	TPSAB1	cis-position, trans-gene	45675	526	45149	7.17e-14	-0.326642063	-0.412152689	-0.241131436	0.043627516	rec	Inflammation	TPSAB1:Q15661:OID20642:v1:Inflammation	3.84865E-14	-0.324999297	16	1978917	1981549
PTGDS	PTGDS	cis-position, cis-gene	44912	16	44896	7.19e-14	-1.742431319	-2.198601119	-1.28626152	0.232737695	ptvraredmg	Cardiometabolic	PTGDS:P41222:OID20408:v1:Cardiometabolic	7.69049E-14	-1.74230021	9	136975092	136981742
STAB2	COL1A1	trans-position, trans-gene	45810	998	44812	7.2e-14	0.235152257	0.173587342	0.296717172	0.031410418	flexdmg	Cardiometabolic	COL1A1:P02452:OID20335:v1:Cardiometabolic	1.0808E-14	0.228779965	12	103587273	103766719
ASGR1	CEACAM6	trans-position, trans-gene	45606	104	45502	7.33e-14	0.721674428	0.532673903	0.910674953	0.096428051	flexdmg	CardiometabolicII	CEACAM6:P40199:OID30362:v1:CardiometabolicII	3.97734E-13	0.687227411	17	7173431	7179564
GPI	GPI	cis-position, cis-gene	45669	210	45459	7.34e-14	-0.511355587	-0.64527629	-0.377434885	0.068326333	flexdmg	InflammationII	GPI:P06744:OID30680:v1:InflammationII	3.56822E-13	-0.475122079	19	34359480	34402413
CRISP2	CRISP2	cis-position, cis-gene	45621	27	45594	7.71e-14	-1.231078232	-1.553771157	-0.908385307	0.164637903	flexdmg	Oncology	CRISP2:P16562:OID21456:v1:Oncology	2.46692E-20	-1.284504671	6	49692358	49713590
ASGR1	ITGA5	trans-position, trans-gene	45260	103	45157	7.92e-14	0.714718375	0.527288833	0.902147917	0.095626516	flexdmg	Neurology	ITGA5:P08648:OID21139:v1:Neurology	1.1946E-14	0.721702055	17	7173431	7179564
CLGN	CLGN	cis-position, cis-gene	44410	41	44369	7.95e-14	-1.164964274	-1.470489651	-0.859438898	0.155878908	ptv	NeurologyII	CLGN:O14967:OID30957:v1:NeurologyII	4.30524E-14	-1.136212192	4	140388453	140427661
LAMP3	LAMP3	cis-position, cis-gene	45673	26	45647	8.47e-14	-1.376456432	-1.737851519	-1.015061345	0.184383748	ptvraredmg	Inflammation	LAMP3:Q9UQV4:OID20638:v1:Inflammation	6.49442E-12	-1.149339975	3	183122215	183163839
IGF2R	CTSS	trans-position, trans-gene	35547	17	35530	8.51e-14	1.785016508	1.316346239	2.253686776	0.239113732	ptv	Neurology	CTSS:P25774:OID21056:v1:Neurology	7.02527E-14	1.784707133	6	159969082	160113507
AGER	TNXB	cis-position, trans-gene	45260	90	45170	9.03e-14	0.760415957	0.560538407	0.960293506	0.101977487	ptv	Neurology	TNXB:P22105:OID21107:v1:Neurology	2.50624E-13	0.723922454	6	32180968	32184322
KLRB1	KLRB1	cis-position, cis-gene	45752	14	45738	9.11e-14	-1.922044029	-2.427337051	-1.416751007	0.257800477	flexdmg	Inflammation	KLRB1:Q12918:OID20629:v1:Inflammation	9.56767E-17	-1.897715265	12	9594551	9607916
HEG1	HEG1	cis-position, cis-gene	44654	28	44626	9.48e-14	-1.33979069	-1.692261925	-0.987319455	0.179830691	ptv	InflammationII	HEG1:Q9ULI3:OID30579:v1:InflammationII	4.76091E-15	-1.338377252	3	124965710	125055997
CMTM5	KIF22	trans-position, trans-gene	44108	38	44070	9.52e-14	-1.192239342	-1.505913375	-0.87856531	0.160036319	flexdmg	CardiometabolicII	KIF22:Q14807:OID30175:v1:CardiometabolicII	4.26969E-14	-1.113235027	14	23376808	23379772
KLB	FGFR4	trans-position, trans-gene	44654	134	44520	1.01e-13	0.627048045	0.461901695	0.792194396	0.084257605	flexdmg	InflammationII	FGFR4:P22455:OID30646:v1:InflammationII	6.74626E-14	0.616480218	4	39406930	39451533
STAB1	ACY3	trans-position, trans-gene	44108	705	43403	1.02e-13	0.272990837	0.201075871	0.344905803	0.036690976	ptvraredmg	CardiometabolicII	ACY3:Q96HD9:OID30086:v1:CardiometabolicII	4.1402E-17	0.292066688	3	52495338	52524495
PAFAH2	PAFAH2	cis-position, cis-gene	44858	146	44712	1.02e-13	-0.614051653	-0.775816387	-0.452286919	0.082532316	flexdmg	OncologyII	PAFAH2:Q99487:OID31286:v1:OncologyII	3.83207E-15	-0.614527045	1	25959767	25998117
FN1	FN1	cis-position, cis-gene	45680	25	45655	1.03e-13	-1.463553253	-1.849147424	-1.077959082	0.19673012	ptv	InflammationII	FN1:P02751:OID30787:v1:InflammationII	1.35015E-18	-1.608108043	2	215360440	215436073
HRC	HRC	cis-position, cis-gene	44457	17	44440	1.03e-13	-1.786088435	-2.256659225	-1.315517646	0.24008501	ptv	CardiometabolicII	HRC:P23327:OID30211:v1:CardiometabolicII	1.25404E-13	-1.786926452	19	49151198	49155396
HSPB1	HSPB1	cis-position, cis-gene	44560	20	44540	1.04e-13	-1.645989962	-2.079720865	-1.21225906	0.22128933	ptv	Cardiometabolic	HSPB1:P04792:OID20230:v1:Cardiometabolic	1.14684E-12	-1.536351783	7	76302673	76304295
SERPINA11	SERPINA11	cis-position, cis-gene	45810	7	45803	1.04e-13	-2.50457195	-3.164584236	-1.844559664	0.336738249	ptv	Cardiometabolic	SERPINA11:Q86U17:OID20281:v1:Cardiometabolic	6.87916E-15	-2.457648316	14	94442464	94452800
ASGR1	FLT3	trans-position, trans-gene	44180	103	44077	1.05e-13	0.724187783	0.533321543	0.915054023	0.097379855	flexdmg	Oncology	FLT3:P36888:OID21272:v1:Oncology	2.06986E-13	0.697568687	17	7173431	7179564
ANKRD11	CDH15	cis-position, trans-gene	45572	141	45431	1.14e-13	0.528467408	0.388972135	0.667962681	0.071170474	rec	Neurology	CDH15:P55291:OID21005:v1:Neurology	1.05811E-08	0.344499069	16	89267619	89490574
LRRN1	LRRN1	cis-position, cis-gene	44437	160	44277	1.15e-13	-0.577316607	-0.729727842	-0.424905373	0.077760144	flexdmg	Inflammation	LRRN1:Q6UXK5:OID20438:v1:Inflammation	6.43405E-15	-0.577796998	3	3799431	3849834
IL15RA	IL15RA	cis-position, cis-gene	44437	160	44277	1.16e-13	-0.571586078	-0.722498566	-0.420673591	0.076995484	flexnonsynmtr	Inflammation	IL15RA:Q13261:OID20498:v1:Inflammation	3.84585E-13	-0.547692092	10	5943639	5978187
ASGR1	CSF3R	trans-position, trans-gene	44339	99	44240	1.18e-13	0.735765687	0.541458091	0.930073283	0.099135643	flexdmg	InflammationII	CSF3R:Q99062:OID30527:v1:InflammationII	8.14461E-13	0.703493469	17	7173431	7179564
ASGR1	FCRL1	trans-position, trans-gene	45276	106	45170	1.18e-13	0.705483987	0.519157187	0.891810787	0.095063898	ptvraredmg	Cardiometabolic	FCRL1:Q96LA6:OID20172:v1:Cardiometabolic	1.37594E-14	0.716271088	17	7173431	7179564
LAMC1	NPL	cis-position, trans-gene	45616	104	45512	1.19e-13	-0.647221343	-0.818178378	-0.476264308	0.087222265	rec	CardiometabolicII	NPL:Q9BXD5:OID30329:v1:CardiometabolicII	3.87115E-13	-0.588279176	1	183023460	183145592
DNAJC9	DNAJC9	cis-position, cis-gene	45423	32	45391	1.25e-13	-1.275916031	-1.613230705	-0.938601357	0.172097898	flexdmg	OncologyII	DNAJC9:Q8WXX5:OID31472:v1:OncologyII	2.33035E-15	-1.342241859	10	73183362	73247255
CTSS	CTSS	cis-position, cis-gene	35547	35	35512	1.28e-13	-1.235310353	-1.562032565	-0.90858814	0.166692391	flexdmg	Neurology	CTSS:P25774:OID21056:v1:Neurology	2.86351E-13	-1.180011936	1	150730079	150765957
ADAMTS16	ADAMTS16	cis-position, cis-gene	44454	261	44193	1.3e-13	-0.418716619	-0.529486437	-0.307946801	0.056514712	flexdmg	Cardiometabolic	ADAMTS16:Q8TE57:OID20089:v1:Cardiometabolic	1.80133E-14	-0.414430796	5	5140330	5320304
SMC6	AFP	trans-position, trans-gene	44766	40	44726	1.3e-13	-1.124665758	-1.422216794	-0.827114721	0.151810436	ptvraredmg	Neurology	AFP:P02771:OID20978:v1:Neurology	9.74331E-13	-1.001661787	2	17663812	17753829
ASGR1	CHRDL2	trans-position, trans-gene	45276	106	45170	1.3e-13	0.682990782	0.502307176	0.863674387	0.092184742	flexdmg	Cardiometabolic	CHRDL2:Q6WN34:OID20223:v1:Cardiometabolic	2.86007E-14	0.687762764	17	7173431	7179564
PDCD5	PDCD5	cis-position, cis-gene	45644	74	45570	1.33e-13	-0.844742966	-1.068324085	-0.621161847	0.114071069	flexdmg	Neurology	PDCD5:O14737:OID21021:v1:Neurology	2.36856E-14	-0.845425119	19	32581190	32587453
NID2	NID2	cis-position, cis-gene	45260	94	45166	1.34e-13	-0.760021167	-0.961216645	-0.558825689	0.102649894	ptv	Neurology	NID2:Q14112:OID21085:v1:Neurology	2.66955E-14	-0.772384285	14	52004809	52069059
PMF1-BGLAP	BGLAP	cis-position, trans-gene	45606	36	45570	1.38e-13	-1.168827767	-1.478381338	-0.859274195	0.157934204	ptv	CardiometabolicII	BGLAP:P02818:OID30389:v1:CardiometabolicII	8.24512E-13	-1.088578572	1	156212988	156243332
PRSS27	PRSS27	cis-position, cis-gene	45135	17	45118	1.4e-13	-1.766893691	-2.234962627	-1.298824755	0.238808663	ptv	Cardiometabolic	PRSS27:Q9BQR3:OID20212:v1:Cardiometabolic	1.38585E-13	-1.742126008	16	2712419	2720551
ADAM23	ADAM23	cis-position, cis-gene	45752	20	45732	1.43e-13	-1.645321115	-2.081381473	-1.209260757	0.222477975	UR	Inflammation	ADAM23:O75077:OID20651:v1:Inflammation	3.8392E-13	-1.53475601	2	206443532	206621127
STAB1	ANGPT2	trans-position, trans-gene	45621	726	44895	1.54e-13	-0.270106176	-0.341785581	-0.198426771	0.036570826	ptvraredmg	Oncology	ANGPT2:O15123:OID21463:v1:Oncology	1.33962E-13	-0.252372101	3	52495338	52524495
CD6	CD6	cis-position, cis-gene	45673	23	45650	1.58e-13	-1.500282067	-1.898613851	-1.101950284	0.203228848	raredmg	Inflammation	CD6:P30203:OID20649:v1:Inflammation	1.20754E-13	-1.502210274	11	60971680	61020377
PLG	RSPO3	trans-position, trans-gene	45621	276	45345	1.59e-13	-0.406139604	-0.513974892	-0.298304315	0.055017555	flexnonsynmtr	Oncology	RSPO3:Q9BXY4:OID21415:v1:Oncology	7.71847E-13	-0.380734787	6	160702238	160754097
APOD	APOD	cis-position, cis-gene	43925	33	43892	1.63e-13	-1.253160254	-1.58604956	-0.920270949	0.169839921	ptvraredmg	InflammationII	APOD:P05090:OID30746:v1:InflammationII	1.02365E-13	-1.180708705	3	195568705	195584033
STAB2	PODXL2	trans-position, trans-gene	45388	989	44399	1.63e-13	0.23416156	0.171956162	0.296366959	0.031737185	flexdmg	Oncology	PODXL2:Q9NZ53:OID21487:v1:Oncology	5.2038E-15	0.233769734	12	103587273	103766719
SLAMF7	SLAMF7	cis-position, cis-gene	45190	19	45171	1.68e-13	-1.674466566	-2.119502497	-1.229430636	0.227057236	ptv	Inflammation	SLAMF7:Q9NQ25:OID20602:v1:Inflammation	1.08416E-13	-1.67631971	1	160739057	160754821
ZNF446	A1BG	cis-position, trans-gene	45680	227	45453	1.7e-13	-0.462114792	-0.584967013	-0.33926257	0.062679195	flexnonsynmtr	InflammationII	A1BG:P04217:OID30771:v1:InflammationII	1.60804E-12	-0.420669788	19	58474543	58489533
FCGR3B	FCGR3B	cis-position, cis-gene	45292	57	45235	1.75e-13	-0.956183304	-1.210506887	-0.701859721	0.129755845	flexnonsynmtr	Cardiometabolic	FCGR3B:O75015:OID20387:v1:Cardiometabolic	8.95211E-15	-0.970469122	1	161623196	161631963
CARHSP1	CARHSP1	cis-position, cis-gene	44217	79	44138	1.79e-13	-0.806664151	-1.021305465	-0.592022837	0.109509888	flexdmg	Neurology	CARHSP1:Q9Y2V2:OID20859:v1:Neurology	1.73332E-15	-0.85126787	16	8852942	8869012
VEGFD	VEGFD	cis-position, cis-gene	45680	7	45673	1.88e-13	-2.711621187	-3.433842694	-1.989399679	0.368477364	ptv	Inflammation	VEGFD:O43915:OID20662:v1:Inflammation	1.70178E-15	-2.748641721	X	15345596	15384413
IL10RB	IL10RB	cis-position, cis-gene	45452	43	45409	1.95e-13	-1.081004361	-1.369114598	-0.792894124	0.146993804	flexdmg	Inflammation	IL10RB:Q08334:OID20696:v1:Inflammation	2.41283E-16	-1.156060796	21	33266367	33310187
PBLD	PBLD	cis-position, cis-gene	44217	43	44174	2.09e-13	-1.100737783	-1.39445909	-0.807016476	0.14985646	flexdmg	Neurology	PBLD:P30039:OID20839:v1:Neurology	5.37559E-15	-1.110036044	10	68282660	68333049
LRRC14B	PDCD6	cis-position, trans-gene	45276	58	45218	2.16e-13	-0.958952491	-1.215008624	-0.702896357	0.130639791	ptv	Cardiometabolic	PDCD6:O75340:OID20163:v1:Cardiometabolic	2.60214E-13	-0.91763327	5	191511	195353
SH2B3	NCR1	trans-position, trans-gene	45121	302	44819	2.22e-13	0.41090095	0.301130944	0.520670957	0.056004632	flexnonsynmtr	Inflammation	NCR1:O76036:OID20566:v1:Inflammation	5.13081E-12	0.362496537	12	111405923	111451623
CD80	CD80	cis-position, cis-gene	45616	28	45588	2.25e-13	-1.325656522	-1.679878682	-0.971434363	0.180724115	raredmg	CardiometabolicII	CD80:P33681:OID30291:v1:CardiometabolicII	4.9106E-12	-1.213366815	3	119524293	119559614
STAB1	VWF	trans-position, trans-gene	45810	727	45083	2.3e-13	0.270349766	0.198080148	0.342619385	0.036871957	ptvraredmg	Cardiometabolic	VWF:P04275:OID20256:v1:Cardiometabolic	1.32515E-14	0.265379677	3	52495338	52524495
THAP12	CES3	trans-position, trans-gene	45042	31	45011	2.36e-13	-1.292094287	-1.637644196	-0.946544378	0.176299474	flexdmg	Oncology	CES3:Q6UWW8:OID21340:v1:Oncology	4.22184E-13	-1.241023137	11	76349898	76381132
NUDT2	NUDT2	cis-position, cis-gene	45042	51	44991	2.38e-13	-1.017512642	-1.289672137	-0.745353148	0.138855703	flexdmg	Oncology	NUDT2:P50583:OID21308:v1:Oncology	3.05731E-14	-1.007616009	9	34329506	34343711
RND2	VAT1	cis-position, trans-gene	45042	111	44931	2.43e-13	-0.687523424	-0.871490408	-0.503556441	0.093859907	flexnonsynmtr	Oncology	VAT1:Q99536:OID21382:v1:Oncology	1.26301E-11	-0.609880185	17	43025241	43032041
FURIN	FURIN	cis-position, cis-gene	45388	109	45279	2.44e-13	-0.684281684	-0.867395442	-0.501167925	0.093424611	ptvraredmg	Oncology	FURIN:P09958:OID21514:v1:Oncology	9.05225E-14	-0.656124861	15	90868588	90883564
MEP1B	MEP1B	cis-position, cis-gene	45276	169	45107	2.44e-13	-0.557318103	-0.706456711	-0.408179495	0.07609049	flexdmg	Cardiometabolic	MEP1B:Q16820:OID20168:v1:Cardiometabolic	2.22899E-12	-0.513917385	18	32185069	32220404
LBP	LBP	cis-position, cis-gene	45433	20	45413	2.52e-13	-1.612324141	-2.0440325	-1.180615782	0.220257544	ptv	Cardiometabolic	LBP:P18428:OID20355:v1:Cardiometabolic	4.57472E-24	-1.64921956	20	38346482	38377013
LILRB1	LILRB1	cis-position, cis-gene	45810	23	45787	2.59e-13	-1.479626881	-1.876000997	-1.083252764	0.202230063	ptv	Cardiometabolic	LILRB1:Q8NHL6:OID20323:v1:Cardiometabolic	2.14203E-15	-1.490803384	19	54617158	54638022
LAMP2	LAMP2	cis-position, cis-gene	43872	324	43548	2.61e-13	-0.394703896	-0.500455799	-0.288951993	0.053954555	rec	Neurology	LAMP2:P13473:OID21035:v1:Neurology	1.42834E-12	-0.375954085	X	120426148	120469365
IL18	IL18	cis-position, cis-gene	45078	14	45064	2.64e-13	-1.874602334	-2.376989949	-1.37221472	0.256318036	flexnonsynmtr	Inflammation	IL18:Q14116:OID20694:v1:Inflammation	2.81844E-13	-1.713335559	11	112143253	112164096
ITGB7	ITGB7	cis-position, cis-gene	45621	280	45341	2.66e-13	-0.435162044	-0.551793701	-0.318530388	0.059505461	flexdmg	Oncology	ITGB7:P26010:OID21393:v1:Oncology	3.02123E-12	-0.394650326	12	53191323	53207282
TTLL12	DNAJB1	trans-position, trans-gene	45042	190	44852	2.71e-13	-0.519889427	-0.659283873	-0.38049498	0.07111901	flexdmg	Oncology	DNAJB1:P25685:OID21363:v1:Oncology	2.67251E-14	-0.516465699	22	43166622	43187131
ASGR1	MERTK	trans-position, trans-gene	45752	106	45646	2.86e-13	0.67329928	0.492597602	0.854000959	0.092193988	flexdmg	Inflammation	MERTK:Q12866:OID20657:v1:Inflammation	1.26285E-12	0.641462225	17	7173431	7179564
ASGR1	OPTC	trans-position, trans-gene	45042	104	44938	2.91e-13	0.684942052	0.501054578	0.868829526	0.093819342	ptvraredmg	Oncology	OPTC:Q9UBM4:OID21362:v1:Oncology	1.15625E-13	0.68000305	17	7173431	7179564
TET2	CD86	trans-position, trans-gene	45423	73	45350	2.93e-13	0.827891778	0.60560516	1.050178397	0.113410601	ptv	OncologyII	CD86:P42081:OID31500:v1:OncologyII	2.48641E-13	0.826601453	4	105145875	105279816
TET2	CLEC4C	trans-position, trans-gene	45190	92	45098	2.93e-13	0.75286001	0.550712323	0.955007697	0.103135707	UR	Inflammation	CLEC4C:Q8WTT0:OID20547:v1:Inflammation	3.28081E-12	0.699642394	4	105145875	105279816
LGALS4	LGALS4	cis-position, cis-gene	45225	23	45202	3.02e-13	-1.45616838	-1.847370504	-1.064966257	0.199591244	ptv	Inflammation	LGALS4:P56470:OID20748:v1:Inflammation	2.37468E-15	-1.485421094	19	38801671	38812945
CD163	FOLR2	trans-position, trans-gene	45644	58	45586	3.05e-13	0.914734632	0.668944757	1.160524506	0.125401975	ptvraredmg	Neurology	FOLR2:P14207:OID21062:v1:Neurology	2.39106E-13	0.858565766	12	7470811	7503893
ASGR1	BOC	trans-position, trans-gene	44454	101	44353	3.18e-13	0.710321052	0.519311845	0.90133026	0.097452813	flexdmg	Cardiometabolic	BOC:Q9BWV1:OID20116:v1:Cardiometabolic	2.80876E-13	0.695797313	17	7173431	7179564
ENG	ENG	cis-position, cis-gene	45810	6	45804	3.31e-13	-2.941046573	-3.732528277	-2.149564869	0.403813942	ptv	Cardiometabolic	ENG:P17813:OID20287:v1:Cardiometabolic	4.0427E-13	-2.934688005	9	127815013	127854658
C7orf61	PILRA	cis-position, trans-gene	45260	75	45185	3.66e-13	-0.812002314	-1.030930473	-0.593074155	0.111697104	ptv	Neurology	PILRA:Q9UKJ1:OID21129:v1:Neurology	1.27724E-12	-0.772781463	7	100456615	100464271
ASGR1	CRTAM	trans-position, trans-gene	44914	103	44811	3.71e-13	0.700385868	0.511505983	0.889265753	0.096366461	flexdmg	Neurology	CRTAM:O95727:OID20914:v1:Neurology	2.79733E-13	0.687595374	17	7173431	7179564
PON2	PON2	cis-position, cis-gene	44454	18	44436	3.71e-13	-1.704163256	-2.163748975	-1.244577537	0.234480431	ptv	Cardiometabolic	PON2:Q15165:OID20088:v1:Cardiometabolic	8.55095E-15	-1.615011711	7	95404862	95435329
ASGR1	PTPRM	trans-position, trans-gene	45115	104	45011	3.76e-13	0.692478263	0.505687772	0.879268753	0.095300464	ptvraredmg	Inflammation	PTPRM:P28827:OID20598:v1:Inflammation	9.88829E-13	0.670026714	17	7173431	7179564
G6PC	ERBB3	trans-position, trans-gene	45090	250	44840	3.77e-13	0.429023177	0.313288865	0.544757488	0.059047617	flexdmg	Inflammation	ERBB3:P21860:OID20705:v1:Inflammation	3.02597E-12	0.399881019	17	42900797	42914433
ASGR1	MEGF10	trans-position, trans-gene	45225	104	45121	3.8e-13	0.695560328	0.507892888	0.883227767	0.09574789	flexdmg	Inflammation	MEGF10:Q96KG7:OID20746:v1:Inflammation	3.10039E-13	0.68189719	17	7173431	7179564
PSG1	PSG1	cis-position, cis-gene	44914	120	44794	3.88e-13	-0.645245128	-0.819401149	-0.471089106	0.08885435	flexdmg	Neurology	PSG1:P11464:OID20916:v1:Neurology	1.98777E-14	-0.656137406	19	42866464	42879822
KNG1	F11	trans-position, trans-gene	45109	89	45020	3.89e-13	-0.738269246	-0.937546694	-0.538991798	0.101671307	flexdmg	InflammationII	F11:P03951:OID30773:v1:InflammationII	1.06414E-13	-0.730662654	3	186717309	186744410
CLSTN2	CLSTN2	cis-position, cis-gene	45752	6	45746	4.19e-13	-2.91059533	-3.69732019	-2.123870469	0.401386987	ptv	Inflammation	CLSTN2:Q9H4D0:OID20664:v1:Inflammation	1.27457E-11	-2.356113841	3	139935185	140577397
RPGR	SRPX	cis-position, trans-gene	45616	181	45435	4.29e-13	-0.49816079	-0.632869495	-0.363452085	0.06872837	rec	CardiometabolicII	SRPX:P78539:OID30310:v1:CardiometabolicII	5.35152E-12	-0.411834555	X	38269163	38327544
TBC1D5	TBC1D5	cis-position, cis-gene	45190	68	45122	4.94e-13	-0.851378503	-1.082208774	-0.620548233	0.117769555	ptv	Inflammation	TBC1D5:Q92609:OID20521:v1:Inflammation	1.25412E-13	-0.853987436	3	17157162	18444817
ASAH2	ASAH2	cis-position, cis-gene	44914	29	44885	5.42e-13	-1.28803644	-1.637865715	-0.938207166	0.178482792	ptv	Neurology	ASAH2:Q9NR71:OID20996:v1:Neurology	8.38482E-13	-1.286051912	10	50182778	50279720
LIPF	LIPF	cis-position, cis-gene	44457	99	44358	5.47e-13	-0.702056326	-0.892769765	-0.511342887	0.097301913	ptvraredmg	CardiometabolicII	LIPF:P07098:OID30266:v1:CardiometabolicII	5.67958E-11	-0.622142383	10	88664441	88678814
STAB1	PCSK9	trans-position, trans-gene	45810	1247	44563	5.79e-13	0.20076206	0.146166637	0.255357483	0.027854583	flexdmg	Cardiometabolic	PCSK9:Q8NBP7:OID20235:v1:Cardiometabolic	2.48098E-13	0.195246349	3	52495338	52524495
C1QA	HTRA2	trans-position, trans-gene	45388	102	45286	5.8e-13	-0.704363075	-0.895917688	-0.512808461	0.097731134	flexnonsynmtr	Oncology	HTRA2:O43464:OID21471:v1:Oncology	1.12949E-09	-0.561941174	1	22636628	22639678
PPM1F	PPM1F	cis-position, cis-gene	45616	52	45564	6.29e-13	-0.988615122	-1.25788179	-0.719348454	0.137379831	flexdmg	CardiometabolicII	PPM1F:P49593:OID30350:v1:CardiometabolicII	1.11925E-11	-0.862347455	22	21919425	21952848
SEMA3F	SEMA3F	cis-position, cis-gene	45276	135	45141	6.34e-13	-0.595144061	-0.757269616	-0.433018506	0.082716428	flexdmg	Cardiometabolic	SEMA3F:Q13275:OID20186:v1:Cardiometabolic	1.05455E-13	-0.594144629	3	50155045	50189075
APOBR	APOBR	cis-position, cis-gene	44457	53	44404	6.41e-13	-0.977242356	-1.243510655	-0.710974057	0.135849969	ptv	CardiometabolicII	APOBR:Q0VD83:OID30246:v1:CardiometabolicII	3.67628E-13	-0.949331191	16	28494643	28498964
IGSF9	IGSF9	cis-position, cis-gene	45616	168	45448	6.85e-13	-0.540259879	-0.687647982	-0.392871775	0.075197398	ptvraredmg	CardiometabolicII	IGSF9:Q9P2J2:OID30330:v1:CardiometabolicII	2.8718E-13	-0.516733144	1	159927039	159945613
STAB1	ASPN	trans-position, trans-gene	45616	726	44890	7.19e-13	0.259993082	0.188998547	0.330987616	0.036221405	ptvraredmg	CardiometabolicII	ASPN:Q9BXN1:OID30315:v1:CardiometabolicII	5.86899E-15	0.263902831	3	52495338	52524495
NCAN	NCAN	cis-position, cis-gene	45644	13	45631	7.27e-13	-1.857343982	-2.364620411	-1.350067554	0.258812394	ptv	Neurology	NCAN:O14594:OID21055:v1:Neurology	1.10387E-12	-1.852941819	19	19211958	19252233
ASGR1	SEMA7A	trans-position, trans-gene	45667	106	45561	7.29e-13	0.685959854	0.498601097	0.873318611	0.095590424	flexdmg	Cardiometabolic	SEMA7A:O75326:OID20283:v1:Cardiometabolic	9.92555E-13	0.668353595	17	7173431	7179564
MUC17	PILRB	cis-position, trans-gene	45275	1073	44202	7.35e-13	-0.216744653	-0.275955189	-0.157534116	0.030209204	rec	Cardiometabolic	PILRB:Q9UKJ0:OID20197:v1:Cardiometabolic	6.61328E-10	-0.169437959	7	101020076	101058859
HIST1H2BO	LRPAP1	trans-position, trans-gene	45644	77	45567	7.43e-13	0.798549255	0.580354284	1.016744226	0.111323057	flexdmg	Neurology	LRPAP1:P30533:OID21059:v1:Neurology	5.7009E-13	0.788088631	6	27893425	27893891
ASGR1	PECAM1	trans-position, trans-gene	45260	103	45157	7.48e-13	0.699091068	0.50805041	0.890131726	0.097468907	flexdmg	Neurology	PECAM1:P16284:OID21131:v1:Neurology	1.5576E-12	0.674737044	17	7173431	7179564
ZNF548	SIRPB1	trans-position, trans-gene	45157	57	45100	7.51e-13	0.926661445	0.673414002	1.179908887	0.129206788	flexdmg	Inflammation	SIRPB1:O00241:OID20739:v1:Inflammation	9.26245E-13	0.90018153	19	57389850	57402551
IL2RB	IL15	trans-position, trans-gene	45190	52	45138	7.62e-13	0.986772542	0.717018455	1.256526629	0.137628477	ptvraredmg	Inflammation	IL15:P40933:OID20562:v1:Inflammation	8.96301E-12	0.859849928	22	37125843	37175054
PLAT	SERPINI1	trans-position, trans-gene	44582	245	44337	7.79e-13	-0.446493013	-0.568599447	-0.324386579	0.062298654	flexdmg	InflammationII	SERPINI1:Q99574:OID30604:v1:InflammationII	4.96222E-14	-0.443051637	8	42174718	42207709
ASGR1	GPNMB	trans-position, trans-gene	44050	105	43945	7.93e-13	0.685442436	0.497924561	0.872960311	0.095671513	flexdmg	Cardiometabolic	GPNMB:Q14956:OID20173:v1:Cardiometabolic	5.96844E-14	0.702613172	17	7173431	7179564
ZNF343	PSG1	trans-position, trans-gene	44914	175	44739	8.28e-13	0.527055377	0.382745605	0.671365149	0.073626803	flexnonsynmtr	Neurology	PSG1:P11464:OID20916:v1:Neurology	7.53797E-13	0.483265792	20	2480071	2524522
ASGR1	SDC1	trans-position, trans-gene	45276	106	45170	8.71e-13	0.669989574	0.486365103	0.853614046	0.093685171	ptvraredmg	Cardiometabolic	SDC1:P18827:OID20169:v1:Cardiometabolic	2.3957E-14	0.700443858	17	7173431	7179564
B4GALNT3	WIF1	trans-position, trans-gene	45621	337	45284	8.94e-13	0.378891585	0.274996594	0.482786577	0.053007216	flexdmg	Oncology	WIF1:Q9Y5W5:OID21464:v1:Oncology	6.0373E-12	0.347703818	12	460377	561892
ASGR1	EPHA4	trans-position, trans-gene	44654	104	44550	9.33e-13	0.698670764	0.506934693	0.890406835	0.097823671	ptvraredmg	InflammationII	EPHA4:P54764:OID30622:v1:InflammationII	1.89501E-12	0.673390014	17	7173431	7179564
TSTA3	KEL	trans-position, trans-gene	44217	167	44050	9.35e-13	-0.528434505	-0.673459926	-0.383409084	0.073991895	flexdmg	Neurology	KEL:P23276:OID20881:v1:Neurology	3.45293E-15	-0.55808112	8	143612618	143618043
GP9	GP1BA	trans-position, trans-gene	45047	103	44944	9.51e-13	-0.694991285	-0.885787005	-0.504195565	0.097343927	flexdmg	Cardiometabolic	GP1BA:P07359:OID20381:v1:Cardiometabolic	6.94698E-13	-0.653999819	3	129055449	129062411
FAP	ADM	trans-position, trans-gene	45621	142	45479	9.53e-13	0.54735989	0.397085757	0.697634024	0.07666985	ptvraredmg	Oncology	ADM:P35318:OID21467:v1:Oncology	5.86216E-14	0.551856495	2	162170684	162245151
ASGR1	CHL1	trans-position, trans-gene	45362	104	45258	9.59e-13	0.691120762	0.501354852	0.880886672	0.096818537	ptvraredmg	Cardiometabolic	CHL1:O00533:OID20366:v1:Cardiometabolic	2.86311E-13	0.693618952	17	7173431	7179564
PHLDB1	SCN4B	cis-position, trans-gene	44456	560	43896	9.59e-13	-0.292228105	-0.372467517	-0.211988692	0.040938113	rec	CardiometabolicII	SCN4B:Q8IWT1:OID30277:v1:CardiometabolicII	2.1714E-11	-0.272780065	11	118606440	118658031
CD99L2	CD99L2	cis-position, cis-gene	45260	6	45254	9.93e-13	-2.844859083	-3.626518136	-2.063200029	0.398802298	URmtr	Neurology	CD99L2:Q8TCZ2:OID21122:v1:Neurology	9.83626E-13	-2.842602147	X	150766336	150898816
PSG7	CEACAM21	trans-position, trans-gene	45190	46	45144	1.04e-12	1.035240177	0.750565218	1.319915136	0.145241103	ptv	Inflammation	CEACAM21:Q3KPI0:OID20548:v1:Inflammation	2.69328E-10	0.848687121	19	42924132	42937178
PLAUR	PLAUR	cis-position, cis-gene	44935	63	44872	1.06e-12	-0.855333755	-1.090647786	-0.620019725	0.12005715	ptvraredmg	Inflammation	PLAUR:Q03405:OID20764:v1:Inflammation	1.45904E-15	-0.931880258	19	43646095	43670547
FLG	KLK8	trans-position, trans-gene	43747	534	43213	1.08e-12	0.297751841	0.215815124	0.379688558	0.041804058	ptv	Oncology	KLK8:O60259:OID21517:v1:Oncology	2.62807E-13	0.289254388	1	152302163	152325257
ABCA1	BPIFB1	trans-position, trans-gene	45144	756	44388	1.1e-12	-0.25151078	-0.320751087	-0.182270472	0.035326389	flexdmg	Cardiometabolic	BPIFB1:Q8TDL5:OID20308:v1:Cardiometabolic	2.38742E-13	-0.244355954	9	104781002	104928246
ANXA11	ANXA11	cis-position, cis-gene	45115	86	45029	1.13e-12	-0.765118118	-0.975851556	-0.554384681	0.10751615	ptvraredmg	Inflammation	ANXA11:P50995:OID20583:v1:Inflammation	7.18522E-13	-0.695945207	10	80150889	80205572
FUT1	ENG	trans-position, trans-gene	45810	211	45599	1.13e-12	0.485600798	0.35184168	0.619359917	0.068243898	flexdmg	Cardiometabolic	ENG:P17813:OID20287:v1:Cardiometabolic	4.25166E-13	0.477724486	19	48748011	48755390
CCL18	CCL18	cis-position, cis-gene	44626	16	44610	1.17e-12	-1.702945793	-2.17233541	-1.233556175	0.239482401	ptv	Cardiometabolic	CCL18:P55774:OID20395:v1:Cardiometabolic	6.65827E-14	-1.61001181	17	36064272	36072032
SUSD4	SUSD4	cis-position, cis-gene	45424	105	45319	1.2e-12	-0.677716764	-0.864620942	-0.490812586	0.095358485	flexdmg	OncologyII	SUSD4:Q5VX71:OID31398:v1:OncologyII	7.58066E-14	-0.687231485	1	223220819	223364233
MUC16	MUC16	cis-position, cis-gene	45042	385	44657	1.21e-12	-0.362118628	-0.462002199	-0.262235058	0.050960572	ptv	Oncology	MUC16:Q8WXI7:OID21378:v1:Oncology	6.88708E-14	-0.362271831	19	8848844	8981342
PINLYP	PINLYP	cis-position, cis-gene	44654	59	44595	1.26e-12	-0.915143589	-1.167738653	-0.662548526	0.128873906	raredmg	InflammationII	PINLYP:A6NC86:OID30651:v1:InflammationII	5.5601E-15	-0.959244651	19	43575801	43583964
ASGR1	BST1	trans-position, trans-gene	45644	106	45538	1.31e-12	0.686098089	0.496557886	0.875638291	0.096703396	flexdmg	Neurology	BST1:Q10588:OID21051:v1:Neurology	6.61097E-13	0.673464061	17	7173431	7179564
STAB1	CNDP1	trans-position, trans-gene	45433	1230	44203	1.33e-12	0.202207491	0.146328711	0.258086272	0.028509346	flexdmg	Cardiometabolic	CNDP1:Q96KN2:OID20347:v1:Cardiometabolic	3.04105E-12	0.190691179	3	52495338	52524495
IL12RB1	IL12RB1	cis-position, cis-gene	44437	204	44233	1.39e-12	-0.491024571	-0.626822943	-0.3552262	0.069284269	flexdmg	Inflammation	IL12RB1:P42701:OID20486:v1:Inflammation	7.66557E-14	-0.499096028	19	18058995	18098944
HLA-DQA1	MICB_MICA	trans-position, trans-gene	45190	28	45162	1.39e-12	1.320864729	0.955574102	1.686155356	0.1863712	flexdmg	Inflammation	MICB_MICA:Q29980_Q29983:OID20593:v1:Inflammation	1.76114E-12	1.322464703	6	32637396	32654774
CKAP2L	MMP1	trans-position, trans-gene	43610	95	43515	1.39e-12	0.720261928	0.521053108	0.919470748	0.101636199	flexdmg	Inflammation	MMP1:P03956:OID20672:v1:Inflammation	2.95474E-13	0.728749565	2	112736349	112764677
LDLR	PLA2G7	trans-position, trans-gene	45260	412	44848	1.41e-12	0.330323229	0.238937393	0.421709065	0.046625036	flexdmg	Neurology	PLA2G7:Q13093:OID21105:v1:Neurology	7.36896E-15	0.34230069	19	11089462	11133820
RRM2B	RRM2B	cis-position, cis-gene	44180	103	44077	1.42e-12	-0.693067829	-0.884815215	-0.501320444	0.097829415	ptvraredmg	Oncology	RRM2B:Q7LG56:OID21174:v1:Oncology	1.79416E-13	-0.706844178	8	102204502	102238961
KLK15	KLK15	cis-position, cis-gene	45356	13	45343	1.46e-12	-1.962315009	-2.505535111	-1.419094907	0.277150807	rec	OncologyII	KLK15:Q9H2R5:OID31427:v1:OncologyII	3.85954E-14	-1.931726608	19	50825289	50837213
MSLN	MSLN	cis-position, cis-gene	44978	377	44601	1.51e-12	0.35351679	0.255584599	0.451448981	0.049964976	flexnonsynmtr	Oncology	MSLN:Q13421:OID21380:v1:Oncology	4.94425E-14	0.353951667	16	760734	768865
PKM	CD276	trans-position, trans-gene	45225	47	45178	1.52e-12	-0.985715036	-1.25881083	-0.712619241	0.139333419	ptv	Inflammation	CD276:Q5ZPR3:OID20680:v1:Inflammation	1.28998E-12	-0.945217213	15	72199029	72231812
IL17C	IL17C	cis-position, cis-gene	44437	50	44387	1.52e-12	-0.977233377	-1.247985033	-0.706481722	0.138137374	ptvraredmg	Inflammation	IL17C:Q9P0M4:OID20477:v1:Inflammation	6.65336E-13	-0.956536907	16	88638572	88640468
DTD1	DTD1	cis-position, cis-gene	44654	180	44474	1.53e-12	-0.521757423	-0.666324883	-0.377189963	0.073758263	flexnonsynmtr	InflammationII	DTD1:Q8TEA8:OID30580:v1:InflammationII	1.22321E-12	-0.516006744	20	18587942	18766644
ASGR1	CDON	trans-position, trans-gene	45300	104	45196	1.59e-12	0.666185803	0.481446528	0.850925079	0.094253945	flexdmg	Inflammation	CDON:Q4KMG0:OID20754:v1:Inflammation	6.24773E-13	0.665134059	17	7173431	7179564
KLRK1	KLRK1	cis-position, cis-gene	45493	17	45476	1.6e-12	-1.714521875	-2.19001493	-1.23902882	0.242596498	flexdmg	NeurologyII	KLRK1:P26718:OID31082:v1:NeurologyII	4.33324E-10	-1.298671925	12	10372353	10391874
NBN	NBN	cis-position, cis-gene	44437	263	44174	1.61e-12	-0.428819441	-0.547754015	-0.309884868	0.060680366	flexdmg	Inflammation	NBN:O60934:OID20442:v1:Inflammation	2.35805E-13	-0.431218395	8	89933331	90003228
ASGR1	ADA2	trans-position, trans-gene	44988	104	44884	1.64e-12	0.669201101	0.483521118	0.854881084	0.094733876	ptvraredmg	Cardiometabolic	ADA2:Q9NZK5:OID20394:v1:Cardiometabolic	2.32037E-12	0.652218007	17	7173431	7179564
DFFA	PGD	cis-position, trans-gene	45616	113	45503	1.76e-12	0.651417373	0.470426119	0.832408627	0.092341722	flexdmg	CardiometabolicII	PGD:P52209:OID30344:v1:CardiometabolicII	5.37196E-11	0.576958418	1	10456522	10472529
SDC4	SDC4	cis-position, cis-gene	45276	14	45262	1.8e-12	-1.868768122	-2.388212309	-1.349323936	0.265020326	ptv	Cardiometabolic	SDC4:P31431:OID20216:v1:Cardiometabolic	1.83789E-12	-1.871021808	20	45325288	45348424
ASGR1	TCN1	trans-position, trans-gene	44808	104	44704	1.8e-12	0.682511876	0.492792167	0.872231586	0.096794933	flexdmg	InflammationII	TCN1:P20061:OID30687:v1:InflammationII	4.25833E-14	0.718281564	17	7173431	7179564
ATP2A1	HRC	trans-position, trans-gene	44457	412	44045	1.83e-12	0.345340136	0.249312115	0.441368156	0.048993454	ptvraredmg	CardiometabolicII	HRC:P23327:OID30211:v1:CardiometabolicII	4.55097E-14	0.352886298	16	28878488	28904509
SPPL2A	CLEC6A	trans-position, trans-gene	44180	16	44164	1.95e-12	-1.700340712	-2.173721046	-1.226960379	0.241518397	ptv	Oncology	CLEC6A:Q6EIG7:OID21228:v1:Oncology	3.14164E-12	-1.698887906	15	50707533	50766158
MTHFSD	MTHFSD	cis-position, cis-gene	44858	205	44653	1.95e-12	-0.48762201	-0.623378673	-0.351865347	0.069263007	flexdmg	OncologyII	MTHFSD:Q2M296:OID31305:v1:OncologyII	6.55711E-14	-0.49820007	16	86530178	86555235
CDH5	CDH5	cis-position, cis-gene	45810	232	45578	1.96e-12	-0.455301405	-0.582072774	-0.328530036	0.064678749	flexdmg	Cardiometabolic	CDH5:P33151:OID20243:v1:Cardiometabolic	1.24525E-14	-0.481125737	16	66366622	66404784
ABCA1	BPIFA2	trans-position, trans-gene	43098	730	42368	1.98e-12	-0.253711567	-0.324366995	-0.18305614	0.036048337	flexdmg	CardiometabolicII	BPIFA2:Q96DR5:OID30279:v1:CardiometabolicII	7.84983E-12	-0.234656715	9	104781002	104928246
ABCA1	PLTP	trans-position, trans-gene	45667	496	45171	2.01e-12	-0.308986684	-0.395062107	-0.222911261	0.043915675	flexnonsynmtr	Cardiometabolic	PLTP:P55058:OID20238:v1:Cardiometabolic	1.50784E-12	-0.291516474	9	104781002	104928246
GNPTAB	CTSH	trans-position, trans-gene	44310	74	44236	2.11e-12	0.792683028	0.571643378	1.013722678	0.112774322	ptv	Cardiometabolic	CTSH:P09668:OID20113:v1:Cardiometabolic	1.76195E-11	0.704715349	12	101745497	101830867
SH2B3	GCNT1	trans-position, trans-gene	45042	225	44817	2.11e-12	0.453153469	0.32678989	0.579517047	0.064470665	flexdmg	Oncology	GCNT1:Q02742:OID21379:v1:Oncology	4.2772E-12	0.441945035	12	111405923	111451623
COL6A2	COL6A3	trans-position, trans-gene	45810	54	45756	2.13e-12	-0.920655324	-1.177433179	-0.663877469	0.131008054	ptv	Cardiometabolic	COL6A3:P12111:OID20292:v1:Cardiometabolic	3.23941E-12	-0.904786048	21	46097606	46132849
IL2RB	IL2RB	cis-position, cis-gene	44437	50	44387	2.16e-12	0.992172991	0.715391819	1.268954163	0.141213631	ptvraredmg	Inflammation	IL2RB:P14784:OID20450:v1:Inflammation	2.12729E-14	0.984939878	22	37125843	37175054
SEPT8	SEPTIN8	cis-position, cis-gene	45424	414	45010	2.33e-12	-0.324709953	-0.415433739	-0.233986167	0.046287263	flexdmg	NeurologyII	SEPTIN8:Q92599:OID31079:v1:NeurologyII	6.94929E-14	-0.339814928	5	132750817	132778284
STAB1	CCN5	trans-position, trans-gene	45260	184	45076	2.34e-12	0.4630704	0.333680326	0.592460474	0.066014791	ptv	Neurology	CCN5:O76076:OID21068:v1:Neurology	7.30464E-12	0.442603794	3	52495338	52524495
DSG2	DSG2	cis-position, cis-gene	45260	24	45236	2.36e-12	-1.370013744	-1.752883764	-0.987143724	0.19534021	ptv	Neurology	DSG2:Q14126:OID21113:v1:Neurology	1.53485E-11	-1.253149734	18	31498177	31549008
IQGAP2	DCBLD2	trans-position, trans-gene	45388	146	45242	2.37e-12	0.552156553	0.397827996	0.706485111	0.078738406	ptv	Oncology	DCBLD2:Q96PD2:OID21474:v1:Oncology	1.90932E-12	0.542477194	5	76403285	76708132
STAB1	NHLRC3	trans-position, trans-gene	43654	1192	42462	2.46e-12	0.200461024	0.144391049	0.256530999	0.028606862	flexdmg	InflammationII	NHLRC3:Q5JS37:OID30614:v1:InflammationII	1.58695E-13	0.20161712	3	52495338	52524495
SIGLEC1	BAIAP2	trans-position, trans-gene	44180	488	43692	2.49e-12	0.314510617	0.226519697	0.402501537	0.044892921	flexdmg	Oncology	BAIAP2:Q9UQB8:OID21250:v1:Oncology	9.51501E-13	0.307802034	20	3686970	3712600
FGG	FGA	cis-position, trans-gene	44766	186	44580	2.51e-12	-0.491853218	-0.629477199	-0.354229236	0.070215708	flexdmg	InflammationII	FGA:P02671:OID30788:v1:InflammationII	4.69165E-14	-0.507643497	4	154604134	154612750
ASGR1	CTRC	trans-position, trans-gene	45230	103	45127	2.53e-12	0.679138828	0.489068366	0.869209291	0.096973912	flexdmg	Inflammation	CTRC:Q99895:OID20752:v1:Inflammation	2.11638E-13	0.700401429	17	7173431	7179564
TNFRSF4	TNFRSF4	cis-position, cis-gene	45673	10	45663	2.54e-12	-2.119276156	-2.712422043	-1.526130269	0.30262299	raredmgmtr	Inflammation	TNFRSF4:P43489:OID20653:v1:Inflammation	3.19322E-10	-1.742382545	1	1211340	1214153
TNFRSF13B	TNFSF13B	trans-position, trans-gene	45735	352	45383	2.6e-12	0.35759995	0.257469072	0.457730828	0.051086769	flexdmg	Cardiometabolic	TNFSF13B:Q9Y275:OID20272:v1:Cardiometabolic	1.86753E-11	0.328671249	17	16929816	16972118
SUOX	SUOX	cis-position, cis-gene	45520	145	45375	2.74e-12	-0.566832006	-0.725715791	-0.407948221	0.081062489	ptvraredmg	NeurologyII	SUOX:P51687:OID31031:v1:NeurologyII	1.44529E-11	-0.513460835	12	55997180	56006641
SERPINB9	SERPINB9	cis-position, cis-gene	44914	48	44866	2.95e-12	-1.002183805	-1.283525686	-0.720841924	0.143540544	ptv	Neurology	SERPINB9:P50453:OID20932:v1:Neurology	2.60839E-12	-1.002320908	6	2887270	2903309
ST3GAL1	CCDC80	trans-position, trans-gene	45276	16	45260	2.98e-12	-1.570058282	-2.010912354	-1.129204209	0.224923665	ptvraredmg	Cardiometabolic	CCDC80:Q76M96:OID20226:v1:Cardiometabolic	5.01559E-12	-1.511146439	8	133454848	133571940
ST3GAL4	CD86	trans-position, trans-gene	45423	18	45405	2.99e-12	-1.593121285	-2.040462913	-1.145779657	0.228233634	UR	OncologyII	CD86:P42081:OID31500:v1:OncologyII	1.12467E-10	-1.445819879	11	126355645	126652917
BTN2A1	BTN2A1	cis-position, cis-gene	45452	206	45246	3.07e-12	-0.46852788	-0.600158572	-0.336897189	0.067157961	ptvraredmg	Inflammation	BTN2A1:Q7KYR7:OID20713:v1:Inflammation	8.1047E-14	-0.484106183	6	26457904	26476621
ASGR1	NELL1	trans-position, trans-gene	45388	104	45284	3.09e-12	0.680287962	0.48913041	0.871445514	0.097528553	ptvraredmg	Oncology	NELL1:Q92832:OID21494:v1:Oncology	6.24801E-13	0.685230157	17	7173431	7179564
MEPE	MEPE	cis-position, cis-gene	45225	40	45185	3.22e-12	-1.029571264	-1.319115704	-0.740026825	0.147725514	ptv	Inflammation	MEPE:Q9NQ76:OID20753:v1:Inflammation	7.97029E-12	-0.964766625	4	87821398	87846814
ARMCX2	GLA	cis-position, trans-gene	44582	108	44474	3.27e-12	0.65194502	0.468543141	0.835346899	0.093571565	rec	InflammationII	GLA:P06280:OID30594:v1:InflammationII	6.52363E-11	0.562283216	X	101655281	101659850
GSTA1	GSTA1	cis-position, cis-gene	45204	76	45128	3.29e-12	-0.77673025	-0.995260951	-0.55819955	0.111494318	flexdmg	Cardiometabolic	GSTA1:P08263:OID20166:v1:Cardiometabolic	2.30673E-13	-0.805462368	6	52791371	52803860
FOXA3	BPIFB2	trans-position, trans-gene	45539	126	45413	3.42e-12	-0.605885069	-0.776483684	-0.435286454	0.087039395	flexdmg	CardiometabolicII	BPIFB2:Q8N4F0:OID30311:v1:CardiometabolicII	6.31344E-11	-0.553865195	19	45864260	45873797
APOB	CTSO	trans-position, trans-gene	45752	79	45673	3.54e-12	0.768756477	0.55215597	0.985356985	0.110509569	ptv	Inflammation	CTSO:P43234:OID20660:v1:Inflammation	1.00896E-11	0.725091283	2	21001429	21044073
STAB2	LMNB1	trans-position, trans-gene	45355	984	44371	3.75e-12	0.220771587	0.158494572	0.283048602	0.031773723	flexdmg	OncologyII	LMNB1:P20700:OID31501:v1:OncologyII	1.29735E-13	0.221079749	12	103587273	103766719
ASGR1	CDH17	trans-position, trans-gene	45276	106	45170	3.82e-12	0.659197187	0.473173447	0.845220928	0.094909277	ptvraredmg	Cardiometabolic	CDH17:Q12864:OID20134:v1:Cardiometabolic	3.01682E-12	0.648309288	17	7173431	7179564
CNTNAP2	CNTNAP2	cis-position, cis-gene	45190	572	44618	3.89e-12	-0.281359422	-0.360787079	-0.201931765	0.040523973	flexdmg	Inflammation	CNTNAP2:Q9UHC6:OID20556:v1:Inflammation	2.19229E-12	-0.274902405	7	146116002	148420998
STAB1	DCN	trans-position, trans-gene	44454	1218	43236	4.02e-12	0.187010078	0.134181745	0.239838412	0.026952992	flexdmg	Cardiometabolic	DCN:P07585:OID20106:v1:Cardiometabolic	1.0408E-12	0.184063407	3	52495338	52524495
ASGR1	TCTN3	trans-position, trans-gene	45616	105	45511	4.03e-12	0.663364163	0.475961528	0.850766798	0.095612808	flexdmg	CardiometabolicII	TCTN3:Q6NUS6:OID30326:v1:CardiometabolicII	1.79137E-12	0.655111883	17	7173431	7179564
ASGR1	ADAM8	trans-position, trans-gene	45565	106	45459	4.18e-12	0.666739203	0.478242617	0.855235789	0.096170939	flexdmg	Neurology	ADAM8:P78325:OID21039:v1:Neurology	4.11088E-12	0.652999712	17	7173431	7179564
ASGR1	SSC5D	trans-position, trans-gene	45433	104	45329	4.21e-12	0.66052165	0.473755436	0.847287863	0.095288096	ptvraredmg	Cardiometabolic	SSC5D:A1L4H1:OID20351:v1:Cardiometabolic	1.87988E-13	0.686874361	17	7173431	7179564
ZNF276	TSPAN8	trans-position, trans-gene	45423	158	45265	4.28e-12	-0.530200101	-0.680170482	-0.38022972	0.076514867	flexdmg	OncologyII	TSPAN8:P19075:OID31470:v1:OncologyII	7.54397E-12	-0.504039439	16	89720195	89740925
PRAP1	PRAP1	cis-position, cis-gene	45606	18	45588	4.32e-12	-1.550650822	-1.989330129	-1.111971514	0.223814143	ptv	CardiometabolicII	PRAP1:Q96NZ9:OID30391:v1:CardiometabolicII	3.97241E-12	-1.551892687	10	133347368	133352683
HMOX1	HMOX1	cis-position, cis-gene	44775	74	44701	4.33e-12	-0.778321583	-0.998525006	-0.55811816	0.112347711	flexdmg	Cardiometabolic	HMOX1:P09601:OID20217:v1:Cardiometabolic	2.8094E-13	-0.782611065	22	35380361	35394214
PPCDC	PPCDC	cis-position, cis-gene	45644	31	45613	4.33e-12	-1.207136617	-1.548666328	-0.865606905	0.174248432	ptvraredmg	Neurology	PPCDC:Q96CD2:OID21027:v1:Neurology	2.57947E-11	-1.079546406	15	75023586	75117462
PENK	PENK	cis-position, cis-gene	44654	23	44631	4.43e-12	-1.390889177	-1.784572029	-0.997206325	0.200856842	ptv	InflammationII	PENK:P01210:OID30666:v1:InflammationII	2.03286E-12	-1.390040049	8	56436674	56446671
IGF2R	LGMN	trans-position, trans-gene	45452	214	45238	4.48e-12	0.472979443	0.339070014	0.606888872	0.068320573	ptvraredmg	Inflammation	LGMN:Q99538:OID20773:v1:Inflammation	5.15158E-13	0.468768941	6	159969082	160113507
FLG	LGALS7_LGALS7B	trans-position, trans-gene	45100	554	44546	4.62e-12	0.276852629	0.198423489	0.355281769	0.040014528	ptv	Oncology	LGALS7_LGALS7B:P47929:OID21406:v1:Oncology	1.32863E-12	0.269661151	1	152302163	152325257
GNPTAB	FAM20A	trans-position, trans-gene	45616	77	45539	4.67e-12	0.756357809	0.542034003	0.970681614	0.109347987	ptv	CardiometabolicII	FAM20A:Q96MK3:OID30348:v1:CardiometabolicII	7.57635E-13	0.731671469	12	101745497	101830867
FGA	SDC1	trans-position, trans-gene	45276	38	45238	4.72e-12	1.081096225	0.774689339	1.387503111	0.156328735	ptv	Cardiometabolic	SDC1:P18827:OID20169:v1:Cardiometabolic	3.03364E-11	0.991264956	4	154583128	154590745
CD84	CD84	cis-position, cis-gene	45190	11	45179	5.1e-12	-2.061579302	-2.646799871	-1.476358733	0.298579409	URmtr	Inflammation	CD84:Q9UIB8:OID20607:v1:Inflammation	1.12674E-10	-1.851203155	1	160541095	160579516
IFI35	NMI	trans-position, trans-gene	45279	76	45203	5.19e-12	-0.78464052	-1.007455464	-0.561825575	0.113680143	flexdmg	OncologyII	NMI:Q13287:OID31378:v1:OncologyII	2.05585E-10	-0.656162536	17	43006725	43014459
NRP2	NRP2	cis-position, cis-gene	45260	234	45026	5.27e-12	-0.429566834	-0.551591435	-0.307542233	0.062256928	flexdmg	Neurology	NRP2:O60462:OID21081:v1:Neurology	7.64582E-14	-0.430026842	2	205681990	205798133
RETN	RETN	cis-position, cis-gene	45164	15	45149	5.54e-12	-1.724185916	-2.214470516	-1.233901315	0.250143094	flexdmg	Cardiometabolic	RETN:Q9HD89:OID20327:v1:Cardiometabolic	1.75367E-15	-1.848040707	19	7669049	7670455
DECR1	DECR1	cis-position, cis-gene	45190	17	45173	5.56e-12	-1.656349667	-2.127379281	-1.185320054	0.240319208	rec	Inflammation	DECR1:Q16698:OID20579:v1:Inflammation	1.16562E-15	-1.820836064	8	90001405	90053633
CD163L1	GSR	trans-position, trans-gene	45439	173	45266	5.64e-12	0.506667494	0.362539151	0.650795837	0.073534261	flexdmg	InflammationII	GSR:P00390:OID30700:v1:InflammationII	5.56527E-12	0.48445729	12	7326484	7444185
SEMA3B	PCDH7	trans-position, trans-gene	45423	86	45337	5.73e-12	-0.72344591	-0.929302705	-0.517589116	0.105028107	ptv	OncologyII	PCDH7:O60245:OID31456:v1:OncologyII	2.62584E-12	-0.724851375	3	50267558	50277171
ANO5	MYOM3	trans-position, trans-gene	44654	18	44636	6.03e-12	1.50223382	1.074314224	1.930153416	0.218324416	rec	InflammationII	MYOM3:Q5VTT5:OID30633:v1:InflammationII	1.47164E-12	1.512655901	11	22192513	22283367
HNF4A	XPNPEP2	trans-position, trans-gene	45388	216	45172	6.18e-12	-0.457004995	-0.587249506	-0.326760484	0.066450729	flexnonsynmtr	Oncology	XPNPEP2:O43895:OID21508:v1:Oncology	2.7787E-10	-0.406590785	20	44355801	44432845
LTBR	LTA	trans-position, trans-gene	45190	47	45143	6.77e-12	0.981015685	0.700900486	1.261130883	0.142914714	ptvraredmg	Inflammation	LTA:P01374:OID20586:v1:Inflammation	1.60089E-11	0.929040569	12	6375045	6391571
TIMD4	AGR3	trans-position, trans-gene	44104	59	44045	6.93e-12	0.877277067	0.626661935	1.127892199	0.127863702	flexdmg	Oncology	AGR3:Q8TD06:OID21243:v1:Oncology	9.19058E-13	0.804233802	5	156919292	156963226
PBX2	MICB_MICA	cis-position, trans-gene	45190	89	45101	6.94e-12	-0.717621801	-0.922636807	-0.512606795	0.104598612	flexnonsynmtr	Inflammation	MICB_MICA:Q29980_Q29983:OID20593:v1:Inflammation	3.58332E-10	-0.632278721	6	32184733	32190186
GIMAP5	GIMAP7	cis-position, trans-gene	44654	90	44564	7.41e-12	-0.709584453	-0.912582086	-0.506586821	0.103569315	flexnonsynmtr	InflammationII	GIMAP7:Q8NHV1:OID30639:v1:InflammationII	8.29258E-13	-0.705014865	7	150737348	150743649
DLL1	DLL1	cis-position, cis-gene	45388	329	45059	7.68e-12	-0.364877665	-0.469339578	-0.260415753	0.053296452	flexnonsynmtr	Oncology	DLL1:O00548:OID21525:v1:Oncology	3.81933E-12	-0.360837246	6	170282206	170306565
PRSS22	PRSS22	cis-position, cis-gene	44339	66	44273	8.09e-12	-0.833402134	-1.072257284	-0.594546984	0.121863784	flexdmg	InflammationII	PRSS22:Q9GZN4:OID30483:v1:InflammationII	2.6552E-14	-0.832810895	16	2852730	2858170
HIST1H2AD	LRP1	trans-position, trans-gene	45042	78	44964	8.19e-12	0.744747374	0.531246055	0.958248694	0.108928318	flexnonsynmtr	Oncology	LRP1:Q07954:OID21293:v1:Oncology	1.22351E-09	0.634233691	6	26198784	26199293
PCDHB15	PCDHB15	cis-position, cis-gene	45424	63	45361	8.28e-12	-0.853404488	-1.098113721	-0.608695254	0.124850616	ptvraredmg	OncologyII	PCDHB15:Q9Y5E8:OID31377:v1:OncologyII	2.07136E-13	-0.838985184	5	141245395	141249365
DSG4	DSG4	cis-position, cis-gene	44898	237	44661	8.38e-12	-0.426912749	-0.549358119	-0.30446738	0.06247159	ptvraredmg	Oncology	DSG4:Q86SJ6:OID21325:v1:Oncology	2.13498E-13	-0.416290604	18	31376777	31414912
CALCR	CALCA	trans-position, trans-gene	44842	179	44663	8.74e-12	0.413617941	0.294881462	0.53235442	0.060579313	flexdmg	Neurology	CALCA:P01258:OID20983:v1:Neurology	3.22865E-12	0.407079452	7	93424487	93574730
FCRLB	FCRLB	cis-position, cis-gene	44180	87	44093	8.77e-12	-0.711231451	-0.915420425	-0.507042478	0.104177107	flexnonsynmtr	Oncology	FCRLB:Q6BAA4:OID21193:v1:Oncology	3.53166E-17	-0.797658885	1	161721563	161728143
APOB	HSD11B1	trans-position, trans-gene	45190	76	45114	9.06e-12	0.77796939	0.554466852	1.001471928	0.114030947	ptv	Inflammation	HSD11B1:P28845:OID20575:v1:Inflammation	1.06472E-11	0.741390391	2	21001429	21044073
ASGR1	FOLR1	trans-position, trans-gene	45162	103	45059	9.09e-12	0.631361285	0.449967675	0.812754896	0.09254698	ptvraredmg	Oncology	FOLR1:P15328:OID21529:v1:Oncology	2.77326E-11	0.60337791	17	7173431	7179564
TRIM58	TRIM58	cis-position, cis-gene	45424	112	45312	9.65e-12	-0.633694683	-0.815988637	-0.451400728	0.093006349	flexnonsynmtr	OncologyII	TRIM58:Q8NG06:OID31429:v1:OncologyII	3.72634E-13	-0.629867276	1	247857187	247880138
STAB1	EBI3_IL27	trans-position, trans-gene	45553	725	44828	9.73e-12	0.245584248	0.174924799	0.316243698	0.036050444	ptvraredmg	Oncology	EBI3_IL27:Q14213_Q8NEV9:OID21389:v1:Oncology	8.21466E-13	0.241014849	3	52495338	52524495
KLB	FGF19	trans-position, trans-gene	45452	136	45316	9.74e-12	0.579555314	0.412802779	0.746307849	0.085077121	flexdmg	Inflammation	FGF19:O95750:OID20715:v1:Inflammation	3.95514E-13	0.598100574	4	39406930	39451533
CA2	CA2	cis-position, cis-gene	45106	59	45047	1.02e-11	-0.849968214	-1.094776545	-0.605159883	0.124901152	flexdmg	Neurology	CA2:P00918:OID21149:v1:Neurology	6.24213E-17	-0.975637215	8	85463968	85481493
IGF2R	NPC2	trans-position, trans-gene	44869	206	44663	1.06e-11	0.446493745	0.317791093	0.575196397	0.065664053	ptvraredmg	CardiometabolicII	NPC2:P61916:OID30418:v1:CardiometabolicII	4.83256E-14	0.468520468	6	159969082	160113507
ADAM9	TNFRSF4	trans-position, trans-gene	45673	89	45584	1.07e-11	-0.690251938	-0.889240689	-0.491263187	0.101524047	ptvraredmg	Inflammation	TNFRSF4:P43489:OID20653:v1:Inflammation	8.51292E-12	-0.669402366	8	38996754	39105445
CPN2	EBI3_IL27	trans-position, trans-gene	45553	60	45493	1.08e-11	-0.845406852	-1.089199013	-0.601614692	0.124382734	flexdmg	Oncology	EBI3_IL27:Q14213_Q8NEV9:OID21389:v1:Oncology	6.5166E-13	-0.867313346	3	194339765	194351345
DNER	DNER	cis-position, cis-gene	45154	124	45030	1.09e-11	-0.582191966	-0.750116729	-0.414267202	0.085675176	ptvraredmg	Inflammation	DNER:Q8NFT8:OID20712:v1:Inflammation	1.38378E-12	-0.535810163	2	229357629	229714555
ASGR1	MDGA1	trans-position, trans-gene	44914	103	44811	1.11e-11	0.645688513	0.459394736	0.831982289	0.095047029	flexdmg	Neurology	MDGA1:Q8NFP4:OID20951:v1:Neurology	3.19235E-12	0.646224944	17	7173431	7179564
UROD	UROD	cis-position, cis-gene	44654	91	44563	1.18e-11	-0.692944613	-0.893135318	-0.492753908	0.102137222	ptvraredmg	InflammationII	UROD:P06132:OID30603:v1:InflammationII	7.6455E-11	-0.63421298	1	45010950	45015575
ABCA8	KLB	trans-position, trans-gene	44217	89	44128	1.21e-11	-0.71475713	-0.921359172	-0.508155088	0.105408255	ptv	Neurology	KLB:Q86Z14:OID20888:v1:Neurology	3.71752E-11	-0.651485242	17	68867287	68955408
LCP1	LCP1	cis-position, cis-gene	45606	6	45600	1.24e-11	-2.733144505	-3.523621695	-1.942667315	0.403301392	ptv	CardiometabolicII	LCP1:P13796:OID30367:v1:CardiometabolicII	1.10696E-11	-2.740065196	13	46125920	46211871
CD36	HEG1	trans-position, trans-gene	44654	458	44196	1.3e-11	-0.302546938	-0.390139043	-0.214954833	0.044689459	flexdmg	InflammationII	HEG1:Q9ULI3:OID30579:v1:InflammationII	9.01305E-10	-0.246429606	7	80369575	80679277
HSPG2	TINAGL1	trans-position, trans-gene	45132	58	45074	1.35e-11	0.854165783	0.606702651	1.101628916	0.126255633	ptv	Cardiometabolic	TINAGL1:Q9GZM7:OID20180:v1:Cardiometabolic	3.00056E-12	0.833900436	1	21822244	21937310
TNFRSF13B	TNFRSF13B	cis-position, cis-gene	45300	354	44946	1.39e-11	-0.351748209	-0.453717271	-0.249779147	0.052024597	flexdmg	Inflammation	TNFRSF13B:O14836:OID20702:v1:Inflammation	3.87291E-12	-0.344698035	17	16929816	16972118
GFI1B	FAM13A	trans-position, trans-gene	45423	78	45345	1.45e-11	-0.75093293	-0.968833808	-0.533032053	0.111172996	flexdmg	OncologyII	FAM13A:O94988:OID31463:v1:OncologyII	7.16354E-14	-0.728287795	9	132945545	132993434
MXRA8	MXRA8	cis-position, cis-gene	44654	32	44622	1.48e-11	-1.109395833	-1.431478909	-0.787312758	0.164326663	UR	InflammationII	MXRA8:Q9BRK3:OID30583:v1:InflammationII	1.82311E-11	-1.106659647	1	1352689	1361777
CA13	CA13	cis-position, cis-gene	44783	122	44661	1.52e-11	-0.606983465	-0.783298894	-0.430668036	0.089956072	flexdmg	Cardiometabolic	CA13:Q8N1Q1:OID20225:v1:Cardiometabolic	2.48902E-11	-0.565553918	8	85220587	85284073
ULBP2	ULBP2	cis-position, cis-gene	44914	38	44876	1.56e-11	-1.027793453	-1.326513142	-0.729073763	0.152406696	flexnonsynmtr	Neurology	ULBP2:Q9BZM5:OID20919:v1:Neurology	3.14587E-12	-0.943906934	6	149942014	149949235
CPE	CPE	cis-position, cis-gene	45256	68	45188	1.67e-11	-0.814998073	-1.052202173	-0.577793972	0.121021486	flexdmg	Oncology	CPE:P16870:OID21392:v1:Oncology	3.32436E-11	-0.774679796	4	165361194	165498547
STAB2	SRPX	trans-position, trans-gene	45616	990	44626	1.67e-11	0.199303266	0.141291676	0.257314856	0.029597508	flexdmg	CardiometabolicII	SRPX:P78539:OID30310:v1:CardiometabolicII	4.18467E-11	0.182202883	12	103587273	103766719
PLTP	KITLG	trans-position, trans-gene	45276	101	45175	1.71e-11	0.661173259	0.468641666	0.853704852	0.098229582	flexdmg	Cardiometabolic	KITLG:P21583:OID20196:v1:Cardiometabolic	2.87532E-14	0.720503118	20	45898621	45912155
KLF1	CA3	trans-position, trans-gene	45737	40	45697	1.76e-11	1.015347543	0.719492182	1.311202904	0.15094539	ptvraredmg	Cardiometabolic	CA3:P07451:OID20271:v1:Cardiometabolic	3.19866E-10	0.878193646	19	12884422	12887203
SERPING1	SERPING1	cis-position, cis-gene	45606	113	45493	1.77e-11	-0.614412097	-0.793461335	-0.435362859	0.091350905	flexdmg	InflammationII	SERPING1:P05155:OID30777:v1:InflammationII	1.7569E-11	-0.587984268	11	57597387	57619171
SELENON	MEGF10	trans-position, trans-gene	45225	289	44936	1.82e-11	-0.386817079	-0.499618503	-0.274015655	0.057551264	flexdmg	Inflammation	MEGF10:Q96KG7:OID20746:v1:Inflammation	5.93087E-14	-0.409537539	1	25800176	25818222
ASGR1	SUSD2	trans-position, trans-gene	45260	103	45157	1.85e-11	0.633276533	0.448547934	0.818005132	0.094248496	flexdmg	Neurology	SUSD2:Q9UGT4:OID21098:v1:Neurology	7.30461E-12	0.634425069	17	7173431	7179564
FCRL5	FCRL5	cis-position, cis-gene	45260	41	45219	1.87e-11	-0.991249165	-1.280462257	-0.702036073	0.147556464	flexdmg	Neurology	FCRL5:Q96RD9:OID21111:v1:Neurology	1.10743E-12	-0.972024624	1	157513377	157552515
LENG1	LILRB2	cis-position, trans-gene	45596	67	45529	1.87e-11	-0.804409315	-1.039116983	-0.569701648	0.11974783	ptv	Cardiometabolic	LILRB2:Q8N423:OID20301:v1:Cardiometabolic	6.1437E-11	-0.771802932	19	54155639	54159743
ROBO4	ROBO4	cis-position, cis-gene	44457	406	44051	1.87e-11	-0.333401324	-0.430680402	-0.236122246	0.049631743	flexnonsynmtr	CardiometabolicII	ROBO4:Q8WZ75:OID30226:v1:CardiometabolicII	2.05651E-12	-0.326217036	11	124883691	124898500
PRDX5	PRDX5	cis-position, cis-gene	45752	47	45705	1.88e-11	-0.969474078	-1.25237539	-0.686572766	0.144336236	flexdmg	Inflammation	PRDX5:P30044:OID20644:v1:Inflammation	1.99567E-13	-1.007561389	11	64318121	64321811
C1QA	C1QA	cis-position, cis-gene	45524	14	45510	1.93e-11	-1.741322877	-2.249733287	-1.232912467	0.259390933	UR	Inflammation	C1QA:P02745:OID20654:v1:Inflammation	2.49418E-11	-1.490812261	1	22636628	22639678
CKAP4	CKAP4	cis-position, cis-gene	45532	5	45527	1.94e-11	-2.901144599	-3.748341441	-2.053947756	0.432239735	ptv	Inflammation	CKAP4:Q07065:OID20617:v1:Inflammation	2.29685E-11	-2.895484502	12	106237881	106304279
KLF15	CTRL	trans-position, trans-gene	45493	37	45456	1.96e-11	-1.087942002	-1.405706004	-0.770178	0.162123155	flexdmg	NeurologyII	CTRL:P40313:OID31157:v1:NeurologyII	7.85355E-11	-1.03042629	3	126342635	126357393
ASGR1	CDCP1	trans-position, trans-gene	44914	103	44811	2.05e-11	0.573796354	0.406037901	0.741554806	0.085590313	flexdmg	Neurology	CDCP1:Q9H5V8:OID20940:v1:Neurology	1.43991E-11	0.57039878	17	7173431	7179564
FUT7	PAXX	cis-position, trans-gene	44654	133	44521	2.18e-11	-0.567396868	-0.733499472	-0.401294265	0.084745486	flexnonsynmtr	InflammationII	PAXX:Q9BUH6:OID30591:v1:InflammationII	5.13468E-11	-0.530193722	9	137030174	137032840
ASGR1	OSMR	trans-position, trans-gene	45509	105	45404	2.19e-11	0.6257251	0.442516883	0.808933317	0.093472811	ptvraredmg	Cardiometabolic	OSMR:Q99650:OID20356:v1:Cardiometabolic	2.14602E-12	0.643216133	17	7173431	7179564
TNFAIP2	TNFAIP2	cis-position, cis-gene	45423	40	45383	2.2e-11	-1.03113291	-1.333070665	-0.729195155	0.154048599	ptvraredmg	OncologyII	TNFAIP2:Q03169:OID31446:v1:OncologyII	8.59396E-09	-0.828870182	14	103121476	103137439
OS9	HSD11B1	trans-position, trans-gene	45190	98	45092	2.25e-11	0.672116452	0.475213015	0.869019889	0.100460091	ptvraredmg	Inflammation	HSD11B1:P28845:OID20575:v1:Inflammation	9.47833E-12	0.657935981	12	57693955	57721557
VPS41	KLK4	trans-position, trans-gene	45621	60	45561	2.36e-11	0.768299098	0.542985412	0.993612785	0.114955024	ptv	Oncology	KLK4:Q9Y5K2:OID21391:v1:Oncology	1.13686E-10	0.732778753	7	38723943	38909200
SPINK6	SPINK6	cis-position, cis-gene	45621	13	45608	2.37e-11	-1.751808367	-2.265594391	-1.238022344	0.262133585	ptv	Oncology	SPINK6:Q6UWN8:OID21450:v1:Oncology	3.55855E-11	-1.750729573	5	148202794	148215137
COL6A3	COL6A3	cis-position, cis-gene	45810	56	45754	2.42e-11	-0.8594253	-1.111611873	-0.607238727	0.128665582	ptv	Cardiometabolic	COL6A3:P12111:OID20292:v1:Cardiometabolic	4.86254E-13	-0.898989904	2	237324003	237414328
SUMF2	SUMF2	cis-position, cis-gene	45644	65	45579	2.46e-11	-0.815698502	-1.055139453	-0.57625755	0.122162755	ptvraredmg	Neurology	SUMF2:Q8NBJ7:OID21032:v1:Neurology	2.83917E-12	-0.772048137	7	56064002	56080670
TNFSF14	TNFSF14	cis-position, cis-gene	44914	61	44853	2.54e-11	-0.849698135	-1.099281097	-0.600115173	0.127337153	flexdmg	Neurology	TNFSF14:O43557:OID20953:v1:Neurology	7.47718E-14	-0.86016763	19	6661253	6670588
EGFR	AREG	trans-position, trans-gene	45042	160	44882	2.57e-11	0.514392094	0.363255656	0.665528531	0.077109771	ptvraredmg	Oncology	AREG:P15514:OID21357:v1:Oncology	1.6828E-10	0.458194139	7	55019017	55211628
SMAD6	TNR	trans-position, trans-gene	44914	32	44882	2.6e-11	1.140899267	0.805597663	1.476200872	0.171070778	ptv	Neurology	TNR:Q92752:OID20957:v1:Neurology	8.10725E-12	1.118722334	15	66702100	66782000
ASGR1	PDCD1	trans-position, trans-gene	45541	104	45437	2.64e-11	0.642690727	0.453741339	0.831640115	0.096401957	flexdmg	Oncology	PDCD1:Q15116:OID21396:v1:Oncology	1.30202E-11	0.638272718	17	7173431	7179564
METAP1D	METAP1D	cis-position, cis-gene	45190	82	45108	2.71e-11	-0.731783532	-0.947044662	-0.516522403	0.109826182	flexdmg	Inflammation	METAP1D:Q6UB28:OID20519:v1:Inflammation	1.10372E-11	-0.697556934	2	171999943	172082430
IFNGR1	IFNGR1	cis-position, cis-gene	45452	6	45446	2.75e-11	-2.640661951	-3.417676234	-1.863647668	0.396432582	ptv	Inflammation	IFNGR1:P15260:OID20678:v1:Inflammation	3.4677E-11	-2.636103916	6	137197485	137219449
ASGR1	GDF2	trans-position, trans-gene	45276	106	45170	2.77e-11	0.600977836	0.424113002	0.77784267	0.090236405	ptvraredmg	Cardiometabolic	GDF2:Q9UK05:OID20202:v1:Cardiometabolic	5.57353E-11	0.579342443	17	7173431	7179564
TEK	TEK	cis-position, cis-gene	45388	176	45212	2.78e-11	-0.496796386	-0.643018324	-0.350574448	0.07460241	flexdmg	Oncology	TEK:Q02763:OID21496:v1:Oncology	1.96954E-12	-0.501923654	9	27109141	27230174
GLYATL3	CRISP2	cis-position, trans-gene	45621	121	45500	2.8e-11	-0.51844978	-0.671069895	-0.365829665	0.07786677	flexdmg	Oncology	CRISP2:P16562:OID21456:v1:Oncology	2.73284E-11	-0.482850031	6	49499958	49528064
PRH1	CLEC7A	cis-position, trans-gene	45752	38	45714	2.88e-11	-1.055033073	-1.36578418	-0.744281966	0.158545201	flexnonsynmtr	Inflammation	CLEC7A:Q9BXN2:OID20636:v1:Inflammation	8.12198E-08	-0.77563655	12	10880961	11171623
ASGR1	ROBO1	trans-position, trans-gene	45300	104	45196	2.91e-11	0.640363537	0.451693343	0.829033731	0.096259499	flexdmg	Inflammation	ROBO1:Q9Y6N7:OID20734:v1:Inflammation	1.95092E-11	0.63082038	17	7173431	7179564
PCSK9	FGFBP1	trans-position, trans-gene	45388	276	45112	2.92e-11	-0.383987495	-0.497127412	-0.270847578	0.057723968	flexdmg	Oncology	FGFBP1:Q14512:OID21507:v1:Oncology	1.05644E-10	-0.362347375	1	55039447	55064852
GFPT2	ITGAV	trans-position, trans-gene	45621	395	45226	2.93e-11	0.319141602	0.225098842	0.413184363	0.047980608	flexdmg	Oncology	ITGAV:P06756:OID21416:v1:Oncology	6.90917E-12	0.316308107	5	180300698	180353336
TNXB	TNXB	cis-position, cis-gene	45260	12	45248	2.93e-11	-1.856489422	-2.403538707	-1.309440138	0.279104439	flexnonsynmtr	Neurology	TNXB:P22105:OID21107:v1:Neurology	2.76796E-12	-1.486265437	6	32041153	32115334
TNFRSF13B	IL5RA	trans-position, trans-gene	45190	353	44837	2.97e-11	-0.344494673	-0.446037602	-0.242951744	0.051807181	flexdmg	Inflammation	IL5RA:Q01344:OID20601:v1:Inflammation	1.30736E-11	-0.334621871	17	16929816	16972118
STAB2	HSD17B14	trans-position, trans-gene	45493	748	44745	3.06e-11	0.24307972	0.171385728	0.314773711	0.036578266	flexnonsynmtr	NeurologyII	HSD17B14:Q9BPX1:OID31098:v1:NeurologyII	9.39402E-10	0.208407097	12	103587273	103766719
IGF2R	TPP1	trans-position, trans-gene	44925	21	44904	3.1e-11	1.424726765	1.004377481	1.84507605	0.214462081	ptv	Inflammation	TPP1:O14773:OID20750:v1:Inflammation	2.68522E-11	1.428119702	6	159969082	160113507
DAPK2	DAPK2	cis-position, cis-gene	44339	252	44087	3.14e-11	-0.41518062	-0.537708773	-0.292652466	0.062513806	flexdmg	InflammationII	DAPK2:Q9UIK4:OID30505:v1:InflammationII	2.50241E-11	-0.409358355	15	63907036	64072033
CDSN	CDSN	cis-position, cis-gene	45602	12	45590	3.34e-11	-1.878418805	-2.43354658	-1.323291031	0.28322614	ptv	Inflammation	CDSN:Q15517:OID20667:v1:Inflammation	2.82852E-11	-1.885759275	6	31115087	31120446
CD163	CHAD	trans-position, trans-gene	44654	28	44626	3.48e-11	1.199505922	0.844712081	1.554299763	0.181015684	UR	InflammationII	CHAD:O15335:OID30660:v1:InflammationII	2.16838E-09	1.020829548	12	7470811	7503893
SLC15A3	CTSL	trans-position, trans-gene	45276	88	45188	3.52e-11	0.678064985	0.477451766	0.878678204	0.102352827	ptv	Cardiometabolic	CTSL:P07711:OID20228:v1:Cardiometabolic	3.24815E-13	0.72094445	11	60937083	60952526
ASGR1	ICAM1	trans-position, trans-gene	45057	104	44953	3.71e-11	0.636965381	0.448285788	0.825644974	0.09626428	flexdmg	Cardiometabolic	ICAM1:P05362:OID20411:v1:Cardiometabolic	1.33749E-11	0.635398988	17	7173431	7179564
ST3GAL6	MILR1	trans-position, trans-gene	44437	50	44387	3.72e-11	-0.923964669	-1.197667434	-0.650261904	0.139643028	ptvraredmg	Inflammation	MILR1:Q7Z6M3:OID20482:v1:Inflammation	2.34806E-14	-0.995358812	3	98732236	98797054
PLA2G1B	PLA2G1B	cis-position, cis-gene	45740	11	45729	3.74e-11	-1.948541078	-2.525820838	-1.371261318	0.294528105	ptv	Cardiometabolic	PLA2G1B:P04054:OID20252:v1:Cardiometabolic	1.88761E-18	-2.030985462	12	120322115	120327779
ANO5	MYBPC1	trans-position, trans-gene	45616	18	45598	3.76e-11	1.428696704	1.005367732	1.852025675	0.215982404	rec	CardiometabolicII	MYBPC1:Q00872:OID30296:v1:CardiometabolicII	1.09768E-11	1.431272279	11	22192513	22283367
CILP	MYOC	trans-position, trans-gene	45260	302	44958	3.81e-11	-0.36321046	-0.470862765	-0.255558155	0.054924185	flexdmg	Neurology	MYOC:Q99972:OID21121:v1:Neurology	3.42071E-12	-0.35369005	15	65194760	65211473
ANGPTL3	MFGE8	trans-position, trans-gene	45260	148	45112	3.84e-11	-0.53238963	-0.690213707	-0.374565552	0.080521814	flexdmg	Neurology	MFGE8:Q08431:OID21134:v1:Neurology	1.62111E-10	-0.484960977	1	62597520	62606313
STAB2	CRISP3	trans-position, trans-gene	45313	977	44336	3.9e-11	0.20714909	0.145718179	0.268580001	0.03134204	flexdmg	InflammationII	CRISP3:P54108:OID30715:v1:InflammationII	3.12204E-12	0.205618014	12	103587273	103766719
PLCB2	PLCB2	cis-position, cis-gene	45493	183	45310	4.01e-11	-0.484777845	-0.628625315	-0.340930374	0.073390962	ptvraredmg	NeurologyII	PLCB2:Q00722:OID31155:v1:NeurologyII	1.23897E-12	-0.492370874	15	40278176	40307935
PROS1	PROS1	cis-position, cis-gene	45680	268	45412	4.06e-11	-0.394458251	-0.511540965	-0.277375537	0.059735593	flexdmg	InflammationII	PROS1:P07225:OID30737:v1:InflammationII	1.14883E-11	-0.386511471	3	93873051	93980003
NPC1	PSAP	trans-position, trans-gene	45233	639	44594	4.21e-11	0.253434991	0.178151601	0.328718381	0.03840957	flexdmg	CardiometabolicII	PSAP:P07602:OID30419:v1:CardiometabolicII	1.56398E-10	0.232446487	18	23506184	23586617
UBAC1	UBAC1	cis-position, cis-gene	45042	89	44953	4.26e-11	-0.67686449	-0.877984662	-0.475744318	0.10261146	flexdmg	Oncology	UBAC1:Q9BSL1:OID21336:v1:Oncology	4.95932E-10	-0.594179702	9	135932969	135961373
STAB2	BMP6	trans-position, trans-gene	44382	969	43413	4.28e-11	0.21269685	0.149490995	0.275902705	0.032247598	flexdmg	Cardiometabolic	BMP6:P22004:OID20111:v1:Cardiometabolic	2.73885E-13	0.221706158	12	103587273	103766719
CASP7	CASP7	cis-position, cis-gene	45493	119	45374	4.32e-11	-0.601386214	-0.780134936	-0.422637493	0.091197576	flexdmg	NeurologyII	CASP7:P55210:OID31135:v1:NeurologyII	1.2945E-08	-0.459501768	10	113679162	113730907
KDM1A	CST7	trans-position, trans-gene	45310	14	45296	4.33e-11	1.746788997	1.227577592	2.266000402	0.264901566	ptv	Inflammation	CST7:O76096:OID20704:v1:Inflammation	5.38844E-11	1.744888905	1	23019443	23083691
MEP1B	MEP1A	trans-position, trans-gene	45423	181	45242	4.48e-11	0.469615377	0.329914052	0.609316702	0.071275596	flexnonsynmtr	OncologyII	MEP1A:Q16819:OID31459:v1:OncologyII	2.74266E-11	0.463892578	18	32185069	32220404
CASP10	CASP10	cis-position, cis-gene	44217	191	44026	4.56e-11	-0.471603711	-0.6119483	-0.331259121	0.071603737	flexnonsynmtr	Neurology	CASP10:Q92851:OID20893:v1:Neurology	5.25597E-12	-0.451195389	2	201182898	201229406
ASGR1	ANPEP	trans-position, trans-gene	45364	104	45260	4.6e-11	0.63443389	0.445595328	0.823272451	0.096345403	flexdmg	Cardiometabolic	ANPEP:P15144:OID20350:v1:Cardiometabolic	3.95215E-11	0.621682589	17	7173431	7179564
SIRPA	SIRPA	cis-position, cis-gene	45382	61	45321	4.62e-11	-0.838432675	-1.088021643	-0.588843707	0.127340252	flexdmg	Cardiometabolic	SIRPA:P78324:OID20304:v1:Cardiometabolic	3.08629E-11	-0.838144471	20	1894167	1940592
IL13RA1	IL13RA1	cis-position, cis-gene	44688	26	44662	4.63e-11	-1.275037075	-1.654608609	-0.89546554	0.193657257	flexdmg	Oncology	IL13RA1:P78552:OID21504:v1:Oncology	3.74543E-09	-1.048309844	X	118727133	118794535
ITGB5	ITGB5	cis-position, cis-gene	45388	335	45053	4.84e-11	-0.3488039	-0.452746072	-0.244861727	0.053031281	flexdmg	Oncology	ITGB5:P18084:OID21522:v1:Oncology	1.4933E-11	-0.342630354	3	124761948	124901418
AZU1	AZU1	cis-position, cis-gene	43918	94	43824	4.94e-11	-0.665373308	-0.863739109	-0.467007506	0.101206111	ptvraredmg	Cardiometabolic	AZU1:P20160:OID20309:v1:Cardiometabolic	3.78092E-10	-0.585761034	19	825097	832018
ARHGEF10	ARHGEF10	cis-position, cis-gene	45520	390	45130	4.98e-11	-0.328103501	-0.425937448	-0.230269554	0.049914868	flexdmg	NeurologyII	ARHGEF10:O15013:OID30994:v1:NeurologyII	5.50968E-13	-0.337536005	8	1823926	1958641
TNFSF10	TNFRSF10C	trans-position, trans-gene	45376	56	45320	5.07e-11	0.877856347	0.615985731	1.139726963	0.133606347	flexdmg	Cardiometabolic	TNFRSF10C:O14798:OID20265:v1:Cardiometabolic	2.4996E-11	0.872574123	3	172505508	172523475
MDGA1	MDGA1	cis-position, cis-gene	44914	12	44902	5.11e-11	-1.827108283	-2.37223395	-1.281982616	0.278122953	ptv	Neurology	MDGA1:Q8NFP4:OID20951:v1:Neurology	4.9102E-11	-1.826501588	6	37630679	37699306
STAB1	PLTP	trans-position, trans-gene	45667	186	45481	5.12e-11	0.469549788	0.329450813	0.609648763	0.071478487	ptv	Cardiometabolic	PLTP:P55058:OID20238:v1:Cardiometabolic	2.82683E-10	0.439626731	3	52495338	52524495
GIMAP8	GIMAP7	cis-position, trans-gene	44654	103	44551	5.18e-11	-0.635829353	-0.825594946	-0.446063759	0.096818334	flexdmg	InflammationII	GIMAP7:Q8NHV1:OID30639:v1:InflammationII	7.9519E-11	-0.61047377	7	150450630	150479393
PARP1	PARP1	cis-position, cis-gene	45190	17	45173	5.26e-11	-1.565350546	-2.032702516	-1.097998576	0.238442875	ptv	Inflammation	PARP1:P09874:OID20500:v1:Inflammation	3.06161E-14	-1.664007209	1	226360210	226408154
ZSCAN31	LRPAP1	trans-position, trans-gene	45644	17	45627	5.27e-11	1.554294514	1.090229974	2.018359054	0.236765692	rec	Neurology	LRPAP1:P30533:OID21059:v1:Neurology	5.02074E-11	1.557337111	6	28312837	28354506
HLA-E	HLA-E	cis-position, cis-gene	45190	8	45182	5.28e-11	-2.225506804	-2.890008468	-1.56100514	0.339028607	flexdmg	Inflammation	HLA-E:P13747:OID20532:v1:Inflammation	1.05933E-08	-1.736102405	6	30489509	30494194
ZNF175	SIGLEC5	cis-position, trans-gene	45260	49	45211	5.28e-11	-0.922947232	-1.198522713	-0.64737175	0.140598557	ptv	Neurology	SIGLEC5:O15389:OID21082:v1:Neurology	5.18023E-10	-0.843163289	19	51571278	51592510
ASGR1	ADAM9	trans-position, trans-gene	45423	104	45319	5.29e-11	0.627116696	0.439864814	0.814368578	0.095535883	ptvraredmg	OncologyII	ADAM9:Q13443:OID31488:v1:OncologyII	7.18202E-11	0.608994097	17	7173431	7179564
STAB1	BMP10	trans-position, trans-gene	44654	714	43940	5.46e-11	0.236000029	0.165481253	0.306518806	0.035978653	ptvraredmg	InflammationII	BMP10:O95393:OID30575:v1:InflammationII	7.47712E-13	0.24042698	3	52495338	52524495
MDH1	MDH1	cis-position, cis-gene	45372	62	45310	5.52e-11	-0.81482966	-1.058368239	-0.571291081	0.124253344	flexdmg	InflammationII	MDH1:P40925:OID30669:v1:InflammationII	2.33145E-11	-0.802898791	2	63588609	63607197
B4GALT7	VCAN	trans-position, trans-gene	45644	175	45469	5.55e-11	0.479192726	0.335948838	0.622436614	0.07308302	ptvraredmg	Neurology	VCAN:P13611:OID21026:v1:Neurology	2.95628E-11	0.471389769	5	177600118	177610347
ASGR1	GGT5	trans-position, trans-gene	44914	103	44811	5.67e-11	0.6273448	0.439723708	0.814965891	0.095724225	flexdmg	Neurology	GGT5:P36269:OID20909:v1:Neurology	1.4094E-11	0.633718571	17	7173431	7179564
ASGR1	ADGRG2	trans-position, trans-gene	45276	106	45170	5.69e-11	0.580335339	0.406765654	0.753905025	0.088555221	ptvraredmg	Cardiometabolic	ADGRG2:Q8IZP9:OID20189:v1:Cardiometabolic	5.68812E-10	0.539483213	17	7173431	7179564
ADAMTSL2	ADAMTSL2	cis-position, cis-gene	45606	43	45563	5.74e-11	-0.985663293	-1.280528194	-0.690798392	0.150440046	ptvraredmg	CardiometabolicII	ADAMTSL2:Q86TH1:OID30370:v1:CardiometabolicII	7.12834E-12	-0.966192953	9	133532164	133575519
ITGB2	ITGB2	cis-position, cis-gene	45000	280	44720	5.77e-11	-0.375638542	-0.488024161	-0.263252923	0.057339112	ptvraredmg	Cardiometabolic	ITGB2:P05107:OID20315:v1:Cardiometabolic	2.03071E-11	-0.373613963	21	44885953	44931989
STAB1	BAG6	trans-position, trans-gene	44454	1218	43236	5.78e-11	0.185687598	0.130130609	0.241244588	0.028345152	flexdmg	Cardiometabolic	BAG6:P46379:OID20114:v1:Cardiometabolic	4.26107E-14	0.204771274	3	52495338	52524495
C1QTNF1	COL18A1	trans-position, trans-gene	45444	125	45319	5.83e-11	-0.547457413	-0.711287794	-0.383627032	0.083586238	flexdmg	Cardiometabolic	COL18A1:P39060:OID20332:v1:Cardiometabolic	3.05131E-11	-0.537467847	17	79022814	79049788
TAAR2	VNN1	cis-position, trans-gene	45669	113	45556	5.86e-11	-0.610620313	-0.793370722	-0.427869904	0.093239246	flexdmg	InflammationII	VNN1:O95497:OID30711:v1:InflammationII	4.08176E-07	-0.431633618	6	132599627	132624358
DNAH1	MME	trans-position, trans-gene	45042	868	44174	5.93e-11	0.214237231	0.15009933	0.278375133	0.032723141	rec	Oncology	MME:P08473:OID21307:v1:Oncology	8.82023E-13	0.220299886	3	52316319	52400497
TNFRSF19	TNFRSF19	cis-position, cis-gene	45621	167	45454	5.94e-11	-0.475231144	-0.617508318	-0.332953969	0.072589803	flexnonsynmtr	Oncology	TNFRSF19:Q9NS68:OID21446:v1:Oncology	2.23574E-11	-0.455011398	13	23570370	23676104
GCNT1	TNFRSF10C	trans-position, trans-gene	45376	95	45281	6e-11	0.671634066	0.470508206	0.872759927	0.102614382	flexdmg	Cardiometabolic	TNFRSF10C:O14798:OID20265:v1:Cardiometabolic	1.71651E-10	0.617808824	9	76419850	76651203
KDM1A	COL2A1	trans-position, trans-gene	44457	14	44443	6.14e-11	1.723419576	1.207070215	2.239768938	0.263441217	ptv	CardiometabolicII	COL2A1:P02458:OID30286:v1:CardiometabolicII	5.73601E-11	1.72438681	1	23019443	23083691
HBQ1	HBQ1	cis-position, cis-gene	45621	44	45577	6.19e-11	-0.95587249	-1.242318276	-0.669426705	0.146144616	ptvraredmg	Oncology	HBQ1:P09105:OID21433:v1:Oncology	1.04633E-11	-0.918661531	16	180459	181179
CHPF2	PAPPA	trans-position, trans-gene	44437	141	44296	6.2e-11	0.523309949	0.366488941	0.680130958	0.080010009	ptv	Inflammation	PAPPA:Q13219:OID20421:v1:Inflammation	4.97496E-11	0.521356105	7	151232489	151238827
AK1	AK1	cis-position, cis-gene	45276	69	45207	6.37e-11	-0.760831583	-0.988976804	-0.532686362	0.116399649	ptvraredmg	Cardiometabolic	AK1:P00568:OID20122:v1:Cardiometabolic	6.05041E-10	-0.653292874	9	127866486	127877675
STC2	CRLF1	trans-position, trans-gene	45452	10	45442	6.37e-11	-1.987165053	-2.583038603	-1.391291503	0.304014604	URmtr	Inflammation	CRLF1:O75462:OID20699:v1:Inflammation	8.22673E-11	-1.983293277	5	173314723	173328447
COL1A1	COL1A1	cis-position, cis-gene	45810	11	45799	6.4e-11	-1.934468149	-2.514607424	-1.354328875	0.295987041	ptv	Cardiometabolic	COL1A1:P02452:OID20335:v1:Cardiometabolic	7.74654E-13	-1.95664854	17	50184101	50201632
ANO5	MYL3	trans-position, trans-gene	44457	18	44439	6.41e-11	1.419509539	0.993797032	1.845222047	0.217198334	rec	CardiometabolicII	MYL3:P08590:OID30251:v1:CardiometabolicII	1.80539E-11	1.428041376	11	22192513	22283367
STAB1	PTN	trans-position, trans-gene	44454	1218	43236	6.49e-11	0.177522756	0.12426851	0.230777002	0.027170293	flexdmg	Cardiometabolic	PTN:P21246:OID20083:v1:Cardiometabolic	3.93189E-12	0.180764856	3	52495338	52524495
CD5L	CD5L	cis-position, cis-gene	45461	38	45423	6.58e-11	-1.047119165	-1.361344671	-0.732893658	0.160317812	flexdmg	InflammationII	CD5L:O43866:OID30775:v1:InflammationII	4.45667E-11	-0.960485621	1	157830911	157898256
NBEAL2	PRG2	trans-position, trans-gene	45606	384	45222	6.61e-11	0.32040474	0.224246623	0.416562856	0.049059862	ptvraredmg	CardiometabolicII	PRG2:P13727:OID30381:v1:CardiometabolicII	2.81125E-12	0.325983055	3	46979683	47009704
BCAN	BCAN	cis-position, cis-gene	44914	27	44887	6.71e-11	-1.21186966	-1.575700605	-0.848038714	0.18562644	ptv	Neurology	BCAN:Q96GW7:OID20998:v1:Neurology	1.73759E-11	-1.188378445	1	156641390	156659532
ASGR1	NECTIN1	trans-position, trans-gene	44339	99	44240	6.75e-11	0.656638099	0.459474727	0.853801471	0.100592658	flexdmg	InflammationII	NECTIN1:Q15223:OID30545:v1:InflammationII	1.01796E-09	0.602462706	17	7173431	7179564
ASGR1	LTBP2	trans-position, trans-gene	45810	106	45704	6.79e-11	0.529525124	0.370508881	0.688541368	0.081130083	flexdmg	Cardiometabolic	LTBP2:Q14767:OID20254:v1:Cardiometabolic	1.14312E-11	0.541565801	17	7173431	7179564
SIGLEC14	SIGLEC5	cis-position, trans-gene	45260	36	45224	6.84e-11	-1.070396192	-1.391890073	-0.748902311	0.164026116	rec	Neurology	SIGLEC5:O15389:OID21082:v1:Neurology	1.84377E-12	-1.049377633	19	51642553	51646879
GHRL	GHRL	cis-position, cis-gene	45276	22	45254	6.87e-11	-1.315221682	-1.710291257	-0.920152106	0.201564423	flexdmg	Cardiometabolic	GHRL:Q9UBU3:OID20175:v1:Cardiometabolic	7.5767E-09	-1.030892148	3	10285666	10292947
JAK2	EPO	trans-position, trans-gene	45190	351	44839	6.91e-11	0.346661369	0.242515651	0.450807088	0.053135123	flexdmg	Inflammation	EPO:P01588:OID20522:v1:Inflammation	1.6786E-11	0.339423001	9	4985245	5128183
RFX6	MLN	trans-position, trans-gene	45190	13	45177	7.23e-11	-1.668589213	-2.170390499	-1.166787927	0.256018909	ptv	Inflammation	MLN:P12872:OID20541:v1:Inflammation	9.65327E-13	-1.76334853	6	116877213	116932163
ABCA8	FCRL2	trans-position, trans-gene	45542	411	45131	7.69e-11	0.316885508	0.221449819	0.412321197	0.048691278	ptvraredmg	Inflammation	FCRL2:Q96LA5:OID20639:v1:Inflammation	9.48087E-12	0.311019261	17	68867287	68955408
NPC1	CCL18	trans-position, trans-gene	44626	621	44005	7.73e-11	0.251856398	0.175996971	0.327715826	0.03870345	flexdmg	Cardiometabolic	CCL18:P55774:OID20395:v1:Cardiometabolic	1.15931E-11	0.248384808	18	23506184	23586617
IGSF21	IGSF21	cis-position, cis-gene	44457	174	44283	8.01e-11	-0.47035557	-0.612142772	-0.328568368	0.072339768	flexdmg	CardiometabolicII	IGSF21:Q96ID5:OID30210:v1:CardiometabolicII	4.51435E-12	-0.476965321	1	18107798	18378483
FAM221B	RECK	cis-position, trans-gene	44457	252	44205	8.24e-11	0.384595205	0.268584995	0.500605416	0.059188359	rec	CardiometabolicII	RECK:O95980:OID30234:v1:CardiometabolicII	1.26986E-11	0.399126771	9	35817017	35833805
SLC22A12	NPL	trans-position, trans-gene	45616	222	45394	8.26e-11	-0.388406323	-0.505573503	-0.271239143	0.059778685	flexdmg	CardiometabolicII	NPL:Q9BXD5:OID30329:v1:CardiometabolicII	3.84604E-13	-0.405907899	11	64590810	64602353
EZR	EZR	cis-position, cis-gene	45644	7	45637	8.38e-11	-2.40831754	-3.135066703	-1.681568378	0.370787366	ptv	Neurology	EZR:P15311:OID21017:v1:Neurology	6.24328E-13	-2.497017608	6	158765741	158819368
STK10	HBEGF	trans-position, trans-gene	45488	128	45360	8.43e-11	-0.568270031	-0.739778766	-0.396761296	0.087503735	ptvraredmg	Oncology	HBEGF:Q99075:OID21465:v1:Oncology	2.41888E-11	-0.543442855	5	172042070	172188342
SBSN	SBSN	cis-position, cis-gene	45531	11	45520	8.57e-11	-1.942746911	-2.529313118	-1.356180705	0.299266013	ptv	CardiometabolicII	SBSN:Q6UWP8:OID30398:v1:CardiometabolicII	9.10053E-11	-1.942200054	19	35523367	35528351
CAPN2	PPL	trans-position, trans-gene	44339	386	43953	8.94e-11	-0.325670215	-0.424094617	-0.227245812	0.050216083	flexdmg	InflammationII	PPL:O60437:OID30564:v1:InflammationII	2.07289E-10	-0.300185721	1	223701593	223776018
EGF	EGF	cis-position, cis-gene	45166	285	44881	9.19e-11	-0.383903235	-0.499999266	-0.267807203	0.05923217	flexdmg	Inflammation	EGF:P01133:OID20698:v1:Inflammation	3.03077E-11	-0.373759012	4	109912883	110013766
FCRL1	FCRL1	cis-position, cis-gene	45276	98	45178	9.31e-11	-0.640471621	-0.834219283	-0.446723958	0.098850021	flexnonsynmtr	Cardiometabolic	FCRL1:Q96LA6:OID20172:v1:Cardiometabolic	8.48475E-09	-0.543091756	1	157794403	157820120
ADAM8	OLR1	trans-position, trans-gene	44844	154	44690	9.32e-11	-0.514542277	-0.67019886	-0.358885694	0.079415939	ptv	Cardiometabolic	OLR1:P78380:OID20183:v1:Cardiometabolic	1.67599E-10	-0.494827357	10	133262420	133276868
C3orf62	MST1	cis-position, trans-gene	45072	96	44976	9.37e-11	-0.662546194	-0.862998798	-0.462093591	0.102270868	flexdmg	InflammationII	MST1:P26927:OID30713:v1:InflammationII	7.02518E-11	-0.664208567	3	49268597	49277075
PLXDC1	PLXDC1	cis-position, cis-gene	44180	107	44073	9.77e-11	-0.623713803	-0.812599725	-0.434827881	0.096369498	flexdmg	Oncology	PLXDC1:Q8IUK5:OID21258:v1:Oncology	1.91434E-10	-0.554380605	17	39063313	39154394
COLEC12	COLEC12	cis-position, cis-gene	45225	4	45221	9.84e-11	-2.970853197	-3.8707194	-2.070986994	0.459111553	ptv	Inflammation	COLEC12:Q5KU26:OID20738:v1:Inflammation	1.18996E-10	-2.960625974	18	316737	500722
SH2B3	CD244	trans-position, trans-gene	45752	305	45447	1.03e-10	0.367981133	0.256403296	0.479558969	0.056927007	flexnonsynmtr	Inflammation	CD244:Q9BZW8:OID20628:v1:Inflammation	5.58509E-09	0.311854431	12	111405923	111451623
GNPTAB	IGF2R	trans-position, trans-gene	45260	77	45183	1.04e-10	0.719288242	0.501124424	0.93745206	0.111307138	ptv	Neurology	IGF2R:P11717:OID21146:v1:Neurology	2.83166E-12	0.72353067	12	101745497	101830867
STAB1	DHPS	trans-position, trans-gene	45424	725	44699	1.05e-10	0.23945241	0.166815971	0.312088849	0.037059101	ptvraredmg	OncologyII	DHPS:P49366:OID31357:v1:OncologyII	1.25835E-12	0.245572406	3	52495338	52524495
TTN	MB	trans-position, trans-gene	45810	501	45309	1.06e-10	0.247867766	0.172653237	0.323082296	0.038374451	ptv	Cardiometabolic	MB:P02144:OID20263:v1:Cardiometabolic	4.58135E-11	0.242176582	2	178525989	178830802
SLC8A3	SMOC1	cis-position, trans-gene	45621	74	45547	1.14e-10	-0.691925969	-0.902238668	-0.48161327	0.107301521	rec	Oncology	SMOC1:Q9H4F8:OID21461:v1:Oncology	1.15938E-10	-0.669516633	14	70044217	70223612
FLT1	PGF	trans-position, trans-gene	45752	167	45585	1.17e-10	0.436221867	0.303552221	0.568891514	0.067688047	ptvraredmg	Inflammation	PGF:P49763:OID20673:v1:Inflammation	3.34995E-10	0.411891756	13	28300346	28495145
LCAT	APOA2	trans-position, trans-gene	45669	177	45492	1.19e-10	-0.46910542	-0.611835027	-0.326375812	0.072820636	flexdmg	InflammationII	APOA2:P02652:OID30686:v1:InflammationII	8.41368E-11	-0.450890592	16	67939750	67944131
TNC	TNC	cis-position, cis-gene	45433	23	45410	1.2e-10	-1.319392099	-1.720919143	-0.917865055	0.204859041	ptv	Cardiometabolic	TNC:P24821:OID20359:v1:Cardiometabolic	2.50043E-11	-1.244476914	9	115019575	115118257
PROCR	PROC	trans-position, trans-gene	45352	35	45317	1.26e-10	1.047601386	0.728413622	1.36678915	0.162849544	ptvraredmg	Cardiometabolic	PROC:P04070:OID20402:v1:Cardiometabolic	1.52873E-09	0.703768322	20	35172072	35216240
ABCA1	APOC1	trans-position, trans-gene	45606	498	45108	1.28e-10	-0.271011521	-0.353613008	-0.188410033	0.042143271	flexnonsynmtr	InflammationII	APOC1:P02654:OID30749:v1:InflammationII	6.49539E-11	-0.260007677	9	104781002	104928246
FUT1	CLEC1A	trans-position, trans-gene	44454	205	44249	1.28e-10	0.440072065	0.305958864	0.574185265	0.068424496	flexdmg	Cardiometabolic	CLEC1A:Q8NC01:OID20099:v1:Cardiometabolic	1.86801E-11	0.444429054	19	48748011	48755390
PSMG4	PSMG3	trans-position, trans-gene	45190	18	45172	1.28e-10	-1.458374491	-1.902875796	-1.013873185	0.226784471	flexdmg	Inflammation	PSMG3:Q9BT73:OID20549:v1:Inflammation	5.27311E-10	-1.336305749	6	3231403	3303373
ASGR1	NRP1	trans-position, trans-gene	45509	105	45404	1.31e-10	0.614490876	0.427101049	0.801880702	0.095606267	ptvraredmg	Cardiometabolic	NRP1:O14786:OID20390:v1:Cardiometabolic	5.91961E-11	0.613193784	17	7173431	7179564
ANGPTL3	APOA1	trans-position, trans-gene	45680	149	45531	1.33e-10	-0.497425669	-0.649176044	-0.345675293	0.077423031	flexdmg	InflammationII	APOA1:P02647:OID30769:v1:InflammationII	3.8877E-11	-0.482376572	1	62597520	62606313
LRP11	LRP11	cis-position, cis-gene	45276	28	45248	1.34e-10	-1.178378208	-1.537887668	-0.818868748	0.183421659	raredmg	Cardiometabolic	LRP11:Q86VZ4:OID20185:v1:Cardiometabolic	4.80118E-12	-1.155872085	6	149818757	149864359
APOD	VSNL1	trans-position, trans-gene	45493	35	45458	1.34e-10	-0.970343259	-1.266422271	-0.674264248	0.151059475	flexdmg	NeurologyII	VSNL1:P62760:OID31105:v1:NeurologyII	5.7099E-10	-0.87739835	3	195568705	195584033
LMNB2	LMNB2	cis-position, cis-gene	45493	79	45414	1.4e-10	-0.686683546	-0.896409352	-0.476957741	0.10700208	ptvraredmg	NeurologyII	LMNB2:Q03252:OID31109:v1:NeurologyII	3.01287E-11	-0.670637215	19	2427638	2456959
VPS13B	SPAG1	cis-position, trans-gene	45520	448	45072	1.41e-10	-0.303613683	-0.396359807	-0.210867559	0.047319062	rec	NeurologyII	SPAG1:Q07617:OID30979:v1:NeurologyII	6.34406E-08	-0.237015008	8	99013071	99877586
RASA2	KIT	trans-position, trans-gene	45351	92	45259	1.45e-10	0.642275209	0.445948584	0.838601834	0.100165812	UR	Cardiometabolic	KIT:P10721:OID20370:v1:Cardiometabolic	3.94696E-11	0.64088177	3	141487047	141615363
TGFBR2	TGFBR2	cis-position, cis-gene	45388	6	45382	1.49e-10	-2.466493157	-3.220990559	-1.711995754	0.384944458	ptv	Oncology	TGFBR2:P37173:OID21493:v1:Oncology	1.18484E-08	-2.03666987	3	30606601	30694142
PLIN1	ADIPOQ	trans-position, trans-gene	45680	88	45592	1.53e-10	0.587218055	0.407492205	0.766943905	0.091696117	ptv	InflammationII	ADIPOQ:Q15848:OID30748:v1:InflammationII	1.87728E-10	0.5772687	15	89664367	89679427
ASGR1	CSF2RA	trans-position, trans-gene	44914	103	44811	1.53e-10	0.630837047	0.437762919	0.823911174	0.098506362	flexdmg	Neurology	CSF2RA:P15509:OID20915:v1:Neurology	8.09541E-11	0.620808914	17	7173431	7179564
CPZ	SOD3	trans-position, trans-gene	45669	618	45051	1.53e-10	-0.237155218	-0.309746582	-0.164563855	0.037036109	flexdmg	InflammationII	SOD3:P08294:OID30683:v1:InflammationII	4.18445E-11	-0.233954697	4	8592660	8619761
ICAM4	ICAM4	cis-position, cis-gene	45190	153	45037	1.57e-10	-0.516625233	-0.674849151	-0.358401315	0.080725809	flexnonsynmtr	Inflammation	ICAM4:Q14773:OID20578:v1:Inflammation	4.87513E-11	-0.508661637	19	10286955	10288522
POC1B-GALNT4	GOLM2	trans-position, trans-gene	45644	140	45504	1.62e-10	-0.535542558	-0.699691494	-0.371393623	0.083748774	ptvraredmg	Neurology	GOLM2:Q6P4E1:OID21044:v1:Neurology	8.79799E-12	-0.530488106	12	89519412	89526262
ITGAM	IGF1R	trans-position, trans-gene	45042	267	44775	1.64e-10	-0.376394647	-0.491788765	-0.261000529	0.058874049	flexdmg	Oncology	IGF1R:P08069:OID21274:v1:Oncology	5.5486E-10	-0.357109245	16	31259967	31332892
ASGR1	CLEC10A	cis-position, trans-gene	44914	103	44811	1.65e-10	0.619573276	0.429588059	0.809558492	0.096930401	flexdmg	Neurology	CLEC10A:Q8IUN9:OID20928:v1:Neurology	1.06501E-10	0.618019722	17	7173431	7179564
CD36	SPINT2	trans-position, trans-gene	45452	466	44986	1.7e-10	-0.291484981	-0.380929464	-0.202040498	0.045634563	flexdmg	Inflammation	SPINT2:O43291:OID20720:v1:Inflammation	1.46509E-13	-0.304493248	7	80369575	80679277
TGOLN2	TGOLN2	cis-position, cis-gene	45669	36	45633	1.7e-10	-1.038596679	-1.357271472	-0.719921886	0.162587857	flexdmg	InflammationII	TGOLN2:O43493:OID30691:v1:InflammationII	3.77057E-08	-0.858579305	2	85318027	85328251
TET2	LCN2	trans-position, trans-gene	43902	67	43835	1.73e-10	-0.745036026	-0.97372903	-0.516343022	0.11667903	ptv	Cardiometabolic	LCN2:P80188:OID20392:v1:Cardiometabolic	1.44043E-11	-0.78022939	4	105145875	105279816
GOLPH3L	TNFSF12	trans-position, trans-gene	45752	65	45687	1.79e-10	-0.777898542	-1.016881713	-0.538915372	0.121929203	ptvraredmg	Inflammation	TNFSF12:O43508:OID20624:v1:Inflammation	1.37223E-11	-0.776738952	1	150646225	150697956
ASGR1	NOTCH1	trans-position, trans-gene	45810	106	45704	1.81e-10	0.6051831	0.419217421	0.79114878	0.094879684	flexdmg	Cardiometabolic	NOTCH1:P46531:OID20311:v1:Cardiometabolic	4.36626E-10	0.580198434	17	7173431	7179564
JAK2	GP1BA	trans-position, trans-gene	45047	100	44947	1.82e-10	0.629995958	0.43636776	0.823624156	0.098789057	UR	Cardiometabolic	GP1BA:P07359:OID20381:v1:Cardiometabolic	1.71266E-10	0.586508337	9	4985245	5128183
LCAT	SCGB3A1	trans-position, trans-gene	44654	173	44481	1.84e-10	-0.468259331	-0.612218673	-0.324299989	0.073448002	flexdmg	InflammationII	SCGB3A1:Q96QR1:OID30577:v1:InflammationII	2.43705E-11	-0.469121204	16	67939750	67944131
ATAD3C	VWA1	cis-position, trans-gene	45553	55	45498	1.84e-10	-0.851938902	-1.113832823	-0.590044981	0.133618251	rec	Oncology	VWA1:Q6PCB0:OID21421:v1:Oncology	9.84938E-11	-0.817529671	1	1441301	1470158
CD320	TCN2	trans-position, trans-gene	45739	77	45662	1.86e-10	0.702284499	0.486332651	0.918236347	0.110178622	flexdmg	Cardiometabolic	TCN2:P20062:OID20341:v1:Cardiometabolic	1.02971E-10	0.681178525	19	8302127	8308356
SSNA1	ENTPD2	cis-position, trans-gene	44180	39	44141	1.88e-10	-1.008465573	-1.318639767	-0.698291379	0.15825071	ptv	Oncology	ENTPD2:Q9Y5L3:OID21260:v1:Oncology	2.92646E-09	-0.926382902	9	137188660	137190370
RAB32	CTSL	trans-position, trans-gene	45276	99	45177	1.92e-10	-0.61478795	-0.803972036	-0.425603864	0.096521685	flexdmg	Cardiometabolic	CTSL:P07711:OID20228:v1:Cardiometabolic	1.67294E-10	-0.587795609	6	146543692	146554950
PNMA1	PNMA1	cis-position, cis-gene	44457	13	44444	1.92e-10	-1.757154146	-2.297915385	-1.216392908	0.275896146	raredmg	CardiometabolicII	PNMA1:Q8ND90:OID30194:v1:CardiometabolicII	7.70714E-10	-1.580098363	14	73711783	73714384
MAN2B2	FUCA1	trans-position, trans-gene	45513	510	45003	1.93e-10	0.279225241	0.193288083	0.365162398	0.043845128	flexnonsynmtr	Cardiometabolic	FUCA1:P04066:OID20261:v1:Cardiometabolic	5.64281E-12	0.280961884	4	6575189	6623362
HLA-DRA	HLA-DRA	cis-position, cis-gene	45048	104	44944	1.93e-10	0.617881245	0.42771017	0.80805232	0.097025234	flexnonsynmtr	Inflammation	HLA-DRA:P01903:OID20520:v1:Inflammation	5.1552E-10	0.586080133	6	32439878	32445046
CD5L	TIMD4	trans-position, trans-gene	45433	22	45411	1.93e-10	1.332922398	0.922696949	1.743147847	0.209296966	raredmgmtr	Cardiometabolic	TIMD4:Q96H15:OID20375:v1:Cardiometabolic	2.1262E-10	1.278220376	1	157830911	157898256
CSF2RB	CSF2RB	cis-position, cis-gene	44339	169	44170	1.94e-10	-0.484214436	-0.633258891	-0.335169981	0.07604241	flexdmg	InflammationII	CSF2RB:P32927:OID30553:v1:InflammationII	8.72635E-09	-0.41340291	22	36913628	36940439
ASGR1	CDH5	trans-position, trans-gene	45810	106	45704	1.99e-10	0.608278348	0.420924818	0.795631879	0.095587766	flexdmg	Cardiometabolic	CDH5:P33151:OID20243:v1:Cardiometabolic	4.03312E-10	0.590574604	17	7173431	7179564
GGT1	GGT1	cis-position, cis-gene	45185	32	45153	2.01e-10	-1.033899506	-1.352427286	-0.715371726	0.162512805	ptvraredmg	Neurology	GGT1:P19440:OID21075:v1:Neurology	1.96603E-12	-1.075401004	22	24594811	24629005
NLRC5	HLA-E	trans-position, trans-gene	45190	256	44934	2.05e-10	-0.382201122	-0.500000525	-0.264401718	0.06010123	flexdmg	Inflammation	HLA-E:P13747:OID20532:v1:Inflammation	2.32744E-12	-0.407658969	16	56989547	57083526
DSC2	DSC2	cis-position, cis-gene	44742	150	44592	2.13e-10	-0.49274109	-0.644759706	-0.340722473	0.077559845	ptvraredmg	Neurology	DSC2:Q02487:OID21079:v1:Neurology	5.03521E-11	-0.489681088	18	31058840	31102522
SNX15	SNX15	cis-position, cis-gene	44654	86	44568	2.14e-10	-0.666598428	-0.87226763	-0.460929225	0.104932349	flexdmg	InflammationII	SNX15:Q9NRS6:OID30644:v1:InflammationII	4.61669E-11	-0.673416548	11	65027439	65040572
NPTXR	NPTXR	cis-position, cis-gene	45275	13	45262	2.17e-10	-1.722723314	-2.2544586	-1.190988027	0.271291243	UR	Cardiometabolic	NPTXR:O95502:OID20191:v1:Cardiometabolic	3.67572E-09	-1.501107562	22	38818452	38844028
ZNF428	CEACAM1	trans-position, trans-gene	45317	42	45275	2.19e-10	-0.929575162	-1.216545057	-0.642605267	0.14641199	flexnonsynmtr	Oncology	CEACAM1:P13688:OID21528:v1:Oncology	5.24187E-10	-0.862481423	19	43607224	43619862
GP9	GP1BB	trans-position, trans-gene	44108	102	44006	2.21e-10	0.624569454	0.431702476	0.817436433	0.098400626	flexdmg	CardiometabolicII	GP1BB:P13224:OID30174:v1:CardiometabolicII	8.1912E-10	0.565851982	3	129055449	129062411
IL10RA	TREH	cis-position, trans-gene	45606	126	45480	2.22e-10	-0.562664648	-0.736434651	-0.388894646	0.08865744	rec	CardiometabolicII	TREH:O43280:OID30388:v1:CardiometabolicII	2.09262E-10	-0.554650528	11	117986370	118003037
CFI	BID	trans-position, trans-gene	45190	302	44888	2.24e-10	-0.36150499	-0.473165275	-0.249844705	0.056969053	flexdmg	Inflammation	BID:P55957:OID20517:v1:Inflammation	7.93696E-10	-0.342263682	4	109731008	109802150
NRCAM	NRCAM	cis-position, cis-gene	45276	21	45255	2.27e-10	-1.371257691	-1.794949102	-0.94756628	0.216167278	ptv	Cardiometabolic	NRCAM:Q92823:OID20229:v1:Cardiometabolic	1.85487E-08	-1.164685471	7	108147623	108456717
C7orf50	C7orf50	cis-position, cis-gene	45493	60	45433	2.29e-10	-0.813970529	-1.065544567	-0.562396492	0.128353043	ptvraredmg	NeurologyII	C7orf50:Q9BRJ6:OID31095:v1:NeurologyII	1.71447E-11	-0.835348647	7	996986	1138260
CEACAM19	CEACAM19	cis-position, cis-gene	45423	44	45379	2.3e-10	-0.929411911	-1.21667611	-0.642147713	0.146562153	ptvraredmg	OncologyII	CEACAM19:Q7Z692:OID31443:v1:OncologyII	1.94879E-09	-0.843095076	19	44662278	44684359
KNG1	FCN1	trans-position, trans-gene	45591	90	45501	2.33e-10	-0.656064196	-0.858907273	-0.453221119	0.103490519	flexdmg	InflammationII	FCN1:O00602:OID30690:v1:InflammationII	3.56526E-12	-0.691436406	3	186717309	186744410
CKAP2L	CXCL11	trans-position, trans-gene	45644	32	45612	2.36e-10	1.092228925	0.754424695	1.430033155	0.172347692	ptv	Neurology	CXCL11:O14625:OID21042:v1:Neurology	1.11064E-10	1.105404973	2	112736349	112764677
ABCA1	APOM	trans-position, trans-gene	45352	494	44858	2.39e-10	-0.279060219	-0.365398525	-0.192721913	0.044049789	flexnonsynmtr	Cardiometabolic	APOM:O95445:OID20374:v1:Cardiometabolic	6.00348E-10	-0.256257132	9	104781002	104928246
TMEM8A	CNTN1	trans-position, trans-gene	45810	178	45632	2.45e-10	-0.439075183	-0.575001654	-0.303148712	0.069349682	flexdmg	Cardiometabolic	CNTN1:Q12860:OID20307:v1:Cardiometabolic	1.05972E-11	-0.446367012	16	370776	381950
NOX4	MERTK	trans-position, trans-gene	45752	23	45729	2.47e-10	-1.251653904	-1.639200989	-0.86410682	0.197726505	ptv	Inflammation	MERTK:Q12866:OID20657:v1:Inflammation	4.73078E-17	-1.390028738	11	89324353	89589611
TFPI	TFPI	cis-position, cis-gene	45133	20	45113	2.48e-10	-1.348020179	-1.76543772	-0.930602638	0.212966333	raredmgmtr	Cardiometabolic	TFPI:P10646:OID20388:v1:Cardiometabolic	4.87303E-11	-1.368385321	2	187464230	187565760
MGAT4B	MFAP4	trans-position, trans-gene	44654	170	44484	2.51e-10	-0.468728994	-0.613917407	-0.323540581	0.074075073	flexnonsynmtr	InflammationII	MFAP4:P55083:OID30598:v1:InflammationII	4.76938E-10	-0.444962182	5	179797597	179806952
CD36	CLEC1A	trans-position, trans-gene	44454	455	43999	2.55e-10	-0.291372945	-0.381662481	-0.20108341	0.046065681	flexdmg	Cardiometabolic	CLEC1A:Q8NC01:OID20099:v1:Cardiometabolic	5.62988E-11	-0.273092861	7	80369575	80679277
MUC17	PILRA	cis-position, trans-gene	45260	1066	44194	2.68e-10	-0.189305325	-0.248034473	-0.130576176	0.0299636	rec	Neurology	PILRA:Q9UKJ1:OID21129:v1:Neurology	1.1788E-07	-0.144111791	7	101020076	101058859
LILRB4	LAIR2	cis-position, trans-gene	44914	478	44436	2.71e-10	-0.286801276	-0.375801061	-0.197801491	0.045407664	flexnonsynmtr	Neurology	LAIR2:Q6ISS4:OID20965:v1:Neurology	8.12694E-10	-0.272263065	19	54643889	54670359
CAPNS1	DTX3	trans-position, trans-gene	45042	21	45021	2.73e-10	-1.247235994	-1.6343644	-0.860107588	0.197512812	ptv	Oncology	DTX3:Q8N9I9:OID21349:v1:Oncology	3.54308E-10	-1.241158402	19	36139926	36150353
ABCA6	DKK4	trans-position, trans-gene	44838	633	44205	2.75e-10	0.245031315	0.168965257	0.321097373	0.038808878	flexdmg	Neurology	DKK4:Q9UBT3:OID20934:v1:Neurology	6.61366E-10	0.229887101	17	69078089	69141992
CLEC4G	CLEC4G	cis-position, cis-gene	45190	9	45181	2.78e-10	-2.069484483	-2.712081929	-1.426887037	0.327853079	flexdmg	Inflammation	CLEC4G:Q6UXB4:OID20590:v1:Inflammation	1.66362E-14	-1.955129983	19	7728957	7733906
GPC5	GPC5	cis-position, cis-gene	44914	223	44691	2.82e-10	-0.417609023	-0.547333208	-0.287884838	0.06618524	flexdmg	Neurology	GPC5:P78333:OID20944:v1:Neurology	2.11968E-11	-0.431185269	13	91398621	92873682
CRACR2A	CRACR2A	cis-position, cis-gene	44180	55	44125	2.93e-10	-0.828437016	-1.086022101	-0.570851931	0.131419774	ptv	Oncology	CRACR2A:Q9BSW2:OID21249:v1:Oncology	1.19161E-10	-0.790322947	12	3606633	3764819
VSTM2L	VSTM2L	cis-position, cis-gene	44454	82	44372	3.01e-10	0.694416988	0.478372251	0.910461725	0.110225929	flexnonsynmtr	Cardiometabolic	VSTM2L:Q96N03:OID20067:v1:Cardiometabolic	4.87138E-09	0.623685014	20	37903111	37945350
ASGR1	TACSTD2	trans-position, trans-gene	40049	94	39955	3.09e-10	0.644720565	0.444011186	0.845429943	0.10240153	ptvraredmg	Oncology	TACSTD2:P09758:OID21447:v1:Oncology	3.41703E-10	0.630309751	17	7173431	7179564
ARF4	CRELD2	trans-position, trans-gene	45378	10	45368	3.1e-10	1.962387117	1.351406192	2.573368043	0.311722372	flexdmg	Inflammation	CRELD2:Q6UXH1:OID20751:v1:Inflammation	7.30396E-08	1.538349631	3	57571363	57597488
PLAUR	PLAU	trans-position, trans-gene	45260	90	45170	3.15e-10	-0.638602816	-0.837519274	-0.439686357	0.101487139	flexnonsynmtr	Neurology	PLAU:P00749:OID21124:v1:Neurology	3.03561E-12	-0.667223714	19	43646095	43670547
B4GALNT3	DDR1	trans-position, trans-gene	45644	341	45303	3.2e-10	0.334707454	0.230412117	0.439002791	0.053211473	flexdmg	Neurology	DDR1:Q08345:OID21009:v1:Neurology	7.12037E-11	0.329319285	12	460377	561892
SPART	SPART	cis-position, cis-gene	44654	43	44611	3.31e-10	-0.937814004	-1.23027657	-0.645351438	0.14921429	ptv	InflammationII	SPART:Q8N0X7:OID30656:v1:InflammationII	3.33104E-11	-0.946414803	13	36301638	36370180
PRDX6	PRDX6	cis-position, cis-gene	45621	24	45597	3.32e-10	-1.249655182	-1.639407973	-0.85990239	0.198851841	ptv	Oncology	PRDX6:P30041:OID21404:v1:Oncology	3.71484E-10	-1.249546181	1	173477330	173488815
THPO	THPO	cis-position, cis-gene	44454	17	44437	3.33e-10	1.504864506	1.035491574	1.974237438	0.239473863	raredmg	Cardiometabolic	THPO:P40225:OID20098:v1:Cardiometabolic	2.17181E-10	1.482929432	3	184371935	184381968
ALPL	APOBR	trans-position, trans-gene	44457	438	44019	3.37e-10	-0.298234355	-0.391279953	-0.205188757	0.047471823	flexdmg	CardiometabolicII	APOBR:Q0VD83:OID30246:v1:CardiometabolicII	1.44582E-10	-0.296745137	1	21508982	21578412
MC2R	POMC	trans-position, trans-gene	44457	140	44317	3.38e-10	0.503349143	0.346298455	0.66039983	0.080127192	flexdmg	CardiometabolicII	POMC:P01189:OID30282:v1:CardiometabolicII	1.72659E-10	0.50540476	18	13882044	13915707
ASGR1	PRTG	trans-position, trans-gene	45621	104	45517	3.38e-10	0.607657641	0.418059651	0.797255631	0.096732878	flexdmg	Oncology	PRTG:Q2VWP7:OID21443:v1:Oncology	2.18511E-09	0.565281916	17	7173431	7179564
PLA2G12A	BPIFB2	trans-position, trans-gene	45539	100	45439	3.43e-10	-0.613365241	-0.804814831	-0.421915651	0.09767756	flexnonsynmtr	CardiometabolicII	BPIFB2:Q8N4F0:OID30311:v1:CardiometabolicII	9.24158E-10	-0.592196417	4	109709989	109730086
MPHOSPH10	NAGK	cis-position, trans-gene	44384	266	44118	3.43e-10	-0.376780085	-0.49438923	-0.259170939	0.060004131	rec	CardiometabolicII	NAGK:Q9UJ70:OID30271:v1:CardiometabolicII	8.49255E-10	-0.364291575	2	71130314	71150102
VMAC	CAPS	cis-position, trans-gene	45493	66	45427	3.44e-10	0.732560243	0.503877509	0.961242977	0.116673903	ptv	NeurologyII	CAPS:Q13938:OID31126:v1:NeurologyII	2.33016E-09	0.672214935	19	5904841	5910252
PROK1	PROK1	cis-position, cis-gene	45190	41	45149	3.46e-10	-0.714077503	-0.937018855	-0.491136152	0.11374463	flexdmg	Inflammation	PROK1:P58294:OID20543:v1:Inflammation	1.73672E-11	-0.693745077	1	110451149	110457358
ISM1	ISM1	cis-position, cis-gene	45190	71	45119	3.47e-10	-0.722540274	-0.948136025	-0.496944523	0.115098904	flexdmg	Inflammation	ISM1:B1AKI9:OID20538:v1:Inflammation	2.98015E-10	-0.721578504	20	13221274	13300651
ABCA1	FGFBP2	trans-position, trans-gene	45606	499	45107	3.53e-10	-0.278649282	-0.365689594	-0.191608969	0.04440796	flexnonsynmtr	CardiometabolicII	FGFBP2:Q9BYJ0:OID30395:v1:CardiometabolicII	1.25616E-10	-0.267945368	9	104781002	104928246
LCAT	GAL	trans-position, trans-gene	45452	177	45275	3.6e-10	-0.451656995	-0.592807245	-0.310506746	0.072014838	flexdmg	Inflammation	GAL:P22466:OID20727:v1:Inflammation	8.22698E-11	-0.446974808	16	67939750	67944131
RTBDN	RTBDN	cis-position, cis-gene	45042	42	45000	3.64e-10	-0.935968717	-1.228541813	-0.643395622	0.149270717	ptvraredmg	Oncology	RTBDN:Q9BSG5:OID21343:v1:Oncology	8.2737E-14	-1.068931541	19	12825478	12835428
PCSK6	SEMA3F	trans-position, trans-gene	45276	424	44852	3.69e-10	-0.293494568	-0.385273519	-0.201715617	0.046825604	flexdmg	Cardiometabolic	SEMA3F:Q13275:OID20186:v1:Cardiometabolic	1.22574E-11	-0.305071392	15	101303928	101489984
P4HB	C4BPB	trans-position, trans-gene	45388	30	45358	3.71e-10	1.098050918	0.75463988	1.441461956	0.175208258	UR	Oncology	C4BPB:P20851:OID21481:v1:Oncology	4.22135E-11	1.125133546	17	81843159	81860856
GP2	GP2	cis-position, cis-gene	43883	40	43843	3.75e-10	-0.959128264	-1.259161635	-0.659094893	0.153076839	ptv	Cardiometabolic	GP2:P55259:OID20090:v1:Cardiometabolic	5.48391E-11	-0.970858259	16	20309574	20327808
TMEM8A	NCAM2	trans-position, trans-gene	45260	176	45084	3.75e-10	-0.466710414	-0.61271114	-0.320709689	0.074489542	flexdmg	Neurology	NCAM2:O15394:OID21095:v1:Neurology	7.14289E-12	-0.482920726	16	370776	381950
P4HA1	C1QA	trans-position, trans-gene	45524	150	45374	3.94e-10	0.496716991	0.34113456	0.652299423	0.079378139	flexdmg	Inflammation	C1QA:P02745:OID20654:v1:Inflammation	4.52588E-10	0.489929991	10	73007217	73096974
UBA7	MST1	cis-position, trans-gene	45072	53	45019	3.97e-10	-0.860829422	-1.130508781	-0.591150064	0.137590341	raredmgmtr	InflammationII	MST1:P26927:OID30713:v1:InflammationII	1.84874E-09	-0.794318627	3	49805205	49813958
ITIH1	ITIH1	cis-position, cis-gene	45680	285	45395	3.99e-10	-0.370268312	-0.486276184	-0.254260441	0.059187208	flexdmg	InflammationII	ITIH1:P19827:OID30722:v1:InflammationII	9.29606E-12	-0.375199672	3	52777595	52792068
TNFRSF13B	TNFRSF9	trans-position, trans-gene	44914	346	44568	4.01e-10	0.318240455	0.218522002	0.417958909	0.050876325	flexdmg	Neurology	TNFRSF9:Q07011:OID20985:v1:Neurology	7.68103E-10	0.2990313	17	16929816	16972118
NLRC5	BTN3A2	trans-position, trans-gene	45190	256	44934	4.08e-10	-0.386526836	-0.507696311	-0.265357361	0.06182064	flexdmg	Inflammation	BTN3A2:P78410:OID20540:v1:Inflammation	1.96821E-12	-0.419973646	16	56989547	57083526
FKBP5	FKBP5	cis-position, cis-gene	44914	113	44801	4.12e-10	-0.581994819	-0.76448578	-0.399503858	0.093106834	flexdmg	Neurology	FKBP5:Q13451:OID20937:v1:Neurology	3.16587E-11	-0.602114623	6	35573585	35728583
STAB1	MRC1	trans-position, trans-gene	45669	1241	44428	4.32e-10	0.171705961	0.11780085	0.225611073	0.027502384	flexdmg	InflammationII	MRC1:P22897:OID30694:v1:InflammationII	1.2691E-11	0.178464615	3	52495338	52524495
SLAMF7	LY9	cis-position, trans-gene	44711	151	44560	4.36e-10	0.502022849	0.344386261	0.659659436	0.08042613	rec	Inflammation	LY9:Q9HBG7:OID20670:v1:Inflammation	5.27742E-10	0.4932572	1	160739057	160754821
STAB1	IFNGR1	trans-position, trans-gene	45452	729	44723	4.39e-10	0.226291458	0.155221848	0.297361068	0.036259705	ptvraredmg	Inflammation	IFNGR1:P15260:OID20678:v1:Inflammation	3.36538E-12	0.236173913	3	52495338	52524495
B4GALNT3	ANGPTL1	trans-position, trans-gene	44624	330	44294	4.67e-10	0.335184322	0.229754288	0.440614355	0.053790362	flexdmg	Cardiometabolic	ANGPTL1:O95841:OID20211:v1:Cardiometabolic	3.24456E-09	0.30341789	12	460377	561892
DCP1A	IL17RB	cis-position, trans-gene	44616	747	43869	4.71e-10	-0.222946683	-0.29308986	-0.152803505	0.035787022	rec	Inflammation	IL17RB:Q9NRM6:OID20585:v1:Inflammation	4.28105E-10	-0.221447113	3	53283423	53347627
APOA1	APOA1	cis-position, cis-gene	45680	149	45531	4.73e-10	-0.482295541	-0.634047178	-0.330543903	0.077423675	flexdmg	InflammationII	APOA1:P02647:OID30769:v1:InflammationII	5.2983E-11	-0.487762196	11	116835751	116837622
ASGR1	SLAMF6	trans-position, trans-gene	44180	103	44077	4.77e-10	0.607053407	0.41600637	0.798100444	0.097472098	flexdmg	Oncology	SLAMF6:Q96DU3:OID21254:v1:Oncology	1.23867E-09	0.578823874	17	7173431	7179564
LACTB2	LACTB2	cis-position, cis-gene	45276	53	45223	4.78e-10	-0.846622443	-1.113077037	-0.580167849	0.135945084	ptvraredmg	Cardiometabolic	LACTB2:Q53H82:OID20150:v1:Cardiometabolic	1.16649E-12	-0.860318258	8	70635318	70669185
ITGAM	INSR	trans-position, trans-gene	44339	68	44271	4.88e-10	-0.750008766	-0.986184493	-0.51383304	0.120496743	ptv	InflammationII	INSR:P06213:OID30566:v1:InflammationII	3.91232E-10	-0.749446022	16	31259967	31332892
CD36	BSG	trans-position, trans-gene	45673	472	45201	4.89e-10	-0.274982191	-0.361576747	-0.188387635	0.044180537	flexdmg	Inflammation	BSG:P35613:OID20626:v1:Inflammation	3.94627E-10	-0.250105589	7	80369575	80679277
MPZL3	TREH	cis-position, trans-gene	45606	71	45535	4.91e-10	0.734513296	0.503183858	0.965842733	0.118024258	ptv	CardiometabolicII	TREH:O43280:OID30388:v1:CardiometabolicII	1.23806E-09	0.699641647	11	118226690	118252368
HMOX2	HMOX2	cis-position, cis-gene	44217	16	44201	4.97e-10	-1.532704529	-2.015571036	-1.049838021	0.246358243	ptv	Neurology	HMOX2:P30519:OID20887:v1:Neurology	3.20474E-11	-1.584187123	16	4474690	4510347
LY75-CD302	CD302	cis-position, trans-gene	45042	95	44947	5.01e-10	-0.594238073	-0.781491187	-0.406984959	0.09553649	ptv	Oncology	CD302:Q8IX05:OID21328:v1:Oncology	1.71577E-12	-0.645689419	2	159768628	159904756
TXNDC5	TXNDC5	cis-position, cis-gene	45644	22	45622	5.03e-10	-1.310785556	-1.723874731	-0.897696381	0.210758065	URmtr	Neurology	TXNDC5:Q8NBS9:OID21012:v1:Neurology	2.57921E-08	-1.102794836	6	7881517	7910788
DYDC2	SFTPA2	cis-position, trans-gene	44180	82	44098	5.05e-10	0.675331297	0.462489133	0.88817346	0.10859196	flexnonsynmtr	Oncology	SFTPA2:Q8IWL1:OID21218:v1:Oncology	8.80579E-10	0.648886338	10	80344745	80368118
CD36	TEK	trans-position, trans-gene	45388	464	44924	5.05e-10	-0.286723227	-0.377088963	-0.196357491	0.046104584	flexdmg	Oncology	TEK:Q02763:OID21496:v1:Oncology	3.84146E-11	-0.276424149	7	80369575	80679277
GFRAL	GFRAL	cis-position, cis-gene	43970	69	43901	5.18e-10	-0.719691718	-0.946657794	-0.492725643	0.115797957	flexnonsynmtr	NeurologyII	GFRAL:Q6UXV0:OID31091:v1:NeurologyII	2.86681E-12	-0.760091869	6	55327469	55402493
PROS1	C4BPB	trans-position, trans-gene	45388	127	45261	5.32e-10	0.529396909	0.362324064	0.696469753	0.085240539	ptvraredmg	Oncology	C4BPB:P20851:OID21481:v1:Oncology	6.94469E-12	0.546610397	3	93873051	93980003
SH2B3	CD300C	trans-position, trans-gene	45644	305	45339	5.5e-10	0.341786584	0.233831991	0.449741176	0.055078425	flexnonsynmtr	Neurology	CD300C:Q08708:OID21010:v1:Neurology	7.19508E-08	0.281019655	12	111405923	111451623
PHLDB1	PHLDB1	cis-position, cis-gene	45423	19	45404	5.51e-10	-1.382830088	-1.819624019	-0.946036157	0.222852201	ptv	OncologyII	PHLDB1:Q86UU1:OID31467:v1:OncologyII	1.47923E-08	-1.206290506	11	118606440	118658031
ANO5	MB	trans-position, trans-gene	45810	18	45792	5.52e-10	1.249503783	0.854799336	1.64420823	0.201378197	rec	Cardiometabolic	MB:P02144:OID20263:v1:Cardiometabolic	3.24193E-10	1.236190406	11	22192513	22283367
GAL3ST2	MUC16	trans-position, trans-gene	45042	123	44919	5.59e-10	0.557624251	0.381424881	0.733823622	0.089896873	flexdmg	Oncology	MUC16:Q8WXI7:OID21378:v1:Oncology	1.64944E-09	0.498945796	2	241776825	241804287
RPS19	PSG1	cis-position, trans-gene	44914	84	44830	5.82e-10	-0.658086931	-0.866240633	-0.449933229	0.106199957	flexnonsynmtr	Neurology	PSG1:P11464:OID20916:v1:Neurology	6.934E-10	-0.646385617	19	41859918	41871416
ASGR1	SCARF2	trans-position, trans-gene	45644	106	45538	5.9e-10	0.518307856	0.354304871	0.682310842	0.08367431	flexdmg	Neurology	SCARF2:Q96GP6:OID21048:v1:Neurology	1.34585E-10	0.526961681	17	7173431	7179564
WARS	WARS	cis-position, cis-gene	45260	41	45219	5.91e-10	-0.951958469	-1.253185199	-0.650731738	0.15368582	flexnonsynmtr	Neurology	WARS:P23381:OID21084:v1:Neurology	3.19027E-08	-0.747212414	14	100333790	100376805
ASGR1	FCRL2	trans-position, trans-gene	45542	106	45436	6e-10	0.591770788	0.404446101	0.779095475	0.095573035	ptvraredmg	Inflammation	FCRL2:Q96LA5:OID20639:v1:Inflammation	2.0167E-11	0.629775199	17	7173431	7179564
PPIF	PPIF	cis-position, cis-gene	45606	70	45536	6e-10	-0.737915451	-0.971505012	-0.50432589	0.119177373	flexdmg	CardiometabolicII	PPIF:P30405:OID30385:v1:CardiometabolicII	5.41337E-11	-0.741301762	10	79347469	79355334
PTPRF	PTPRF	cis-position, cis-gene	45810	8	45802	6.03e-10	-2.088614511	-2.749840403	-1.42738862	0.337357431	ptv	Cardiometabolic	PTPRF:P10586:OID20310:v1:Cardiometabolic	1.20315E-14	-2.221624496	1	43525187	43623666
ITGA5	ITGA5	cis-position, cis-gene	45260	244	45016	6.07e-10	-0.385199202	-0.507169538	-0.263228865	0.062229242	flexdmg	Neurology	ITGA5:P08648:OID21139:v1:Neurology	8.99038E-12	-0.40495341	12	54395261	54419266
AMIGO2	AMIGO2	cis-position, cis-gene	45042	16	45026	6.22e-10	-1.537073399	-2.024073256	-1.050073542	0.248467201	raredmg	Oncology	AMIGO2:Q86SJ2:OID21370:v1:Oncology	4.35307E-10	-1.388620054	12	47075707	47079959
MROH2B	C7	cis-position, trans-gene	44742	346	44396	6.23e-10	-0.323992039	-0.426649428	-0.22133465	0.052375764	flexdmg	InflammationII	C7:P10643:OID30766:v1:InflammationII	2.46337E-09	-0.298555313	5	40998020	41071342
GAS6	GAS6	cis-position, cis-gene	45523	168	45355	6.26e-10	-0.464796367	-0.612088003	-0.317504731	0.075148176	ptvraredmg	Cardiometabolic	GAS6:Q14393:OID20318:v1:Cardiometabolic	5.35278E-09	-0.421030858	13	113820549	113864076
SLC34A3	IGFBP6	trans-position, trans-gene	45060	352	44708	6.3e-10	0.283573685	0.193696506	0.373450865	0.045855314	flexdmg	Cardiometabolic	IGFBP6:P24592:OID20413:v1:Cardiometabolic	3.05171E-10	0.273751036	9	137230757	137236555
ABCA1	IL32	trans-position, trans-gene	45190	761	44429	6.3e-10	-0.216636971	-0.285299855	-0.147974087	0.035031789	flexdmg	Inflammation	IL32:P24001:OID20605:v1:Inflammation	7.30994E-12	-0.227879396	9	104781002	104928246
TNFRSF21	TNFRSF21	cis-position, cis-gene	45644	39	45605	6.3e-10	-0.960221005	-1.264563687	-0.655878322	0.155275613	UR	Neurology	TNFRSF21:O75509:OID21052:v1:Neurology	8.97109E-10	-0.906774292	6	47231532	47309905
PLG	LECT2	trans-position, trans-gene	45616	278	45338	6.31e-10	-0.321546681	-0.423463562	-0.2196298	0.051997984	flexnonsynmtr	CardiometabolicII	LECT2:O14960:OID30320:v1:CardiometabolicII	5.36317E-11	-0.327862227	6	160702238	160754097
ODAM	ODAM	cis-position, cis-gene	44143	49	44094	6.66e-10	-0.871164733	-1.147669137	-0.594660329	0.141072398	ptv	Neurology	ODAM:A1E959:OID20793:v1:Neurology	9.00538E-10	-0.856080555	4	70195725	70204576
GNPTG	CREG1	trans-position, trans-gene	44687	181	44506	6.74e-10	0.453517862	0.309527099	0.597508625	0.073464034	ptvraredmg	Oncology	CREG1:O75629:OID21515:v1:Oncology	3.21865E-10	0.442400814	16	1351899	1363351
HARS	HARS1	cis-position, cis-gene	45260	252	45008	6.82e-10	-0.385435101	-0.507845414	-0.263024788	0.062453718	flexdmg	Neurology	HARS1:P12081:OID21086:v1:Neurology	6.03282E-11	-0.391393366	5	140673904	140691727
SIX5	SSC4D	trans-position, trans-gene	45201	11	45190	6.99e-10	-1.733778092	-2.284760235	-1.182795949	0.281110973	ptv	Cardiometabolic	SSC4D:Q8WTU2:OID20182:v1:Cardiometabolic	2.204E-10	-1.712317402	19	45764785	45769239
ERGIC3	NXPH3	trans-position, trans-gene	44339	82	44257	7.01e-10	0.66447729	0.453299872	0.875654708	0.107742618	flexdmg	InflammationII	NXPH3:O95157:OID30565:v1:InflammationII	1.89913E-09	0.608141327	20	35542029	35557634
CASP8	CASP8	cis-position, cis-gene	45488	69	45419	7.12e-10	-0.725130838	-0.955676756	-0.49458492	0.117624499	ptvraredmg	Oncology	CASP8:Q14790:OID21414:v1:Oncology	2.41939E-10	-0.706060886	2	201233443	201287711
TET2	PRG3	trans-position, trans-gene	45606	75	45531	7.27e-10	-0.687041783	-0.905600832	-0.468482735	0.111508807	ptv	CardiometabolicII	PRG3:Q9Y2Y8:OID30383:v1:CardiometabolicII	1.6512E-10	-0.708280022	4	105145875	105279816
ASGR1	FCGR3B	trans-position, trans-gene	45292	104	45188	7.44e-10	0.592017934	0.403576063	0.780459804	0.096143008	flexdmg	Cardiometabolic	FCGR3B:O75015:OID20387:v1:Cardiometabolic	1.91016E-10	0.601457579	17	7173431	7179564
GALNT4	GOLM2	trans-position, trans-gene	45644	137	45507	7.45e-10	-0.521296882	-0.687231276	-0.355362487	0.084659715	ptvraredmg	Neurology	GOLM2:Q6P4E1:OID21044:v1:Neurology	4.0221E-11	-0.518039508	12	89519412	89524806
ASGR1	PCDH9	trans-position, trans-gene	45423	104	45319	7.49e-10	0.590895198	0.402781161	0.779009234	0.095975754	flexdmg	OncologyII	PCDH9:Q9HC56:OID31516:v1:OncologyII	1.26323E-09	0.570542555	17	7173431	7179564
B3GNT9	OMD	trans-position, trans-gene	45452	50	45402	7.55e-10	-0.827373223	-1.09082742	-0.563919026	0.134414296	flexdmg	Inflammation	OMD:Q99983:OID20725:v1:Inflammation	5.48139E-09	-0.771966894	16	67148102	67150999
STC2	STC2	cis-position, cis-gene	45198	25	45173	7.62e-10	-1.175362429	-1.549705645	-0.801019214	0.190989829	ptvraredmg	Neurology	STC2:O76061:OID21157:v1:Neurology	3.50466E-10	-1.180721215	5	173314723	173328447
ABCA6	CCL22	trans-position, trans-gene	44794	635	44159	7.65e-10	0.242458483	0.165227854	0.319689113	0.039403041	flexdmg	Inflammation	CCL22:O00626:OID20765:v1:Inflammation	3.26411E-11	0.250220115	17	69078089	69141992
STAB1	IGSF3	trans-position, trans-gene	45042	909	44133	7.7e-10	0.199702984	0.136081155	0.263324813	0.032459841	flexnonsynmtr	Oncology	IGSF3:O75054:OID21312:v1:Oncology	3.99022E-10	0.190653953	3	52495338	52524495
STAB2	MASP1	trans-position, trans-gene	44842	748	44094	7.78e-10	0.22239413	0.151524802	0.293263458	0.036157508	flexnonsynmtr	Neurology	MASP1:P48740:OID20954:v1:Neurology	1.08659E-09	0.207668164	12	103587273	103766719
PGAP3	NCAM1	trans-position, trans-gene	45432	153	45279	7.82e-10	0.473105392	0.32232368	0.623887104	0.076928808	flexdmg	Cardiometabolic	NCAM1:P13591:OID20354:v1:Cardiometabolic	5.48892E-10	0.455456766	17	39671122	39688070
KDM1A	SDC4	trans-position, trans-gene	45276	14	45262	7.83e-10	1.629696247	1.110287481	2.149105014	0.265002255	ptv	Cardiometabolic	SDC4:P31431:OID20216:v1:Cardiometabolic	8.02965E-10	1.631356399	1	23019443	23083691
IGFBPL1	IGFBPL1	cis-position, cis-gene	45276	35	45241	7.86e-10	-0.970756388	-1.280189916	-0.661322859	0.157872928	flexdmg	Cardiometabolic	IGFBPL1:Q8WX77:OID20155:v1:Cardiometabolic	2.09956E-15	-1.108081019	9	38406528	38424454
RNF149	RNF149	cis-position, cis-gene	44457	12	44445	8.01e-10	-1.713754514	-2.260279896	-1.167229132	0.27883701	ptv	CardiometabolicII	RNF149:Q8NC42:OID30235:v1:CardiometabolicII	8.53842E-10	-1.708523341	2	101271219	101308701
NFKBIL1	LRP1	trans-position, trans-gene	45042	93	44949	8.28e-10	0.612772612	0.417185285	0.80835994	0.099788604	flexnonsynmtr	Oncology	LRP1:Q07954:OID21293:v1:Oncology	4.22489E-09	0.549291186	6	31546851	31558829
CD36	CD300LG	trans-position, trans-gene	45260	462	44798	8.33e-10	0.273075147	0.185901215	0.360249079	0.044476123	flexdmg	Neurology	CD300LG:Q6UXG3:OID21130:v1:Neurology	8.24646E-12	0.275059311	7	80369575	80679277
ATP8B2	IL6R	cis-position, trans-gene	44984	315	44669	8.39e-10	-0.340825906	-0.449647703	-0.232004108	0.055520851	flexnonsynmtr	Cardiometabolic	IL6R:P08887:OID20385:v1:Cardiometabolic	1.64997E-09	-0.324275734	1	154325560	154351304
ASGR1	THBS2	trans-position, trans-gene	45260	103	45157	8.42e-10	0.594220538	0.404472635	0.783968442	0.096809344	ptvraredmg	Neurology	THBS2:P35442:OID21104:v1:Neurology	2.49042E-10	0.600596524	17	7173431	7179564
ASGR1	GALNT5	trans-position, trans-gene	45616	105	45511	8.44e-10	0.578898819	0.394036169	0.763761469	0.094316908	flexdmg	CardiometabolicII	GALNT5:Q7Z7M9:OID30295:v1:CardiometabolicII	4.22207E-10	0.575977947	17	7173431	7179564
PFKFB2	PFKFB2	cis-position, cis-gene	44967	83	44884	8.48e-10	-0.660675484	-0.871679556	-0.449671411	0.107654218	flexdmg	Oncology	PFKFB2:O60825:OID21356:v1:Oncology	6.06579E-10	-0.625667686	1	207034366	207081024
PLG	PTN	trans-position, trans-gene	44454	261	44193	8.55e-10	-0.35621647	-0.4700082	-0.24242474	0.058056491	flexnonsynmtr	Cardiometabolic	PTN:P21246:OID20083:v1:Cardiometabolic	2.09663E-09	-0.334921437	6	160702238	160754097
HMBS	HMBS	cis-position, cis-gene	45621	282	45339	8.56e-10	-0.355550245	-0.469131593	-0.241968897	0.057949194	flexdmg	Oncology	HMBS:P08397:OID21385:v1:Oncology	1.2922E-09	-0.346623653	11	119084866	119093834
FABP1	FABP1	cis-position, cis-gene	45225	20	45205	8.58e-10	-1.31725251	-1.738086023	-0.896418998	0.214709172	flexdmg	Inflammation	FABP1:P07148:OID20778:v1:Inflammation	7.9934E-10	-1.318012292	2	88122982	88128062
FGF5	FGF5	cis-position, cis-gene	44437	18	44419	8.67e-10	-1.329495545	-1.754343685	-0.904647405	0.216757332	ptv	Inflammation	FGF5:P12034:OID20490:v1:Inflammation	2.28194E-11	-1.287867074	4	80266639	80336680
ABCA8	PINLYP	trans-position, trans-gene	44654	91	44563	8.67e-10	0.636854363	0.433340754	0.840367973	0.103832567	ptv	InflammationII	PINLYP:A6NC86:OID30651:v1:InflammationII	2.42891E-10	0.617910078	17	68867287	68955408
ASGR1	CD6	trans-position, trans-gene	45673	105	45568	8.85e-10	0.583826254	0.397157755	0.770494753	0.095238255	flexdmg	Inflammation	CD6:P30203:OID20649:v1:Inflammation	6.54827E-10	0.572781313	17	7173431	7179564
DNPEP	DNPEP	cis-position, cis-gene	45493	13	45480	9e-10	-1.671814456	-2.206579856	-1.137049055	0.272837241	ptv	NeurologyII	DNPEP:Q9ULA0:OID31118:v1:NeurologyII	1.32772E-08	-1.496314478	2	219372043	219400022
CD207	CD207	cis-position, cis-gene	44284	19	44265	9.3e-10	-1.388003228	-1.832361471	-0.943644984	0.226711356	ptv	Oncology	CD207:Q9UJ71:OID21298:v1:Oncology	5.4028E-12	-1.422524234	2	70830211	70835816
CNTN5	CNTN5	cis-position, cis-gene	45357	278	45079	9.33e-10	-0.344632244	-0.454974369	-0.234290119	0.056296534	flexdmg	Neurology	CNTN5:O94779:OID21006:v1:Neurology	1.46999E-09	-0.324355409	11	99020949	100358885
ABCA6	ICAM5	trans-position, trans-gene	45276	636	44640	9.43e-10	0.238044805	0.16180784	0.314281771	0.038896085	flexdmg	Cardiometabolic	ICAM5:Q9UMF0:OID20145:v1:Cardiometabolic	3.7323E-09	0.219200404	17	69078089	69141992
SMAD6	CALCA	trans-position, trans-gene	44842	117	44725	9.47e-10	0.45834644	0.311540818	0.605152062	0.074900181	UR	Neurology	CALCA:P01258:OID20983:v1:Neurology	5.93954E-10	0.447507569	15	66702100	66782000
DPP4	PYY	trans-position, trans-gene	44108	290	43818	9.49e-10	0.350252414	0.238063271	0.462441557	0.057238839	flexdmg	CardiometabolicII	PYY:P10082:OID30150:v1:CardiometabolicII	2.61564E-10	0.340941333	2	161992245	162074394
RNPS1	PKD1	cis-position, trans-gene	45616	189	45427	9.72e-10	-0.408966034	-0.540044048	-0.27788802	0.066875991	flexdmg	CardiometabolicII	PKD1:P98161:OID30328:v1:CardiometabolicII	1.60903E-08	-0.369759275	16	2253116	2268412
PTPRM	PTPRM	cis-position, cis-gene	45115	202	44913	9.77e-10	-0.418529437	-0.552693083	-0.284365791	0.068450261	ptvraredmg	Inflammation	PTPRM:P28827:OID20598:v1:Inflammation	2.13354E-10	-0.415780097	18	7566782	8406861
CETN3	CETN3	cis-position, cis-gene	45423	57	45366	1.02e-09	-0.802391295	-1.059874698	-0.544907891	0.131367995	flexdmg	OncologyII	CETN3:O15182:OID31525:v1:OncologyII	1.16105E-09	-0.779715893	5	90392257	90409766
NDST1	SDC1	trans-position, trans-gene	45276	180	45096	1.02e-09	0.439404234	0.298386143	0.580422325	0.071947404	ptvraredmg	Cardiometabolic	SDC1:P18827:OID20169:v1:Cardiometabolic	3.50001E-10	0.434013176	5	150485818	150558211
CLEC7A	CLEC7A	cis-position, cis-gene	45752	15	45737	1.03e-09	-1.540422332	-2.034932555	-1.045912108	0.252299093	ptvraredmg	Inflammation	CLEC7A:Q9BXN2:OID20636:v1:Inflammation	3.26657E-12	-1.490509599	12	10116777	10130258
TSTA3	HEPACAM2	trans-position, trans-gene	45493	178	45315	1.03e-09	-0.454850659	-0.600875906	-0.308825413	0.074502063	flexdmg	NeurologyII	HEPACAM2:A8MVW5:OID31151:v1:NeurologyII	1.42421E-11	-0.481849787	8	143612618	143618043
IQGAP2	PTPRF	trans-position, trans-gene	45810	145	45665	1.05e-09	0.484431193	0.328856496	0.64000589	0.079374206	ptv	Cardiometabolic	PTPRF:P10586:OID20310:v1:Cardiometabolic	2.2663E-09	0.462208606	5	76403285	76708132
ZSCAN31	LRP1	trans-position, trans-gene	45042	16	45026	1.06e-09	1.466422767	0.995353526	1.937492008	0.240339405	rec	Oncology	LRP1:Q07954:OID21293:v1:Oncology	9.80767E-10	1.469096496	6	28312837	28354506
ASGR1	SDK2	trans-position, trans-gene	44654	104	44550	1.06e-09	0.584024147	0.39640758	0.771640714	0.095721902	flexdmg	InflammationII	SDK2:Q58EX2:OID30662:v1:InflammationII	1.35493E-09	0.566664306	17	7173431	7179564
ABCA1	GAL	trans-position, trans-gene	45452	768	44684	1.08e-09	-0.212238146	-0.280450718	-0.144025574	0.034802045	flexdmg	Inflammation	GAL:P22466:OID20727:v1:Inflammation	6.77204E-11	-0.214835892	9	104781002	104928246
STAB1	VCAN	trans-position, trans-gene	45644	1236	44408	1.09e-09	0.169667719	0.1151202	0.224215238	0.02783014	flexdmg	Neurology	VCAN:P13611:OID21026:v1:Neurology	1.17516E-08	0.152630887	3	52495338	52524495
IGF1R	IGF1R	cis-position, cis-gene	45042	386	44656	1.12e-09	-0.298772736	-0.394879013	-0.202666459	0.049033398	flexdmg	Oncology	IGF1R:P08069:OID21274:v1:Oncology	8.68728E-10	-0.285365197	15	98648539	98964530
SCRG1	SCRG1	cis-position, cis-gene	45616	6	45610	1.13e-09	-2.144159127	-2.834136683	-1.454181572	0.352026489	ptv	CardiometabolicII	SCRG1:O75711:OID30333:v1:CardiometabolicII	1.07693E-17	-2.234673551	4	173384701	173406380
CHST7	TNFSF12	trans-position, trans-gene	45752	20	45732	1.13e-09	-1.338532037	-1.769230469	-0.907833604	0.21974232	UR	Inflammation	TNFSF12:O43508:OID20624:v1:Inflammation	1.70138E-09	-1.23276009	X	46573687	46598496
STAB2	PTX3	trans-position, trans-gene	45190	974	44216	1.14e-09	0.194969521	0.132221308	0.257717734	0.032014125	flexdmg	Inflammation	PTX3:P26022:OID20570:v1:Inflammation	1.18773E-09	0.182544888	12	103587273	103766719
PLA2G2A	PLA2G2A	cis-position, cis-gene	45163	18	45145	1.15e-09	-1.36260674	-1.801285408	-0.923928073	0.223813758	flexdmg	Cardiometabolic	PLA2G2A:P14555:OID20274:v1:Cardiometabolic	1.54187E-09	-1.359906777	1	19975431	19980416
RBMS2	ERBB3	cis-position, trans-gene	45090	28	45062	1.19e-09	1.070824866	0.725814876	1.415834856	0.176024013	raredmgmtr	Inflammation	ERBB3:P21860:OID20705:v1:Inflammation	1.89994E-09	1.038138289	12	56521824	56596196
GAL3ST3	SEZ6L	trans-position, trans-gene	45388	115	45273	1.21e-09	0.538096595	0.364617703	0.711575486	0.088508904	ptvraredmg	Oncology	SEZ6L:Q9BYH1:OID21488:v1:Oncology	1.51547E-09	0.521562841	11	66040765	66049180
ABCA1	VAT1	trans-position, trans-gene	45042	766	44276	1.26e-09	-0.218651366	-0.289209302	-0.148093429	0.035998641	flexdmg	Oncology	VAT1:Q99536:OID21382:v1:Oncology	6.27784E-10	-0.210410663	9	104781002	104928246
APCS	SPP1	trans-position, trans-gene	45739	149	45590	1.29e-09	-0.471598985	-0.623892689	-0.319305281	0.07770024	flexnonsynmtr	Cardiometabolic	SPP1:P10451:OID20322:v1:Cardiometabolic	1.63949E-10	-0.483572945	1	159587826	159588865
PRDX3	PRDX3	cis-position, cis-gene	44437	57	44380	1.34e-09	-0.799234639	-1.057562624	-0.540906654	0.131798823	ptvraredmg	Inflammation	PRDX3:P30048:OID20483:v1:Inflammation	1.55086E-09	-0.758115346	10	119167720	119178812
ASGR1	TFF2	trans-position, trans-gene	45378	104	45274	1.35e-09	0.562646274	0.380738483	0.744554066	0.092809327	flexdmg	Inflammation	TFF2:Q03403:OID20787:v1:Inflammation	1.26209E-10	0.589642572	17	7173431	7179564
KLK13	KLK13	cis-position, cis-gene	44263	53	44210	1.37e-09	-0.810285815	-1.072373145	-0.548198484	0.133716825	flexnonsynmtr	Oncology	KLK13:Q9UKR3:OID21291:v1:Oncology	3.47408E-11	-0.832077645	19	51055626	51065114
HSBP1	HSBP1	cis-position, cis-gene	44457	96	44361	1.38e-09	-0.614228747	-0.812934954	-0.41552254	0.101379819	flexnonsynmtr	CardiometabolicII	HSBP1:O75506:OID30232:v1:CardiometabolicII	1.13811E-09	-0.604942561	16	83719311	83819737
IST1	IST1	cis-position, cis-gene	45138	55	45083	1.41e-09	-0.809320518	-1.071268974	-0.547372062	0.133646042	ptv	OncologyII	IST1:P53990:OID31497:v1:OncologyII	1.90848E-09	-0.788049928	16	71845996	71931199
CRADD	CRADD	cis-position, cis-gene	44842	30	44812	1.42e-09	-1.092640472	-1.446380843	-0.738900102	0.180478224	ptvraredmg	Neurology	CRADD:P78560:OID20923:v1:Neurology	7.59281E-10	-1.092585141	12	93677375	93894840
NFKBIL1	LRPAP1	trans-position, trans-gene	45644	94	45550	1.44e-09	0.610073552	0.412512669	0.807634435	0.100795547	flexnonsynmtr	Neurology	LRPAP1:P30533:OID21059:v1:Neurology	5.79183E-08	0.515617165	6	31546851	31558829
ACTA2	ACTA2	cis-position, cis-gene	44454	11	44443	1.45e-09	-1.592778289	-2.108734336	-1.076822243	0.263240548	URmtr	Cardiometabolic	ACTA2:P62736:OID20079:v1:Cardiometabolic	2.83225E-13	-1.775680365	10	88935074	88991339
IDI2	IDI2	cis-position, cis-gene	44217	102	44115	1.45e-09	-0.582569907	-0.771275024	-0.393864791	0.096277253	flexdmg	Neurology	IDI2:Q9BXS1:OID20823:v1:Neurology	8.3497E-11	-0.586707729	10	1018910	1025859
CASP3	CASP3	cis-position, cis-gene	45810	92	45718	1.46e-09	-0.624102953	-0.826285423	-0.421920482	0.10315349	flexdmg	Cardiometabolic	CASP3:P42574:OID20305:v1:Cardiometabolic	3.09917E-09	-0.601220761	4	184627696	184649509
ASGR1	MANSC1	trans-position, trans-gene	45388	104	45284	1.49e-09	0.58435948	0.39494299	0.77377597	0.096640264	ptvraredmg	Oncology	MANSC1:Q9H8J5:OID21492:v1:Oncology	2.44155E-10	0.600320253	17	7173431	7179564
NEFL	NEFL	cis-position, cis-gene	44076	8	44068	1.49e-09	-1.807303076	-2.393109358	-1.221496795	0.298878037	ptv	Neurology	NEFL:P07196:OID20871:v1:Neurology	7.60288E-09	-1.551467598	8	24950955	24956721
SLC34A3	CELSR2	trans-position, trans-gene	44654	347	44307	1.52e-09	0.320068058	0.216261233	0.423874883	0.052962203	flexdmg	InflammationII	CELSR2:Q9HCU4:OID30593:v1:InflammationII	8.13523E-08	0.269661337	9	137230757	137236555
COL6A1	COL6A3	trans-position, trans-gene	45810	32	45778	1.56e-09	-1.027585053	-1.361060226	-0.694109881	0.170139023	ptv	Cardiometabolic	COL6A3:P12111:OID20292:v1:Cardiometabolic	2.17579E-10	-1.064041263	21	45981749	46005049
MEGF8	MET	trans-position, trans-gene	45373	448	44925	1.61e-09	0.276806237	0.186889443	0.366723031	0.045875534	flexdmg	Cardiometabolic	MET:P08581:OID20269:v1:Cardiometabolic	4.6503E-09	0.257950596	19	42325609	42378769
GFRA1	GFRA1	cis-position, cis-gene	45553	153	45400	1.64e-09	-0.456180384	-0.604440311	-0.307920458	0.075642199	flexnonsynmtr	Oncology	GFRA1:P56159:OID21457:v1:Oncology	7.67601E-12	-0.49745428	10	116056925	116276803
CLEC4G	NELL2	trans-position, trans-gene	45452	20	45432	1.74e-09	1.299437642	0.876472205	1.722403079	0.215796909	flexnonsynmtr	Inflammation	NELL2:Q99435:OID20706:v1:Inflammation	4.75912E-12	1.244797432	19	7728957	7733906
GLDN	SCG3	cis-position, trans-gene	45300	221	45079	1.74e-09	0.3969653	0.267745666	0.526184934	0.065927834	rec	Inflammation	SCG3:Q8WXD2:OID20728:v1:Inflammation	9.55983E-10	0.398339763	15	51341516	51408013
STAB1	TNR	trans-position, trans-gene	44914	715	44199	1.75e-09	0.219625108	0.148129326	0.29112089	0.036477127	ptvraredmg	Neurology	TNR:Q92752:OID20957:v1:Neurology	6.4156E-10	0.210447363	3	52495338	52524495
THAP3	KYAT1	trans-position, trans-gene	45201	48	45153	1.78e-09	0.855086775	0.576574839	1.133598712	0.142096731	raredmgmtr	Cardiometabolic	KYAT1:Q16773:OID20232:v1:Cardiometabolic	1.13839E-09	0.832394596	1	6624865	6635586
SLC34A3	NPDC1	cis-position, trans-gene	45276	355	44921	1.78e-09	0.301394757	0.203230218	0.399559296	0.050083529	flexdmg	Cardiometabolic	NPDC1:Q9NQX5:OID20205:v1:Cardiometabolic	3.01472E-08	0.264243282	9	137230757	137236555
CCL24	CCL24	cis-position, cis-gene	45378	21	45357	1.82e-09	-1.287293687	-1.706814787	-0.867772587	0.214039599	flexnonsynmtr	Inflammation	CCL24:O00175:OID20772:v1:Inflammation	1.32377E-09	-1.230692164	7	75810825	75823356
ADGRG2	ADGRG2	cis-position, cis-gene	45276	6	45270	1.92e-09	-2.232570953	-2.961244533	-1.503897374	0.371769123	ptv	Cardiometabolic	ADGRG2:Q8IZP9:OID20189:v1:Cardiometabolic	2.58304E-12	-2.422349707	X	18989307	19122637
STT3A	NME3	trans-position, trans-gene	45300	104	45196	1.92e-09	-0.58443741	-0.775187925	-0.393686895	0.097320878	ptvraredmg	Inflammation	NME3:Q13232:OID20789:v1:Inflammation	3.92171E-09	-0.547256374	11	125592795	125622759
MNDA	MNDA	cis-position, cis-gene	45204	119	45085	1.94e-09	-0.537506415	-0.712988832	-0.362023997	0.089531093	flexnonsynmtr	Cardiometabolic	MNDA:P41218:OID20156:v1:Cardiometabolic	6.76385E-11	-0.542440879	1	158831351	158849506
ZNF563	PLA2G2A	trans-position, trans-gene	45163	65	45098	1.94e-09	-0.707626254	-0.938618783	-0.476633725	0.117852337	flexdmg	Cardiometabolic	PLA2G2A:P14555:OID20274:v1:Cardiometabolic	2.70249E-10	-0.721438123	19	12317477	12348130
ASGR1	ALPP	trans-position, trans-gene	45042	104	44938	1.96e-09	0.579374958	0.390176729	0.768573188	0.096528888	flexdmg	Oncology	ALPP:P05187:OID21383:v1:Oncology	3.39538E-09	0.558529556	17	7173431	7179564
ASXL1	CYB5R2	trans-position, trans-gene	45004	17	44987	1.97e-09	1.409540595	0.949198871	1.869882318	0.234866223	ptv	OncologyII	CYB5R2:Q6BCY4:OID31512:v1:OncologyII	2.94921E-09	1.410322896	20	32358344	32439319
RIF1	SPESP1	trans-position, trans-gene	45616	75	45541	2.02e-09	0.633173436	0.426239829	0.840107043	0.105577508	UR	CardiometabolicII	SPESP1:Q6UW49:OID30298:v1:CardiometabolicII	3.77678E-08	0.53822765	2	151409883	151534202
IL6R	IL6R	cis-position, cis-gene	44984	111	44873	2.03e-09	-0.559602709	-0.742500985	-0.376704433	0.09331465	flexnonsynmtr	Cardiometabolic	IL6R:P08887:OID20385:v1:Cardiometabolic	6.18235E-12	-0.596183653	1	154405193	154469450
PCOLCE	PCOLCE	cis-position, cis-gene	17006	6	17000	2.03e-09	-2.309088016	-3.063612859	-1.554563173	0.384941299	ptv	Cardiometabolic	PCOLCE:Q15113:OID20384:v1:Cardiometabolic	2.21717E-10	-2.121560468	7	100602363	100608175
PCNX3	CTSF	cis-position, trans-gene	45388	567	44821	2.05e-09	-0.245610851	-0.325912726	-0.165308976	0.040970004	rec	Oncology	CTSF:Q9UBX1:OID21500:v1:Oncology	4.18352E-09	-0.238364743	11	65614322	65637439
RLN2	RLN2	cis-position, cis-gene	44514	18	44496	2.05e-09	-1.364644811	-1.810773377	-0.918516245	0.227614606	ptv	InflammationII	RLN2:P04090:OID30601:v1:InflammationII	2.60657E-09	-1.363770104	9	5299864	5304716
ANKRD54	ANKRD54	cis-position, cis-gene	44180	119	44061	2.11e-09	-0.536654753	-0.71224081	-0.361068696	0.089583914	flexdmg	Oncology	ANKRD54:Q6NXT1:OID21162:v1:Oncology	2.61529E-10	-0.553899006	22	37830855	37849327
FKBPL	FKBPL	cis-position, cis-gene	45423	65	45358	2.12e-09	-0.733200062	-0.973117805	-0.49328232	0.122405998	flexdmg	OncologyII	FKBPL:Q9UIM3:OID31499:v1:OncologyII	1.78822E-10	-0.73099448	6	32128707	32130288
GFI1B	BDNF	trans-position, trans-gene	45606	77	45529	2.14e-09	-0.677077782	-0.898704399	-0.455451166	0.11307388	flexdmg	CardiometabolicII	BDNF:P23560:OID30373:v1:CardiometabolicII	1.22576E-08	-0.564500721	9	132945545	132993434
STAB1	ACP5	trans-position, trans-gene	45451	185	45266	2.16e-09	0.418782723	0.28166764	0.555897807	0.069956097	ptv	Cardiometabolic	ACP5:P13686:OID20314:v1:Cardiometabolic	6.57041E-10	0.420684719	3	52495338	52524495
LRCH4	PILRB	cis-position, trans-gene	45275	185	45090	2.16e-09	-0.431235116	-0.572432622	-0.29003761	0.072038941	flexdmg	Cardiometabolic	PILRB:Q9UKJ0:OID20197:v1:Cardiometabolic	1.17348E-09	-0.428061785	7	100574011	100586129
BMPER	BMPER	cis-position, cis-gene	44654	116	44538	2.28e-09	-0.549493164	-0.729672196	-0.369314132	0.091927274	raredmg	InflammationII	BMPER:Q8N8U9:OID30615:v1:InflammationII	1.39241E-08	-0.479332467	7	33904308	34156427
TET2	LILRB2	trans-position, trans-gene	45596	73	45523	2.33e-09	0.685640204	0.460702163	0.910578245	0.114763368	ptv	Cardiometabolic	LILRB2:Q8N423:OID20301:v1:Cardiometabolic	1.87531E-09	0.680343905	4	105145875	105279816
PDZK1	PDZK1	cis-position, cis-gene	44339	19	44320	2.34e-09	-1.355054191	-1.799674066	-0.910434317	0.226844848	ptv	InflammationII	PDZK1:Q5T2W1:OID30550:v1:InflammationII	1.93466E-09	-1.356918183	1	145670852	145708148
SPINT1	ENDOU	trans-position, trans-gene	42534	27	42507	2.41e-09	-1.00820908	-1.339285023	-0.677133137	0.168914592	ptv	OncologyII	ENDOU:P21128:OID31498:v1:OncologyII	1.34348E-08	-0.894999813	15	40844018	40858207
ASGR1	PILRA	trans-position, trans-gene	45260	103	45157	2.42e-09	0.569201204	0.382265343	0.756137065	0.09537464	flexdmg	Neurology	PILRA:Q9UKJ1:OID21129:v1:Neurology	1.89924E-09	0.55964735	17	7173431	7179564
KCNJ14	KLK1	trans-position, trans-gene	44805	210	44595	2.44e-09	-0.410925072	-0.545912548	-0.275937595	0.068870566	flexnonsynmtr	Oncology	KLK1:P06870:OID21499:v1:Oncology	3.25572E-09	-0.400344667	19	48455707	48466110
ROBO2	ROBO2	cis-position, cis-gene	45644	7	45637	2.47e-09	-2.104424026	-2.795959045	-1.412889007	0.352821113	ptv	Neurology	ROBO2:Q9HCK4:OID21007:v1:Neurology	4.93046E-07	-1.663438018	3	75906695	77649964
GIMAP7	GIMAP7	cis-position, cis-gene	44654	30	44624	2.5e-09	-1.068867832	-1.420215517	-0.717520148	0.179257456	ptvraredmg	InflammationII	GIMAP7:Q8NHV1:OID30639:v1:InflammationII	4.13181E-13	-1.200581582	7	150514872	150521073
VTN	ITGA11	trans-position, trans-gene	45190	90	45100	2.5e-09	0.615313135	0.413045204	0.817581067	0.103197055	flexdmg	Inflammation	ITGA11:Q9UKX5:OID20581:v1:Inflammation	5.5951E-12	0.648044665	17	28367277	28370352
CES1	CES1	cis-position, cis-gene	45368	44	45324	2.54e-09	-0.872121655	-1.158924871	-0.585318439	0.146326955	flexdmg	Cardiometabolic	CES1:P23141:OID20244:v1:Cardiometabolic	1.03332E-08	-0.804963789	16	55802851	55833337
TFF1	TFF1	cis-position, cis-gene	45050	40	45010	2.54e-09	-0.878520411	-1.167418358	-0.589622464	0.147395658	flexnonsynmtr	Neurology	TFF1:P04155:OID21154:v1:Neurology	2.63681E-07	-0.714174248	21	42362282	42366535
CRHBP	CRHBP	cis-position, cis-gene	45225	52	45173	2.57e-09	-0.794442533	-1.055784472	-0.533100594	0.133336604	flexdmg	Inflammation	CRHBP:P24387:OID20747:v1:Inflammation	3.30877E-10	-0.780444829	5	76953045	76981158
HABP2	HMOX1	trans-position, trans-gene	44775	358	44417	2.57e-09	0.305355496	0.204907565	0.405803427	0.0512485	flexdmg	Cardiometabolic	HMOX1:P09601:OID20217:v1:Cardiometabolic	4.63691E-10	0.307100139	10	113550831	113589602
TET2	TNFSF13B	trans-position, trans-gene	45735	73	45662	2.59e-09	0.666437757	0.447147851	0.885727662	0.111881699	ptv	Cardiometabolic	TNFSF13B:Q9Y275:OID20272:v1:Cardiometabolic	3.44595E-09	0.654845333	4	105145875	105279816
IVL	FABP9	trans-position, trans-gene	45190	31	45159	2.64e-09	1.0404828	0.697962908	1.383002692	0.174753575	ptv	Inflammation	FABP9:Q0Z7S8:OID20501:v1:Inflammation	1.59984E-11	1.127499947	1	152908563	152911886
GFI1B	SERPINE1	trans-position, trans-gene	45810	78	45732	2.71e-09	-0.667616786	-0.887554414	-0.447679158	0.112212171	flexdmg	Cardiometabolic	SERPINE1:P05121:OID20342:v1:Cardiometabolic	3.90716E-09	-0.575749289	9	132945545	132993434
CLMP	CLMP	cis-position, cis-gene	45621	10	45611	2.82e-09	-1.705511026	-2.267998881	-1.143023171	0.286981256	ptv	Oncology	CLMP:Q9H6B4:OID21419:v1:Oncology	3.08265E-09	-1.703963764	11	123069872	123195248
C4BPA	APCS	trans-position, trans-gene	45333	56	45277	2.83e-09	-0.734942312	-0.977356568	-0.492528057	0.123679712	flexdmg	InflammationII	APCS:P02743:OID30778:v1:InflammationII	4.7703E-09	-0.687357163	1	207104238	207144972
NOS1	NOS1	cis-position, cis-gene	44217	355	43862	2.84e-09	-0.293993272	-0.390975839	-0.197010705	0.049480456	flexdmg	Neurology	NOS1:P29475:OID20863:v1:Neurology	1.53468E-09	-0.292153927	12	117208142	117452170
HP	SERPIND1	trans-position, trans-gene	45606	98	45508	2.84e-09	-0.589442447	-0.783877299	-0.395007595	0.099200644	ptvraredmg	InflammationII	SERPIND1:P05546:OID30767:v1:InflammationII	3.63445E-08	-0.521887106	16	72054609	72061056
SH2B3	CD160	trans-position, trans-gene	45752	305	45447	2.87e-09	0.335647628	0.224892787	0.446402469	0.056507115	flexnonsynmtr	Inflammation	CD160:O95971:OID20647:v1:Inflammation	2.1582E-09	0.317883341	12	111405923	111451623
STAB1	SRPX	trans-position, trans-gene	45616	726	44890	2.92e-09	0.204622769	0.137070264	0.272175273	0.034465282	ptvraredmg	CardiometabolicII	SRPX:P78539:OID30310:v1:CardiometabolicII	6.31147E-11	0.208902655	3	52495338	52524495
TM6SF2	MAN2B2	trans-position, trans-gene	45616	229	45387	2.93e-09	0.386590349	0.258959485	0.514221214	0.065117256	flexnonsynmtr	CardiometabolicII	MAN2B2:Q9Y2E5:OID30306:v1:CardiometabolicII	2.68262E-09	0.367574244	19	19264365	19273265
ABCA1	DKKL1	trans-position, trans-gene	45042	525	44517	2.95e-09	-0.25135047	-0.334353576	-0.168347365	0.042348163	ptvraredmg	Oncology	DKKL1:Q9UK85:OID21313:v1:Oncology	8.51884E-09	-0.222962904	9	104781002	104928246
SIGLEC1	CD5L	trans-position, trans-gene	45461	647	44814	2.96e-09	-0.232175179	-0.308853216	-0.155497142	0.039121124	flexnonsynmtr	InflammationII	CD5L:O43866:OID30775:v1:InflammationII	4.1674E-09	-0.215254856	20	3686970	3712600
B2M	B2M	cis-position, cis-gene	45680	5	45675	3e-09	-2.504450203	-3.331883107	-1.6770173	0.422156211	flexdmg	InflammationII	B2M:P61769:OID30725:v1:InflammationII	2.13699E-09	-2.313082515	15	44711358	44718851
PLOD3	SCARA5	trans-position, trans-gene	45644	382	45262	3.08e-09	0.280740207	0.187928282	0.373552132	0.047352637	flexdmg	Neurology	SCARA5:Q6ZMJ2:OID21058:v1:Neurology	1.42967E-09	0.270780284	7	101205977	101217730
GNPTAB	FUCA1	trans-position, trans-gene	45513	76	45437	3.13e-09	0.669888109	0.448310495	0.891465723	0.113048873	ptv	Cardiometabolic	FUCA1:P04066:OID20261:v1:Cardiometabolic	7.288E-11	0.679281758	12	101745497	101830867
TNFRSF13B	TNFRSF17	trans-position, trans-gene	44654	348	44306	3.13e-09	-0.312424949	-0.415759394	-0.209090504	0.052721195	flexdmg	InflammationII	TNFRSF17:Q02223:OID30589:v1:InflammationII	1.68305E-09	-0.301872475	17	16929816	16972118
NUCB2	NUCB2	cis-position, cis-gene	45552	64	45488	3.15e-09	-0.728861896	-0.969976358	-0.487747435	0.123016573	flexnonsynmtr	Oncology	NUCB2:P80303:OID21448:v1:Oncology	1.62742E-07	-0.585597425	11	17208153	17349980
MFSD12	CEACAM6	trans-position, trans-gene	45606	724	44882	3.16e-09	0.218038565	0.14590095	0.290176179	0.036804604	flexdmg	CardiometabolicII	CEACAM6:P40199:OID30362:v1:CardiometabolicII	2.28485E-09	0.216506144	19	3538273	3557588
SULT2A1	SULT2A1	cis-position, cis-gene	45190	73	45117	3.16e-09	-0.677981381	-0.902280524	-0.453682238	0.114437375	ptvraredmg	Inflammation	SULT2A1:Q06520:OID20508:v1:Inflammation	1.81068E-10	-0.710147093	19	47870467	47886315
CEACAM6	CEACAM6	cis-position, cis-gene	45606	5	45601	3.21e-09	-2.601443584	-3.462524316	-1.740362851	0.439323312	ptv	CardiometabolicII	CEACAM6:P40199:OID30362:v1:CardiometabolicII	1.46332E-10	-2.584597399	19	41750977	41772211
ARF4	CES1	trans-position, trans-gene	45368	10	45358	3.24e-09	1.816023401	1.214762321	2.417284481	0.306763306	flexdmg	Cardiometabolic	CES1:P23141:OID20244:v1:Cardiometabolic	1.54392E-06	1.350658217	3	57571363	57597488
CD63	CD63	cis-position, cis-gene	44838	17	44821	3.26e-09	-1.426447405	-1.898780337	-0.954114472	0.24098411	ptv	Neurology	CD63:P08962:OID20988:v1:Neurology	1.31037E-08	-1.332051094	12	55725323	55729707
SLC39A5	CPQ	trans-position, trans-gene	45534	289	45245	3.32e-09	0.337297648	0.225554848	0.449040448	0.057011164	flexdmg	CardiometabolicII	CPQ:Q9Y646:OID30406:v1:CardiometabolicII	1.54941E-09	0.339617708	12	56230049	56237846
LCN2	LCN2	cis-position, cis-gene	43902	6	43896	3.41e-09	-2.302477857	-3.065858039	-1.539097676	0.389476099	ptv	Cardiometabolic	LCN2:P80188:OID20392:v1:Cardiometabolic	3.8982E-10	-2.267364932	9	128149071	128153453
TMEM31	GLA	trans-position, trans-gene	44582	10	44572	3.43e-09	1.813336688	1.212046593	2.414626784	0.306777966	ptv	InflammationII	GLA:P06280:OID30594:v1:InflammationII	3.3662E-09	1.808720254	X	103710909	103714032
ST3GAL6	ICAM2	trans-position, trans-gene	45810	103	45707	3.47e-09	-0.583128064	-0.776557373	-0.389698754	0.098687628	flexdmg	Cardiometabolic	ICAM2:P13598:OID20248:v1:Cardiometabolic	1.85376E-09	-0.569305939	3	98732236	98797054
B3GALT4	LTA	trans-position, trans-gene	45190	103	45087	3.5e-09	-0.570699785	-0.760047738	-0.381351832	0.096605285	flexnonsynmtr	Inflammation	LTA:P01374:OID20586:v1:Inflammation	2.42657E-09	-0.554945989	6	33277140	33278825
SDHA	SDHB	trans-position, trans-gene	45423	295	45128	3.53e-09	-0.341925824	-0.455401448	-0.2284502	0.057895247	ptvraredmg	OncologyII	SDHB:P21912:OID31436:v1:OncologyII	3.40607E-09	-0.330721836	5	218223	264816
FLT4	FLT4	cis-position, cis-gene	45388	219	45169	3.59e-09	-0.39317574	-0.523719517	-0.262631963	0.066603415	flexnonsynmtr	Oncology	FLT4:P35916:OID21491:v1:Oncology	1.37312E-10	-0.400582756	5	180601506	180649624
FUT4	CEACAM6	trans-position, trans-gene	45606	81	45525	3.82e-09	0.643855097	0.429701714	0.858008479	0.109261036	ptvraredmg	CardiometabolicII	CEACAM6:P40199:OID30362:v1:CardiometabolicII	8.91283E-10	0.62821923	11	94543851	94549898
B4GALNT4	HBZ	trans-position, trans-gene	45616	40	45576	3.84e-09	0.915534406	0.610981019	1.220087793	0.155383112	UR	CardiometabolicII	HBZ:P02008:OID30307:v1:CardiometabolicII	1.54335E-08	0.82177184	11	369779	382117
COMMD8	COMMD1	trans-position, trans-gene	44457	34	44423	3.99e-09	-0.995799364	-1.327402013	-0.664196716	0.169183525	flexdmg	CardiometabolicII	COMMD1:Q8N668:OID30222:v1:CardiometabolicII	2.58979E-08	-0.868327412	4	47450793	47463665
ASGR1	DPEP2	trans-position, trans-gene	45042	104	44938	3.99e-09	0.564978166	0.376840469	0.753115863	0.095987804	flexdmg	Oncology	DPEP2:Q9H4A9:OID21305:v1:Oncology	1.71507E-09	0.570225915	17	7173431	7179564
ASGR1	ADAM23	trans-position, trans-gene	45752	106	45646	4.01e-09	0.569383507	0.379747687	0.759019327	0.096752187	flexdmg	Inflammation	ADAM23:O75077:OID20651:v1:Inflammation	5.42019E-09	0.549525364	17	7173431	7179564
ANGPTL3	LDLR	trans-position, trans-gene	45373	143	45230	4.03e-09	-0.478407993	-0.637765823	-0.319050162	0.08130434	flexdmg	Cardiometabolic	LDLR:P01130:OID20240:v1:Cardiometabolic	5.24477E-10	-0.473811421	1	62597520	62606313
MMP12	MMP12	cis-position, cis-gene	45271	23	45248	4.09e-09	-1.12778957	-1.503604597	-0.751974542	0.191740756	ptv	Oncology	MMP12:P39900:OID21439:v1:Oncology	2.82985E-10	-1.180418991	11	102862736	102874982
GHR	GHR	cis-position, cis-gene	44654	23	44631	4.13e-09	-1.21481129	-1.619750733	-0.809871847	0.206599951	ptv	InflammationII	GHR:P10912:OID30574:v1:InflammationII	7.25865E-09	-1.146354824	5	42423439	42721878
MOG	MOG	cis-position, cis-gene	45621	41	45580	4.16e-09	-0.86740297	-1.156592991	-0.57821295	0.147544724	flexdmg	Oncology	MOG:Q16653:OID21384:v1:Oncology	6.44811E-11	-0.914364672	6	29657002	29672372
SLC48A1	IL22	trans-position, trans-gene	45424	12	45412	4.18e-09	1.61496515	1.076456501	2.153473799	0.274747035	flexdmg	OncologyII	IL22:Q9GZX6:OID31407:v1:OncologyII	2.89894E-07	1.306433963	12	47753842	47782753
ASGR1	KDR	trans-position, trans-gene	45388	104	45284	4.22e-09	0.568478068	0.378870306	0.75808583	0.096737851	flexdmg	Oncology	KDR:P35968:OID21497:v1:Oncology	1.29953E-09	0.573290021	17	7173431	7179564
TDRKH	CA14	trans-position, trans-gene	45621	852	44769	4.26e-09	-0.192263225	-0.25640841	-0.128118041	0.032726867	rec	Oncology	CA14:Q9ULX7:OID21401:v1:Oncology	2.07513E-09	-0.194930771	1	151770107	151791416
ZFYVE19	ZFYVE19	cis-position, cis-gene	45423	102	45321	4.29e-09	-0.578021294	-0.770899781	-0.385142807	0.098406576	flexdmg	OncologyII	ZFYVE19:Q96K21:OID31452:v1:OncologyII	2.1764E-07	-0.484098908	15	40807086	40815084
GFI1B	SERPINE2	trans-position, trans-gene	45616	78	45538	4.31e-09	-0.664103984	-0.885739695	-0.442468273	0.11307852	flexdmg	CardiometabolicII	SERPINE2:P07093:OID30359:v1:CardiometabolicII	1.44377E-08	-0.561056697	9	132945545	132993434
APOB	APOC1	trans-position, trans-gene	45606	78	45528	4.35e-09	-0.622400433	-0.830176171	-0.414624695	0.106007163	ptv	InflammationII	APOC1:P02654:OID30749:v1:InflammationII	2.51862E-09	-0.609658927	2	21001429	21044073
CD27	CD27	cis-position, cis-gene	45388	55	45333	4.45e-09	-0.764646362	-1.020067057	-0.509225668	0.130315599	flexdmg	Oncology	CD27:P26842:OID21527:v1:Oncology	4.27303E-09	-0.691780681	12	6444955	6451718
ANGPTL4	LPL	trans-position, trans-gene	45276	208	45068	4.47e-09	0.355160059	0.236507685	0.473812433	0.060536419	flexnonsynmtr	Cardiometabolic	LPL:P06858:OID20188:v1:Cardiometabolic	6.78303E-08	0.309161539	19	8363289	8374370
PODXL2	PODXL2	cis-position, cis-gene	45388	6	45382	4.47e-09	-2.36468238	-3.154667756	-1.574697004	0.403050417	ptv	Oncology	PODXL2:Q9NZ53:OID21487:v1:Oncology	4.78715E-09	-2.365872844	3	127629185	127672802
OS9	LTBR	trans-position, trans-gene	45015	21	44994	4.49e-09	1.230269895	0.819208645	1.641331145	0.20972334	ptv	Inflammation	LTBR:P36941:OID20768:v1:Inflammation	4.78459E-09	1.177255593	12	57693955	57721557
IL2RA	IL2RA	cis-position, cis-gene	44928	12	44916	4.51e-09	-1.648452499	-2.199298426	-1.097606571	0.28104143	UR	Cardiometabolic	IL2RA:P01589:OID20267:v1:Cardiometabolic	2.1913E-09	-1.616267444	10	6010689	6062370
CYBB	SRPX	cis-position, trans-gene	45616	205	45411	4.55e-09	-0.379076321	-0.50578448	-0.252368162	0.064646492	rec	CardiometabolicII	SRPX:P78539:OID30310:v1:CardiometabolicII	6.72484E-09	-0.355539086	X	37780017	37813465
TERT	FLT3LG	trans-position, trans-gene	45752	115	45637	4.68e-09	0.519643616	0.345820385	0.693466847	0.088684604	ptvraredmg	Inflammation	FLT3LG:P49771:OID20661:v1:Inflammation	6.21071E-10	0.530626863	5	1253167	1295047
CD36	APP	trans-position, trans-gene	45190	462	44728	4.76e-09	-0.272042248	-0.363085596	-0.1809989	0.046450296	flexdmg	Neurology	APP:P05067:OID21070:v1:Neurology	1.22492E-10	-0.270733598	7	80369575	80679277
ASXL1	DDAH1	trans-position, trans-gene	45042	18	45024	4.77e-09	1.353189204	0.900280419	1.80609799	0.231073945	ptv	Oncology	DDAH1:O94760:OID21299:v1:Oncology	4.64846E-09	1.356217073	20	32358344	32439319
CTRC	CTRC	cis-position, cis-gene	45230	125	45105	4.79e-09	-0.51551284	-0.68807531	-0.342950369	0.088041337	flexdmg	Inflammation	CTRC:Q99895:OID20752:v1:Inflammation	3.71611E-10	-0.517887574	1	15438442	15449242
MMP7	MMP7	cis-position, cis-gene	44381	112	44269	4.79e-09	-0.527449263	-0.704000487	-0.350898038	0.090076353	flexnonsynmtr	Cardiometabolic	MMP7:P09237:OID20087:v1:Cardiometabolic	1.36065E-09	-0.527944564	11	102520508	102530750
SIGLEC1	FCGR2B	trans-position, trans-gene	44180	488	43692	4.8e-09	0.26377414	0.175474903	0.352073377	0.045050224	flexdmg	Oncology	FCGR2B:P31994:OID21215:v1:Oncology	8.05626E-10	0.267767748	20	3686970	3712600
B4GALT1	B4GALT1	cis-position, cis-gene	45452	10	45442	4.87e-09	-1.804848605	-2.409272183	-1.200425027	0.308376828	URmtr	Inflammation	B4GALT1:P15291:OID20780:v1:Inflammation	5.07103E-09	-1.803346391	9	33104082	33167356
B4GALNT3	SPINK5	trans-position, trans-gene	45260	339	44921	4.94e-09	0.308580093	0.205198032	0.411962154	0.052745507	flexdmg	Neurology	SPINK5:Q9NQ38:OID21148:v1:Neurology	3.9767E-08	0.276601279	12	460377	561892
DBI	DBI	cis-position, cis-gene	45054	31	45023	5.04e-09	-1.041317656	-1.390382952	-0.692252361	0.178093025	ptvraredmg	Neurology	DBI:P07108:OID21143:v1:Neurology	1.08777E-07	-0.866398826	2	119366924	119372550
CD36	TNFSF12	trans-position, trans-gene	45752	472	45280	5.11e-09	-0.265687405	-0.354786609	-0.1765882	0.04545841	flexdmg	Inflammation	TNFSF12:O43508:OID20624:v1:Inflammation	4.42702E-10	-0.25565504	7	80369575	80679277
EDEM1	CD302	trans-position, trans-gene	45042	264	44778	5.13e-09	0.335581069	0.223029795	0.448132344	0.057423631	flexdmg	Oncology	CD302:Q8IX05:OID21328:v1:Oncology	1.57604E-10	0.35603884	3	5187674	5219965
NOX4	SEMA3F	trans-position, trans-gene	45276	181	45095	5.14e-09	-0.417721528	-0.557830974	-0.277612083	0.071483812	ptvraredmg	Cardiometabolic	SEMA3F:Q13275:OID20186:v1:Cardiometabolic	1.7957E-09	-0.403645666	11	89324353	89589611
STAB1	PLAT	trans-position, trans-gene	45667	1243	44424	5.15e-09	0.156187454	0.103799151	0.208575758	0.026728509	flexdmg	Cardiometabolic	PLAT:P00750:OID20247:v1:Cardiometabolic	1.20006E-09	0.155316108	3	52495338	52524495
DTX2	ZP3	cis-position, trans-gene	44457	48	44409	5.28e-09	0.844930836	0.56131997	1.128541702	0.144698139	ptv	CardiometabolicII	ZP3:P21754:OID30265:v1:CardiometabolicII	1.76808E-08	0.792321973	7	76461676	76505995
TMIGD1	S100A14	trans-position, trans-gene	45520	63	45457	5.31e-09	-0.73159711	-0.977210514	-0.485983705	0.125311931	flexdmg	NeurologyII	S100A14:Q9HCY8:OID30987:v1:NeurologyII	2.07885E-10	-0.735737826	17	30316329	30334076
PTPRH	PTPRH	cis-position, cis-gene	45423	146	45277	5.34e-09	-0.47470905	-0.634106068	-0.315312032	0.081324336	ptv	OncologyII	PTPRH:Q9HD43:OID31433:v1:OncologyII	1.78292E-10	-0.502590905	19	55181247	55209506
CCL8	CCL8	cis-position, cis-gene	45556	33	45523	5.4e-09	-0.997692955	-1.332803956	-0.662581954	0.170973598	flexdmg	Oncology	CCL8:P80075:OID21466:v1:Oncology	2.39616E-09	-0.994445185	17	34319435	34321402
ASGR1	F3	trans-position, trans-gene	45338	103	45235	5.48e-09	0.533293204	0.354092093	0.712494316	0.091428377	ptvraredmg	Oncology	F3:P13726:OID21440:v1:Oncology	1.37388E-08	0.514756957	17	7173431	7179564
MRC2	MATN3	trans-position, trans-gene	44838	189	44649	5.5e-09	0.410091223	0.27227625	0.547906196	0.070313155	flexdmg	Neurology	MATN3:O15232:OID20979:v1:Neurology	2.39384E-08	0.383323999	17	62626515	62693601
MICALL2	MICALL2	cis-position, cis-gene	44410	53	44357	5.51e-09	-0.780349909	-1.042597419	-0.518102399	0.13379856	ptv	NeurologyII	MICALL2:Q8IY33:OID30889:v1:NeurologyII	5.73988E-10	-0.740328562	7	1428465	1459470
SPRED2	FLT3LG	trans-position, trans-gene	45752	15	45737	5.53e-09	-1.430585673	-1.911407083	-0.949764263	0.245315061	ptv	Inflammation	FLT3LG:P49771:OID20661:v1:Inflammation	1.67939E-09	-1.431951637	2	65310851	65432637
BPIFB1	BPIFB1	cis-position, cis-gene	45144	22	45122	5.64e-09	-1.197305306	-1.599946257	-0.794664355	0.205427321	flexdmg	Cardiometabolic	BPIFB1:Q8TDL5:OID20308:v1:Cardiometabolic	5.76375E-09	-1.197618112	20	33273480	33309871
TFF3	TFF3	cis-position, cis-gene	45212	28	45184	5.65e-09	-1.056129235	-1.411320408	-0.700938062	0.181218463	flexnonsynmtr	Cardiometabolic	TFF3:Q07654:OID20371:v1:Cardiometabolic	2.19767E-08	-0.921830481	21	42311667	42315409
APOB	PON2	trans-position, trans-gene	44454	77	44377	5.66e-09	0.661318129	0.438901554	0.883734704	0.113476838	ptv	Cardiometabolic	PON2:Q15165:OID20088:v1:Cardiometabolic	2.99325E-09	0.646491929	2	21001429	21044073
FLG	KLK7	trans-position, trans-gene	43595	543	43052	5.7e-09	0.242618698	0.161003466	0.324233929	0.041640033	ptv	InflammationII	KLK7:P49862:OID30652:v1:InflammationII	2.80232E-09	0.233564605	1	152302163	152325257
CD163L1	LAP3	trans-position, trans-gene	44437	163	44274	5.73e-09	0.452124297	0.300009868	0.604238727	0.077608714	ptvraredmg	Inflammation	LAP3:P28838:OID20436:v1:Inflammation	2.4412E-09	0.442849117	12	7326484	7444185
FEN1	FEN1	cis-position, cis-gene	44180	169	44011	5.93e-09	-0.442231972	-0.591166673	-0.293297271	0.075986406	flexdmg	Oncology	FEN1:P39748:OID21192:v1:Oncology	7.12927E-10	-0.457293192	11	61792911	61797238
MTUS1	MTUS1	cis-position, cis-gene	44858	41	44817	5.95e-09	-0.895665065	-1.197333902	-0.593996228	0.153911345	ptv	OncologyII	MTUS1:Q9ULD2:OID31315:v1:OncologyII	3.98309E-09	-0.845294282	8	17643795	17801094
PPP6R2	PLXNB2	cis-position, trans-gene	45592	432	45160	5.98e-09	0.271947612	0.180337961	0.363557263	0.046739235	rec	Cardiometabolic	PLXNB2:O15031:OID20317:v1:Cardiometabolic	6.83203E-09	0.269568338	22	50343317	50445090
CX3CR1	CX3CL1	trans-position, trans-gene	44914	112	44802	6.01e-09	0.539178037	0.357527097	0.720828976	0.092678255	flexdmg	Neurology	CX3CL1:P78423:OID20976:v1:Neurology	4.0533E-09	0.533234795	3	39263494	39281735
EXTL1	EXTL1	cis-position, cis-gene	44108	250	43858	6.06e-09	-0.367334518	-0.491120667	-0.24354837	0.063155625	flexdmg	CardiometabolicII	EXTL1:Q92935:OID30114:v1:CardiometabolicII	1.39915E-09	-0.354569093	1	26019884	26036464
ZFP57	TRIM40	cis-position, trans-gene	44410	90	44320	6.07e-09	0.609697746	0.404228752	0.81516674	0.104830187	rec	NeurologyII	TRIM40:Q6P9F5:OID30885:v1:NeurologyII	1.96973E-08	0.523359829	6	29672392	29681146
BPIFB2	BPIFB2	cis-position, cis-gene	45539	36	45503	6.17e-09	-0.945929436	-1.264864563	-0.626994309	0.162720667	flexdmg	CardiometabolicII	BPIFB2:Q8N4F0:OID30311:v1:CardiometabolicII	5.46013E-08	-0.839254429	20	33007704	33023703
RBBP8	AFP	trans-position, trans-gene	44766	201	44565	6.19e-09	-0.394419103	-0.527417996	-0.26142021	0.067855989	flexdmg	Neurology	AFP:P02771:OID20978:v1:Neurology	5.82353E-09	-0.382839578	18	22914121	23026488
FSTL3	FSTL3	cis-position, cis-gene	45154	14	45140	6.21e-09	-1.444814289	-1.932046603	-0.957581976	0.248585817	UR	Inflammation	FSTL3:O95633:OID20782:v1:Inflammation	6.76794E-09	-1.443567861	19	676392	683392
GPATCH8	LRRC37A2	trans-position, trans-gene	45423	349	45074	6.21e-09	0.311241337	0.206279688	0.416202986	0.053551418	flexnonsynmtr	OncologyII	LRRC37A2:A6NM11:OID31440:v1:OncologyII	5.36868E-10	0.320294192	17	44395277	44503602
LTA4H	LTA4H	cis-position, cis-gene	45621	25	45596	6.35e-09	-1.137401101	-1.521213598	-0.753588604	0.195821103	ptv	Oncology	LTA4H:P09960:OID21452:v1:Oncology	7.11366E-13	-1.305676145	12	96000753	96043520
OBP2B	OBP2B	cis-position, cis-gene	44763	20	44743	6.36e-09	-1.037413392	-1.387502552	-0.687324233	0.178615369	ptv	Neurology	OBP2B:Q9NPH6:OID20980:v1:Neurology	1.95661E-08	-0.995356074	9	133205277	133209250
ASGR1	LRTM2	trans-position, trans-gene	45520	104	45416	6.37e-09	0.550987343	0.365042024	0.736932662	0.09486928	flexdmg	NeurologyII	LRTM2:Q8N967:OID31020:v1:NeurologyII	2.5113E-09	0.553678503	17	7173431	7179564
ASGR1	CA12	trans-position, trans-gene	45042	104	44938	6.39e-09	0.561253048	0.371823297	0.750682798	0.09664701	flexdmg	Oncology	CA12:O43570:OID21344:v1:Oncology	1.84849E-10	0.603819895	17	7173431	7179564
FLG	DSG3	trans-position, trans-gene	45471	562	44909	6.41e-09	0.230923883	0.152976569	0.308871197	0.039768709	ptv	Oncology	DSG3:P32926:OID21460:v1:Oncology	8.04098E-10	0.231795014	1	152302163	152325257
OXCT1	OXCT1	cis-position, cis-gene	44457	84	44373	6.45e-09	-0.627770616	-0.839705829	-0.415835402	0.108129253	flexdmg	CardiometabolicII	OXCT1:P55809:OID30227:v1:CardiometabolicII	4.61105E-09	-0.593077886	5	41730065	41870425
GRK6	FGFR4	cis-position, trans-gene	44654	198	44456	6.46e-09	0.402802898	0.266812777	0.53879302	0.069382108	flexnonsynmtr	InflammationII	FGFR4:P22455:OID30646:v1:InflammationII	2.12989E-08	0.385758785	5	177426496	177442849
ASGR1	LILRB2	trans-position, trans-gene	45596	106	45490	6.48e-09	0.553036337	0.366308177	0.739764496	0.09526869	flexdmg	Cardiometabolic	LILRB2:Q8N423:OID20301:v1:Cardiometabolic	5.40004E-09	0.543184831	17	7173431	7179564
WFDC1	WFDC1	cis-position, cis-gene	44494	26	44468	6.53e-09	-1.11767674	-1.495141522	-0.740211958	0.19258237	ptv	OncologyII	WFDC1:Q9HC57:OID31366:v1:OncologyII	2.08092E-08	-1.065578179	16	84294846	84329844
CTSA	LAMP1	trans-position, trans-gene	44443	116	44327	6.55e-09	0.526342394	0.348574881	0.704109906	0.090696906	ptvraredmg	CardiometabolicII	LAMP1:P11279:OID30416:v1:CardiometabolicII	1.70696E-09	0.517709858	20	45890952	45898820
STAB1	CLEC4G	trans-position, trans-gene	45190	1239	43951	6.79e-09	-0.164271535	-0.219811157	-0.108731913	0.028336303	flexdmg	Inflammation	CLEC4G:Q6UXB4:OID20590:v1:Inflammation	1.70569E-09	-0.163789761	3	52495338	52524495
FUT4	PRTN3	trans-position, trans-gene	44144	81	44063	6.85e-09	0.638461761	0.422539545	0.854383977	0.110163398	flexdmg	Cardiometabolic	PRTN3:P24158:OID20329:v1:Cardiometabolic	1.17447E-10	0.667750149	11	94543851	94549898
RNF103-CHMP3	CRYBB2	trans-position, trans-gene	45493	172	45321	6.94e-09	0.430802711	0.285053753	0.576551668	0.0743611	flexdmg	NeurologyII	CRYBB2:P43320:OID31081:v1:NeurologyII	2.26959E-09	0.437133053	2	86503430	86721122
PRG3	PRG3	cis-position, cis-gene	45606	53	45553	7.03e-09	-0.767914038	-1.027802871	-0.508025205	0.132595259	flexnonsynmtr	CardiometabolicII	PRG3:Q9Y2Y8:OID30383:v1:CardiometabolicII	5.2265E-12	-0.819648817	11	57376769	57381150
SERPINF2	SERPINF2	cis-position, cis-gene	44941	54	44887	7.13e-09	-0.755937791	-1.011879343	-0.499996239	0.130581306	raredmg	InflammationII	SERPINF2:P08697:OID30779:v1:InflammationII	5.85679E-09	-0.729216168	17	1742836	1755265
CAPSL	IL7R	cis-position, trans-gene	45260	113	45147	7.33e-09	-0.541545501	-0.725050424	-0.358040578	0.093624176	flexnonsynmtr	Neurology	IL7R:P16871:OID21136:v1:Neurology	7.5039E-08	-0.468068759	5	35904295	35938779
DTX3	DTX3	cis-position, cis-gene	45042	10	45032	7.38e-09	-1.655193239	-2.216177276	-1.094209202	0.28621391	flexdmg	Oncology	DTX3:Q8N9I9:OID21349:v1:Oncology	9.21921E-07	-1.284644033	12	57604622	57609804
NEU1	CEACAM6	trans-position, trans-gene	45606	120	45486	7.45e-09	0.519106009	0.343121452	0.695090565	0.089787305	ptvraredmg	CardiometabolicII	CEACAM6:P40199:OID30362:v1:CardiometabolicII	2.33189E-09	0.514084466	6	31859052	31862932
IL12B	IL12B	cis-position, cis-gene	45752	14	45738	7.45e-09	-1.504415431	-2.014437923	-0.99439294	0.260213452	ptv	Inflammation	IL12B:P29460:OID20666:v1:Inflammation	7.39559E-09	-1.451010124	5	159314780	159330487
IMPDH2	MST1	cis-position, trans-gene	45072	176	44896	7.45e-09	-0.437144433	-0.585343649	-0.288945217	0.075611203	flexdmg	InflammationII	MST1:P26927:OID30713:v1:InflammationII	2.0937E-09	-0.444876374	3	49024325	49029701
MARCO	C1QL2	cis-position, trans-gene	44339	285	44054	7.5e-09	0.325482086	0.215119902	0.435844269	0.056306734	flexdmg	InflammationII	C1QL2:Q7Z5L3:OID30515:v1:InflammationII	2.68265E-08	0.304305725	2	118942194	118994660
L3MBTL2	CRISP2	trans-position, trans-gene	45621	60	45561	7.51e-09	0.638775346	0.422174709	0.855375983	0.110509626	ptvraredmg	Oncology	CRISP2:P16562:OID21456:v1:Oncology	1.9774E-08	0.579390939	22	41205232	41231272
ATAT1	LTA	cis-position, trans-gene	45190	38	45152	7.59e-09	-0.918391503	-1.229905389	-0.606877616	0.158934318	ptv	Inflammation	LTA:P01374:OID20586:v1:Inflammation	8.70784E-09	-0.886953606	6	30626836	30646823
APOBEC1	TMPRSS15	trans-position, trans-gene	45042	21	45021	7.62e-09	1.246377598	0.823561668	1.669193529	0.215720578	rec	Oncology	TMPRSS15:P98073:OID21364:v1:Oncology	8.58399E-09	1.24169178	12	7649400	7670599
SELENON	MFAP5	trans-position, trans-gene	45810	290	45520	7.8e-09	-0.328438531	-0.43993175	-0.216945311	0.056883837	flexdmg	Cardiometabolic	MFAP5:Q13361:OID20239:v1:Cardiometabolic	6.20008E-09	-0.313417101	1	25800176	25818222
SLC34A3	FAM3C	trans-position, trans-gene	45201	354	44847	7.81e-09	0.291193143	0.192339521	0.390046764	0.050435097	flexdmg	Cardiometabolic	FAM3C:Q92520:OID20233:v1:Cardiometabolic	3.30256E-09	0.283856508	9	137230757	137236555
CUTA	TNXB	trans-position, trans-gene	45260	65	45195	7.81e-09	0.692774355	0.457595489	0.927953222	0.119988212	ptv	Neurology	TNXB:P22105:OID21107:v1:Neurology	2.2624E-08	0.670247398	6	33416542	33418288
OAT	CD177	trans-position, trans-gene	45199	204	44995	7.83e-09	-0.405794241	-0.543563541	-0.268024941	0.070289868	ptvraredmg	Neurology	CD177:Q8N6Q3:OID21119:v1:Neurology	4.10279E-08	-0.364119941	10	124397303	124418976
INPPL1	INPPL1	cis-position, cis-gene	45042	21	45021	7.98e-09	-1.227297208	-1.644206954	-0.810387462	0.212707244	ptv	Oncology	INPPL1:O15357:OID21314:v1:Oncology	1.22487E-08	-1.088499237	11	72223701	72239147
USP28	USP28	cis-position, cis-gene	45493	126	45367	7.99e-09	-0.510418805	-0.683811796	-0.337025814	0.088465083	ptvraredmg	NeurologyII	USP28:Q96RU2:OID31084:v1:NeurologyII	1.266E-07	-0.4306729	11	113797874	113875572
TNFRSF13B	SEMA7A	trans-position, trans-gene	45667	352	45315	8.11e-09	0.303351104	0.200256197	0.406446011	0.052599014	flexdmg	Cardiometabolic	SEMA7A:O75326:OID20283:v1:Cardiometabolic	3.77317E-09	0.296702521	17	16929816	16972118
EHF	LEG1	trans-position, trans-gene	43293	7	43286	8.14e-09	-2.134694716	-2.860251957	-1.409137475	0.370178714	URmtr	InflammationII	LEG1:Q6P5S2:OID30608:v1:InflammationII	2.12418E-08	-1.967706946	11	34621041	34663288
MGAT4B	CPB2	trans-position, trans-gene	45606	50	45556	8.15e-09	-0.800282853	-1.07230023	-0.528265476	0.138783241	raredmgmtr	InflammationII	CPB2:Q96IY4:OID30734:v1:InflammationII	1.77657E-07	-0.698122223	5	179797597	179806952
ASGR1	FCRL3	trans-position, trans-gene	44437	102	44335	8.23e-09	0.568511519	0.375219486	0.761803551	0.098617509	flexdmg	Inflammation	FCRL3:Q96P31:OID20443:v1:Inflammation	1.65068E-09	0.57925585	17	7173431	7179564
PSME2	PSME1	cis-position, trans-gene	44842	40	44802	8.36e-09	-0.879723365	-1.178967881	-0.580478849	0.152674456	ptvraredmg	Neurology	PSME1:Q06323:OID20969:v1:Neurology	7.87108E-08	-0.79046244	14	24143362	24147570
FLG	LY6D	trans-position, trans-gene	45024	557	44467	8.4e-09	0.238753454	0.157528802	0.319978106	0.041440796	ptv	Inflammation	LY6D:Q14210:OID20708:v1:Inflammation	1.2159E-09	0.237851983	1	152302163	152325257
ZSCAN31	SGSH	trans-position, trans-gene	44876	16	44860	8.41e-09	1.421518954	0.937899588	1.905138319	0.24674245	rec	CardiometabolicII	SGSH:P51688:OID30341:v1:CardiometabolicII	7.7537E-09	1.424871131	6	28312837	28354506
PGLYRP4	CA14	trans-position, trans-gene	45621	42	45579	8.64e-09	-0.840877098	-1.127184939	-0.554569256	0.146074236	ptv	Oncology	CA14:Q9ULX7:OID21401:v1:Oncology	1.22899E-08	-0.824146875	1	153330120	153348841
PSMG4	PSMG4	cis-position, cis-gene	44339	17	44322	8.65e-09	-1.35188919	-1.812193202	-0.891585179	0.234846887	ptvraredmg	InflammationII	PSMG4:Q5JS54:OID30514:v1:InflammationII	7.55999E-09	-1.284412874	6	3231403	3303373
EPHB6	EPHB6	cis-position, cis-gene	44842	72	44770	8.71e-09	-0.666104837	-0.892958026	-0.439251649	0.115740424	UR	Neurology	EPHB6:O15197:OID20982:v1:Neurology	3.97429E-06	-0.491329215	7	142855061	142871094
ABCC6	ALCAM	trans-position, trans-gene	45810	136	45674	8.83e-09	0.454884016	0.299901927	0.609866106	0.079071857	ptv	Cardiometabolic	ALCAM:Q13740:OID20273:v1:Cardiometabolic	6.51357E-09	0.448111697	16	16149565	16223673
ABHD14B	ABHD14B	cis-position, cis-gene	44781	8	44773	8.98e-09	-2.001644886	-2.683942215	-1.319347557	0.348107866	ptv	Neurology	ABHD14B:Q96IU4:OID20921:v1:Neurology	1.12512E-09	-2.002326011	3	51968510	51983409
TMIGD1	SLC51B	trans-position, trans-gene	44108	90	44018	9e-09	-0.599650267	-0.804063796	-0.395236738	0.10429167	flexnonsynmtr	CardiometabolicII	SLC51B:Q86UW2:OID30107:v1:CardiometabolicII	8.07947E-09	-0.567112309	17	30316329	30334076
INHBB	INHBB	cis-position, cis-gene	44654	67	44587	9.14e-09	-0.672679608	-0.90209309	-0.443266126	0.117046672	flexdmg	InflammationII	INHBB:P09529:OID30625:v1:InflammationII	1.91261E-09	-0.652628118	2	120346136	120351803
RILP	RILP	cis-position, cis-gene	45488	182	45306	9.14e-09	-0.414096708	-0.55532183	-0.272871587	0.072053039	flexnonsynmtr	Oncology	RILP:Q96NA2:OID21436:v1:Oncology	4.53953E-09	-0.397657255	17	1646145	1649866
STAB2	PKD1	trans-position, trans-gene	45616	756	44860	9.16e-09	0.193399826	0.127436508	0.259363144	0.033654479	flexnonsynmtr	CardiometabolicII	PKD1:P98161:OID30328:v1:CardiometabolicII	6.39509E-08	0.1707116	12	103587273	103766719
ATP2A1	SOD2	trans-position, trans-gene	45260	419	44841	9.19e-09	0.271763379	0.179063711	0.364463047	0.047295353	ptvraredmg	Neurology	SOD2:P04179:OID21114:v1:Neurology	1.38036E-08	0.255016017	16	28878488	28904509
STAB1	PTPRZ1	trans-position, trans-gene	45616	1245	44371	9.26e-09	0.149292785	0.098356566	0.200229003	0.025987654	flexdmg	CardiometabolicII	PTPRZ1:P23471:OID30343:v1:CardiometabolicII	2.82789E-09	0.147836781	3	52495338	52524495
SEMA4C	SEMA4C	cis-position, cis-gene	45042	7	45035	9.39e-09	-2.111617726	-2.832347283	-1.390888169	0.367716033	ptv	Oncology	SEMA4C:Q9C0C4:OID21329:v1:Oncology	9.85459E-09	-2.110885899	2	96859718	96870757
ERP44	ERP44	cis-position, cis-gene	44967	12	44955	9.58e-09	-1.634930244	-2.193294373	-1.076566116	0.284877221	UR	Oncology	ERP44:Q9BS26:OID21338:v1:Oncology	9.01057E-09	-1.637971181	9	99979185	100099052
GNPTAB	ACP5	trans-position, trans-gene	45451	76	45375	9.64e-09	0.625567481	0.41188041	0.839254552	0.109023115	ptv	Cardiometabolic	ACP5:P13686:OID20314:v1:Cardiometabolic	1.23342E-07	0.535804064	12	101745497	101830867
OBSCN	MYBPC1	trans-position, trans-gene	45616	507	45109	9.64e-09	0.234812511	0.154603977	0.315021044	0.040922387	ptv	CardiometabolicII	MYBPC1:Q00872:OID30296:v1:CardiometabolicII	4.78499E-08	0.214978499	1	228208072	228378876
ASGR1	RET	trans-position, trans-gene	45042	104	44938	9.72e-09	0.545969319	0.359427394	0.732511244	0.095173642	ptvraredmg	Oncology	RET:P07949:OID21346:v1:Oncology	3.48523E-08	0.512464425	17	7173431	7179564
CLDN10	CD38	trans-position, trans-gene	45042	80	44962	9.79e-09	0.521224085	0.343098461	0.699349709	0.090879647	flexnonsynmtr	Oncology	CD38:P28907:OID21316:v1:Oncology	7.39731E-09	0.511035427	13	95433599	95579756
ASGR1	LAMP3	trans-position, trans-gene	45673	105	45568	9.8e-09	0.526908587	0.346839612	0.706977563	0.091871179	flexdmg	Inflammation	LAMP3:Q9UQV4:OID20638:v1:Inflammation	6.64873E-09	0.523918266	17	7173431	7179564
TET2	PRSS27	trans-position, trans-gene	45135	72	45063	9.95e-09	-0.665894449	-0.893569634	-0.438219265	0.116159826	ptv	Cardiometabolic	PRSS27:Q9BQR3:OID20212:v1:Cardiometabolic	1.33142E-08	-0.660560258	4	105145875	105279816
ZNF564	CCN2	trans-position, trans-gene	45225	75	45150	9.98e-09	0.655357517	0.431266871	0.879448163	0.114331002	flexdmg	Inflammation	CCN2:P29279:OID20709:v1:Inflammation	3.68428E-08	0.619376076	19	12525370	12551542
ANXA4	ANXA4	cis-position, cis-gene	45065	126	44939	1.01e-08	-0.5037219	-0.676021549	-0.331422251	0.087907237	flexdmg	Cardiometabolic	ANXA4:P09525:OID20123:v1:Cardiometabolic	2.8306E-10	-0.532245733	2	69644425	69827112
VNN2	VNN1	cis-position, trans-gene	45669	86	45583	1.01e-08	0.612295033	0.402864606	0.82172546	0.106851389	ptv	InflammationII	VNN1:O95497:OID30711:v1:InflammationII	4.29105E-09	0.608951554	6	132743870	132763459
SLC34A3	TGOLN2	trans-position, trans-gene	45669	358	45311	1.02e-08	0.296424443	0.19500869	0.397840195	0.05174231	flexdmg	InflammationII	TGOLN2:O43493:OID30691:v1:InflammationII	3.10832E-08	0.271811969	9	137230757	137236555
TRDMT1	TRDMT1	cis-position, cis-gene	44858	94	44764	1.02e-08	-0.588282698	-0.789537368	-0.387028028	0.102680069	flexdmg	OncologyII	TRDMT1:O14717:OID31335:v1:OncologyII	3.62423E-10	-0.614449719	10	17137336	17202054
SERPINI2	SERPINI2	cis-position, cis-gene	45423	51	45372	1.04e-08	-0.787718714	-1.057432659	-0.518004768	0.137608016	rec	OncologyII	SERPINI2:O75830:OID31504:v1:OncologyII	1.34246E-08	-0.788916331	3	167441914	167478972
MFSD12	TMEM106A	trans-position, trans-gene	45424	572	44852	1.08e-08	0.239550228	0.157457506	0.32164295	0.041883695	flexnonsynmtr	OncologyII	TMEM106A:Q96A25:OID31411:v1:OncologyII	2.31124E-07	0.210683297	19	3538273	3557588
E2F4	PLA2G15	trans-position, trans-gene	45388	431	44957	1.1e-08	-0.273134893	-0.366787555	-0.179482232	0.047781573	flexdmg	Oncology	PLA2G15:Q8NCC3:OID21473:v1:Oncology	1.99417E-09	-0.301914235	16	67192165	67198918
SCARB1	PTPRF	trans-position, trans-gene	45810	296	45514	1.1e-08	-0.318049947	-0.427109163	-0.208990731	0.055642009	flexdmg	Cardiometabolic	PTPRF:P10586:OID20310:v1:Cardiometabolic	3.78184E-09	-0.320127039	12	124776856	124882668
SPINT1	FABP9	trans-position, trans-gene	45190	25	45165	1.12e-08	-1.111348309	-1.492704363	-0.729992255	0.194567777	ptv	Inflammation	FABP9:Q0Z7S8:OID20501:v1:Inflammation	1.04159E-07	-0.963716935	15	40844018	40858207
FABP2	FABP2	cis-position, cis-gene	45276	49	45227	1.14e-08	-0.80287401	-1.078488606	-0.527259413	0.140618515	flexnonsynmtr	Cardiometabolic	FABP2:P12104:OID20200:v1:Cardiometabolic	8.12452E-11	-0.864855671	4	119317250	119322138
ASGR1	MAMDC2	trans-position, trans-gene	45616	105	45511	1.14e-08	0.539343261	0.35421401	0.724472513	0.094452928	flexdmg	CardiometabolicII	MAMDC2:Q7Z304:OID30309:v1:CardiometabolicII	1.9558E-09	0.554911327	17	7173431	7179564
SENP7	INSL3	trans-position, trans-gene	45493	13	45480	1.15e-08	0.975853238	0.640802474	1.310904002	0.170942859	URmtr	NeurologyII	INSL3:P51460:OID31129:v1:NeurologyII	4.83392E-08	0.899068955	3	101324189	101513883
NOX4	CLEC4G	trans-position, trans-gene	45190	217	44973	1.16e-08	-0.381914169	-0.513097743	-0.250730596	0.066929831	flexdmg	Inflammation	CLEC4G:Q6UXB4:OID20590:v1:Inflammation	4.45348E-08	-0.34166577	11	89324353	89589611
DNAJB2	DNAJB2	cis-position, cis-gene	44654	46	44608	1.16e-08	-0.812670482	-1.091822405	-0.533518559	0.142423205	ptvraredmg	InflammationII	DNAJB2:P25686:OID30661:v1:InflammationII	2.98753E-09	-0.779191559	2	219279342	219286898
ASGR1	IL1R2	trans-position, trans-gene	45157	104	45053	1.16e-08	0.539502017	0.354203862	0.724800172	0.094539077	ptvraredmg	Inflammation	IL1R2:P27930:OID20757:v1:Inflammation	6.81354E-09	0.541014818	17	7173431	7179564
ATM	AFP	trans-position, trans-gene	44766	480	44286	1.19e-08	0.251179571	0.164843845	0.337515297	0.044048458	ptvraredmg	Neurology	AFP:P02771:OID20978:v1:Neurology	1.74829E-09	0.249984916	11	108222500	108369102
GFI1B	ANXA2	trans-position, trans-gene	43804	74	43730	1.21e-08	0.652163131	0.42788039	0.876445872	0.114428909	flexdmg	CardiometabolicII	ANXA2:P07355:OID30263:v1:CardiometabolicII	4.81387E-07	0.498868903	9	132945545	132993434
DRAXIN	DRAXIN	cis-position, cis-gene	44914	50	44864	1.21e-08	-0.78382119	-1.053410367	-0.514232013	0.137544318	ptvraredmg	Neurology	DRAXIN:Q8NBI3:OID20917:v1:Neurology	3.00887E-08	-0.746868275	1	11691710	11725857
M6PR	LGMN	trans-position, trans-gene	45452	54	45398	1.23e-08	0.773411216	0.507272516	1.039549917	0.135783929	ptvraredmg	Inflammation	LGMN:Q99538:OID20773:v1:Inflammation	1.63447E-09	0.788317971	12	8940361	8949761
STAB1	CA9	trans-position, trans-gene	45621	1238	44383	1.27e-08	0.159699931	0.104694672	0.214705191	0.028063679	flexdmg	Oncology	CA9:Q16790:OID21417:v1:Oncology	2.1418E-10	0.171842064	3	52495338	52524495
RABL6	ENTPD2	cis-position, trans-gene	44180	49	44131	1.28e-08	-0.803445056	-1.080227897	-0.526662214	0.14121446	rec	Oncology	ENTPD2:Q9Y5L3:OID21260:v1:Oncology	3.35623E-07	-0.661522613	9	136807922	136841187
RIF1	CRISP2	trans-position, trans-gene	45621	75	45546	1.3e-08	0.562181613	0.368415252	0.755947973	0.098859581	UR	Oncology	CRISP2:P16562:OID21456:v1:Oncology	4.92492E-09	0.537715443	2	151409883	151534202
ABCA6	ASAH2	trans-position, trans-gene	44914	633	44281	1.32e-08	0.218697622	0.143293906	0.294101338	0.038470953	flexdmg	Neurology	ASAH2:Q9NR71:OID20996:v1:Neurology	1.018E-08	0.212253734	17	69078089	69141992
STAB2	ERN1	trans-position, trans-gene	45424	980	44444	1.32e-08	0.180224764	0.118078934	0.242370594	0.031706793	flexdmg	OncologyII	ERN1:O75460:OID31391:v1:OncologyII	2.49508E-10	0.188555825	12	103587273	103766719
ASGR1	OSCAR	trans-position, trans-gene	45300	104	45196	1.32e-08	0.549680262	0.360163719	0.739196805	0.096691306	ptvraredmg	Inflammation	OSCAR:Q8IYS5:OID20776:v1:Inflammation	1.33253E-08	0.538870675	17	7173431	7179564
PPIAL4A	NOTCH2	cis-position, trans-gene	45606	156	45450	1.33e-08	0.430486977	0.282025708	0.578948247	0.075744927	rec	CardiometabolicII	NOTCH2:Q04721:OID30407:v1:CardiometabolicII	1.72354E-08	0.42520226	1	120889746	120890530
SEMA4G	KAZALD1	cis-position, trans-gene	45042	245	44797	1.34e-08	-0.360813155	-0.485279502	-0.236346809	0.063502698	flexdmg	Oncology	KAZALD1:Q96I82:OID21339:v1:Oncology	1.04653E-07	-0.325384819	10	100969482	100985616
STAB2	CHRDL2	trans-position, trans-gene	45276	978	44298	1.37e-08	0.17406034	0.113983203	0.234137476	0.030651344	flexdmg	Cardiometabolic	CHRDL2:Q6WN34:OID20223:v1:Cardiometabolic	4.9684E-09	0.169026961	12	103587273	103766719
LMOD1	LMOD1	cis-position, cis-gene	44457	214	44243	1.37e-08	-0.343055171	-0.461482414	-0.224627928	0.060421527	flexdmg	CardiometabolicII	LMOD1:P29536:OID30212:v1:CardiometabolicII	2.42369E-08	-0.335619251	1	201896456	201946588
ABCA6	SRPX	trans-position, trans-gene	45616	648	44968	1.37e-08	0.206945125	0.135509206	0.278381044	0.0364466	flexdmg	CardiometabolicII	SRPX:P78539:OID30310:v1:CardiometabolicII	2.34813E-09	0.206973262	17	69078089	69141992
INSR	INSR	cis-position, cis-gene	44339	11	44328	1.38e-08	-1.699897115	-2.286773192	-1.113021038	0.299423895	ptv	InflammationII	INSR:P06213:OID30566:v1:InflammationII	3.54903E-09	-1.628396327	19	7112255	7294414
SLC34A3	TAFA5	trans-position, trans-gene	45042	348	44694	1.44e-08	0.295697897	0.193462808	0.397932986	0.052160316	flexdmg	Oncology	TAFA5:Q7Z5A7:OID21321:v1:Oncology	2.3584E-07	0.256411739	9	137230757	137236555
TANC1	LY75	cis-position, trans-gene	45190	252	44938	1.47e-08	-0.353467962	-0.475736081	-0.231199844	0.062381168	rec	Inflammation	LY75:O60449:OID20580:v1:Inflammation	1.4833E-08	-0.344946941	2	158968634	159232663
ZP2	UMOD	cis-position, trans-gene	45658	236	45422	1.5e-08	-0.355575277	-0.478657859	-0.232492696	0.062796724	flexnonsynmtr	Cardiometabolic	UMOD:P07911:OID20237:v1:Cardiometabolic	1.21767E-08	-0.333282674	16	21197452	21214510
ERBB4	ERBB4	cis-position, cis-gene	45388	252	45136	1.52e-08	-0.346814126	-0.46691531	-0.226712942	0.061275605	raredmg	Oncology	ERBB4:Q15303:OID21510:v1:Oncology	5.32399E-10	-0.361555729	2	211375717	212538841
IL1RAP	IL1RAP	cis-position, cis-gene	45260	34	45226	1.53e-08	-0.94004609	-1.265654993	-0.614437186	0.1661256	UR	Neurology	IL1RAP:Q9NPH3:OID21126:v1:Neurology	2.36205E-08	-0.89469932	3	190514051	190659750
TET2	KIR2DL3	trans-position, trans-gene	44180	91	44089	1.53e-08	-0.580522576	-0.781565064	-0.379480088	0.102571772	UR	Oncology	KIR2DL3:P43628:OID21196:v1:Oncology	1.38145E-08	-0.568365661	4	105145875	105279816
CTRL	CTRL	cis-position, cis-gene	45493	99	45394	1.54e-08	-0.561254553	-0.755684971	-0.366824134	0.099198376	flexnonsynmtr	NeurologyII	CTRL:P40313:OID31157:v1:NeurologyII	8.24853E-09	-0.53690236	16	67927640	67932365
FUT1	PEAR1	trans-position, trans-gene	45810	206	45604	1.56e-08	0.391058861	0.255550024	0.526567699	0.069136605	flexnonsynmtr	Cardiometabolic	PEAR1:Q5VY43:OID20257:v1:Cardiometabolic	4.42838E-08	0.37376104	19	48748011	48755390
ADAM9	LILRB4	trans-position, trans-gene	44437	143	44294	1.57e-08	-0.452235419	-0.608989841	-0.295480998	0.079976036	flexnonsynmtr	Inflammation	LILRB4:Q8NHJ6:OID20429:v1:Inflammation	2.95767E-10	-0.468580954	8	38996754	39105445
HYAL2	ADAM15	trans-position, trans-gene	44454	67	44387	1.58e-08	0.685516921	0.447866364	0.923167477	0.121249209	raredmg	Cardiometabolic	ADAM15:Q13444:OID20109:v1:Cardiometabolic	3.36548E-09	0.685044083	3	50317790	50322850
NEK4	MST1	trans-position, trans-gene	45072	324	44748	1.58e-08	-0.315564167	-0.424973188	-0.206155147	0.055820455	flexdmg	InflammationII	MST1:P26927:OID30713:v1:InflammationII	1.54649E-08	-0.302577611	3	52710780	52770949
LRPAP1	HGFAC	cis-position, trans-gene	45294	161	45133	1.59e-08	-0.437631861	-0.589391387	-0.285872335	0.077427682	flexdmg	InflammationII	HGFAC:Q04756:OID30718:v1:InflammationII	6.23122E-08	-0.401013837	4	3503612	3532446
PSAP	PSAP	cis-position, cis-gene	45233	10	45223	1.59e-08	-1.723411537	-2.321048924	-1.125774149	0.304914475	ptv	CardiometabolicII	PSAP:P07602:OID30419:v1:CardiometabolicII	8.77364E-11	-1.882434675	10	71816298	71851251
MAN1A1	LRIG1	trans-position, trans-gene	45488	108	45380	1.6e-08	-0.531603815	-0.715981306	-0.347226324	0.094069373	flexdmg	Oncology	LRIG1:Q96JA1:OID21429:v1:Oncology	2.62247E-07	-0.461314095	6	119177201	119351633
GPLD1	RTN4R	trans-position, trans-gene	45621	275	45346	1.6e-08	-0.333225464	-0.448792157	-0.217658771	0.058962117	flexdmg	Oncology	RTN4R:Q9BZR6:OID21424:v1:Oncology	3.49053E-07	-0.27531512	6	24425832	24495043
DGKA	DGKA	cis-position, cis-gene	44339	48	44291	1.61e-08	-0.804583281	-1.083688311	-0.525478251	0.142399253	UR	InflammationII	DGKA:P23743:OID30546:v1:InflammationII	1.99907E-08	-0.767455214	12	55927319	55954027
LIPE	CD177	cis-position, trans-gene	45199	53	45146	1.65e-08	0.777540557	0.50763325	1.047447865	0.137706651	rec	Neurology	CD177:Q8N6Q3:OID21119:v1:Neurology	7.78978E-09	0.742543138	19	42401507	42427426
ASGR1	IL4R	trans-position, trans-gene	45190	105	45085	1.65e-08	0.537091929	0.350630117	0.723553742	0.095132777	ptvraredmg	Inflammation	IL4R:P24394:OID20576:v1:Inflammation	4.81717E-08	0.508450219	17	7173431	7179564
PSMG3	PSMG3	cis-position, cis-gene	45190	20	45170	1.68e-08	-1.214192996	-1.635954278	-0.792431713	0.215182516	flexdmg	Inflammation	PSMG3:Q9BT73:OID20549:v1:Inflammation	2.21438E-13	-1.471758773	7	1567332	1571005
CALCR	PSPN	trans-position, trans-gene	45190	150	45040	1.68e-08	0.340702175	0.222355957	0.459048392	0.060380215	ptvraredmg	Inflammation	PSPN:O60542:OID20511:v1:Inflammation	1.72832E-08	0.325173764	7	93424487	93574730
LAMA4	LAMA4	cis-position, cis-gene	45452	32	45420	1.72e-08	-0.98720508	-1.330358689	-0.644051471	0.175076925	ptv	Inflammation	LAMA4:Q16363:OID20769:v1:Inflammation	2.3214E-08	-0.936960735	6	112107931	112254939
CYP3A43	PILRA	cis-position, trans-gene	45260	55	45205	1.74e-08	-0.735273704	-0.990934026	-0.479613382	0.130437847	rec	Neurology	PILRA:Q9UKJ1:OID21129:v1:Neurology	1.90403E-08	-0.71418952	7	99828013	99867092
CLEC1A	AGER	trans-position, trans-gene	45144	59	45085	1.75e-08	0.707672162	0.461568219	0.953776105	0.125562176	flexdmg	Inflammation	AGER:Q15109:OID20756:v1:Inflammation	2.82839E-08	0.681531385	12	10069554	10111627
GGACT	GGACT	cis-position, cis-gene	45616	26	45590	1.75e-08	-1.091673069	-1.471339403	-0.712006735	0.193705731	UR	CardiometabolicII	GGACT:Q9BVM4:OID30290:v1:CardiometabolicII	2.6443E-08	-1.060598031	13	100530164	100589528
ZNF789	PPP1R14D	trans-position, trans-gene	45520	3	45517	1.75e-08	3.212802063	2.095495526	4.330108601	0.570049667	rec	NeurologyII	PPP1R14D:Q9NXH3:OID30997:v1:NeurologyII	p>0.0001	p>0.0001	7	99472829	99487600
INPP5D	INPP5D	cis-position, cis-gene	44457	171	44286	1.76e-08	-0.416158901	-0.560914495	-0.271403308	0.07385424	ptvraredmg	CardiometabolicII	INPP5D:Q92835:OID30259:v1:CardiometabolicII	9.97543E-08	-0.357556048	2	233059967	233207903
B4GALNT3	NPTX2	trans-position, trans-gene	45606	336	45270	1.76e-08	0.259455773	0.169208483	0.349703063	0.046044159	flexdmg	CardiometabolicII	NPTX2:P47972:OID30390:v1:CardiometabolicII	3.51848E-08	0.242635038	12	460377	561892
EDEM3	LTBR	trans-position, trans-gene	45015	190	44825	1.77e-08	0.393571204	0.256650241	0.530492167	0.069857039	flexnonsynmtr	Inflammation	LTBR:P36941:OID20768:v1:Inflammation	1.84897E-07	0.346887688	1	184690491	184754907
SMAD6	TG	trans-position, trans-gene	45424	81	45343	1.79e-08	0.614334802	0.400545932	0.828123673	0.109075051	URmtr	OncologyII	TG:P01266:OID31359:v1:OncologyII	6.80716E-09	0.612102243	15	66702100	66782000
MECR	MECR	cis-position, cis-gene	44457	77	44380	1.8e-08	-0.638314359	-0.860497096	-0.416131621	0.113357535	flexdmg	CardiometabolicII	MECR:Q9BV79:OID30274:v1:CardiometabolicII	9.0324E-09	-0.628279707	1	29192657	29230942
PMVK	PMVK	cis-position, cis-gene	44142	68	44074	1.8e-08	-0.674918283	-0.909817281	-0.440019284	0.119845342	ptvraredmg	Neurology	PMVK:Q15126:OID20850:v1:Neurology	1.99424E-09	-0.685711214	1	154924740	154936719
RILPL2	RILPL2	cis-position, cis-gene	45616	33	45583	1.8e-08	-0.970386687	-1.3081402	-0.632633173	0.172321813	flexnonsynmtr	CardiometabolicII	RILPL2:Q969X0:OID30342:v1:CardiometabolicII	1.17642E-08	-0.841629989	12	123415039	123436684
ECHDC3	ECHDC3	cis-position, cis-gene	45616	71	45545	1.81e-08	-0.657541335	-0.886458579	-0.428624091	0.116793558	flexdmg	CardiometabolicII	ECHDC3:Q96DC8:OID30293:v1:CardiometabolicII	1.60309E-08	-0.65520989	10	11742366	11764070
COP1	IL34	trans-position, trans-gene	44143	12	44131	1.81e-08	-1.634355166	-2.203299996	-1.065410335	0.290275346	UR	Neurology	IL34:Q6ZMJ4:OID20809:v1:Neurology	1.21371E-07	-1.412300564	1	175944826	176207279
SH3GLB2	SH3GLB2	cis-position, cis-gene	45493	8	45485	1.81e-08	-1.931659336	-2.604142236	-1.259176437	0.343100692	ptv	NeurologyII	SH3GLB2:Q9NR46:OID31145:v1:NeurologyII	2.54626E-07	-1.666916409	9	129007036	129028331
PADI3	LMOD1	trans-position, trans-gene	44339	102	44237	1.82e-08	0.499591576	0.325636576	0.673546576	0.088751758	raredmg	InflammationII	LMOD1:P29536:OID30547:v1:InflammationII	4.76052E-09	0.486143432	1	17249082	17284233
ASGR1	LILRA3	trans-position, trans-gene	45606	104	45502	1.9e-08	0.544893169	0.354924918	0.734861419	0.096921785	flexdmg	CardiometabolicII	LILRA3:Q8N6C8:OID30376:v1:CardiometabolicII	5.36776E-08	0.516316439	17	7173431	7179564
PKD1	FABP3	trans-position, trans-gene	45616	18	45598	1.91e-08	1.184621232	0.77155046	1.597692005	0.210748672	ptv	CardiometabolicII	FABP3:P05413:OID30351:v1:CardiometabolicII	1.24269E-09	1.252399851	16	2088708	2135898
TNFAIP2	CTSL	trans-position, trans-gene	45276	135	45141	1.95e-08	-0.464621507	-0.626729389	-0.302513624	0.082707411	flexnonsynmtr	Cardiometabolic	CTSL:P07711:OID20228:v1:Cardiometabolic	1.38802E-06	-0.37683523	14	103121476	103137439
CD22	CD22	cis-position, cis-gene	45752	27	45725	1.96e-08	-1.042975146	-1.406956851	-0.678993441	0.185703449	URmtr	Inflammation	CD22:P20273:OID20637:v1:Inflammation	5.4274E-08	-0.959898168	19	35319261	35347361
ASGR1	NXPH3	trans-position, trans-gene	44339	99	44240	2.02e-08	0.550459072	0.358170901	0.742747244	0.098105333	flexdmg	InflammationII	NXPH3:O95157:OID30565:v1:InflammationII	3.37787E-09	0.568936861	17	7173431	7179564
C1QL1	LRRC37A2	trans-position, trans-gene	45423	61	45362	2.03e-08	0.716484627	0.466186222	0.966783032	0.12770221	raredmg	OncologyII	LRRC37A2:A6NM11:OID31440:v1:OncologyII	5.34218E-08	0.668435448	17	44959693	44968276
STAB1	ITGA5	trans-position, trans-gene	45260	1222	44038	2.06e-08	0.157684705	0.102571417	0.212797992	0.028118789	flexdmg	Neurology	ITGA5:P08648:OID21139:v1:Neurology	3.36533E-11	0.178568875	3	52495338	52524495
EXT2	EXTL1	trans-position, trans-gene	44108	344	43764	2.11e-08	-0.302050618	-0.407700864	-0.196400371	0.053902698	flexdmg	CardiometabolicII	EXTL1:Q92935:OID30114:v1:CardiometabolicII	1.61555E-07	-0.260705005	11	44095549	44245430
ST3GAL3	ITGB7	trans-position, trans-gene	45621	58	45563	2.11e-08	-0.731099755	-0.986798995	-0.475400515	0.13045773	flexdmg	Oncology	ITGB7:P26010:OID21393:v1:Oncology	5.74373E-08	-0.672898386	1	43705824	43931165
SLC34A3	HSPG2	trans-position, trans-gene	44912	352	44560	2.13e-08	0.284708663	0.185097007	0.384320319	0.050821837	flexdmg	Cardiometabolic	HSPG2:P98160:OID20383:v1:Cardiometabolic	3.47371E-07	0.246094703	9	137230757	137236555
TTN	KLHL41	trans-position, trans-gene	45520	501	45019	2.13e-08	0.244037296	0.15865579	0.329418802	0.043561634	ptv	NeurologyII	KLHL41:O60662:OID30986:v1:NeurologyII	2.12485E-08	0.23319028	2	178525989	178830802
STAB1	CSF1	trans-position, trans-gene	45452	1243	44209	2.16e-08	0.157647691	0.102470105	0.212825277	0.028151597	flexdmg	Inflammation	CSF1:P09603:OID20719:v1:Inflammation	1.37185E-09	0.163345988	3	52495338	52524495
AP1M1	AP1G2	trans-position, trans-gene	45424	4	45420	2.18e-08	-2.744394935	-3.705316168	-1.783473703	0.490261875	ptv	OncologyII	AP1G2:O75843:OID31348:v1:OncologyII	2.32633E-08	-2.740427653	19	16197854	16235345
TLL2	MSTN	trans-position, trans-gene	44454	505	43949	2.21e-08	0.225751038	0.146677857	0.304824219	0.040343102	flexdmg	Cardiometabolic	MSTN:O14793:OID20115:v1:Cardiometabolic	1.25495E-07	0.204370616	10	96364606	96513926
HSD11B1	HSD11B1	cis-position, cis-gene	45190	10	45180	2.23e-08	1.757475186	1.141715901	2.373234471	0.314160255	URmtr	Inflammation	HSD11B1:P28845:OID20575:v1:Inflammation	3.21696E-08	1.655390762	1	209686178	209734949
GALNT6	NCR1	trans-position, trans-gene	45121	183	44938	2.23e-08	0.402072084	0.261206181	0.542937987	0.071869751	flexdmg	Inflammation	NCR1:O76036:OID20566:v1:Inflammation	9.77827E-09	0.383948956	12	51351870	51391955
B4GALNT3	GPHA2	trans-position, trans-gene	45423	337	45086	2.24e-08	0.294990546	0.191622778	0.398358315	0.052738221	flexdmg	OncologyII	GPHA2:Q96T91:OID31437:v1:OncologyII	1.57072E-08	0.28581904	12	460377	561892
CD4	CD4	cis-position, cis-gene	45113	11	45102	2.29e-08	1.627517513	1.056845536	2.19818949	0.291156707	raredmg	Inflammation	CD4:P01730:OID20584:v1:Inflammation	3.05939E-08	1.625699254	12	6786858	6820799
TTN	CSRP3	trans-position, trans-gene	44108	492	43616	2.3e-08	0.247646334	0.160797608	0.33449506	0.044310172	ptv	CardiometabolicII	CSRP3:P50461:OID30176:v1:CardiometabolicII	9.02344E-09	0.243872321	2	178525989	178830802
SERPINA11	GDF2	trans-position, trans-gene	45276	70	45206	2.3e-08	-0.620272195	-0.837815091	-0.402729299	0.110990345	ptvraredmg	Cardiometabolic	GDF2:Q9UK05:OID20202:v1:Cardiometabolic	9.5394E-08	-0.555220984	14	94442464	94452800
APOB	APOA2	trans-position, trans-gene	45669	77	45592	2.31e-08	0.616370235	0.400186547	0.832553922	0.110296902	ptv	InflammationII	APOA2:P02652:OID30686:v1:InflammationII	1.05131E-08	0.604732714	2	21001429	21044073
ASGR1	OMG	trans-position, trans-gene	45042	104	44938	2.32e-08	0.537548862	0.348978424	0.7261193	0.096208588	ptvraredmg	Oncology	OMG:P23515:OID21352:v1:Oncology	1.86348E-08	0.530181061	17	7173431	7179564
GET4	BAG6	trans-position, trans-gene	44454	37	44417	2.33e-08	-0.89636255	-1.210850582	-0.581874517	0.160451656	URmtr	Cardiometabolic	BAG6:P46379:OID20114:v1:Cardiometabolic	1.98312E-07	-0.783713534	7	876554	896434
ASGR1	ADAMTS15	trans-position, trans-gene	45042	104	44938	2.36e-08	0.542784422	0.352265104	0.733303741	0.097202907	flexdmg	Oncology	ADAMTS15:Q8TE58:OID21275:v1:Oncology	6.37701E-09	0.551786135	17	7173431	7179564
SERPINA9	SERPINA9	cis-position, cis-gene	44841	108	44733	2.37e-08	-0.521963942	-0.705185198	-0.338742685	0.093479426	flexdmg	Oncology	SERPINA9:Q86WD7:OID21284:v1:Oncology	6.49443E-08	-0.453421158	14	94462717	94479689
CD36	LGMN	trans-position, trans-gene	45452	466	44986	2.41e-08	-0.259195258	-0.350226668	-0.168163849	0.046444213	flexdmg	Inflammation	LGMN:Q99538:OID20773:v1:Inflammation	2.35316E-09	-0.249711742	7	80369575	80679277
ASGR1	TMPRSS5	trans-position, trans-gene	44702	103	44599	2.41e-08	0.538197652	0.349182164	0.72721314	0.096435633	flexdmg	Neurology	TMPRSS5:Q9H3S3:OID20947:v1:Neurology	8.69328E-09	0.541662297	17	7173431	7179564
STAB1	VSIG4	trans-position, trans-gene	45198	167	45031	2.42e-08	-0.408017554	-0.55134106	-0.264694049	0.073123622	UR	Neurology	VSIG4:Q9Y279:OID21144:v1:Neurology	3.48716E-06	-0.309591397	3	52495338	52524495
EDEM3	ATRAID	trans-position, trans-gene	45423	208	45215	2.43e-08	0.375929307	0.243865946	0.507992669	0.067378708	flexdmg	OncologyII	ATRAID:Q6UW56:OID31451:v1:OncologyII	1.03925E-07	0.345502451	1	184690491	184754907
ASGR1	LTA	trans-position, trans-gene	45190	105	45085	2.43e-08	0.533932451	0.346350906	0.721513995	0.095704064	flexdmg	Inflammation	LTA:P01374:OID20586:v1:Inflammation	4.94292E-08	0.507322486	17	7173431	7179564
GCNT2	LRRC25	trans-position, trans-gene	45042	355	44687	2.44e-08	0.291567401	0.189130257	0.394004546	0.052263404	flexnonsynmtr	Oncology	LRRC25:Q8N386:OID21333:v1:Oncology	5.25006E-09	0.289269945	6	10521283	10629368
PLXDC2	PLXDC2	cis-position, cis-gene	45493	51	45442	2.44e-08	-0.77000935	-1.040569613	-0.499449087	0.138039813	flexdmg	NeurologyII	PLXDC2:Q6UX71:OID31101:v1:NeurologyII	1.24745E-07	-0.686166658	10	19816239	20289856
G6PC	PROC	trans-position, trans-gene	45352	246	45106	2.44e-08	0.34353589	0.222841321	0.46423046	0.061578349	flexdmg	Cardiometabolic	PROC:P04070:OID20402:v1:Cardiometabolic	8.81399E-09	0.345823053	17	42900797	42914433
AKR7A3	AKR7L	cis-position, trans-gene	44339	155	44184	2.47e-08	-0.438976055	-0.593269932	-0.284682179	0.078720662	flexnonsynmtr	InflammationII	AKR7L:Q8NHP1:OID30488:v1:InflammationII	3.50863E-09	-0.436452505	1	19274325	19289346
TNFRSF10B	NGF	trans-position, trans-gene	44914	116	44798	2.47e-08	-0.517952449	-0.700004049	-0.335900848	0.092882672	ptv	Neurology	NGF:P01138:OID20920:v1:Neurology	9.61161E-09	-0.526201143	8	23020133	23069031
CCL11	CCL8	cis-position, trans-gene	45556	37	45519	2.49e-08	-0.900291236	-1.216798832	-0.583783639	0.161482143	flexdmg	Oncology	CCL8:P80075:OID21466:v1:Oncology	3.28879E-08	-0.895403708	17	34285742	34288334
APOB	GUSB	trans-position, trans-gene	45451	76	45375	2.52e-08	0.603695813	0.39138003	0.816011597	0.108323484	ptv	Cardiometabolic	GUSB:P08236:OID20296:v1:Cardiometabolic	2.94247E-08	0.574106966	2	21001429	21044073
RAD50	NBN	trans-position, trans-gene	44437	130	44307	2.52e-08	-0.48036345	-0.649309139	-0.31141776	0.086196015	ptv	Inflammation	NBN:O60934:OID20442:v1:Inflammation	2.30325E-09	-0.500211531	5	132556924	132644621
YOD1	YOD1	cis-position, cis-gene	44108	33	44075	2.52e-08	-0.933853611	-1.262314134	-0.605393089	0.167580378	ptvraredmg	CardiometabolicII	YOD1:Q5VVQ6:OID30181:v1:CardiometabolicII	3.87894E-09	-0.920017636	1	207043849	207052980
GFI1B	ITGB1BP2	trans-position, trans-gene	44454	73	44381	2.53e-08	-0.64792431	-0.875836232	-0.420012389	0.116280562	flexdmg	Cardiometabolic	ITGB1BP2:Q9UKP3:OID20112:v1:Cardiometabolic	1.31431E-09	-0.6162469	9	132945545	132993434
ATP2A1	ITGB6	trans-position, trans-gene	44437	413	44024	2.53e-08	0.258583104	0.167627604	0.349538603	0.046405455	ptvraredmg	Inflammation	ITGB6:P18564:OID20493:v1:Inflammation	7.08264E-09	0.256006355	16	28878488	28904509
CENPF	CENPF	cis-position, cis-gene	44858	194	44664	2.54e-08	0.386075495	0.250254277	0.521896713	0.069295942	ptv	OncologyII	CENPF:P49454:OID31329:v1:OncologyII	1.81445E-09	0.407835639	1	214603195	214664571
SLC34A3	RGMB	trans-position, trans-gene	45644	354	45290	2.56e-08	0.286029259	0.185382258	0.38667626	0.051350092	flexdmg	Neurology	RGMB:Q6NW40:OID21045:v1:Neurology	1.17083E-08	0.279079051	9	137230757	137236555
SPG21	CA12	trans-position, trans-gene	45042	25	45017	2.59e-08	-1.096532757	-1.482502747	-0.710562767	0.196921789	ptv	Oncology	CA12:O43570:OID21344:v1:Oncology	1.2399E-09	-1.17730795	15	64963021	64989946
PDE5A	PDE5A	cis-position, cis-gene	44654	184	44470	2.6e-08	-0.405476395	-0.548220288	-0.262732503	0.07282788	ptvraredmg	InflammationII	PDE5A:O76074:OID30584:v1:InflammationII	2.19176E-08	-0.390195643	4	119494397	119628804
MIF4GD	CD300LF	cis-position, trans-gene	45621	38	45583	2.61e-08	-0.862413429	-1.166054492	-0.558772366	0.154917644	ptv	Oncology	CD300LF:Q8TDQ1:OID21469:v1:Oncology	2.40983E-08	-0.84711548	17	75266228	75271292
GPR182	NOTCH3	trans-position, trans-gene	45810	189	45621	2.61e-08	0.377868048	0.244817805	0.510918291	0.06788223	flexnonsynmtr	Cardiometabolic	NOTCH3:Q9UM47:OID20253:v1:Cardiometabolic	2.09331E-09	0.393688962	12	56994355	57000007
BAMBI	BAMBI	cis-position, cis-gene	44180	122	44058	2.67e-08	-0.489880974	-0.662479284	-0.317282665	0.088059567	flexdmg	Oncology	BAMBI:Q13145:OID21267:v1:Oncology	3.89861E-09	-0.508704595	10	28677510	28682932
FUT1	EPHA4	trans-position, trans-gene	44654	198	44456	2.72e-08	0.394573991	0.2554665	0.533681483	0.070972589	flexnonsynmtr	InflammationII	EPHA4:P54764:OID30622:v1:InflammationII	1.91249E-08	0.394131451	19	48748011	48755390
ASGR1	MRC1	trans-position, trans-gene	45669	105	45564	2.8e-08	0.518652306	0.335631672	0.70167294	0.093377115	flexdmg	InflammationII	MRC1:P22897:OID30694:v1:InflammationII	3.75373E-09	0.538873902	17	7173431	7179564
STAB2	SNED1	trans-position, trans-gene	44457	964	43493	2.81e-08	0.17806084	0.11522371	0.240897971	0.032059476	flexdmg	CardiometabolicII	SNED1:Q8TER0:OID30205:v1:CardiometabolicII	1.42992E-09	0.182192697	12	103587273	103766719
ANGPTL3	APOC1	trans-position, trans-gene	45606	149	45457	2.82e-08	-0.426268084	-0.57671617	-0.275819998	0.0767586	flexdmg	InflammationII	APOC1:P02654:OID30749:v1:InflammationII	5.2124E-09	-0.425298121	1	62597520	62606313
ASGR1	BTN2A1	trans-position, trans-gene	45452	104	45348	2.82e-08	0.524476931	0.339352913	0.709600949	0.094450249	flexdmg	Inflammation	BTN2A1:Q7KYR7:OID20713:v1:Inflammation	1.07874E-08	0.527303761	17	7173431	7179564
ARRDC4	MET	trans-position, trans-gene	45373	17	45356	2.84e-08	1.301487484	0.842044605	1.760930363	0.234407684	ptv	Cardiometabolic	MET:P08581:OID20269:v1:Cardiometabolic	1.62298E-06	1.038052789	15	97960703	97973838
INSR	PPY	trans-position, trans-gene	45166	280	44886	2.84e-08	-0.32204261	-0.43573183	-0.208353391	0.058004215	flexdmg	Oncology	PPY:P01298:OID21516:v1:Oncology	5.73391E-10	-0.341844016	19	7112255	7294414
SHISA5	SHISA5	cis-position, cis-gene	45606	7	45599	2.85e-08	-1.939270669	-2.623939983	-1.254601355	0.349318223	ptv	CardiometabolicII	SHISA5:Q8N114:OID30387:v1:CardiometabolicII	1.03977E-07	-1.74260518	3	48467798	48504826
KIF1BP	KIFBP	cis-position, cis-gene	45042	117	44925	2.9e-08	-0.510510453	-0.690859443	-0.330161463	0.092014008	ptvraredmg	Oncology	KIFBP:Q96EK5:OID21320:v1:Oncology	4.11509E-09	-0.521043381	10	68988721	69016983
WASHC4	WASHC3	trans-position, trans-gene	45493	37	45456	2.92e-08	-0.892751791	-1.208193823	-0.577309758	0.160938486	ptv	NeurologyII	WASHC3:Q9Y3C0:OID31123:v1:NeurologyII	1.3032E-08	-0.903574672	12	105107714	105169135
TET2	KIR2DL2	trans-position, trans-gene	45424	90	45334	2.93e-08	-0.571595647	-0.773574699	-0.369616596	0.103049683	UR	OncologyII	KIR2DL2:P43627:OID31431:v1:OncologyII	1.36798E-08	-0.572746179	4	105145875	105279816
ASGR1	HMCN2	trans-position, trans-gene	44585	104	44481	2.94e-08	0.531534709	0.343689902	0.719379517	0.095838346	ptvraredmg	InflammationII	HMCN2:Q8NDA2:OID30592:v1:InflammationII	7.23378E-09	0.542749335	17	7173431	7179564
STAB1	VIT	trans-position, trans-gene	45616	187	45429	2.95e-08	-0.36051011	-0.487935424	-0.233084796	0.065012384	ptv	CardiometabolicII	VIT:Q6UXI7:OID30334:v1:CardiometabolicII	2.42002E-09	-0.378764781	3	52495338	52524495
COMMD9	COMMD9	cis-position, cis-gene	45424	104	45320	2.96e-08	-0.540542685	-0.731627974	-0.349457396	0.097491687	flexnonsynmtr	OncologyII	COMMD9:Q9P000:OID31390:v1:OncologyII	2.87012E-08	-0.53049793	11	36269284	36289449
DPP10	DPP10	cis-position, cis-gene	45190	23	45167	2.96e-08	-1.125072778	-1.522761805	-0.727383751	0.202900856	UR	Inflammation	DPP10:Q8N608:OID20527:v1:Inflammation	3.17125E-07	-0.952336714	2	114442299	115845780
HIST1H2BL	PGR	trans-position, trans-gene	44339	15	44324	2.99e-08	1.436331754	0.928422948	1.94424056	0.259134831	UR	InflammationII	PGR:P06401:OID30460:v1:InflammationII	5.02329E-08	1.284586285	6	27807479	27807931
HAND1	CREG1	trans-position, trans-gene	44687	24	44663	3e-08	-1.116348269	-1.511129761	-0.721566776	0.201417372	raredmgmtr	Oncology	CREG1:O75629:OID21515:v1:Oncology	1.85039E-07	-0.895405766	5	154474972	154478264
PALM2-AKAP2	PALM2	cis-position, cis-gene	45493	17	45476	3.04e-08	-1.279485584	-1.732175156	-0.826796012	0.230962164	ptv	NeurologyII	PALM2:Q8IXS6:OID31096:v1:NeurologyII	1.54416E-08	-1.269770414	9	109780297	110172512
FUT6	FUT3_FUT5	cis-position, trans-gene	45644	42	45602	3.05e-08	-0.797269945	-1.079376644	-0.515163245	0.143930816	flexdmg	Neurology	FUT3_FUT5:P21217_Q11128:OID21013:v1:Neurology	4.13177E-09	-0.766245738	19	5830626	5839753
ABCA1	LCAT	trans-position, trans-gene	45669	772	44897	3.05e-08	-0.19665771	-0.266236761	-0.127078658	0.035499227	flexdmg	InflammationII	LCAT:P04180:OID30677:v1:InflammationII	2.25515E-08	-0.187501094	9	104781002	104928246
SLC12A5	ENTPD6	trans-position, trans-gene	44454	178	44276	3.08e-08	-0.41469105	-0.561466601	-0.267915499	0.074884821	flexnonsynmtr	Cardiometabolic	ENTPD6:O75354:OID20100:v1:Cardiometabolic	1.00265E-07	-0.384950761	20	46021690	46060150
ZNF8	NOS1	trans-position, trans-gene	44217	26	44191	3.08e-08	1.008877041	0.651804966	1.365949115	0.182177988	ptvraredmg	Neurology	NOS1:P29475:OID20863:v1:Neurology	3.64271E-09	1.005287073	19	58278952	58295888
TET2	SELL	trans-position, trans-gene	45680	153	45527	3.12e-08	0.432763051	0.279533231	0.585992872	0.078177844	ptvraredmg	InflammationII	SELL:P14151:OID30752:v1:InflammationII	1.74215E-08	0.427539617	4	105145875	105279816
G6PC	LEPR	trans-position, trans-gene	45275	247	45028	3.13e-08	0.344754843	0.222676311	0.466833376	0.062284444	flexdmg	Cardiometabolic	LEPR:P48357:OID20128:v1:Cardiometabolic	3.97594E-08	0.332978683	17	42900797	42914433
SCRN1	SCRN1	cis-position, cis-gene	45190	67	45123	3.13e-08	-0.668037663	-0.904604522	-0.431470803	0.120696361	flexdmg	Inflammation	SCRN1:Q12765:OID20542:v1:Inflammation	5.20295E-10	-0.729786855	7	29920104	29990289
VASN	VASN	cis-position, cis-gene	44542	24	44518	3.16e-08	-1.110880032	-1.504392424	-0.71736764	0.20076986	UR	Cardiometabolic	VASN:Q6EMK4:OID20345:v1:Cardiometabolic	1.17652E-11	-1.238897907	16	4371848	4383538
SMAD6	POSTN	trans-position, trans-gene	45606	121	45485	3.18e-08	0.495543279	0.319984138	0.67110242	0.089570258	UR	CardiometabolicII	POSTN:Q15063:OID30410:v1:CardiometabolicII	9.75222E-08	0.462631364	15	66702100	66782000
DNMT3B	SPESP1	trans-position, trans-gene	45616	8	45608	3.2e-08	1.786679552	1.153557965	2.419801138	0.323018579	ptv	CardiometabolicII	SPESP1:Q6UW49:OID30298:v1:CardiometabolicII	8.88406E-11	1.9706049	20	32762385	32809356
TET2	OSCAR	trans-position, trans-gene	45300	153	45147	3.24e-08	0.440996891	0.284661069	0.597332712	0.079762508	ptvraredmg	Inflammation	OSCAR:Q8IYS5:OID20776:v1:Inflammation	3.6148E-07	0.396096964	4	105145875	105279816
VMO1	VMO1	cis-position, cis-gene	45042	49	44993	3.24e-08	-0.776541522	-1.051831816	-0.501251228	0.140453037	flexdmg	Oncology	VMO1:Q7Z5L0:OID21381:v1:Oncology	1.85768E-08	-0.736888567	17	4785285	4786433
OBSCN	MYL3	trans-position, trans-gene	44457	498	43959	3.26e-08	0.229537205	0.148147554	0.310926855	0.041524964	ptv	CardiometabolicII	MYL3:P08590:OID30251:v1:CardiometabolicII	2.89279E-07	0.205623537	1	228208072	228378876
IL18RAP	IL1RL1	cis-position, trans-gene	45667	250	45417	3.3e-08	-0.321852662	-0.436015245	-0.207690078	0.058245742	rec	Cardiometabolic	IL1RL1:Q01638:OID20250:v1:Cardiometabolic	3.505E-08	-0.319184417	2	102418689	102452565
STAB2	DCN	trans-position, trans-gene	44454	745	43709	3.33e-08	0.189387823	0.12219352	0.256582127	0.034282504	flexnonsynmtr	Cardiometabolic	DCN:P07585:OID20106:v1:Cardiometabolic	3.29915E-09	0.190628474	12	103587273	103766719
POC1B-GALNT4	TNFRSF13C	trans-position, trans-gene	44437	178	44259	3.35e-08	0.403255005	0.260147631	0.54636238	0.073013319	flexdmg	Inflammation	TNFRSF13C:Q96RJ3:OID20480:v1:Inflammation	5.49645E-10	0.418618224	12	89519412	89526262
CLDN10	CDNF	trans-position, trans-gene	45042	41	45001	3.36e-08	0.836025355	0.539317605	1.132733105	0.151380217	UR	Oncology	CDNF:Q49AH0:OID21318:v1:Oncology	5.76014E-08	0.794212909	13	95433599	95579756
DUT	DUT	cis-position, cis-gene	45423	31	45392	3.38e-08	-0.979310785	-1.326947761	-0.631673808	0.177364335	raredmgmtr	OncologyII	DUT:P33316:OID31457:v1:OncologyII	3.36546E-08	-0.981031831	15	48331011	48343373
LCAT	CRH	trans-position, trans-gene	44113	173	43940	3.4e-08	-0.412637572	-0.559136907	-0.266138236	0.074743881	flexdmg	Oncology	CRH:P06850:OID21257:v1:Oncology	1.31051E-08	-0.40596973	16	67939750	67944131
LVRN	SOST	trans-position, trans-gene	45201	194	45007	3.4e-08	-0.366350988	-0.496416701	-0.236285274	0.0663595	flexdmg	Cardiometabolic	SOST:Q9BQB4:OID20204:v1:Cardiometabolic	1.59033E-07	-0.335252077	5	115954903	116027606
GFPT2	TNXB	trans-position, trans-gene	45260	393	44867	3.44e-08	0.270263691	0.17427119	0.366256193	0.048975356	flexdmg	Neurology	TNXB:P22105:OID21107:v1:Neurology	3.21613E-08	0.261288829	5	180300698	180353336
ASGR1	CD109	trans-position, trans-gene	45260	103	45157	3.45e-08	0.534057351	0.344361976	0.723752727	0.096782544	flexdmg	Neurology	CD109:Q6YHK3:OID21108:v1:Neurology	4.06132E-08	0.521065622	17	7173431	7179564
STAB1	LAMB1	trans-position, trans-gene	44457	185	44272	3.47e-08	-0.401454173	-0.544080811	-0.258827535	0.072768048	ptv	CardiometabolicII	LAMB1:P07942:OID30280:v1:CardiometabolicII	7.10172E-09	-0.411219365	3	52495338	52524495
DSC1	CDSN	trans-position, trans-gene	45602	67	45535	3.48e-08	0.661720823	0.426597231	0.896844414	0.119960035	ptv	Inflammation	CDSN:Q15517:OID20667:v1:Inflammation	5.21178E-08	0.643759134	18	31129236	31162856
MGAT1	NOMO1	trans-position, trans-gene	45260	39	45221	3.49e-08	-0.866157624	-1.17394949	-0.558365758	0.15703535	UR	Neurology	NOMO1:Q15155:OID21106:v1:Neurology	1.25557E-08	-0.861725123	5	180790541	180815652
GALNT4	TNFRSF13C	trans-position, trans-gene	44437	175	44262	3.49e-08	0.406147509	0.261825468	0.55046955	0.073633041	flexdmg	Inflammation	TNFRSF13C:Q96RJ3:OID20480:v1:Inflammation	5.65617E-10	0.421319402	12	89519412	89524806
ASGR1	NELL2	trans-position, trans-gene	45452	104	45348	3.53e-08	0.522456622	0.336743647	0.708169597	0.094750735	flexdmg	Inflammation	NELL2:Q99435:OID20706:v1:Inflammation	2.28805E-08	0.519470887	17	7173431	7179564
TIMD4	CES2	trans-position, trans-gene	45042	59	44983	3.54e-08	0.698323236	0.450060994	0.946585479	0.126663332	flexdmg	Oncology	CES2:O00748:OID21366:v1:Oncology	5.14123E-09	0.652009085	5	156919292	156963226
C17orf49	BAP18	cis-position, cis-gene	45493	25	45468	3.56e-08	-1.081174258	-1.465607749	-0.696740768	0.19613792	flexdmg	NeurologyII	BAP18:Q8IXM2:OID31150:v1:NeurologyII	3.14374E-09	-1.058682772	17	7014737	7017524
ZNF143	NPTX1	trans-position, trans-gene	45260	4	45256	3.56e-08	2.66412972	1.716816274	3.611443167	0.483319137	ptv	Neurology	NPTX1:Q15818:OID21074:v1:Neurology	9.95841E-07	1.925755993	11	9460965	9528524
ITGAV	ITGAV	cis-position, cis-gene	45621	167	45454	3.62e-08	-0.405601869	-0.549899549	-0.261304189	0.073620664	flexnonsynmtr	Oncology	ITGAV:P06756:OID21416:v1:Oncology	2.43067E-09	-0.41187907	2	186590056	186680901
IRF3	IFNL1	trans-position, trans-gene	44217	193	44024	3.63e-08	-0.395148619	-0.535732927	-0.25456431	0.071726042	flexdmg	Neurology	IFNL1:Q8IU54:OID20795:v1:Neurology	3.02096E-09	-0.406298778	19	49659569	49665875
IGF2R	CTSC	trans-position, trans-gene	45157	21	45136	3.68e-08	1.174111437	0.756202402	1.592020471	0.213217096	ptv	Inflammation	CTSC:P53634:OID20679:v1:Inflammation	3.08642E-08	1.179177501	6	159969082	160113507
PRLR	IL7R	cis-position, trans-gene	45260	188	45072	3.69e-08	-0.400004457	-0.542399607	-0.257609307	0.072649978	rec	Neurology	IL7R:P16871:OID21136:v1:Neurology	1.44338E-08	-0.407156163	5	35048756	35230589
FBXW5	DPP7	cis-position, trans-gene	44917	70	44847	3.75e-08	-0.651426149	-0.883444716	-0.419407582	0.118375804	rec	Cardiometabolic	DPP7:Q9UHL4:OID20142:v1:Cardiometabolic	8.17166E-07	-0.55728889	9	136940433	136944774
SLC34A3	CD55	trans-position, trans-gene	43681	342	43339	3.78e-08	0.286465293	0.184408972	0.388521614	0.052069065	flexdmg	Cardiometabolic	CD55:P08174:OID20377:v1:Cardiometabolic	4.54748E-07	0.249841737	9	137230757	137236555
MICA	MICB_MICA	cis-position, cis-gene	45190	33	45157	3.81e-08	-0.944239073	-1.280707933	-0.607770214	0.17166634	ptv	Inflammation	MICB_MICA:Q29980_Q29983:OID20593:v1:Inflammation	1.17993E-08	-0.884386597	6	31399784	31415315
CCL15	CCL15	cis-position, cis-gene	45810	36	45774	3.82e-08	-0.874937948	-1.186751666	-0.563124229	0.15908735	flexnonsynmtr	Cardiometabolic	CCL15:Q16663:OID20328:v1:Cardiometabolic	5.82207E-09	-0.891498249	17	35996440	36001553
CAPNS1	GFAP	trans-position, trans-gene	44106	20	44086	3.87e-08	-1.119657496	-1.518832597	-0.720482396	0.203658916	ptv	Oncology	GFAP:P14136:OID21247:v1:Oncology	3.90098E-08	-1.118412996	19	36139926	36150353
MANEAL	MANEAL	cis-position, cis-gene	44039	93	43946	3.89e-08	-0.570239664	-0.773578956	-0.366900373	0.10374359	ptvraredmg	OncologyII	MANEAL:Q5VSG8:OID31244:v1:OncologyII	9.8871E-07	-0.484606321	1	37793847	37801137
CORO1A	CORO1A	cis-position, cis-gene	44363	9	44354	3.9e-08	-1.796924337	-2.437702468	-1.156146207	0.326924701	ptv	Cardiometabolic	CORO1A:P31146:OID20286:v1:Cardiometabolic	3.42573E-08	-1.802233407	16	30182827	30189076
SELPLG	SELPLG	cis-position, cis-gene	45190	21	45169	3.91e-08	-1.152440818	-1.56345739	-0.741424246	0.209700567	ptv	Inflammation	SELPLG:Q14242:OID20560:v1:Inflammation	6.73335E-08	-1.149432456	12	108621895	108633894
SLC35A5	BOC	cis-position, trans-gene	44454	22	44432	3.93e-08	-1.146501456	-1.555447112	-0.7375558	0.208643893	rec	Cardiometabolic	BOC:Q9BWV1:OID20116:v1:Cardiometabolic	2.98979E-08	-1.108661593	3	112561709	112584439
STAB2	SPP1	trans-position, trans-gene	45739	764	44975	3.93e-08	0.189863535	0.1221381	0.25758897	0.034553513	flexnonsynmtr	Cardiometabolic	SPP1:P10451:OID20322:v1:Cardiometabolic	1.85546E-08	0.183083813	12	103587273	103766719
LVRN	MAN1A2	trans-position, trans-gene	44457	194	44263	3.97e-08	-0.37193803	-0.504652132	-0.239223928	0.067710677	flexdmg	CardiometabolicII	MAN1A2:O60476:OID30262:v1:CardiometabolicII	9.19655E-08	-0.348164357	5	115954903	116027606
CFAP20	ARL2BP	cis-position, trans-gene	44108	11	44097	3.98e-08	-1.648808489	-2.237165054	-1.060451925	0.300179196	ptv	CardiometabolicII	ARL2BP:Q9Y2Y0:OID30121:v1:CardiometabolicII	1.63398E-08	-1.555991019	16	58113592	58129392
STAB2	ANGPTL1	trans-position, trans-gene	44624	739	43885	4.01e-08	0.198362559	0.12756351	0.269161608	0.036121647	flexnonsynmtr	Cardiometabolic	ANGPTL1:O95841:OID20211:v1:Cardiometabolic	6.36234E-10	0.209429616	12	103587273	103766719
KDELR1	SUMF2	trans-position, trans-gene	45644	24	45620	4.04e-08	1.103447655	0.709510745	1.497384565	0.200986581	flexnonsynmtr	Neurology	SUMF2:Q8NBJ7:OID21032:v1:Neurology	8.32598E-10	1.145984289	19	48382570	48397689
CYP3A43	PILRB	cis-position, trans-gene	45275	56	45219	4.06e-08	-0.717803777	-0.974114834	-0.46149272	0.130769853	rec	Cardiometabolic	PILRB:Q9UKJ0:OID20197:v1:Cardiometabolic	2.7625E-08	-0.69442996	7	99828013	99867092
PSMG3	PSMG4	trans-position, trans-gene	44339	19	44320	4.07e-08	-1.219468307	-1.654929517	-0.784007096	0.222172102	flexdmg	InflammationII	PSMG4:Q5JS54:OID30514:v1:InflammationII	4.08486E-11	-1.333850992	7	1567332	1571005
MPL	GP1BA	trans-position, trans-gene	45047	341	44706	4.08e-08	0.294447492	0.189290626	0.399604357	0.053651006	flexdmg	Cardiometabolic	GP1BA:P07359:OID20381:v1:Cardiometabolic	1.16812E-08	0.299447919	1	43337418	43354464
NBEAL2	CLEC11A	trans-position, trans-gene	45188	35	45153	4.14e-08	0.912887084	0.586721451	1.239052717	0.166409636	ptv	Neurology	CLEC11A:Q9Y240:OID21112:v1:Neurology	1.06958E-08	0.893300008	3	46979683	47009704
JAK2	PRL	trans-position, trans-gene	45644	212	45432	4.16e-08	0.365029597	0.23458993	0.495469264	0.066550308	ptvraredmg	Neurology	PRL:P01236:OID21033:v1:Neurology	1.86282E-07	0.325417403	9	4985245	5128183
CTSD	LRRN1	trans-position, trans-gene	44437	65	44372	4.19e-08	-0.668451445	-0.907371244	-0.429531647	0.121896775	ptvraredmg	Inflammation	LRRN1:Q6UXK5:OID20438:v1:Inflammation	3.95649E-09	-0.688119643	11	1752752	1764573
IL10RB	BSND	trans-position, trans-gene	44039	31	44008	4.2e-08	-0.986737748	-1.339461575	-0.634013922	0.179959495	raredmg	OncologyII	BSND:Q8WZ55:OID31184:v1:OncologyII	2.67782E-07	-0.88205469	21	33266367	33310187
FABP3	FABP3	cis-position, cis-gene	45616	13	45603	4.2e-08	-1.35973264	-1.84580137	-0.87366391	0.247992224	ptvraredmg	CardiometabolicII	FABP3:P05413:OID30351:v1:CardiometabolicII	2.66161E-11	-1.546268143	1	31365253	31376850
GGACT	DNAJA1	trans-position, trans-gene	44039	20	44019	4.22e-08	-1.226555013	-1.665075643	-0.788034384	0.223732974	URmtr	OncologyII	DNAJA1:P31689:OID31204:v1:OncologyII	2.82753E-08	-1.211390686	13	100530164	100589528
FAM172A	FAM172A	cis-position, cis-gene	44457	13	44444	4.22e-08	-1.507569586	-2.046529323	-0.968609849	0.274977021	UR	CardiometabolicII	FAM172A:Q8WUF8:OID30248:v1:CardiometabolicII	2.25925E-07	-1.281358133	5	93617725	94111699
ALPL	KYNU	trans-position, trans-gene	45752	299	45453	4.25e-08	0.305086076	0.195990185	0.414181968	0.055660719	flexnonsynmtr	Inflammation	KYNU:Q16719:OID20669:v1:Inflammation	8.16934E-08	0.29298801	1	21508982	21578412
FCRL2	SLAMF8	trans-position, trans-gene	44180	64	44116	4.39e-08	-0.674590171	-0.91608039	-0.433099951	0.123208183	ptv	Oncology	SLAMF8:Q9P0V8:OID21214:v1:Oncology	6.06788E-07	-0.576002908	1	157745733	157777132
MTUS1	FGL1	cis-position, trans-gene	45669	548	45121	4.41e-08	-0.218833466	-0.297179985	-0.140486948	0.039972388	flexnonsynmtr	InflammationII	FGL1:Q08830:OID30702:v1:InflammationII	7.87837E-06	-0.154590993	8	17643795	17801094
COMP	PRELP	trans-position, trans-gene	45225	175	45050	4.49e-08	0.38728453	0.24854427	0.526024791	0.070785252	ptvraredmg	Inflammation	PRELP:P51888:OID20766:v1:Inflammation	1.58868E-08	0.380164396	19	18782773	18791305
SMAD6	PSPN	trans-position, trans-gene	45190	116	45074	4.49e-08	0.375617354	0.241056169	0.510178539	0.068653088	UR	Inflammation	PSPN:O60542:OID20511:v1:Inflammation	1.90623E-08	0.371239161	15	66702100	66782000
ANO5	HSPB6	trans-position, trans-gene	45621	18	45603	4.52e-08	1.102539314	0.707485305	1.497593323	0.201556522	rec	Oncology	HSPB6:O14558:OID21408:v1:Oncology	2.159E-08	1.105042465	11	22192513	22283367
SLC39A13	TCN1	trans-position, trans-gene	44808	46	44762	4.52e-08	-0.795590982	-1.080655449	-0.510526516	0.145439796	raredmg	InflammationII	TCN1:P20061:OID30687:v1:InflammationII	1.62213E-07	-0.75805245	11	47407132	47416500
PCSK1	PYY	trans-position, trans-gene	44108	37	44071	4.55e-08	0.87394881	0.560735801	1.187161819	0.159801105	URmtr	CardiometabolicII	PYY:P10082:OID30150:v1:CardiometabolicII	1.33335E-07	0.823777306	5	96390336	96433281
AGER	SFTPD	trans-position, trans-gene	45276	164	45112	4.55e-08	0.413336011	0.265203495	0.561468526	0.075577182	ptvraredmg	Cardiometabolic	SFTPD:P35247:OID20214:v1:Cardiometabolic	8.85286E-09	0.416001997	6	32180968	32184322
MKNK2	CD1C	trans-position, trans-gene	45388	78	45310	4.56e-08	-0.598135288	-0.812516128	-0.383754449	0.109377071	flexnonsynmtr	Oncology	CD1C:P29017:OID21483:v1:Oncology	1.33279E-06	-0.500186182	19	2037471	2051244
MRPL18	LPA	cis-position, trans-gene	44686	141	44545	4.57e-08	0.461085614	0.295818788	0.62635244	0.084319074	flexdmg	InflammationII	LPA:P08519:OID30747:v1:InflammationII	3.34844E-08	0.456675206	6	159790460	159798429
CHMP3	CRYBB2	trans-position, trans-gene	45493	162	45331	4.58e-08	0.418914066	0.268745404	0.569082727	0.076616033	flexdmg	NeurologyII	CRYBB2:P43320:OID31081:v1:NeurologyII	1.09318E-08	0.431422838	2	86503430	86563497
FCRL2	FCRL2	cis-position, cis-gene	45542	86	45456	4.63e-08	-0.579768049	-0.787668784	-0.371867315	0.106070932	flexdmg	Inflammation	FCRL2:Q96LA5:OID20639:v1:Inflammation	4.4747E-11	-0.651783283	1	157745733	157777132
LENG9	LAIR2	cis-position, trans-gene	44914	123	44791	4.64e-08	0.48733074	0.312572659	0.662088822	0.089161521	flexdmg	Neurology	LAIR2:Q6ISS4:OID20965:v1:Neurology	1.94273E-05	0.335999978	19	54461796	54463711
HS6ST1	HS6ST1	cis-position, cis-gene	45621	175	45446	4.65e-08	-0.406152531	-0.551812212	-0.26049285	0.074315557	flexdmg	Oncology	HS6ST1:O60243:OID21441:v1:Oncology	1.24912E-08	-0.403890218	2	128236716	128318868
DDX41	F12	cis-position, trans-gene	45680	177	45503	4.72e-08	-0.404001865	-0.548962985	-0.259040746	0.073959154	flexnonsynmtr	InflammationII	F12:P00748:OID30739:v1:InflammationII	2.22417E-08	-0.398774175	5	177511577	177516966
CEACAM6	CEACAM8	cis-position, trans-gene	44454	235	44219	4.8e-08	-0.340586631	-0.462860176	-0.218313085	0.062383909	flexnonsynmtr	Cardiometabolic	CEACAM8:P31997:OID20102:v1:Cardiometabolic	2.16896E-07	-0.302045305	19	41750977	41772211
CALB1	CALB1	cis-position, cis-gene	45042	26	45016	4.81e-08	-1.028486435	-1.397745556	-0.659227314	0.188395908	ptvraredmg	Oncology	CALB1:P05937:OID21306:v1:Oncology	8.61623E-10	-1.094992458	8	90058608	90095475
UPF3A	LY6D	trans-position, trans-gene	45024	150	44874	4.83e-08	-0.43393824	-0.589755933	-0.278120546	0.079498146	flexnonsynmtr	Inflammation	LY6D:Q14210:OID20708:v1:Inflammation	2.35898E-08	-0.410140284	13	114281584	114305817
STAB1	PRSS53	trans-position, trans-gene	45493	928	44565	4.89e-08	0.17295453	0.110824596	0.235084464	0.031698685	flexnonsynmtr	NeurologyII	PRSS53:Q2L4Q9:OID31093:v1:NeurologyII	1.17836E-06	0.146138143	3	52495338	52524495
G6PC	APCS	trans-position, trans-gene	45333	85	45248	4.9e-08	0.547976517	0.351114551	0.744838484	0.100438941	ptv	InflammationII	APCS:P02743:OID30778:v1:InflammationII	1.53003E-08	0.564238015	17	42900797	42914433
SLC34A3	CST3	trans-position, trans-gene	45357	408	44949	4.95e-08	0.248649574	0.15929118	0.338007967	0.045590638	flexnonsynmtr	Cardiometabolic	CST3:P01034:OID20400:v1:Cardiometabolic	1.1895E-08	0.246285077	9	137230757	137236555
CASC4	GOLM2	cis-position, cis-gene	45644	83	45561	4.95e-08	-0.593037458	-0.806151744	-0.379923171	0.108730892	flexdmg	Neurology	GOLM2:Q6P4E1:OID21044:v1:Neurology	1.49672E-07	-0.546045663	15	44288616	44415761
STAB1	TNFSF13	trans-position, trans-gene	45452	1243	44209	4.97e-08	0.147006317	0.094168244	0.199844391	0.026957978	flexdmg	Inflammation	TNFSF13:O75888:OID20733:v1:Inflammation	6.37508E-10	0.159962043	3	52495338	52524495
ABCA6	CXCL16	trans-position, trans-gene	45735	643	45092	4.99e-08	0.209539762	0.134217696	0.284861829	0.038429314	flexdmg	Cardiometabolic	CXCL16:Q9H2A7:OID20282:v1:Cardiometabolic	1.34457E-08	0.208553507	17	69078089	69141992
MST1R	TDGF1	trans-position, trans-gene	44217	174	44043	4.99e-08	0.412983169	0.264530427	0.56143591	0.075740512	ptv	Neurology	TDGF1:P13385:OID20816:v1:Neurology	3.32083E-08	0.40548755	3	49886981	49903873
CD7	CD7	cis-position, cis-gene	44267	20	44247	5.02e-08	-1.205734831	-1.63922763	-0.772242033	0.221167809	ptv	InflammationII	CD7:P09564:OID30543:v1:InflammationII	9.69408E-09	-1.235272621	17	82314868	82317608
TMEM251	CPQ	trans-position, trans-gene	45534	3	45531	5.02e-08	3.040833418	1.947547887	4.134118949	0.557794156	ptv	CardiometabolicII	CPQ:Q9Y646:OID30406:v1:CardiometabolicII	8.57322E-08	3.05114904	14	93184951	93187086
RPL17	NME3	trans-position, trans-gene	45300	58	45242	5.03e-08	-0.710042126	-0.965349568	-0.454734685	0.130257811	flexdmg	Inflammation	NME3:Q13232:OID20789:v1:Inflammation	2.02211E-08	-0.727599208	18	49488481	49492565
CD36	FSTL1	trans-position, trans-gene	44457	449	44008	5.05e-08	-0.255306029	-0.347112333	-0.163499725	0.046839536	flexdmg	CardiometabolicII	FSTL1:Q12841:OID30254:v1:CardiometabolicII	1.4839E-09	-0.256246389	7	80369575	80679277
TNFSF8	TNFSF8	cis-position, cis-gene	45606	14	45592	5.13e-08	-1.442898285	-1.962022869	-0.9237737	0.264857317	raredmgmtr	CardiometabolicII	TNFSF8:P32971:OID30384:v1:CardiometabolicII	1.99564E-07	-1.288270854	9	114893343	114930595
STK40	NUDT5	trans-position, trans-gene	45260	17	45243	5.14e-08	1.295486039	0.829365539	1.761606538	0.237814589	raredmgmtr	Neurology	NUDT5:Q9UKK9:OID21115:v1:Neurology	5.14564E-07	1.102552125	1	36339619	36385927
IGFBP3	IGFBP3	cis-position, cis-gene	45433	37	45396	5.19e-08	-0.85230059	-1.159058798	-0.545542382	0.156507994	flexdmg	Cardiometabolic	IGFBP3:P17936:OID20398:v1:Cardiometabolic	8.17055E-09	-0.85686831	7	45912245	45921874
SLF1	AFP	trans-position, trans-gene	44766	99	44667	5.25e-08	-0.525784991	-0.715094958	-0.336475025	0.09658588	ptvraredmg	Neurology	AFP:P02771:OID20978:v1:Neurology	5.74231E-06	-0.424347375	5	94615858	94714918
APOA5	LDLR	trans-position, trans-gene	45373	86	45287	5.25e-08	0.570392692	0.365014102	0.775771282	0.104784124	flexdmg	Cardiometabolic	LDLR:P01130:OID20240:v1:Cardiometabolic	1.04335E-07	0.545575944	11	116789370	116792420
PCSK6	FNDC1	trans-position, trans-gene	45493	426	45067	5.27e-08	-0.260752086	-0.354651062	-0.16685311	0.047907246	flexdmg	NeurologyII	FNDC1:Q4ZHG4:OID31127:v1:NeurologyII	2.85052E-09	-0.273534876	15	101303928	101489984
LRTM2	LRTM2	cis-position, cis-gene	45520	36	45484	5.33e-08	-0.876512808	-1.192270199	-0.560755416	0.161099385	ptvraredmg	NeurologyII	LRTM2:Q8N967:OID31020:v1:NeurologyII	5.31295E-08	-0.855156752	12	1820267	1836753
ASGR1	KIRREL2	trans-position, trans-gene	44217	103	44114	5.36e-08	0.522663669	0.334339384	0.710987954	0.096082953	flexdmg	Neurology	KIRREL2:Q6UWL6:OID20873:v1:Neurology	2.38883E-08	0.527207015	17	7173431	7179564
ABCA1	CLEC4A	trans-position, trans-gene	45190	761	44429	5.43e-08	-0.193297234	-0.262975249	-0.123619219	0.035549708	flexdmg	Inflammation	CLEC4A:Q9UMR7:OID20573:v1:Inflammation	1.6869E-07	-0.177119953	9	104781002	104928246
CCL14	CCL16	cis-position, trans-gene	45810	15	45795	5.44e-08	-1.285703108	-1.749163389	-0.822242828	0.236457422	flexdmg	Cardiometabolic	CCL16:O15467:OID20334:v1:Cardiometabolic	4.2341E-07	-1.158712878	17	35983288	35987004
SPPL2A	SCARB2	trans-position, trans-gene	44060	16	44044	5.44e-08	-1.246950426	-1.696454219	-0.797446633	0.229336581	ptv	Neurology	SCARB2:Q14108:OID20943:v1:Neurology	4.69087E-09	-1.305056616	15	50707533	50766158
AKR1B1	AKR1B1	cis-position, cis-gene	44180	101	44079	5.5e-08	-0.536158338	-0.729508334	-0.342808343	0.098647066	flexdmg	Oncology	AKR1B1:P15121:OID21244:v1:Oncology	5.99604E-09	-0.55929233	7	134442356	134459284
WNT9A	WNT9A	cis-position, cis-gene	44437	3	44434	5.5e-08	-2.766095022	-3.763579417	-1.768610627	0.508916093	ptv	Inflammation	WNT9A:O14904:OID20460:v1:Inflammation	5.11199E-08	-2.774645629	1	227918656	227947932
TMEM43	ANXA11	trans-position, trans-gene	45115	12	45103	5.57e-08	-1.562698749	-2.126472002	-0.998925496	0.28763698	ptv	Inflammation	ANXA11:P50995:OID20583:v1:Inflammation	2.93669E-07	-1.360431569	3	14124940	14143680
TAX1BP1	TAX1BP1	cis-position, cis-gene	45493	21	45472	5.63e-08	-1.153072655	-1.569195098	-0.736950213	0.212305619	ptv	NeurologyII	TAX1BP1:Q86VP1:OID31075:v1:NeurologyII	5.05196E-08	-1.15584603	7	27739331	27844564
GNPTAB	SCPEP1	trans-position, trans-gene	44318	74	44244	5.65e-08	0.623356021	0.398364872	0.84834717	0.114790376	ptv	CardiometabolicII	SCPEP1:Q9HB40:OID30278:v1:CardiometabolicII	2.42297E-10	0.673148406	12	101745497	101830867
PLXDC2	ADAM9	trans-position, trans-gene	45423	7	45416	5.66e-08	1.997549181	1.276533519	2.718564844	0.367862087	ptv	OncologyII	ADAM9:Q13443:OID31488:v1:OncologyII	5.55161E-08	2.001156572	10	19816239	20289856
SLC34A1	FGF23	trans-position, trans-gene	45551	257	45294	5.75e-08	-0.330041629	-0.449234174	-0.210849084	0.060812024	flexnonsynmtr	Oncology	FGF23:Q9GZV9:OID21411:v1:Oncology	1.44175E-08	-0.327016696	5	177384431	177398848
MYO1G	TGFA	trans-position, trans-gene	45190	539	44651	5.75e-08	0.231018291	0.147586663	0.314449919	0.042566799	flexdmg	Inflammation	TGFA:P01135:OID20600:v1:Inflammation	1.97547E-08	0.231552606	7	44962661	44979105
LCAT	MENT	trans-position, trans-gene	44654	173	44481	5.78e-08	-0.389089804	-0.52962892	-0.248550687	0.071703004	flexdmg	InflammationII	MENT:Q9BUN1:OID30595:v1:InflammationII	1.06553E-08	-0.391540394	16	67939750	67944131
SVEP1	PDGFA	trans-position, trans-gene	45810	193	45617	5.8e-08	-0.388610493	-0.528993148	-0.248227839	0.071623226	UR	Cardiometabolic	PDGFA:P04085:OID20313:v1:Cardiometabolic	1.09107E-05	-0.293311701	9	110365248	110579880
EPHX3	TMPRSS5	trans-position, trans-gene	44702	41	44661	5.86e-08	0.828345257	0.529007915	1.127682599	0.152721803	raredmg	Neurology	TMPRSS5:Q9H3S3:OID20947:v1:Neurology	9.16677E-09	0.84661251	19	15226919	15233047
TRMT1	LETM1	trans-position, trans-gene	45520	196	45324	5.87e-08	-0.384544816	-0.523513749	-0.245575883	0.070901934	flexnonsynmtr	NeurologyII	LETM1:O95202:OID31018:v1:NeurologyII	1.00184E-06	-0.32682046	19	13104900	13117567
ASGR1	SEMA4C	trans-position, trans-gene	45042	104	44938	5.94e-08	0.517900241	0.330666539	0.705133943	0.095526586	ptvraredmg	Oncology	SEMA4C:Q9C0C4:OID21329:v1:Oncology	5.10021E-08	0.508952121	17	7173431	7179564
PDGFRA	PDGFRA	cis-position, cis-gene	45276	8	45268	5.95e-08	-1.864083774	-2.538033036	-1.190134512	0.343848787	ptv	Cardiometabolic	PDGFRA:P16234:OID20133:v1:Cardiometabolic	7.11584E-08	-1.863066291	4	54229280	54298245
GPLD1	VNN1	trans-position, trans-gene	45669	275	45394	5.98e-08	-0.324579507	-0.441949321	-0.207209693	0.059882071	flexdmg	InflammationII	VNN1:O95497:OID30711:v1:InflammationII	3.25273E-07	-0.280656839	6	24425832	24495043
SIGLEC1	CD101	trans-position, trans-gene	45423	647	44776	6.24e-08	0.214910563	0.137089834	0.292731292	0.039704125	flexnonsynmtr	OncologyII	CD101:Q93033:OID31480:v1:OncologyII	7.56901E-08	0.198008558	20	3686970	3712600
KHNYN	REN	trans-position, trans-gene	45276	17	45259	6.26e-08	1.229612165	0.784301376	1.674922953	0.227197481	ptv	Cardiometabolic	REN:P00797:OID20201:v1:Cardiometabolic	3.86333E-07	1.095810071	14	24423171	24441342
FUT4	FCAR	trans-position, trans-gene	45190	83	45107	6.33e-08	0.588098811	0.375036736	0.801160887	0.108704225	flexdmg	Inflammation	FCAR:P24071:OID20564:v1:Inflammation	1.36201E-09	0.622170788	11	94543851	94549898
PRSS12	AGRN	trans-position, trans-gene	45452	113	45339	6.34e-08	-0.49377371	-0.672668397	-0.314879022	0.091272045	ptv	Inflammation	AGRN:O00468:OID20786:v1:Inflammation	9.71255E-09	-0.505605376	4	118280038	118352815
SLC34A3	PIK3IP1	trans-position, trans-gene	45260	350	44910	6.36e-08	0.265676412	0.169408723	0.361944101	0.049115756	flexdmg	Neurology	PIK3IP1:Q96FE7:OID21094:v1:Neurology	8.05352E-08	0.251594548	9	137230757	137236555
ASGR1	IL1R1	trans-position, trans-gene	45185	103	45082	6.38e-08	0.525076943	0.334803257	0.71535063	0.097077594	flexdmg	Neurology	IL1R1:P14778:OID21116:v1:Neurology	6.88303E-08	0.513408381	17	7173431	7179564
PRRC2A	MMP8	trans-position, trans-gene	45565	23	45542	6.41e-08	1.113070817	0.709657592	1.516484043	0.205821387	URmtr	Neurology	MMP8:P22894:OID21019:v1:Neurology	1.56917E-08	1.117122363	6	31620673	31637777
GPR151	CDHR5	trans-position, trans-gene	45276	148	45128	6.45e-08	-0.43853866	-0.597514408	-0.279562913	0.081109396	flexdmg	Cardiometabolic	CDHR5:Q9HBB8:OID20193:v1:Cardiometabolic	9.86857E-08	-0.413371459	5	146514854	146516113
MOB3A	TPM3	trans-position, trans-gene	44108	9	44099	6.47e-08	-1.784126687	-2.43096836	-1.137285014	0.330018266	URmtr	CardiometabolicII	TPM3:P06753:OID30058:v1:CardiometabolicII	1.49146E-06	-1.377011467	19	2071032	2096502
TMX2	LMOD1	trans-position, trans-gene	44457	19	44438	6.48e-08	1.093897117	0.697292556	1.490501678	0.202347473	raredmgmtr	CardiometabolicII	LMOD1:P29536:OID30212:v1:CardiometabolicII	1.05343E-06	0.967663491	11	57712523	57740973
ECM2	ADH1B	trans-position, trans-gene	44654	12	44642	6.51e-08	1.494407826	0.952508559	2.036307093	0.276476801	URmtr	InflammationII	ADH1B:P00325:OID30612:v1:InflammationII	2.73933E-06	1.208521954	9	92493547	92536092
ST3GAL4	CEACAM6	trans-position, trans-gene	45606	120	45486	6.54e-08	-0.485341094	-0.661367019	-0.309315168	0.089808411	flexnonsynmtr	CardiometabolicII	CEACAM6:P40199:OID30362:v1:CardiometabolicII	5.18306E-08	-0.472373363	11	126355645	126652917
ASGR1	MYOC	trans-position, trans-gene	45260	68	45192	6.57e-08	0.624064051	0.397697965	0.850430137	0.115491933	raredmg	Neurology	MYOC:Q99972:OID21121:v1:Neurology	6.1578E-08	0.609922716	17	7173431	7179564
NT5M	VTCN1	trans-position, trans-gene	44180	28	44152	6.57e-08	-1.007168958	-1.372496444	-0.641841472	0.186389891	raredmg	Oncology	VTCN1:Q7Z7D3:OID21164:v1:Oncology	6.98343E-08	-0.977185367	17	17303366	17347663
RBP1	RBP1	cis-position, cis-gene	44410	132	44278	6.59e-08	-0.46872506	-0.638766463	-0.298683656	0.086755047	flexdmg	NeurologyII	RBP1:P09455:OID30913:v1:NeurologyII	1.15227E-08	-0.488186797	3	139517434	139539829
NUDT5	NUDT5	cis-position, cis-gene	45260	13	45247	6.64e-08	-1.46890471	-2.001913991	-0.935895429	0.271941232	UR	Neurology	NUDT5:Q9UKK9:OID21115:v1:Neurology	3.33071E-11	-1.68109595	10	12165330	12196144
TADA1	MMP1	trans-position, trans-gene	43610	69	43541	6.68e-08	-0.643943244	-0.877649877	-0.410236611	0.119236958	flexdmg	Inflammation	MMP1:P03956:OID20672:v1:Inflammation	8.22749E-08	-0.603205647	1	166856510	166876417
CD36	NID2	trans-position, trans-gene	45260	462	44798	6.68e-08	-0.251167843	-0.342327127	-0.160008559	0.046509449	flexdmg	Neurology	NID2:Q14112:OID21085:v1:Neurology	7.45978E-09	-0.24255171	7	80369575	80679277
SH2B3	LAIR1	trans-position, trans-gene	45225	304	44921	6.73e-08	0.289073394	0.184132409	0.394014378	0.053540869	flexnonsynmtr	Inflammation	LAIR1:Q6GTX8:OID20737:v1:Inflammation	2.67089E-07	0.26399034	12	111405923	111451623
APOB	TNFSF12	trans-position, trans-gene	45752	79	45673	6.74e-08	-0.59730224	-0.814144063	-0.380460417	0.110632688	ptv	Inflammation	TNFSF12:O43508:OID20624:v1:Inflammation	2.2049E-07	-0.551781128	2	21001429	21044073
ASGR1	BMP6	trans-position, trans-gene	44382	101	44281	6.8e-08	0.533944796	0.340041353	0.727848239	0.098929447	ptvraredmg	Cardiometabolic	BMP6:P22004:OID20111:v1:Cardiometabolic	7.03272E-08	0.521213173	17	7173431	7179564
CHRNA3	CDC123	trans-position, trans-gene	44039	211	43828	6.85e-08	0.373061198	0.237550668	0.508571727	0.069137394	flexdmg	OncologyII	CDC123:O75794:OID31242:v1:OncologyII	2.6381E-09	0.396754246	15	78593052	78621295
TET2	SIGLEC6	trans-position, trans-gene	45621	191	45430	6.92e-08	0.387980754	0.247000667	0.528960842	0.071928029	flexdmg	Oncology	SIGLEC6:O43699:OID21394:v1:Oncology	3.95444E-07	0.354765868	4	105145875	105279816
DCUN1D2	RICTOR	trans-position, trans-gene	44339	11	44328	6.94e-08	-1.621523159	-2.210789543	-1.032256776	0.300643428	ptv	InflammationII	RICTOR:Q6R327:OID30433:v1:InflammationII	6.98477E-08	-1.621182893	13	113455819	113490951
SMG5	CA7	trans-position, trans-gene	44858	56	44802	6.96e-08	-0.720788147	-0.982749921	-0.458826373	0.133652814	flexdmg	OncologyII	CA7:P43166:OID31265:v1:OncologyII	p>0.0001	p>0.0001	1	156249224	156282885
CD36	ANGPT1	trans-position, trans-gene	45092	459	44633	6.98e-08	-0.251114994	-0.342388561	-0.159841427	0.046567752	flexdmg	Inflammation	ANGPT1:Q15389:OID20740:v1:Inflammation	5.79893E-11	-0.275648228	7	80369575	80679277
CD163	GGH	trans-position, trans-gene	44485	20	44465	6.98e-08	1.188886898	0.756769022	1.621004775	0.220466354	URmtr	Cardiometabolic	GGH:Q92820:OID20416:v1:Cardiometabolic	2.56521E-07	1.105185885	12	7470811	7503893
SLAMF7	FCGR2A	cis-position, trans-gene	45054	70	44984	7.01e-08	-0.63088332	-0.860215466	-0.401551175	0.117005202	flexdmg	Cardiometabolic	FCGR2A:P12318:OID20391:v1:Cardiometabolic	2.6329E-07	-0.593888226	1	160739057	160754821
GNPTG	CPVL	trans-position, trans-gene	45540	297	45243	7.02e-08	0.314334068	0.200064228	0.428603907	0.05830046	flexdmg	Oncology	CPVL:Q9H3G5:OID21435:v1:Oncology	2.15347E-07	0.288405404	16	1351899	1363351
ADAM8	CD72	trans-position, trans-gene	44654	155	44499	7.08e-08	-0.425342083	-0.580009287	-0.270674878	0.078911149	ptv	InflammationII	CD72:P21854:OID30641:v1:InflammationII	1.77802E-08	-0.43228581	10	133262420	133276868
TNR	TNR	cis-position, cis-gene	44914	276	44638	7.08e-08	-0.314886284	-0.429390805	-0.200381763	0.058420172	ptvraredmg	Neurology	TNR:Q92752:OID20957:v1:Neurology	8.08241E-05	-0.211713849	1	175315194	175743616
CD36	TIMP3	trans-position, trans-gene	45452	466	44986	7.09e-08	-0.247262324	-0.337181515	-0.157343133	0.045876759	flexdmg	Inflammation	TIMP3:P35625:OID20684:v1:Inflammation	2.10657E-08	-0.231564912	7	80369575	80679277
IFNGR2	IFNGR2	cis-position, cis-gene	44914	136	44778	7.12e-08	-0.456723274	-0.622837416	-0.290609132	0.084751386	flexnonsynmtr	Neurology	IFNGR2:P38484:OID20941:v1:Neurology	1.29166E-09	-0.491486294	21	33403413	33479348
RORC	CRNN	cis-position, trans-gene	43934	16	43918	7.13e-08	-1.272606585	-1.735470543	-0.809742627	0.236152911	rec	Oncology	CRNN:Q9UBG3:OID21427:v1:Oncology	7.02516E-08	-1.234456992	1	151806071	151832238
SVEP1	SPARC	trans-position, trans-gene	45388	193	45195	7.14e-08	-0.386901059	-0.527633947	-0.24616817	0.071801898	UR	Oncology	SPARC:P09486:OID21511:v1:Oncology	2.98635E-07	-0.341785701	9	110365248	110579880
HTRA1	ELN	trans-position, trans-gene	45616	156	45460	7.25e-08	-0.316627808	-0.431855526	-0.20140009	0.058789172	flexnonsynmtr	CardiometabolicII	ELN:P15502:OID30301:v1:CardiometabolicII	5.9329E-09	-0.32724228	10	122461525	122514908
MTA3	TREM2	trans-position, trans-gene	45225	41	45184	7.28e-08	-0.775898945	-1.058309445	-0.493488444	0.14408578	UR	Inflammation	TREM2:Q9NZC2:OID20731:v1:Inflammation	1.99586E-07	-0.736014699	2	42494569	42795030
OR4D1	ATP6AP2	trans-position, trans-gene	44180	7	44173	7.52e-08	2.004713837	1.274240051	2.735187623	0.372687341	UR	Oncology	ATP6AP2:O75787:OID21178:v1:Oncology	2.15161E-06	1.657133324	17	58155154	58156086
PKD1	MMP7	trans-position, trans-gene	44381	16	44365	7.52e-08	1.280793262	0.814104603	1.747481921	0.238104338	ptv	Cardiometabolic	MMP7:P09237:OID20087:v1:Cardiometabolic	1.8534E-08	1.300799832	16	2088708	2135898
PRRC2A	MMP9	trans-position, trans-gene	45183	23	45160	7.52e-08	1.097483554	0.697593259	1.49737385	0.204023942	URmtr	Neurology	MMP9:P14780:OID21103:v1:Neurology	1.06988E-08	1.123568648	6	31620673	31637777
TTYH1	LAIR1	cis-position, trans-gene	45225	156	45069	7.65e-08	-0.401174144	-0.547431399	-0.254916889	0.074620422	flexnonsynmtr	Inflammation	LAIR1:Q6GTX8:OID20737:v1:Inflammation	3.61403E-07	-0.366803103	19	54415426	54436719
STAB1	PPP3R1	trans-position, trans-gene	44914	1217	43697	7.66e-08	0.153976256	0.097838198	0.210114314	0.028641621	flexdmg	Neurology	PPP3R1:P63098:OID20902:v1:Neurology	6.1006E-10	0.169529294	3	52495338	52524495
RND2	AOC3	cis-position, trans-gene	45433	112	45321	7.67e-08	-0.480949774	-0.656309474	-0.305590075	0.089468494	flexnonsynmtr	Cardiometabolic	AOC3:Q16853:OID20389:v1:Cardiometabolic	5.39034E-08	-0.470289498	17	43025241	43032041
GNL3	MST1	trans-position, trans-gene	45072	135	44937	7.69e-08	-0.463826945	-0.63295781	-0.29469608	0.086290525	flexdmg	InflammationII	MST1:P26927:OID30713:v1:InflammationII	1.17754E-07	-0.442359387	3	52685920	52694497
GALNT12	ANGPTL1	trans-position, trans-gene	44624	114	44510	7.72e-08	-0.490750228	-0.669723079	-0.311777377	0.091311879	raredmg	Cardiometabolic	ANGPTL1:O95841:OID20211:v1:Cardiometabolic	3.56745E-08	-0.475845357	9	98807699	98850081
STAB1	CCN1	trans-position, trans-gene	44967	907	44060	7.76e-08	0.174109357	0.110601995	0.237616719	0.032401438	flexnonsynmtr	Oncology	CCN1:O00622:OID21368:v1:Oncology	6.08235E-07	0.152147596	3	52495338	52524495
TET2	HBEGF	trans-position, trans-gene	45488	78	45410	7.77e-08	-0.602176949	-0.821830395	-0.382523504	0.112067161	URmtr	Oncology	HBEGF:Q99075:OID21465:v1:Oncology	5.48857E-09	-0.643250457	4	105145875	105279816
ABCA1	SLC39A5	trans-position, trans-gene	45190	761	44429	7.84e-08	-0.184494135	-0.251813706	-0.117174563	0.034346431	flexdmg	Inflammation	SLC39A5:Q6ZMH5:OID20539:v1:Inflammation	2.62369E-08	-0.18035979	9	104781002	104928246
STAB1	TIMP2	trans-position, trans-gene	45616	919	44697	7.84e-08	0.176760143	0.112263175	0.241257111	0.032906347	flexnonsynmtr	CardiometabolicII	TIMP2:P16035:OID30318:v1:CardiometabolicII	1.09866E-07	0.164555244	3	52495338	52524495
CD83	CD83	cis-position, cis-gene	45190	3	45187	7.88e-08	-3.006919726	-4.104258885	-1.909580566	0.559862204	UR	Inflammation	CD83:Q01151:OID20565:v1:Inflammation	6.75414E-08	-3.02454945	6	14117256	14136918
B4GALNT3	ERBB4	trans-position, trans-gene	45388	338	45050	7.9e-08	0.284408377	0.180608143	0.388208611	0.052958863	flexdmg	Oncology	ERBB4:Q15303:OID21510:v1:Oncology	5.48213E-09	0.294159528	12	460377	561892
BSG	BSG	cis-position, cis-gene	45673	21	45652	7.93e-08	-1.119061223	-1.527545613	-0.710576834	0.208408707	raredmgmtr	Inflammation	BSG:P35613:OID20626:v1:Inflammation	1.73348E-08	-1.124928985	19	571277	583494
ASGR1	FLT4	trans-position, trans-gene	45388	104	45284	7.95e-08	0.518361095	0.329135333	0.707586857	0.096542954	flexdmg	Oncology	FLT4:P35916:OID21491:v1:Oncology	1.17196E-08	0.538311913	17	7173431	7179564
PKD2L2	RNASEH2A	trans-position, trans-gene	45520	65	45455	8.14e-08	-0.659692315	-0.900708624	-0.418676006	0.122966493	ptv	NeurologyII	RNASEH2A:O75792:OID31027:v1:NeurologyII	7.67129E-08	-0.656225589	5	137889211	137942747
RPL28	WNT9A	trans-position, trans-gene	44437	49	44388	8.25e-08	-0.675694652	-0.922662187	-0.428727116	0.126002726	ptv	Inflammation	WNT9A:O14904:OID20460:v1:Inflammation	1.66405E-07	-0.653342127	19	55385101	55403245
NFX1	SPINK4	cis-position, trans-gene	45190	262	44928	8.39e-08	0.320274575	0.20314548	0.437403669	0.059759239	flexnonsynmtr	Inflammation	SPINK4:O60575:OID20509:v1:Inflammation	2.50611E-08	0.316162323	9	33290512	33371157
SMAD6	ANGPT2	trans-position, trans-gene	45621	121	45500	8.42e-08	0.476994105	0.302532366	0.651455844	0.089010364	UR	Oncology	ANGPT2:O15123:OID21463:v1:Oncology	1.01624E-07	0.458986271	15	66702100	66782000
CLSPN	ITIH3	trans-position, trans-gene	45433	356	45077	8.48e-08	0.263915209	0.167362424	0.360467995	0.049261218	flexnonsynmtr	Cardiometabolic	ITIH3:Q06033:OID20352:v1:Cardiometabolic	4.28792E-07	0.233367716	1	35720218	35769978
STAB2	PTPRZ1	trans-position, trans-gene	45616	756	44860	8.48e-08	0.177705913	0.112691504	0.242720322	0.033170346	flexnonsynmtr	CardiometabolicII	PTPRZ1:P23471:OID30343:v1:CardiometabolicII	1.16556E-07	0.164794314	12	103587273	103766719
EEF1D	EPPK1	cis-position, trans-gene	44457	369	44088	8.49e-08	0.272454158	0.172772627	0.372135688	0.050857473	rec	CardiometabolicII	EPPK1:P58107:OID30250:v1:CardiometabolicII	3.74929E-07	0.260029536	8	143579697	143599541
STAB1	PON1	trans-position, trans-gene	45669	1241	44428	8.59e-08	0.151137923	0.095819573	0.206456272	0.028223418	flexdmg	InflammationII	PON1:P27169:OID30704:v1:InflammationII	8.71173E-08	0.144765771	3	52495338	52524495
ANO5	NOS1	trans-position, trans-gene	44217	18	44199	8.69e-08	1.171864023	0.742781975	1.60094607	0.218917439	rec	Neurology	NOS1:P29475:OID20863:v1:Neurology	3.80179E-08	1.177267164	11	22192513	22283367
SLC22A5	NID2	trans-position, trans-gene	45260	366	44894	8.73e-08	-0.279333656	-0.381626604	-0.177040708	0.052189842	flexdmg	Neurology	NID2:Q14112:OID21085:v1:Neurology	4.64115E-06	-0.206542183	5	132369704	132395614
AKR1D1	AGRP	trans-position, trans-gene	45752	113	45639	8.79e-08	-0.484447778	-0.661897142	-0.306998413	0.090534658	ptvraredmg	Inflammation	AGRP:O00253:OID20658:v1:Inflammation	4.07538E-07	-0.447993187	7	138076432	138118304
SLC34A3	NECTIN2	trans-position, trans-gene	45201	354	44847	8.92e-08	0.276972369	0.175468623	0.378476116	0.05178719	flexdmg	Cardiometabolic	NECTIN2:Q92692:OID20222:v1:Cardiometabolic	2.42667E-08	0.275438555	9	137230757	137236555
P2RY6	IL12A_IL12B	trans-position, trans-gene	45042	90	44952	8.95e-08	-0.550269439	-0.75195142	-0.348587457	0.102898095	ptvraredmg	Oncology	IL12A_IL12B:P29459_P29460:OID21327:v1:Oncology	3.54103E-08	-0.534204566	11	73264496	73298625
STAB1	ITGBL1	trans-position, trans-gene	45606	1241	44365	8.95e-08	0.144424851	0.091491685	0.197358018	0.027006497	flexdmg	CardiometabolicII	ITGBL1:O95965:OID30408:v1:CardiometabolicII	5.63883E-08	0.140905214	3	52495338	52524495
HP	C4BPB	trans-position, trans-gene	45388	96	45292	8.97e-08	0.524178943	0.332047231	0.716310655	0.09802557	ptvraredmg	Oncology	C4BPB:P20851:OID21481:v1:Oncology	5.5633E-06	0.426097267	16	72054609	72061056
PSAP	CTSD	trans-position, trans-gene	42322	10	42312	8.97e-08	1.611934303	1.021108427	2.20276018	0.301438688	ptv	Cardiometabolic	CTSD:P07339:OID20358:v1:Cardiometabolic	2.53067E-08	1.601295143	10	71816298	71851251
EPB41L1	NPL	trans-position, trans-gene	45616	184	45432	9e-08	0.351003503	0.222331418	0.479675588	0.065648486	ptvraredmg	CardiometabolicII	NPL:Q9BXD5:OID30329:v1:CardiometabolicII	1.33857E-06	0.300951131	20	36064891	36232799
ABCA6	SMOC1	trans-position, trans-gene	45621	647	44974	9.12e-08	0.195193504	0.123607053	0.266779956	0.036523402	flexdmg	Oncology	SMOC1:Q9H4F8:OID21461:v1:Oncology	4.21015E-09	0.205239457	17	69078089	69141992
ABCA1	SCGB3A1	trans-position, trans-gene	44654	761	43893	9.14e-08	-0.188420178	-0.257527639	-0.119312718	0.0352586	flexdmg	InflammationII	SCGB3A1:Q96QR1:OID30577:v1:InflammationII	1.33477E-07	-0.17621392	9	104781002	104928246
STAB1	ARSA	trans-position, trans-gene	45260	717	44543	9.27e-08	0.194463447	0.123105845	0.265821048	0.036406635	ptvraredmg	Neurology	ARSA:P15289:OID21138:v1:Neurology	1.71348E-08	0.193301935	3	52495338	52524495
TMEM43	SAMD9L	trans-position, trans-gene	45190	12	45178	9.42e-08	-1.515107553	-2.071375182	-0.958839923	0.283807625	ptv	Inflammation	SAMD9L:Q8IVG5:OID20536:v1:Inflammation	4.05464E-07	-1.330774332	3	14124940	14143680
CLDN10	RELT	trans-position, trans-gene	45260	41	45219	9.46e-08	0.743062242	0.470201843	1.015922641	0.139213323	UR	Neurology	RELT:Q969Z4:OID21142:v1:Neurology	5.24355E-07	0.672647378	13	95433599	95579756
CFB	CFP	trans-position, trans-gene	45680	106	45574	9.52e-08	0.502836148	0.318149669	0.687522627	0.094227029	ptvraredmg	InflammationII	CFP:P27918:OID30784:v1:InflammationII	1.50409E-08	0.510882225	6	31945650	31952086
STAB2	SPOCK1	trans-position, trans-gene	44914	749	44165	9.57e-08	0.190234837	0.120352628	0.260117046	0.035653882	flexnonsynmtr	Neurology	SPOCK1:Q08629:OID20924:v1:Neurology	2.94806E-09	0.199082358	12	103587273	103766719
CCDC80	CCDC80	cis-position, cis-gene	45276	14	45262	9.63e-08	-1.283032652	-1.75445943	-0.811605874	0.240521853	ptv	Cardiometabolic	CCDC80:Q76M96:OID20226:v1:Cardiometabolic	1.47528E-10	-1.402459511	3	112596797	112649530
NME6	TDGF1	trans-position, trans-gene	44217	117	44100	9.63e-08	0.492445436	0.311506376	0.673384496	0.092315015	flexnonsynmtr	Neurology	TDGF1:P13385:OID20816:v1:Neurology	1.16669E-07	0.464822476	3	48292317	48302246
ASGR1	NTRK3	trans-position, trans-gene	45644	106	45538	9.69e-08	0.502898015	0.318083246	0.687712785	0.094292481	flexdmg	Neurology	NTRK3:Q16288:OID21057:v1:Neurology	2.80673E-08	0.51212311	17	7173431	7179564
POLR2B	SPINK2	cis-position, trans-gene	44654	18	44636	9.8e-08	1.094644488	0.692204257	1.49708472	0.205324854	ptv	InflammationII	SPINK2:P20155:OID30627:v1:InflammationII	5.38858E-07	1.016320432	4	56978640	57031162
CHODL	TBC1D17	trans-position, trans-gene	44217	16	44201	9.82e-08	1.297011842	0.820133571	1.773890112	0.243303048	URmtr	Neurology	TBC1D17:Q9HA65:OID20844:v1:Neurology	2.47871E-08	1.211911042	21	17819595	18267373
CX3CL1	CX3CL1	cis-position, cis-gene	44914	146	44768	9.84e-08	0.432928842	0.273742674	0.592115009	0.081216735	flexnonsynmtr	Neurology	CX3CL1:P78423:OID20976:v1:Neurology	7.68623E-09	0.449863854	16	57372477	57385044
ABCA6	DKKL1	trans-position, trans-gene	45042	639	44403	1e-07	0.20474599	0.12941948	0.280072501	0.038431566	flexdmg	Oncology	DKKL1:Q9UK85:OID21313:v1:Oncology	1.64387E-09	0.221042629	17	69078089	69141992
TCF7	SCRIB	trans-position, trans-gene	45423	42	45381	1e-07	0.814068667	0.514557264	1.113580071	0.152810675	raredmgmtr	OncologyII	SCRIB:Q14160:OID31455:v1:OncologyII	6.5026E-09	0.804918487	5	134114703	134148229
PCYT2	PCYT2	cis-position, cis-gene	45423	25	45398	1.01e-07	-1.056600641	-1.445504299	-0.667696982	0.19841859	ptv	OncologyII	PCYT2:Q99447:OID31519:v1:OncologyII	2.93476E-07	-0.998190626	17	81900958	81911432
CGAS	CD109	cis-position, trans-gene	45260	29	45231	1.02e-07	0.970101846	0.612933605	1.327270086	0.182227167	rec	Neurology	CD109:Q6YHK3:OID21108:v1:Neurology	4.45803E-08	0.968727558	6	73416258	73452330
IRX2	GOT1	trans-position, trans-gene	45606	125	45481	1.02e-07	0.458895703	0.289980701	0.627810706	0.086180419	flexdmg	CardiometabolicII	GOT1:P17174:OID30417:v1:CardiometabolicII	2.86024E-08	0.459309872	5	2741863	2751655
C16orf71	VASN	cis-position, trans-gene	44542	55	44487	1.02e-07	-0.706200452	-0.966217732	-0.446183172	0.132660709	rec	Cardiometabolic	VASN:Q6EMK4:OID20345:v1:Cardiometabolic	6.36876E-08	-0.704684713	16	4734288	4749396
SELENON	EGFL7	trans-position, trans-gene	44180	276	43904	1.03e-07	-0.30722116	-0.420346524	-0.194095796	0.057716501	flexdmg	Oncology	EGFL7:Q9UHF1:OID21252:v1:Oncology	4.18911E-07	-0.277678788	1	25800176	25818222
HP	GALNT2	trans-position, trans-gene	45621	12	45609	1.03e-07	1.487951564	0.93997848	2.035924649	0.279575821	ptv	Oncology	GALNT2:Q10471:OID21423:v1:Oncology	1.20782E-07	1.486620844	16	72054609	72061056
KNG1	RAB6A	trans-position, trans-gene	45190	90	45100	1.03e-07	-0.548400942	-0.7503467	-0.346455184	0.103032682	flexdmg	Inflammation	RAB6A:P20340:OID20608:v1:Inflammation	1.64565E-07	-0.521707537	3	186717309	186744410
CCDC127	PDCD6	cis-position, trans-gene	45276	32	45244	1.04e-07	-0.935808756	-1.280554043	-0.591063469	0.17588898	ptv	Cardiometabolic	PDCD6:O75340:OID20163:v1:Cardiometabolic	9.81597E-08	-0.923892015	5	204760	218182
UGT2A2	CRTAC1	trans-position, trans-gene	45810	54	45756	1.05e-07	-0.681509143	-0.932671993	-0.430346293	0.128143279	rec	Cardiometabolic	CRTAC1:Q9NQ79:OID20279:v1:Cardiometabolic	9.17864E-06	-0.520370935	4	69588417	69639642
TIMD4	LDLR	trans-position, trans-gene	45373	58	45315	1.06e-07	0.678156852	0.428172409	0.928141295	0.127542023	flexdmg	Cardiometabolic	LDLR:P01130:OID20240:v1:Cardiometabolic	8.77284E-08	0.601340594	5	156919292	156963226
SERPINH1	SERPINH1	cis-position, cis-gene	44858	97	44761	1.06e-07	-0.534262256	-0.731224803	-0.337299709	0.100490229	flexnonsynmtr	OncologyII	SERPINH1:P50454:OID31322:v1:OncologyII	4.29893E-08	-0.525348108	11	75562056	75572783
RAD51	WDR46	trans-position, trans-gene	45424	18	45406	1.06e-07	1.247187674	0.7874727	1.706902648	0.234546513	raredmgmtr	OncologyII	WDR46:O15213:OID31389:v1:OncologyII	1.24118E-06	1.029398458	15	40694774	40732340
LCAT	APOF	trans-position, trans-gene	45669	177	45492	1.07e-07	-0.369551599	-0.50581411	-0.233289088	0.069521124	flexdmg	InflammationII	APOF:Q13790:OID30701:v1:InflammationII	3.79696E-08	-0.365415001	16	67939750	67944131
TMEM43	YARS1	trans-position, trans-gene	45423	12	45411	1.07e-07	-1.515969178	-2.075059112	-0.956879245	0.285247603	ptv	OncologyII	YARS1:P54577:OID31494:v1:OncologyII	4.41096E-07	-1.335167073	3	14124940	14143680
COL28A1	COL28A1	cis-position, cis-gene	44410	37	44373	1.08e-07	-0.849528804	-1.162886553	-0.536171055	0.159874981	ptv	NeurologyII	COL28A1:Q2UY09:OID30969:v1:NeurologyII	8.15127E-06	-0.612729198	7	7356203	7535873
MIOX	IL1R2	trans-position, trans-gene	45157	13	45144	1.08e-07	-1.419133251	-1.942619943	-0.89564656	0.267082793	UR	Inflammation	IL1R2:P27930:OID20757:v1:Inflammation	2.55287E-06	-1.144962783	22	50483988	50490321
PZP	PZP	cis-position, cis-gene	45680	165	45515	1.08e-07	-0.303553729	-0.415540889	-0.191566569	0.057135841	flexdmg	InflammationII	PZP:P20742:OID30730:v1:InflammationII	1.79497E-09	-0.314694579	12	9148840	9208395
TBC1D9B	CD302	trans-position, trans-gene	45042	309	44733	1.09e-07	0.282086979	0.17799284	0.386181118	0.053108803	flexdmg	Oncology	CD302:Q8IX05:OID21328:v1:Oncology	4.34307E-08	0.279260995	5	179862071	179907856
MYPOP	PALM2	trans-position, trans-gene	45493	70	45423	1.09e-07	-0.605063923	-0.828317893	-0.381809954	0.113904148	flexdmg	NeurologyII	PALM2:Q8IXS6:OID31096:v1:NeurologyII	1.61301E-07	-0.580435996	19	45890023	45902696
ASGR1	AOC3	trans-position, trans-gene	45433	104	45329	1.1e-07	0.493068857	0.311086089	0.675051625	0.092847583	ptvraredmg	Cardiometabolic	AOC3:Q16853:OID20389:v1:Cardiometabolic	4.57044E-08	0.498140052	17	7173431	7179564
AKTIP	SPINK4	trans-position, trans-gene	45190	39	45151	1.1e-07	0.820452622	0.517595861	1.123309383	0.154517455	flexdmg	Inflammation	SPINK4:O60575:OID20509:v1:Inflammation	2.17695E-07	0.71485333	16	53491280	53504411
ABCA1	APOD	trans-position, trans-gene	43925	470	43455	1.11e-07	-0.240172783	-0.328846166	-0.151499401	0.045241106	flexnonsynmtr	InflammationII	APOD:P05090:OID30746:v1:InflammationII	2.05906E-07	-0.220156467	9	104781002	104928246
GFI1B	ENO2	trans-position, trans-gene	45644	76	45568	1.11e-07	-0.601203678	-0.823197935	-0.37920942	0.113261453	flexdmg	Neurology	ENO2:P09104:OID21046:v1:Neurology	5.00875E-10	-0.615539742	9	132945545	132993434
AMN	AMN	cis-position, cis-gene	44437	141	44296	1.12e-07	-0.44426254	-0.608327863	-0.280197218	0.083706054	ptvraredmg	Inflammation	AMN:Q9BXJ7:OID20492:v1:Inflammation	4.36243E-07	-0.396743477	14	102922663	102933596
LMLN	CLSTN2	trans-position, trans-gene	45752	17	45735	1.12e-07	-1.265723437	-1.733255971	-0.798190903	0.238535077	ptv	Inflammation	CLSTN2:Q9H4D0:OID20664:v1:Inflammation	1.69929E-08	-1.308418402	3	197960200	198043720
MS4A14	PLAUR	trans-position, trans-gene	44935	8	44927	1.12e-07	-1.787352239	-2.447502654	-1.127201823	0.336808549	UR	Inflammation	PLAUR:Q03405:OID20764:v1:Inflammation	7.31892E-07	-1.577468942	11	60396014	60417756
SH2B3	SIRPB1	trans-position, trans-gene	45157	304	44853	1.12e-07	0.297749706	0.187772123	0.40772729	0.056110539	flexnonsynmtr	Inflammation	SIRPB1:O00241:OID20739:v1:Inflammation	1.02813E-06	0.257764503	12	111405923	111451623
NPC1	DSCAM	trans-position, trans-gene	45520	636	44884	1.13e-07	0.209673551	0.132222656	0.287124447	0.039515438	flexdmg	NeurologyII	DSCAM:O60469:OID30993:v1:NeurologyII	2.46782E-08	0.209019519	18	23506184	23586617
ASB2	MYL3	trans-position, trans-gene	44457	275	44182	1.13e-07	0.295877078	0.186576588	0.405177567	0.055765062	flexdmg	CardiometabolicII	MYL3:P08590:OID30251:v1:CardiometabolicII	4.21554E-07	0.27236181	14	93934153	93976786
C1R	SERPING1	trans-position, trans-gene	45606	22	45584	1.14e-07	1.097082656	0.691630594	1.502534717	0.206861605	ptvraredmg	InflammationII	SERPING1:P05155:OID30777:v1:InflammationII	3.08731E-07	0.972454243	12	7080214	7092540
SLC6A16	DKKL1	cis-position, trans-gene	45042	19	45023	1.16e-07	-1.173350113	-1.607165748	-0.739534477	0.221332625	rec	Oncology	DKKL1:Q9UK85:OID21313:v1:Oncology	3.55289E-07	-1.095695583	19	49289632	49331701
CBLN4	CBLN4	cis-position, cis-gene	45621	4	45617	1.18e-07	-2.628091266	-3.600516222	-1.65566631	0.49613113	ptv	Oncology	CBLN4:Q9NTU7:OID21386:v1:Oncology	1.44579E-07	-2.623212329	20	55997357	56005519
UBASH3A	IL34	trans-position, trans-gene	44143	36	44107	1.18e-07	0.888233508	0.559621704	1.216845312	0.167657565	ptv	Neurology	IL34:Q6ZMJ4:OID20809:v1:Neurology	1.72869E-07	0.858269464	21	42403862	42447688
EPC2	LGALS4	trans-position, trans-gene	45225	16	45209	1.18e-07	1.26784995	0.798716906	1.736982995	0.239351584	raredmgmtr	Inflammation	LGALS4:P56470:OID20748:v1:Inflammation	3.7054E-07	1.014128216	2	148644811	148788491
C1QA	PRTG	trans-position, trans-gene	45621	188	45433	1.19e-07	-0.381307339	-0.522442742	-0.240171936	0.072007271	flexdmg	Oncology	PRTG:Q2VWP7:OID21443:v1:Oncology	1.1935E-06	-0.337348957	1	22636628	22639678
CAPNS1	YAP1	trans-position, trans-gene	45493	21	45472	1.19e-07	-1.035777782	-1.419125317	-0.652430246	0.195583865	ptv	NeurologyII	YAP1:P46937:OID31113:v1:NeurologyII	1.49771E-07	-1.030118728	19	36139926	36150353
EDEM1	CLEC4C	trans-position, trans-gene	45190	157	45033	1.21e-07	0.418273758	0.263402082	0.573145434	0.079015496	ptvraredmg	Inflammation	CLEC4C:Q8WTT0:OID20547:v1:Inflammation	1.62569E-07	0.395379479	3	5187674	5219965
ASGR1	ASPN	trans-position, trans-gene	45616	105	45511	1.22e-07	0.500719214	0.315264712	0.686173716	0.094618871	flexdmg	CardiometabolicII	ASPN:Q9BXN1:OID30315:v1:CardiometabolicII	8.25781E-08	0.495686127	17	7173431	7179564
DENND2C	KLK4	trans-position, trans-gene	45621	40	45581	1.22e-07	0.744886808	0.468956132	1.020817484	0.140779808	ptv	Oncology	KLK4:Q9Y5K2:OID21391:v1:Oncology	5.31778E-06	0.569656661	1	114584575	114670111
SLC34A3	SOST	trans-position, trans-gene	45201	354	44847	1.22e-07	0.260392137	0.163938772	0.356845501	0.049210486	flexdmg	Cardiometabolic	SOST:Q9BQB4:OID20204:v1:Cardiometabolic	3.90553E-06	0.215768305	9	137230757	137236555
ACE	ACE	cis-position, cis-gene	45669	323	45346	1.23e-07	-0.293883388	-0.402786596	-0.18498018	0.055562409	ptvraredmg	InflammationII	ACE:P12821:OID30696:v1:InflammationII	2.75213E-07	-0.270160995	17	63477061	63498380
AMBN	CTSV	trans-position, trans-gene	45466	22	45444	1.23e-07	1.043886039	0.657122274	1.430649804	0.197326822	ptv	Oncology	CTSV:O60911:OID21405:v1:Oncology	3.06787E-05	0.733219288	4	70592256	70607288
SVEP1	ANGPT1	trans-position, trans-gene	45092	186	44906	1.24e-07	-0.385634473	-0.528572947	-0.242696	0.072927174	UR	Inflammation	ANGPT1:Q15389:OID20740:v1:Inflammation	2.33998E-05	-0.286397082	9	110365248	110579880
DUPD1	DUSP29	cis-position, cis-gene	44410	141	44269	1.25e-07	-0.43714366	-0.599204391	-0.275082929	0.082683311	flexnonsynmtr	NeurologyII	DUSP29:Q68J44:OID30935:v1:NeurologyII	3.84763E-08	-0.429461474	10	75037472	75073632
CLDN10	CD59	trans-position, trans-gene	43637	38	43599	1.26e-07	0.781336231	0.491570241	1.071102221	0.147838405	UR	Cardiometabolic	CD59:P13987:OID20339:v1:Cardiometabolic	1.67776E-06	0.681080821	13	95433599	95579756
DRG2	DRG2	cis-position, cis-gene	45042	103	44939	1.26e-07	-0.516367178	-0.707860713	-0.324873643	0.097699952	flexdmg	Oncology	DRG2:P55039:OID21335:v1:Oncology	7.43502E-08	-0.515464772	17	18087892	18107970
UGGT1	RELB	trans-position, trans-gene	44339	194	44145	1.26e-07	-0.380562143	-0.521700356	-0.239423931	0.072008649	flexnonsynmtr	InflammationII	RELB:Q01201:OID30463:v1:InflammationII	1.11974E-06	-0.322969686	2	128091180	128195677
ITGB5	EDIL3	trans-position, trans-gene	44454	328	44126	1.27e-07	0.283402967	0.178287684	0.388518251	0.053629771	flexdmg	Cardiometabolic	EDIL3:O43854:OID20081:v1:Cardiometabolic	5.92437E-08	0.278873535	3	124761948	124901418
ABCA1	TREM2	trans-position, trans-gene	45225	765	44460	1.27e-07	-0.177705232	-0.243620065	-0.111790399	0.033629734	flexdmg	Inflammation	TREM2:Q9NZC2:OID20731:v1:Inflammation	5.29325E-09	-0.186293412	9	104781002	104928246
CTSD	ABCA2	trans-position, trans-gene	44108	80	44028	1.28e-07	-0.583014729	-0.799311282	-0.366718176	0.110354382	flexdmg	CardiometabolicII	ABCA2:Q9BZC7:OID30146:v1:CardiometabolicII	4.8969E-07	-0.538583498	11	1752752	1764573
OBSCN	MB	trans-position, trans-gene	45810	512	45298	1.28e-07	0.200556374	0.126134348	0.274978399	0.037970115	ptv	Cardiometabolic	MB:P02144:OID20263:v1:Cardiometabolic	1.86264E-06	0.174594349	1	228208072	228378876
ANXA10	ANXA10	cis-position, cis-gene	44217	60	44157	1.3e-07	-0.6595921	-0.904433004	-0.414751197	0.124917703	flexdmg	Neurology	ANXA10:Q9UJ72:OID20886:v1:Neurology	1.61165E-08	-0.648617897	4	168092537	168187736
ANXA3	ANXA3	cis-position, cis-gene	45565	18	45547	1.3e-07	-1.226550468	-1.68184602	-0.771254916	0.232291744	ptv	Neurology	ANXA3:P12429:OID21036:v1:Neurology	2.13694E-11	-1.321306286	4	78551747	78610451
ARHGEF16	ASS1	trans-position, trans-gene	44108	326	43782	1.3e-07	0.276691397	0.17396254	0.379420253	0.052412206	flexnonsynmtr	CardiometabolicII	ASS1:P00966:OID30170:v1:CardiometabolicII	1.1029E-06	0.219930147	1	3454583	3481115
ABCA1	GIMAP7	trans-position, trans-gene	44654	489	44165	1.3e-07	-0.235674626	-0.323160074	-0.148189178	0.044635042	flexnonsynmtr	InflammationII	GIMAP7:Q8NHV1:OID30639:v1:InflammationII	6.45434E-07	-0.207579585	9	104781002	104928246
DDAH2	HSPA1A	cis-position, trans-gene	45384	95	45289	1.3e-07	-0.53323311	-0.731197925	-0.335268296	0.101001617	flexdmg	Inflammation	HSPA1A:P0DMV8:OID20718:v1:Inflammation	6.65998E-08	-0.537149615	6	31727037	31730265
G6PC	MAMDC4	trans-position, trans-gene	45424	168	45256	1.3e-07	0.400080955	0.251544765	0.548617146	0.075783143	ptvraredmg	OncologyII	MAMDC4:Q6UXC1:OID31342:v1:OncologyII	1.69309E-07	0.388194119	17	42900797	42914433
APOA5	MENT	trans-position, trans-gene	44654	42	44612	1.31e-07	-0.767018106	-1.051819805	-0.482216406	0.145305719	ptv	InflammationII	MENT:Q9BUN1:OID30595:v1:InflammationII	1.56492E-07	-0.764349549	11	116789370	116792420
SLC22A12	CLEC1A	trans-position, trans-gene	44454	218	44236	1.32e-07	-0.350235321	-0.48032838	-0.220142262	0.066373422	flexdmg	Cardiometabolic	CLEC1A:Q8NC01:OID20099:v1:Cardiometabolic	1.924E-08	-0.347629155	11	64590810	64602353
CUEDC2	KAZALD1	trans-position, trans-gene	45042	105	44937	1.32e-07	-0.511116137	-0.700956095	-0.321276179	0.096856297	flexnonsynmtr	Oncology	KAZALD1:Q96I82:OID21339:v1:Oncology	6.32648E-08	-0.514603803	10	102423245	102432666
SLC34A3	THBD	trans-position, trans-gene	45276	355	44921	1.32e-07	0.267562859	0.16817744	0.366948279	0.050706422	flexdmg	Cardiometabolic	THBD:P07204:OID20231:v1:Cardiometabolic	1.35441E-07	0.253917251	9	137230757	137236555
TNFRSF13B	CD72	trans-position, trans-gene	44654	348	44306	1.34e-07	0.278384061	0.174931452	0.38183667	0.052781482	flexdmg	InflammationII	CD72:P21854:OID30641:v1:InflammationII	3.18336E-08	0.278154449	17	16929816	16972118
IL6ST	IL6ST	cis-position, cis-gene	45276	20	45256	1.34e-07	-1.145424215	-1.571074762	-0.719773669	0.217166829	raredmgmtr	Cardiometabolic	IL6ST:P40189:OID20147:v1:Cardiometabolic	2.01023E-09	-1.245718286	5	55935095	55995022
C2orf16	VCAN	trans-position, trans-gene	45644	105	45539	1.34e-07	0.497311682	0.312511954	0.68211141	0.094284807	ptvraredmg	Neurology	VCAN:P13611:OID21026:v1:Neurology	4.32567E-06	0.412703527	2	27576522	27582722
LUZP2	LUZP2	cis-position, cis-gene	45424	19	45405	1.35e-07	-1.179166784	-1.617506247	-0.74082732	0.223640731	ptv	OncologyII	LUZP2:Q86TE4:OID31402:v1:OncologyII	2.24814E-09	-1.27426698	11	24496970	25082638
WRAP73	PLXDC2	trans-position, trans-gene	45493	27	45466	1.35e-07	1.000418499	0.628516267	1.372320731	0.189744473	UR	NeurologyII	PLXDC2:Q6UX71:OID31101:v1:NeurologyII	7.92251E-07	0.890953212	1	3630767	3650107
CHAT	IL20RA	trans-position, trans-gene	44437	29	44408	1.36e-07	0.981616205	0.61661081	1.346621599	0.186225589	ptv	Inflammation	IL20RA:Q9UHF4:OID20422:v1:Inflammation	1.49475E-07	0.85373755	10	49609095	49665104
RAPGEF3	ENDOU	cis-position, trans-gene	42534	18	42516	1.37e-07	-1.090311256	-1.495836526	-0.684785985	0.20689856	rec	OncologyII	ENDOU:P21128:OID31498:v1:OncologyII	1.79283E-06	-0.873610804	12	47734670	47771035
CD36	ESAM	trans-position, trans-gene	45810	468	45342	1.37e-07	-0.235639727	-0.323286419	-0.147993034	0.04471734	flexdmg	Cardiometabolic	ESAM:Q96AP7:OID20270:v1:Cardiometabolic	5.81354E-09	-0.235349631	7	80369575	80679277
STAB1	HEPH	trans-position, trans-gene	45616	919	44697	1.37e-07	0.172539466	0.108367925	0.236711007	0.032740315	flexnonsynmtr	CardiometabolicII	HEPH:Q9BQS7:OID30337:v1:CardiometabolicII	4.59662E-08	0.169169965	3	52495338	52524495
BAD	LRTM1	trans-position, trans-gene	44410	27	44383	1.37e-07	1.015204148	0.637652082	1.392756213	0.192626892	flexdmg	NeurologyII	LRTM1:Q9HBL6:OID30906:v1:NeurologyII	1.37132E-06	0.852671907	11	64269828	64284704
ASGR1	CDH6	trans-position, trans-gene	45276	106	45170	1.38e-07	0.499513105	0.3137023	0.685323909	0.094800637	ptvraredmg	Cardiometabolic	CDH6:P55285:OID20157:v1:Cardiometabolic	1.12742E-07	0.493000199	17	7173431	7179564
PTPRK	PTPRK	cis-position, cis-gene	45423	17	45406	1.38e-07	-1.274706691	-1.748952401	-0.800460981	0.241960093	ptv	OncologyII	PTPRK:Q15262:OID31461:v1:OncologyII	1.20275E-07	-1.275908377	6	127968785	128520616
LIPC	VMO1	trans-position, trans-gene	45042	359	44683	1.38e-07	0.274400675	0.172318537	0.376482813	0.05208228	flexdmg	Oncology	VMO1:Q7Z5L0:OID21381:v1:Oncology	4.51583E-10	0.303458003	15	58410754	58568874
GFRA4	CDH3	trans-position, trans-gene	45644	4	45640	1.39e-07	2.561024199	1.608157917	3.51389048	0.486152302	URmtr	Neurology	CDH3:P22223:OID21008:v1:Neurology	5.88495E-06	1.979376054	20	3659292	3663399
ADGRE1	HSP90B1	trans-position, trans-gene	43997	51	43946	1.39e-07	-0.737876754	-1.012439923	-0.463313584	0.140081968	raredmgmtr	Neurology	HSP90B1:P14625:OID20829:v1:Neurology	5.9285E-06	-0.570718629	19	6887566	6940459
ICAM2	ICAM2	cis-position, cis-gene	45810	16	45794	1.41e-07	-1.317371779	-1.80775982	-0.826983738	0.250195964	ptvraredmg	Cardiometabolic	ICAM2:P13598:OID20248:v1:Cardiometabolic	1.25926E-07	-1.317262574	17	64002594	64020634
CSTF3	LECT2	trans-position, trans-gene	45616	5	45611	1.41e-07	2.035114482	1.277412472	2.792816491	0.3865795	ptv	CardiometabolicII	LECT2:O14960:OID30320:v1:CardiometabolicII	1.30007E-07	1.865700388	11	33084584	33161491
GAREM1	MEP1B	cis-position, trans-gene	45276	248	45028	1.41e-07	-0.331129875	-0.454394835	-0.207864914	0.062889759	flexnonsynmtr	Cardiometabolic	MEP1B:Q16820:OID20168:v1:Cardiometabolic	2.16224E-07	-0.31460797	18	32263521	32470496
SLITRK1	SLITRK1	cis-position, cis-gene	44339	19	44320	1.41e-07	-1.157237646	-1.588097637	-0.726377656	0.219824562	URmtr	InflammationII	SLITRK1:Q96PX8:OID30510:v1:InflammationII	1.58363E-07	-1.073102159	13	83877205	83882474
PRMT1	SORBS1	trans-position, trans-gene	45520	21	45499	1.41e-07	1.117953346	0.701723843	1.534182848	0.212360244	raredmgmtr	NeurologyII	SORBS1:Q9BX66:OID30978:v1:NeurologyII	1.51511E-07	1.115794863	19	49677152	49688450
TG	TSHB	trans-position, trans-gene	45276	132	45144	1.41e-07	0.457515602	0.287198984	0.62783222	0.086895507	ptv	Cardiometabolic	TSHB:P01222:OID20129:v1:Cardiometabolic	3.62531E-09	0.484131404	8	132866958	133134903
ASXL1	ROBO1	trans-position, trans-gene	45300	18	45282	1.42e-07	1.216934101	0.763732407	1.670135795	0.231223422	ptv	Inflammation	ROBO1:Q9Y6N7:OID20734:v1:Inflammation	1.56872E-07	1.212341705	20	32358344	32439319
SCARA5	TNN	trans-position, trans-gene	45606	224	45382	1.43e-07	0.348179966	0.218503456	0.477856476	0.066160944	flexnonsynmtr	CardiometabolicII	TNN:Q9UQP3:OID30412:v1:CardiometabolicII	1.26585E-07	0.34103367	8	27869883	27992673
HLA-DQA1	CCL19	trans-position, trans-gene	45644	64	45580	1.44e-07	0.649168462	0.407297515	0.891039409	0.123402538	rec	Neurology	CCL19:Q99731:OID21030:v1:Neurology	1.43113E-07	0.636284715	6	32637396	32654774
ST3GAL6	CSF1R	trans-position, trans-gene	45669	51	45618	1.44e-07	-0.723446786	-0.99297979	-0.453913782	0.13751572	ptvraredmg	InflammationII	CSF1R:P07333:OID30681:v1:InflammationII	9.63204E-09	-0.738781439	3	98732236	98797054
ASGR1	ENPP2	trans-position, trans-gene	45810	106	45704	1.44e-07	0.412379357	0.25875164	0.566007074	0.078380857	flexdmg	Cardiometabolic	ENPP2:Q13822:OID20288:v1:Cardiometabolic	5.13969E-07	0.38485171	17	7173431	7179564
INPP1	MDH1	trans-position, trans-gene	45372	36	45336	1.44e-07	0.857751048	0.538160921	1.177341175	0.163054832	raredmg	InflammationII	MDH1:P40925:OID30669:v1:InflammationII	1.3258E-07	0.804063924	2	190343570	190371665
GNPTG	TPP1	trans-position, trans-gene	44925	186	44739	1.44e-07	0.37982848	0.238308705	0.521348256	0.072203348	ptvraredmg	Inflammation	TPP1:O14773:OID20750:v1:Inflammation	2.99293E-08	0.383731965	16	1351899	1363351
RTN4IP1	RTN4IP1	cis-position, cis-gene	45520	78	45442	1.45e-07	-0.591654988	-0.812111321	-0.371198654	0.112476796	flexdmg	NeurologyII	RTN4IP1:Q8WWV3:OID31030:v1:NeurologyII	4.05433E-09	-0.621047084	6	106570771	106629498
ANGPTL3	AGRP	trans-position, trans-gene	45752	150	45602	1.46e-07	-0.413351581	-0.567429181	-0.259273982	0.078610384	flexdmg	Inflammation	AGRP:O00253:OID20658:v1:Inflammation	3.79431E-07	-0.376055342	1	62597520	62606313
NPC1	AXL	trans-position, trans-gene	45433	631	44802	1.46e-07	0.206502151	0.129539133	0.283465169	0.039266521	flexdmg	Cardiometabolic	AXL:P30530:OID20363:v1:Cardiometabolic	5.68472E-08	0.201302615	18	23506184	23586617
SLC34A3	CD46	trans-position, trans-gene	44997	351	44646	1.46e-07	0.274314499	0.172063505	0.376565493	0.052168429	flexdmg	Cardiometabolic	CD46:P15529:OID20380:v1:Cardiometabolic	1.84072E-08	0.279554547	9	137230757	137236555
EFCAB11	CTAG1A_CTAG1B	trans-position, trans-gene	44791	9	44782	1.46e-07	-1.75460456	-2.408573366	-1.100635754	0.333654665	UR	OncologyII	CTAG1A_CTAG1B:P78358:OID31299:v1:OncologyII	1.42955E-07	-1.753681554	14	89794984	89954777
ST3GAL6	FLT4	trans-position, trans-gene	45388	100	45288	1.49e-07	-0.517238806	-0.710161448	-0.324316165	0.098429102	flexdmg	Oncology	FLT4:P35916:OID21491:v1:Oncology	9.58551E-07	-0.464516505	3	98732236	98797054
GCKR	CGREF1	cis-position, trans-gene	45276	174	45102	1.51e-07	0.392604156	0.246076391	0.53913192	0.074758438	rec	Cardiometabolic	CGREF1:Q99674:OID20152:v1:Cardiometabolic	3.32323E-08	0.41169303	2	27496839	27523689
IFI30	CTSL	trans-position, trans-gene	45276	96	45180	1.52e-07	0.514744365	0.322624655	0.706864075	0.09801944	flexdmg	Cardiometabolic	CTSL:P07711:OID20228:v1:Cardiometabolic	9.13347E-07	0.462304165	19	18173162	18178117
KDELR2	SUMF2	trans-position, trans-gene	45644	69	45575	1.52e-07	0.622833578	0.390368482	0.855298674	0.118603674	flexdmg	Neurology	SUMF2:Q8NBJ7:OID21032:v1:Neurology	1.91284E-06	0.547213994	7	6461081	6484218
TMCO6	CD14	cis-position, trans-gene	44359	135	44224	1.54e-07	0.434536656	0.272267263	0.596806049	0.082789768	flexdmg	Cardiometabolic	CD14:P08571:OID20378:v1:Cardiometabolic	3.57962E-07	0.408670509	5	140596540	140647248
PTPRC	CFHR4	trans-position, trans-gene	45608	306	45302	1.55e-07	-0.299957761	-0.411994248	-0.187921273	0.057161006	flexdmg	InflammationII	CFHR4:Q92496:OID30758:v1:InflammationII	1.97258E-07	-0.289256704	1	198638457	198757476
CLEC16A	ANGPT2	trans-position, trans-gene	45621	26	45595	1.56e-07	1.006118156	0.630241846	1.381994467	0.191772061	rec	Oncology	ANGPT2:O15123:OID21463:v1:Oncology	4.52354E-07	0.932537259	16	10944488	11193278
CRIP2	CLU	trans-position, trans-gene	45680	17	45663	1.57e-07	1.238577898	0.77570128	1.701454515	0.236159619	UR	InflammationII	CLU:P10909:OID30732:v1:InflammationII	1.98681E-07	1.236729469	14	105472962	105480162
LMLN	ALDH2	trans-position, trans-gene	45424	23	45401	1.58e-07	1.092168239	0.683960949	1.500375528	0.2082673	UR	OncologyII	ALDH2:P05091:OID31380:v1:OncologyII	2.76276E-07	1.047519846	3	197960200	198043720
THBD	CREBZF	trans-position, trans-gene	44039	26	44013	1.59e-07	1.030084922	0.644946857	1.415222987	0.196497221	UR	OncologyII	CREBZF:Q9NS37:OID31206:v1:OncologyII	4.47612E-07	0.853829421	20	23045633	23049672
C4orf48	NELL2	trans-position, trans-gene	45452	19	45433	1.59e-07	-1.160799849	-1.594817333	-0.726782364	0.221435662	flexdmg	Inflammation	NELL2:Q99435:OID20706:v1:Inflammation	1.71579E-07	-1.162609868	4	2035608	2043970
OR1G1	EPN1	trans-position, trans-gene	44858	14	44844	1.6e-07	-1.401914979	-1.926174483	-0.877655476	0.267477033	ptv	OncologyII	EPN1:Q9Y6I3:OID31252:v1:OncologyII	1.581E-07	-1.40060233	17	3126505	3128253
OBSCN	MYOM2	trans-position, trans-gene	44108	497	43611	1.6e-07	0.230662989	0.144417821	0.316908156	0.044002237	ptv	CardiometabolicII	MYOM2:P54296:OID30131:v1:CardiometabolicII	7.60372E-07	0.209482646	1	228208072	228378876
HBB	SLC16A1	trans-position, trans-gene	44217	8	44209	1.6e-07	1.828115616	1.144447708	2.511783523	0.348807014	ptv	Neurology	SLC16A1:P53985:OID20799:v1:Neurology	3.19958E-12	1.847114232	11	5225466	5227071
KDELR1	DPY30	trans-position, trans-gene	45476	8	45468	1.61e-07	1.818068749	1.138070349	2.498067149	0.346935096	URmtr	Oncology	DPY30:Q9C005:OID21410:v1:Oncology	1.176E-06	1.437614773	19	48382570	48397689
SLC34A3	EPHB6	trans-position, trans-gene	44842	352	44490	1.61e-07	0.275131175	0.172214399	0.378047952	0.052508106	flexdmg	Neurology	EPHB6:O15197:OID20982:v1:Neurology	1.62312E-07	0.260985334	9	137230757	137236555
STAB1	IGSF9	trans-position, trans-gene	45616	919	44697	1.61e-07	0.169931206	0.106365972	0.23349644	0.032430977	flexnonsynmtr	CardiometabolicII	IGSF9:Q9P2J2:OID30330:v1:CardiometabolicII	6.12072E-07	0.152236698	3	52495338	52524495
GAL3ST4	CD248	trans-position, trans-gene	45606	111	45495	1.66e-07	0.47392375	0.296455794	0.651391705	0.090544135	ptvraredmg	CardiometabolicII	CD248:Q9HCU0:OID30394:v1:CardiometabolicII	1.36511E-06	0.406627604	7	100159242	100168750
ABCC5	KIRREL1	trans-position, trans-gene	44185	248	43937	1.66e-07	0.33310453	0.208381133	0.457827928	0.063633812	raredmg	NeurologyII	KIRREL1:Q96J84:OID30806:v1:NeurologyII	4.76134E-06	0.275809887	3	183919934	184018010
TNFSF13B	TNFRSF13B	trans-position, trans-gene	45300	5	45295	1.66e-07	-2.282902198	-3.137775462	-1.428028934	0.436156184	URmtr	Inflammation	TNFRSF13B:O14836:OID20702:v1:Inflammation	1.59882E-07	-2.288873474	13	108251240	108308484
TVP23C	TPPP2	trans-position, trans-gene	44858	6	44852	1.66e-07	-2.134729434	-2.934021155	-1.335437713	0.407798384	URmtr	OncologyII	TPPP2:P59282:OID31274:v1:OncologyII	8.4936E-09	-2.174880186	17	15502264	15563631
PES1	ACE	trans-position, trans-gene	45669	3	45666	1.67e-07	3.007735956	1.881405937	4.134065976	0.574653496	rec	InflammationII	ACE:P12821:OID30696:v1:InflammationII	2.62829E-06	2.337439937	22	30576625	30607013
DNAJB1	DNAJB1	cis-position, cis-gene	45042	52	44990	1.67e-07	-0.710483752	-0.976573232	-0.444394272	0.135758784	ptvraredmg	Oncology	DNAJB1:P25685:OID21363:v1:Oncology	7.35839E-07	-0.624528075	19	14514769	14560391
ASGR1	EGFR	trans-position, trans-gene	45810	106	45704	1.67e-07	0.488065472	0.305281727	0.670849217	0.093256261	flexdmg	Cardiometabolic	EGFR:P00533:OID20319:v1:Cardiometabolic	1.42455E-08	0.517345204	17	7173431	7179564
PRDM15	HEPH	trans-position, trans-gene	45616	40	45576	1.67e-07	-0.81332281	-1.117925731	-0.508719889	0.155408384	UR	CardiometabolicII	HEPH:Q9BQS7:OID30337:v1:CardiometabolicII	2.53348E-10	-0.892773203	21	41798225	41879482
ASGR1	LAG3	trans-position, trans-gene	45042	104	44938	1.67e-07	0.492282895	0.307903411	0.67666238	0.094070365	ptvraredmg	Oncology	LAG3:P18627:OID21315:v1:Oncology	1.76106E-07	0.481321632	17	7173431	7179564
BRI3BP	DRAXIN	trans-position, trans-gene	44914	160	44754	1.69e-07	0.402730922	0.251838228	0.553623617	0.076985408	flexnonsynmtr	Neurology	DRAXIN:Q8NBI3:OID20917:v1:Neurology	1.06535E-07	0.405150777	12	124993648	125051845
CD36	PF4	trans-position, trans-gene	45391	470	44921	1.69e-07	-0.241358332	-0.331789978	-0.150926687	0.046138212	flexdmg	InflammationII	PF4:P02776:OID30764:v1:InflammationII	9.74112E-09	-0.239958834	7	80369575	80679277
FCN2	KIF22	trans-position, trans-gene	44108	255	43853	1.7e-07	0.323973313	0.202556601	0.445390026	0.06194674	flexdmg	CardiometabolicII	KIF22:Q14807:OID30175:v1:CardiometabolicII	5.21275E-07	0.298905893	9	134880810	134887523
CMPK1	SCN2B	trans-position, trans-gene	44410	9	44401	1.7e-07	-1.74537168	-2.399465068	-1.091278293	0.333718149	flexdmg	NeurologyII	SCN2B:O60939:OID30948:v1:NeurologyII	2.84692E-07	-1.422993734	1	47333797	47378839
RNASEH2B	RNASEH2A	trans-position, trans-gene	45520	146	45374	1.71e-07	-0.429463203	-0.5904231	-0.268503307	0.082121721	flexnonsynmtr	NeurologyII	RNASEH2A:O75792:OID31027:v1:NeurologyII	3.92755E-08	-0.440972195	13	50909678	50970462
SMG5	DDX25	trans-position, trans-gene	44410	44	44366	1.73e-07	-0.787829324	-1.083246759	-0.49241189	0.150721841	raredmg	NeurologyII	DDX25:Q9UHL0:OID30892:v1:NeurologyII	6.42815E-07	-0.716718976	1	156249224	156282885
LAMC1	LAMA4	trans-position, trans-gene	45452	5	45447	1.73e-07	-2.314342581	-3.182176107	-1.446509055	0.442768547	ptv	Inflammation	LAMA4:Q16363:OID20769:v1:Inflammation	1.82236E-07	-2.314069833	1	183023460	183145592
WFS1	LYPD1	trans-position, trans-gene	44217	1297	42920	1.73e-07	-0.147357684	-0.202614999	-0.092100369	0.028192254	flexdmg	Neurology	LYPD1:Q8N2G4:OID20821:v1:Neurology	1.09087E-08	-0.152548214	4	6269850	6303265
LHX2	XG	trans-position, trans-gene	45591	4	45587	1.73e-07	-1.963756964	-2.700154325	-1.227359602	0.375709865	rec	Cardiometabolic	XG:P55808:OID20259:v1:Cardiometabolic	1.67024E-07	-1.965342498	9	124011610	124033163
LIPG	APOA1	trans-position, trans-gene	45680	214	45466	1.74e-07	0.337857429	0.211132805	0.464582053	0.064654895	flexdmg	InflammationII	APOA1:P02647:OID30769:v1:InflammationII	9.95031E-10	0.377357172	18	49560699	49592908
RIT1	FLT3LG	trans-position, trans-gene	45752	7	45745	1.74e-07	-1.876282503	-2.580058304	-1.172506703	0.359066381	URmtr	Inflammation	FLT3LG:P49771:OID20661:v1:Inflammation	1.78828E-08	-1.692750386	1	155897808	155911402
G6PC	SERPING1	trans-position, trans-gene	45606	85	45521	1.74e-07	0.550385848	0.343957228	0.756814468	0.105319864	ptv	InflammationII	SERPING1:P05155:OID30777:v1:InflammationII	4.77691E-08	0.570741422	17	42900797	42914433
SCARB1	MXRA8	trans-position, trans-gene	44654	293	44361	1.76e-07	0.284530721	0.17777719	0.391284252	0.054465611	flexdmg	InflammationII	MXRA8:Q9BRK3:OID30583:v1:InflammationII	4.38467E-08	0.291907101	12	124776856	124882668
TBL3	TPSAB1	cis-position, trans-gene	45675	381	45294	1.77e-07	-0.267345144	-0.367679182	-0.167011107	0.051190419	flexdmg	Inflammation	TPSAB1:Q15661:OID20642:v1:Inflammation	8.71276E-07	-0.238155384	16	1972063	1978750
PRRC2A	CLEC4D	trans-position, trans-gene	45190	23	45167	1.78e-07	1.039687505	0.64944667	1.42992834	0.19910079	URmtr	Inflammation	CLEC4D:Q8WXI8:OID20609:v1:Inflammation	1.15828E-07	1.014067752	6	31620673	31637777
SLC34A3	LY6D	trans-position, trans-gene	45024	351	44673	1.78e-07	0.271993811	0.169896354	0.374091269	0.052090096	flexdmg	Inflammation	LY6D:Q14210:OID20708:v1:Inflammation	1.57324E-07	0.259324707	9	137230757	137236555
ALPL	MENT	trans-position, trans-gene	44654	289	44365	1.78e-07	-0.290087501	-0.398976308	-0.181198693	0.055555028	flexnonsynmtr	InflammationII	MENT:Q9BUN1:OID30595:v1:InflammationII	7.07842E-07	-0.270757355	1	21508982	21578412
A2M	NME3	trans-position, trans-gene	45300	24	45276	1.78e-07	-1.057001772	-1.453775126	-0.660228419	0.202433693	ptv	Inflammation	NME3:Q13232:OID20789:v1:Inflammation	2.29996E-08	-1.071072147	12	9067708	9115962
SPINT1	WFDC12	trans-position, trans-gene	45540	275	45265	1.78e-07	-0.284472314	-0.391258133	-0.177686495	0.054482113	flexdmg	Oncology	WFDC12:Q8WWY7:OID21462:v1:Oncology	2.11932E-06	-0.213227915	15	40844018	40858207
MAN1A1	NOMO1	trans-position, trans-gene	45260	92	45168	1.79e-07	-0.53405085	-0.734562574	-0.333539127	0.102301043	ptvraredmg	Neurology	NOMO1:Q15155:OID21106:v1:Neurology	6.90442E-07	-0.48730947	6	119177201	119351633
HIPK1	C1RL	trans-position, trans-gene	45609	9	45600	1.8e-07	1.716829579	1.072153867	2.361505292	0.328913491	ptv	InflammationII	C1RL:Q9NZP8:OID30721:v1:InflammationII	1.15192E-06	1.512748264	1	113929197	113977869
TM6SF2	CPQ	trans-position, trans-gene	45534	227	45307	1.8e-07	0.335513653	0.209521948	0.461505357	0.064280953	flexnonsynmtr	CardiometabolicII	CPQ:Q9Y646:OID30406:v1:CardiometabolicII	1.68671E-07	0.327339273	19	19264365	19273265
ANXA5	ANXA5	cis-position, cis-gene	44067	156	43911	1.81e-07	0.414756114	0.258989129	0.570523098	0.079472228	flexdmg	Neurology	ANXA5:P08758:OID20810:v1:Neurology	2.3118E-07	0.404495501	4	121667946	121696995
INPP1	SHMT1	trans-position, trans-gene	45378	35	45343	1.82e-07	0.872249676	0.544612101	1.199887251	0.167160639	raredmg	Inflammation	SHMT1:P34896:OID20714:v1:Inflammation	1.76898E-07	0.817713311	2	190343570	190371665
NECTIN4	SLAMF7	cis-position, trans-gene	45190	113	45077	1.83e-07	-0.486447366	-0.669209035	-0.303685697	0.093244964	flexdmg	Inflammation	SLAMF7:Q9NQ25:OID20602:v1:Inflammation	2.27351E-07	-0.463332239	1	161070998	161089558
THEMIS	CD3D	trans-position, trans-gene	44185	86	44099	1.86e-07	-0.562246648	-0.77363495	-0.350858346	0.1078502	ptvraredmg	NeurologyII	CD3D:P04234:OID30827:v1:NeurologyII	8.98442E-07	-0.517802708	6	127708194	127918631
CEACAM16	CEACAM16	cis-position, cis-gene	45423	72	45351	1.86e-07	-0.596228457	-0.820371813	-0.372085102	0.114357908	flexdmg	OncologyII	CEACAM16:Q2WEN9:OID31495:v1:OncologyII	3.3324E-10	-0.679517868	19	44699151	44710718
GALNT4	CLEC14A	trans-position, trans-gene	45260	145	45115	1.86e-07	0.412635865	0.257504536	0.567767193	0.079147974	flexnonsynmtr	Neurology	CLEC14A:Q86T13:OID21090:v1:Neurology	1.29159E-08	0.413947861	12	89519412	89524806
CFTR	REG1A	trans-position, trans-gene	44986	1532	43454	1.86e-07	0.130850386	0.081655302	0.18004547	0.025099318	flexdmg	Cardiometabolic	REG1A:P05451:OID20415:v1:Cardiometabolic	8.06683E-08	0.129825975	7	117478340	117668665
CD36	CLSTN3	trans-position, trans-gene	45493	158	45335	1.87e-07	-0.409571503	-0.563580912	-0.255562093	0.078575582	ptv	NeurologyII	CLSTN3:Q9BQT9:OID31092:v1:NeurologyII	3.83887E-06	-0.315553542	7	80369575	80679277
FGFRL1	CTRB1	trans-position, trans-gene	45260	254	45006	1.87e-07	-0.325795131	-0.448292568	-0.203297695	0.062498168	flexnonsynmtr	Neurology	CTRB1:P17538:OID21150:v1:Neurology	1.85054E-06	-0.283412536	4	1009979	1026898
PRX	PLXDC2	trans-position, trans-gene	45493	34	45459	1.87e-07	-0.881331778	-1.212695553	-0.549968003	0.169061757	UR	NeurologyII	PLXDC2:Q6UX71:OID31101:v1:NeurologyII	9.53723E-07	-0.785731185	19	40393764	40414718
FUT1	BCAM	trans-position, trans-gene	45260	209	45051	1.88e-07	0.352258197	0.219786507	0.484729887	0.067587031	flexdmg	Neurology	BCAM:P50895:OID21076:v1:Neurology	8.57497E-08	0.350828722	19	48748011	48755390
IRF5	ATRAID	trans-position, trans-gene	45423	110	45313	1.89e-07	-0.482336058	-0.663761376	-0.30091074	0.092563171	ptvraredmg	OncologyII	ATRAID:Q6UW56:OID31451:v1:OncologyII	4.08468E-08	-0.481613677	7	128937737	128950042
TMEM251	CPVL	trans-position, trans-gene	45540	3	45537	1.89e-07	3.013004822	1.879600031	4.146409612	0.578263	ptv	Oncology	CPVL:Q9H3G5:OID21435:v1:Oncology	1.63979E-07	3.011679285	14	93184951	93187086
CEP135	AIF1	trans-position, trans-gene	44180	83	44097	1.93e-07	-0.567193197	-0.780687846	-0.353698548	0.108924858	raredmg	Oncology	AIF1:P55008:OID21234:v1:Oncology	2.03531E-07	-0.544028428	4	55948808	56033363
ERGIC2	NXPH3	trans-position, trans-gene	44339	110	44229	1.94e-07	0.484539333	0.302099532	0.666979134	0.093080699	flexdmg	InflammationII	NXPH3:O95157:OID30565:v1:InflammationII	1.07451E-07	0.479831336	12	29340646	29381210
GREB1L	CDKN1A	trans-position, trans-gene	45042	329	44713	1.95e-07	-0.283262463	-0.389934631	-0.176590294	0.054424113	flexnonsynmtr	Oncology	CDKN1A:P38936:OID21319:v1:Oncology	1.75434E-06	-0.24562105	18	21242242	21525423
STAB1	ACAN	trans-position, trans-gene	44838	1225	43613	1.96e-07	0.14050967	0.087587939	0.193431401	0.02700065	flexdmg	Cardiometabolic	ACAN:P16112:OID20159:v1:Cardiometabolic	7.16858E-09	0.149815325	3	52495338	52524495
FUT4	GALNT10	trans-position, trans-gene	45042	79	44963	1.96e-07	0.566540684	0.353167002	0.779914366	0.108863197	flexdmg	Oncology	GALNT10:Q86SR1:OID21371:v1:Oncology	3.74088E-08	0.566744251	11	94543851	94549898
TAS2R30	NUP50	trans-position, trans-gene	44108	7	44101	1.96e-07	1.968822863	1.227337641	2.710308086	0.378305353	rec	CardiometabolicII	NUP50:Q9UKX7:OID30100:v1:CardiometabolicII	2.33011E-06	1.572671729	12	11133285	11134244
CEP250	CRYBB2	trans-position, trans-gene	45493	912	44581	1.97e-07	0.169398105	0.105578839	0.233217372	0.032560582	rec	NeurologyII	CRYBB2:P43320:OID31081:v1:NeurologyII	4.06386E-07	0.163511705	20	35455139	35517531
ADHFE1	NDUFB7	trans-position, trans-gene	45423	46	45377	1.97e-07	0.761241518	0.474484355	1.047998682	0.146303463	ptv	OncologyII	NDUFB7:P17568:OID31521:v1:OncologyII	5.24667E-07	0.691591254	8	66432483	66468809
SLC34A3	TMPRSS11D	trans-position, trans-gene	45424	400	45024	1.98e-07	0.255147616	0.15901356	0.351281671	0.049047581	flexnonsynmtr	NeurologyII	TMPRSS11D:O60235:OID31103:v1:NeurologyII	6.12051E-07	0.230695678	9	137230757	137236555
THRB	UPK3BL1	trans-position, trans-gene	44784	127	44657	1.98e-07	0.46268248	0.288365306	0.636999654	0.088936563	flexdmg	OncologyII	UPK3BL1:B0FP48:OID31281:v1:OncologyII	1.31646E-06	0.409458818	3	24117153	24495281
POC1B-GALNT4	CLEC14A	trans-position, trans-gene	45260	145	45115	1.99e-07	0.41166126	0.25652724	0.56679528	0.079149347	flexnonsynmtr	Neurology	CLEC14A:Q86T13:OID21090:v1:Neurology	1.36215E-08	0.413291235	12	89519412	89526262
OBSCN	MYOM3	trans-position, trans-gene	44654	496	44158	1.99e-07	0.217546536	0.135566892	0.29952618	0.041825983	ptv	InflammationII	MYOM3:Q5VTT5:OID30633:v1:InflammationII	6.73953E-07	0.2006974	1	228208072	228378876
STAB2	GNPDA2	trans-position, trans-gene	44654	961	43693	2e-07	0.167463549	0.10434958	0.230577519	0.032200723	flexdmg	InflammationII	GNPDA2:Q8TDQ7:OID30597:v1:InflammationII	2.06201E-08	0.169669138	12	103587273	103766719
CDHR2	CDHR2	cis-position, cis-gene	45042	114	44928	2.01e-07	-0.413936673	-0.569990875	-0.257882472	0.079618813	ptv	Oncology	CDHR2:Q9BYE9:OID21282:v1:Oncology	5.91468E-08	-0.421178951	5	176542511	176595974
TST	TST	cis-position, cis-gene	44142	105	44037	2.01e-07	-0.50426777	-0.69438387	-0.314151671	0.096997131	flexnonsynmtr	Neurology	TST:Q16762:OID20868:v1:Neurology	3.53959E-08	-0.521813061	22	37010859	37020183
TMEM245	C8B	trans-position, trans-gene	45680	49	45631	2.02e-07	0.726947668	0.452847441	1.001047895	0.139845917	UR	InflammationII	C8B:P07358:OID30719:v1:InflammationII	2.00024E-07	0.702142321	9	109015135	109119945
IGF2R	CTSV	trans-position, trans-gene	45466	21	45445	2.02e-07	1.049918043	0.654039468	1.445796618	0.201977197	ptv	Oncology	CTSV:O60911:OID21405:v1:Oncology	2.65345E-07	1.0451095	6	159969082	160113507
PKD1	MB	trans-position, trans-gene	45810	18	45792	2.02e-07	1.04708354	0.652300793	1.441866286	0.201418146	ptv	Cardiometabolic	MB:P02144:OID20263:v1:Cardiometabolic	2.37272E-08	1.097808832	16	2088708	2135898
AACS	NPL	trans-position, trans-gene	45616	197	45419	2.03e-07	-0.32978732	-0.454162999	-0.205411642	0.06345646	ptvraredmg	CardiometabolicII	NPL:Q9BXD5:OID30329:v1:CardiometabolicII	3.50767E-07	-0.311919141	12	125065379	125143327
ITIH4	MME	trans-position, trans-gene	45042	31	45011	2.05e-07	0.891457286	0.555171668	1.227742904	0.171572835	ptv	Oncology	MME:P08473:OID21307:v1:Oncology	3.68858E-09	0.967516665	3	52812962	52830688
MITD1	MITD1	cis-position, cis-gene	44914	43	44871	2.06e-07	-0.783983524	-1.079797252	-0.488169796	0.150924076	flexdmg	Neurology	MITD1:Q8WV92:OID20959:v1:Neurology	3.67967E-07	-0.691328264	2	99161427	99181058
VTA1	VTA1	cis-position, cis-gene	45644	62	45582	2.06e-07	-0.653787083	-0.900453456	-0.40712071	0.125849164	flexdmg	Neurology	VTA1:Q9NP79:OID21016:v1:Neurology	1.31048E-08	-0.668731673	6	142147162	142224685
PTPRN2	PTPRN2	cis-position, cis-gene	44766	20	44746	2.07e-07	-1.138549703	-1.56820464	-0.708894765	0.219209801	ptv	Neurology	PTPRN2:Q92932:OID20912:v1:Neurology	1.48131E-06	-0.965246166	7	157539056	158587823
CLDN10	LILRB4	trans-position, trans-gene	44437	80	44357	2.08e-07	0.554892285	0.345446284	0.764338286	0.106859256	flexnonsynmtr	Inflammation	LILRB4:Q8NHJ6:OID20429:v1:Inflammation	3.13502E-07	0.53116749	13	95433599	95579756
LEPR	LEPR	cis-position, cis-gene	45275	16	45259	2.11e-07	-1.26701392	-1.745496705	-0.788531136	0.244121826	ptv	Cardiometabolic	LEPR:P48357:OID20128:v1:Cardiometabolic	1.88871E-07	-1.272602744	1	65420652	65641559
PLA2G1B	LRRC38	trans-position, trans-gene	44410	7	44403	2.11e-07	1.906748486	1.186727882	2.626769089	0.367354185	UR	NeurologyII	LRRC38:Q5VT99:OID30924:v1:NeurologyII	1.66622E-05	1.320949205	12	120322115	120327779
ERVV-2	TAP1	trans-position, trans-gene	44858	8	44850	2.11e-07	1.834627975	1.141819853	2.527436097	0.353470485	URmtr	OncologyII	TAP1:Q03518:OID31289:v1:OncologyII	1.63433E-07	1.747050133	19	53044738	53051127
TYR	CEND1	trans-position, trans-gene	44185	264	43921	2.12e-07	-0.31926189	-0.439840846	-0.198682935	0.06151932	ptvraredmg	NeurologyII	CEND1:Q8N111:OID30821:v1:NeurologyII	1.59868E-06	-0.286109445	11	89177858	89295759
PEAK1	MEPE	trans-position, trans-gene	45225	242	44983	2.12e-07	0.312367837	0.194378204	0.43035747	0.060198287	ptvraredmg	Inflammation	MEPE:Q9NQ76:OID20753:v1:Inflammation	4.66255E-08	0.311835531	15	77100829	77420104
GUSB	DPP4	trans-position, trans-gene	44402	246	44156	2.13e-07	-0.312872863	-0.431067449	-0.194678278	0.060302823	flexdmg	Cardiometabolic	DPP4:P27487:OID20406:v1:Cardiometabolic	3.21856E-08	-0.322767585	7	65960684	65982215
NUDT9	NARS1	trans-position, trans-gene	45520	57	45463	2.13e-07	0.681960348	0.424342122	0.939578575	0.131436789	ptvraredmg	NeurologyII	NARS1:O43776:OID31035:v1:NeurologyII	2.03072E-07	0.681374162	4	87422557	87459454
PLAU	PLAU	cis-position, cis-gene	45260	23	45237	2.13e-07	-1.041106108	-1.434383491	-0.647828726	0.200650045	rec	Neurology	PLAU:P00749:OID21124:v1:Neurology	3.20865E-07	-1.011893156	10	73909177	73917496
ASGR1	FGFR2	trans-position, trans-gene	45388	104	45284	2.14e-07	0.474320139	0.295094858	0.65354542	0.09144071	flexdmg	Oncology	FGFR2:P21802:OID21478:v1:Oncology	9.28835E-08	0.477599312	17	7173431	7179564
RIMS4	IL2RB	trans-position, trans-gene	44437	16	44421	2.14e-07	-1.294609988	-1.78377427	-0.805445706	0.249571399	flexdmg	Inflammation	IL2RB:P14784:OID20450:v1:Inflammation	2.80735E-07	-1.207722675	20	44751804	44810338
SH2B3	FGFBP1	trans-position, trans-gene	45388	79	45309	2.18e-07	-0.558246754	-0.769298092	-0.347195417	0.10767836	ptvraredmg	Oncology	FGFBP1:Q14512:OID21507:v1:Oncology	5.51672E-07	-0.533218712	12	111405923	111451623
CFI	LILRB2	trans-position, trans-gene	45596	306	45290	2.18e-07	0.29129727	0.181170932	0.401423608	0.056186448	flexdmg	Cardiometabolic	LILRB2:Q8N423:OID20301:v1:Cardiometabolic	1.37193E-07	0.28814898	4	109731008	109802150
GFPT2	ADGRG2	trans-position, trans-gene	45276	395	44881	2.19e-07	0.238528001	0.148331374	0.328724628	0.046018302	flexdmg	Cardiometabolic	ADGRG2:Q8IZP9:OID20189:v1:Cardiometabolic	6.1412E-08	0.240182925	5	180300698	180353336
OS9	ASGR2	trans-position, trans-gene	45669	98	45571	2.19e-07	0.512465715	0.318692456	0.706238974	0.098863103	ptvraredmg	InflammationII	ASGR2:P07307:OID30679:v1:InflammationII	1.31315E-07	0.501527406	12	57693955	57721557
C1QB	C1QA	cis-position, trans-gene	45524	191	45333	2.19e-07	0.36484181	0.226876419	0.502807201	0.070389927	flexdmg	Inflammation	C1QA:P02745:OID20654:v1:Inflammation	1.76897E-08	0.390532501	1	22653179	22661552
ASGR1	CD83	trans-position, trans-gene	45190	105	45085	2.19e-07	0.491204941	0.305470608	0.676939275	0.094761617	flexdmg	Inflammation	CD83:Q01151:OID20565:v1:Inflammation	1.16525E-07	0.491007826	17	7173431	7179564
LY6D	EDIL3	trans-position, trans-gene	44454	19	44435	2.19e-07	-1.15074042	-1.585910086	-0.715570753	0.222023372	flexdmg	Cardiometabolic	EDIL3:O43854:OID20081:v1:Cardiometabolic	2.02676E-07	-1.128479859	8	142784882	142786539
SIGLEC1	MME	trans-position, trans-gene	45042	495	44547	2.19e-07	0.223724324	0.139130921	0.308317728	0.043159532	flexdmg	Oncology	MME:P08473:OID21307:v1:Oncology	2.66798E-07	0.21393126	20	3686970	3712600
PLG	ELN	trans-position, trans-gene	45616	278	45338	2.21e-07	-0.228521291	-0.314957599	-0.142084982	0.044099797	flexnonsynmtr	CardiometabolicII	ELN:P15502:OID30301:v1:CardiometabolicII	1.58432E-07	-0.22218449	6	160702238	160754097
CD36	NID1	trans-position, trans-gene	45276	462	44814	2.24e-07	-0.235975818	-0.325281093	-0.146670542	0.045563535	flexdmg	Cardiometabolic	NID1:P14543:OID20362:v1:Cardiometabolic	4.67827E-09	-0.240576805	7	80369575	80679277
TMEM43	RAB33A	trans-position, trans-gene	44108	12	44096	2.24e-07	-1.480664297	-2.041050113	-0.920278481	0.285908535	ptv	CardiometabolicII	RAB33A:Q14088:OID30122:v1:CardiometabolicII	5.52508E-07	-1.327396184	3	14124940	14143680
SERPINA1	SERPINA1	cis-position, cis-gene	44791	168	44623	2.24e-07	-0.399851283	-0.551165054	-0.248537512	0.077200235	flexnonsynmtr	InflammationII	SERPINA1:P01009:OID30750:v1:InflammationII	5.86635E-09	-0.42359071	14	94376747	94390693
HIST1H2AI	HSPA1A	trans-position, trans-gene	45384	99	45285	2.25e-07	-0.512280322	-0.706193045	-0.318367599	0.098934241	flexdmg	Inflammation	HSPA1A:P0DMV8:OID20718:v1:Inflammation	1.28424E-07	-0.517428049	6	27808199	27808667
ATP6V1G1	TRIM21	trans-position, trans-gene	45190	7	45183	2.27e-07	1.899524797	1.180349701	2.618699893	0.36692298	URmtr	Inflammation	TRIM21:P19474:OID20533:v1:Inflammation	2.42649E-07	1.897228923	9	114587706	114598915
RCOR2	EFCAB14	trans-position, trans-gene	45423	3	45420	2.28e-07	2.824447937	1.754860493	3.894035381	0.54570336	rec	OncologyII	EFCAB14:O75071:OID31460:v1:OncologyII	2.89926E-07	2.810078501	11	63911221	63916844
MEGF8	CD177	cis-position, trans-gene	45199	549	44650	2.29e-07	0.222625955	0.138309439	0.306942472	0.043018269	rec	Neurology	CD177:Q8N6Q3:OID21119:v1:Neurology	7.74618E-07	0.206917595	19	42325609	42378769
ABCA1	MXRA8	trans-position, trans-gene	44654	489	44165	2.29e-07	-0.218644269	-0.301458443	-0.135830096	0.04225176	flexnonsynmtr	InflammationII	MXRA8:Q9BRK3:OID30583:v1:InflammationII	2.77164E-07	-0.203792136	9	104781002	104928246
CLIP1	CHL1	trans-position, trans-gene	45362	30	45332	2.3e-07	0.931961866	0.578911986	1.285011746	0.180125991	ptv	Cardiometabolic	CHL1:O00533:OID20366:v1:Cardiometabolic	2.70347E-07	0.9305674	12	122271432	122422632
STAB1	FTCD	trans-position, trans-gene	45419	927	44492	2.3e-07	0.166154239	0.103215971	0.229092507	0.032111095	flexnonsynmtr	NeurologyII	FTCD:O95954:OID31137:v1:NeurologyII	9.8341E-07	0.148004416	3	52495338	52524495
RRAS	RRAS	cis-position, cis-gene	44410	25	44385	2.31e-07	-1.02761143	-1.416968047	-0.638254813	0.198649569	ptv	NeurologyII	RRAS:P10301:OID30961:v1:NeurologyII	4.16457E-07	-0.986261698	19	49635292	49640143
SNX12	CTSO	trans-position, trans-gene	45752	8	45744	2.32e-07	1.795109035	1.114833625	2.475384444	0.347076482	flexnonsynmtr	Inflammation	CTSO:P43234:OID20660:v1:Inflammation	2.40752E-07	1.792450411	X	71056740	71073426
AFP	AFP	cis-position, cis-gene	44766	20	44746	2.33e-07	-1.110252845	-1.531042379	-0.68946331	0.214686676	ptv	Neurology	AFP:P02771:OID20978:v1:Neurology	5.9225E-08	-1.138349732	4	73431138	73456174
ACKR2	CCL11	trans-position, trans-gene	45752	122	45630	2.33e-07	0.441936478	0.27444087	0.609432085	0.085456251	flexdmg	Inflammation	CCL11:P51671:OID20668:v1:Inflammation	5.95558E-07	0.4050553	3	42809472	42867283
ASGR1	LYPD8	trans-position, trans-gene	44180	103	44077	2.33e-07	0.499380203	0.310118287	0.688642119	0.09656133	flexdmg	Oncology	LYPD8:Q6UX82:OID21251:v1:Oncology	1.2654E-06	0.46120213	17	7173431	7179564
TMEM43	DBNL	trans-position, trans-gene	45452	12	45440	2.34e-07	-1.470023138	-2.027244906	-0.912801371	0.284294471	ptv	Inflammation	DBNL:Q9UJU6:OID20681:v1:Inflammation	9.22328E-07	-1.29164146	3	14124940	14143680
SYNGR1	MYBPC2	trans-position, trans-gene	44457	35	44422	2.34e-07	0.827517852	0.51386961	1.141166094	0.160023195	raredmg	CardiometabolicII	MYBPC2:Q14324:OID30199:v1:CardiometabolicII	3.97932E-06	0.658269039	22	39349949	39385588
ANGPTL3	PLA2G10	trans-position, trans-gene	44914	158	44756	2.34e-07	0.398958128	0.247740899	0.550175356	0.077150985	flexnonsynmtr	Neurology	PLA2G10:O15496:OID21002:v1:Neurology	1.78694E-09	0.430701801	1	62597520	62606313
BMP1	SMOC2	trans-position, trans-gene	45452	383	45069	2.34e-07	-0.24418159	-0.336741891	-0.151621289	0.047224253	flexdmg	Inflammation	SMOC2:Q9H3U7:OID20730:v1:Inflammation	2.46676E-07	-0.235575234	8	22165140	22212326
KCNH3	ASRGL1	trans-position, trans-gene	44457	90	44367	2.35e-07	-0.538552606	-0.742725946	-0.334379266	0.104169148	raredmgmtr	CardiometabolicII	ASRGL1:Q7L266:OID30283:v1:CardiometabolicII	5.9911E-08	-0.534239708	12	49539041	49558308
SERPINF2	DCBLD2	trans-position, trans-gene	45388	54	45334	2.35e-07	0.668784823	0.415237356	0.92233229	0.129359879	raredmg	Oncology	DCBLD2:Q96PD2:OID21474:v1:Oncology	3.3887E-08	0.68427088	17	1742836	1755265
CKAP2	CPA4	trans-position, trans-gene	43889	28	43861	2.36e-07	0.967448111	0.600629106	1.334267116	0.187150829	UR	InflammationII	CPA4:Q9UI42:OID30606:v1:InflammationII	2.83379E-07	0.915090218	13	52455360	52476631
TNFSF12-TNFSF13	TNFSF13	cis-position, trans-gene	45452	48	45404	2.36e-07	-0.699585445	-0.964860924	-0.434309967	0.135343513	flexnonsynmtr	Inflammation	TNFSF13:O75888:OID20733:v1:Inflammation	3.7183E-07	-0.6702733	17	7549058	7561608
LIPG	APOC1	trans-position, trans-gene	45606	214	45392	2.37e-07	0.331260722	0.205636921	0.456884524	0.064093252	flexdmg	InflammationII	APOC1:P02654:OID30749:v1:InflammationII	1.99163E-08	0.34580301	18	49560699	49592908
PKD1	IGFBP6	trans-position, trans-gene	45060	18	45042	2.4e-07	1.04384512	0.647800497	1.439889743	0.202061866	ptv	Cardiometabolic	IGFBP6:P24592:OID20413:v1:Cardiometabolic	1.5046E-08	1.113529368	16	2088708	2135898
TTN	EXTL1	trans-position, trans-gene	44108	492	43616	2.41e-07	0.233222181	0.144724233	0.321720128	0.045151604	ptv	CardiometabolicII	EXTL1:Q92935:OID30114:v1:CardiometabolicII	3.8299E-07	0.219355854	2	178525989	178830802
NLRP6	RBP2	trans-position, trans-gene	45042	221	44821	2.42e-07	-0.340932215	-0.470319128	-0.211545302	0.066013169	flexdmg	Oncology	RBP2:P50120:OID21365:v1:Oncology	9.36247E-09	-0.364245366	11	278365	285388
CYB5D1	SAT2	cis-position, trans-gene	44858	55	44803	2.44e-07	-0.692641022	-0.955595441	-0.429686602	0.134159262	ptv	OncologyII	SAT2:Q96F10:OID31306:v1:OncologyII	7.73516E-07	-0.652252735	17	7857746	7863486
GFI1B	VEGFC	trans-position, trans-gene	45388	77	45311	2.44e-07	-0.583235094	-0.804645735	-0.361824454	0.112963674	flexdmg	Oncology	VEGFC:P49767:OID21524:v1:Oncology	2.14152E-06	-0.468551934	9	132945545	132993434
ERFE	ACP5	trans-position, trans-gene	45451	12	45439	2.45e-07	1.415411478	0.878035198	1.952787758	0.274169305	ptv	Cardiometabolic	ACP5:P13686:OID20314:v1:Cardiometabolic	2.57328E-07	1.412148464	2	238159008	238168890
SPPL2A	HS6ST1	trans-position, trans-gene	45621	115	45506	2.46e-07	-0.472901866	-0.65247629	-0.293327442	0.091618856	flexdmg	Oncology	HS6ST1:O60243:OID21441:v1:Oncology	4.45175E-07	-0.453889737	15	50707533	50766158
ITGB1BP2	ITGB1BP2	cis-position, cis-gene	44454	21	44433	2.46e-07	-1.118861388	-1.543717773	-0.694005004	0.21676154	rec	Cardiometabolic	ITGB1BP2:Q9UKP3:OID20112:v1:Cardiometabolic	9.26278E-07	-0.825354102	X	71301750	71305371
NFKBIE	NFKBIE	cis-position, cis-gene	44180	99	44081	2.46e-07	-0.512081422	-0.706544614	-0.317618231	0.099215018	flexnonsynmtr	Oncology	NFKBIE:O00221:OID21212:v1:Oncology	1.15601E-07	-0.502026794	6	44258166	44265788
GCNT2	SEPTIN3	trans-position, trans-gene	45520	225	45295	2.47e-07	-0.336653272	-0.464505858	-0.208800685	0.065230375	ptvraredmg	NeurologyII	SEPTIN3:Q9UH03:OID31025:v1:NeurologyII	5.64543E-07	-0.305236357	6	10521283	10629368
LENG1	OSCAR	cis-position, trans-gene	45300	66	45234	2.48e-07	-0.625982248	-0.863770443	-0.388194052	0.121319494	ptv	Inflammation	OSCAR:Q8IYS5:OID20776:v1:Inflammation	3.59616E-07	-0.610766354	19	54155639	54159743
DENND6B	SBSN	trans-position, trans-gene	45531	32	45499	2.48e-07	-0.905803812	-1.249856836	-0.561750788	0.175535814	UR	CardiometabolicII	SBSN:Q6UWP8:OID30398:v1:CardiometabolicII	1.21724E-06	-0.815610597	22	50311963	50327089
SARS	TTN	trans-position, trans-gene	44108	13	44095	2.48e-07	-1.418280915	-1.956972284	-0.879589546	0.27484004	URmtr	CardiometabolicII	TTN:Q8WZ42:OID30108:v1:CardiometabolicII	8.51929E-06	-1.136661655	1	109213893	109238182
STAB1	NPTXR	trans-position, trans-gene	45275	721	44554	2.5e-07	0.189460356	0.117470234	0.261450479	0.036729347	ptvraredmg	Cardiometabolic	NPTXR:O95502:OID20191:v1:Cardiometabolic	1.86256E-08	0.193996024	3	52495338	52524495
FUT1	CD200	trans-position, trans-gene	45190	208	44982	2.51e-07	0.345745565	0.214355519	0.477135611	0.067035173	flexdmg	Inflammation	CD200:P41217:OID20603:v1:Inflammation	9.61434E-08	0.346398285	19	48748011	48755390
JAK2	SIAE	trans-position, trans-gene	45307	101	45206	2.52e-07	0.50493092	0.313035277	0.696826563	0.097905123	UR	Oncology	SIAE:Q9HAT2:OID21503:v1:Oncology	1.19857E-07	0.482968905	9	4985245	5128183
BACE2	TPPP3	trans-position, trans-gene	44217	10	44207	2.52e-07	-1.624070748	-2.241306785	-1.006834712	0.314913508	rec	Neurology	TPPP3:Q9BW30:OID20842:v1:Neurology	2.69201E-07	-1.621948359	21	41167801	41282534
FUT1	ROBO4	trans-position, trans-gene	44457	203	44254	2.54e-07	0.361099798	0.223815589	0.498384006	0.070042343	flexnonsynmtr	CardiometabolicII	ROBO4:Q8WZ75:OID30226:v1:CardiometabolicII	5.3647E-07	0.34705707	19	48748011	48755390
GFI1B	TIMP3	trans-position, trans-gene	45452	78	45374	2.54e-07	-0.575527877	-0.79434317	-0.356712585	0.111639533	flexdmg	Inflammation	TIMP3:P35625:OID20684:v1:Inflammation	7.99256E-07	-0.481316032	9	132945545	132993434
B4GALNT3	KIRREL2	trans-position, trans-gene	44217	330	43887	2.55e-07	0.277399775	0.171930102	0.382869448	0.053810573	flexdmg	Neurology	KIRREL2:Q6UWL6:OID20873:v1:Neurology	9.85507E-07	0.251531352	12	460377	561892
SIVA1	SPP1	trans-position, trans-gene	45739	93	45646	2.55e-07	-0.506645061	-0.699298024	-0.313992098	0.098291532	flexnonsynmtr	Cardiometabolic	SPP1:P10451:OID20322:v1:Cardiometabolic	2.02259E-07	-0.508359461	14	104752420	104759659
FOXB1	CD8A	trans-position, trans-gene	45644	37	45607	2.56e-07	-0.839976624	-1.159424996	-0.520528251	0.162982535	raredmg	Neurology	CD8A:P01732:OID21018:v1:Neurology	5.4447E-06	-0.650755935	15	60004222	60005943
STAB1	CTSC	trans-position, trans-gene	45157	1234	43923	2.56e-07	0.14534083	0.090067792	0.200613868	0.028200291	flexdmg	Inflammation	CTSC:P53634:OID20679:v1:Inflammation	4.81196E-09	0.157571451	3	52495338	52524495
TTN	DLK1	trans-position, trans-gene	45810	501	45309	2.57e-07	0.221689487	0.137365795	0.30601318	0.043021945	ptv	Cardiometabolic	DLK1:P80370:OID20295:v1:Cardiometabolic	1.51257E-07	0.215750931	2	178525989	178830802
ITGA1	SIGLEC8	trans-position, trans-gene	44457	343	44114	2.57e-07	0.268668952	0.166486125	0.37085178	0.052133634	flexdmg	CardiometabolicII	SIGLEC8:Q9NYZ4:OID30261:v1:CardiometabolicII	2.12372E-07	0.264785476	5	52788302	52953655
ANAPC16	TPMT	trans-position, trans-gene	44180	7	44173	2.57e-07	-1.931321039	-2.665837167	-1.196804912	0.374749741	UR	Oncology	TPMT:P51580:OID21270:v1:Oncology	6.64702E-06	-1.57744689	10	72216000	72235860
TMEM43	FXN	trans-position, trans-gene	45621	12	45609	2.59e-07	-1.479425772	-2.042250977	-0.916600568	0.287153372	ptv	Oncology	FXN:Q16595:OID21442:v1:Oncology	2.99895E-07	-1.363247089	3	14124940	14143680
LCORL	TAGLN3	trans-position, trans-gene	44039	35	44004	2.59e-07	0.871603712	0.540021766	1.203185657	0.169172919	raredmg	OncologyII	TAGLN3:Q9UI15:OID31225:v1:OncologyII	1.17413E-06	0.788626875	4	17841199	18021860
INPP5B	IL5	trans-position, trans-gene	44437	288	44149	2.6e-07	-0.303638401	-0.419170525	-0.188106278	0.058944438	ptvraredmg	Inflammation	IL5:P05113:OID20472:v1:Inflammation	8.47521E-07	-0.274298446	1	37860697	37947084
GAN	NEFL	trans-position, trans-gene	44076	225	43851	2.61e-07	0.291046592	0.180293167	0.401800016	0.056506335	flexdmg	Neurology	NEFL:P07196:OID20871:v1:Neurology	2.87208E-07	0.283825525	16	81314966	81380198
CD200	CD200	cis-position, cis-gene	45190	22	45168	2.64e-07	-1.05904781	-1.462237569	-0.65585805	0.205707329	flexdmg	Inflammation	CD200:P41217:OID20603:v1:Inflammation	4.12551E-06	-0.911824716	3	112332347	112362812
TPGS2	CLMP	trans-position, trans-gene	45621	26	45595	2.65e-07	0.916371076	0.567443283	1.26529887	0.17802293	raredmg	Oncology	CLMP:Q9H6B4:OID21419:v1:Oncology	1.18334E-06	0.806947037	18	36780024	36829393
ABCA8	TCTN3	trans-position, trans-gene	45616	95	45521	2.65e-07	0.517462665	0.32043103	0.714494301	0.100525523	ptv	CardiometabolicII	TCTN3:Q6NUS6:OID30326:v1:CardiometabolicII	2.45241E-07	0.484097451	17	68867287	68955408
NELL2	NELL2	cis-position, cis-gene	45452	5	45447	2.67e-07	-2.221258016	-3.067240429	-1.375275603	0.431620113	ptv	Inflammation	NELL2:Q99435:OID20706:v1:Inflammation	2.79259E-07	-2.226695431	12	44508275	44921848
PJA2	ACRBP	trans-position, trans-gene	45424	6	45418	2.69e-07	2.084102185	1.290124878	2.878079492	0.405087108	UR	OncologyII	ACRBP:Q8NEB7:OID31385:v1:OncologyII	4.51116E-07	1.892750931	5	109334709	109409974
STAB2	DHPS	trans-position, trans-gene	45424	752	44672	2.7e-07	0.187262778	0.115907626	0.25861793	0.036405388	flexnonsynmtr	OncologyII	DHPS:P49366:OID31357:v1:OncologyII	1.65578E-07	0.178478458	12	103587273	103766719
CD36	LAMA4	trans-position, trans-gene	45452	466	44986	2.71e-07	-0.23713763	-0.327506973	-0.146768286	0.046106427	flexdmg	Inflammation	LAMA4:Q16363:OID20769:v1:Inflammation	1.01887E-08	-0.238786464	7	80369575	80679277
INPP1	SEPTIN8	trans-position, trans-gene	45424	43	45381	2.71e-07	0.735788945	0.455380729	1.01619716	0.143064231	flexdmg	NeurologyII	SEPTIN8:Q92599:OID31079:v1:NeurologyII	4.04678E-07	0.675651008	2	190343570	190371665
GHRHR	KLK7	trans-position, trans-gene	43595	19	43576	2.72e-07	1.138059129	0.704313151	1.571805106	0.221296888	URmtr	InflammationII	KLK7:P49862:OID30652:v1:InflammationII	2.31671E-07	1.143198533	7	30938669	30993254
SIGLEC1	CLEC5A	trans-position, trans-gene	45135	642	44493	2.73e-07	0.193933146	0.120009985	0.267856306	0.037715579	flexnonsynmtr	Cardiometabolic	CLEC5A:Q9NY25:OID20165:v1:Cardiometabolic	2.26273E-07	0.183796251	20	3686970	3712600
TMEM43	HARS1	trans-position, trans-gene	45260	12	45248	2.73e-07	-1.467850791	-2.027392699	-0.908308883	0.285478173	ptv	Neurology	HARS1:P12081:OID21086:v1:Neurology	1.06739E-06	-1.29016594	3	14124940	14143680
ADARB1	IGFBP7	trans-position, trans-gene	45810	30	45780	2.73e-07	-0.87360191	-1.206623869	-0.540579951	0.169907794	URmtr	Cardiometabolic	IGFBP7:Q16270:OID20236:v1:Cardiometabolic	2.99637E-07	-0.871026573	21	45074578	45226563
PSMB10	BAIAP2	trans-position, trans-gene	44180	36	44144	2.77e-07	0.845308837	0.522902561	1.167715112	0.164491512	raredmg	Oncology	BAIAP2:Q9UQB8:OID21250:v1:Oncology	2.64787E-08	0.844936461	16	67934504	67936877
CLEC1B	CA9	trans-position, trans-gene	45621	70	45551	2.77e-07	0.59867707	0.370352779	0.82700136	0.116491034	flexdmg	Oncology	CA9:Q16790:OID21417:v1:Oncology	1.37747E-07	0.60234628	12	9985642	10013424
SLC34A3	CHRDL1	trans-position, trans-gene	45378	353	45025	2.77e-07	0.241289198	0.149267119	0.333311276	0.04694965	flexdmg	Inflammation	CHRDL1:Q9BU40:OID20771:v1:Inflammation	3.22062E-06	0.20795065	9	137230757	137236555
VSIG10	VSIG10	cis-position, cis-gene	45424	40	45384	2.77e-07	-0.803958167	-1.110578707	-0.497337627	0.156437755	raredmg	OncologyII	VSIG10:Q8N0Z9:OID31400:v1:OncologyII	1.44864E-07	-0.784199969	12	118063593	118136026
CASK	PALM2	trans-position, trans-gene	45493	15	45478	2.78e-07	1.264082018	0.781907952	1.746256085	0.246005149	rec	NeurologyII	PALM2:Q8IXS6:OID31096:v1:NeurologyII	2.226E-06	1.062965207	X	41514934	41923078
HADHA	THRAP3	trans-position, trans-gene	44108	48	44060	2.79e-07	-0.738911291	-1.020780428	-0.457042155	0.143809478	UR	CardiometabolicII	THRAP3:Q9Y2W1:OID30053:v1:CardiometabolicII	3.22951E-07	-0.687106446	2	26190635	26244726
TRPC7	DBH	trans-position, trans-gene	45591	58	45533	2.8e-07	-0.669224338	-0.924562227	-0.41388645	0.130273367	URmtr	InflammationII	DBH:P09172:OID30703:v1:InflammationII	7.36178E-07	-0.598137904	5	136212765	136365476
CLDN10	CD4	trans-position, trans-gene	45113	35	45078	2.81e-07	0.838639493	0.518614745	1.158664241	0.16327655	URmtr	Inflammation	CD4:P01730:OID20584:v1:Inflammation	1.75146E-06	0.755219504	13	95433599	95579756
ZNF267	CYB5R2	trans-position, trans-gene	45004	83	44921	2.82e-07	0.546252594	0.337774669	0.754730519	0.106365381	flexdmg	OncologyII	CYB5R2:Q6BCY4:OID31512:v1:OncologyII	9.67437E-08	0.55741735	16	31873758	31917308
ENTPD7	MCEMP1	trans-position, trans-gene	44339	53	44286	2.83e-07	0.700966126	0.433404536	0.968527715	0.136509795	raredmg	InflammationII	MCEMP1:Q8IX19:OID30501:v1:InflammationII	5.20387E-06	0.575708623	10	99659506	99711245
CCL7	CCL7	cis-position, cis-gene	45190	29	45161	2.85e-07	-0.916119598	-1.265857466	-0.566381729	0.178436186	flexdmg	Inflammation	CCL7:P80098:OID20523:v1:Inflammation	3.22108E-07	-0.890337911	17	34270221	34272242
RNASEH2C	RNASEH2A	trans-position, trans-gene	45520	40	45480	2.87e-07	-0.804385402	-1.111556787	-0.497214017	0.156718805	raredmg	NeurologyII	RNASEH2A:O75792:OID31027:v1:NeurologyII	2.85377E-07	-0.727281923	11	65717673	65720938
BACE2	TNFRSF19	trans-position, trans-gene	45621	71	45550	2.87e-07	-0.570877738	-0.788892554	-0.352862922	0.111231141	raredmg	Oncology	TNFRSF19:Q9NS68:OID21446:v1:Oncology	1.92315E-07	-0.555638723	21	41167801	41282534
VWDE	CTSD	trans-position, trans-gene	42322	599	41723	2.88e-07	0.201313625	0.124423053	0.278204197	0.039229482	flexdmg	Cardiometabolic	CTSD:P07339:OID20358:v1:Cardiometabolic	9.84185E-06	0.166036316	7	12330883	12404226
OR11H4	SOST	trans-position, trans-gene	45201	55	45146	2.88e-07	0.638563073	0.394678008	0.882448138	0.124430109	flexdmg	Cardiometabolic	SOST:Q9BQB4:OID20204:v1:Cardiometabolic	1.41277E-06	0.589748891	14	20242792	20243766
SH2B3	KLRF1	trans-position, trans-gene	44339	228	44111	2.89e-07	0.323336785	0.199824495	0.446849075	0.063015911	flexdmg	InflammationII	KLRF1:Q9NZS2:OID30464:v1:InflammationII	3.12207E-07	0.322190355	12	111405923	111451623
LIPC	APOA1	trans-position, trans-gene	45680	363	45317	2.91e-07	0.255136309	0.157654728	0.35261789	0.049735096	flexdmg	InflammationII	APOA1:P02647:OID30769:v1:InflammationII	2.20037E-07	0.241642012	15	58410754	58568874
ABCA1	PLA2G10	trans-position, trans-gene	44914	759	44155	2.91e-07	-0.181786539	-0.251245391	-0.112327686	0.035437886	flexdmg	Neurology	PLA2G10:O15496:OID21002:v1:Neurology	4.34079E-07	-0.169225878	9	104781002	104928246
MRPS25	BTD	cis-position, trans-gene	45680	33	45647	2.92e-07	-0.880483377	-1.216928245	-0.544038509	0.171654149	raredmg	InflammationII	BTD:P43251:OID30754:v1:InflammationII	2.73288E-05	-0.661652311	3	15042251	15065311
GPR31	FABP9	trans-position, trans-gene	45190	10	45180	2.93e-07	-1.577662329	-2.180614292	-0.974710365	0.307625962	URmtr	Inflammation	FABP9:Q0Z7S8:OID20501:v1:Inflammation	3.17105E-07	-1.577139236	6	167156872	167157831
NOTCH4	KDR	trans-position, trans-gene	45388	535	44853	2.93e-07	-0.219770829	-0.303764224	-0.135777434	0.042853417	flexdmg	Oncology	KDR:P35968:OID21497:v1:Oncology	1.79295E-06	-0.193171289	6	32194843	32224067
SLC34A3	PRRT3	trans-position, trans-gene	44457	344	44113	2.95e-07	0.267120993	0.1650085	0.369233486	0.052097749	flexdmg	CardiometabolicII	PRRT3:Q5FWE3:OID30276:v1:CardiometabolicII	4.41483E-07	0.250622066	9	137230757	137236555
ST3GAL1	TIMD4	trans-position, trans-gene	45433	15	45418	2.95e-07	-1.299781255	-1.79662837	-0.80293414	0.253491328	raredmg	Cardiometabolic	TIMD4:Q96H15:OID20375:v1:Cardiometabolic	5.67435E-06	-1.118499959	8	133454848	133571940
MAN1A1	BAMBI	trans-position, trans-gene	44180	38	44142	2.96e-07	0.808034389	0.499100805	1.116967973	0.157617752	raredmgmtr	Oncology	BAMBI:Q13145:OID21267:v1:Oncology	8.8124E-06	0.669697633	6	119177201	119351633
NF1	L1CAM	trans-position, trans-gene	45388	16	45372	2.96e-07	1.235976846	0.763440459	1.708513233	0.241087992	ptv	Oncology	L1CAM:P32004:OID21484:v1:Oncology	1.1122E-06	1.051742163	17	31007873	31377677
DMTN	TNFRSF10C	trans-position, trans-gene	45376	152	45224	2.96e-07	-0.416232985	-0.575358917	-0.257107054	0.081186025	flexnonsynmtr	Cardiometabolic	TNFRSF10C:O14798:OID20265:v1:Cardiometabolic	4.61286E-07	-0.403626404	8	22049149	22082527
ANGPTL3	ELN	trans-position, trans-gene	45616	46	45570	2.99e-07	-0.554260195	-0.766249873	-0.342270517	0.108157115	ptv	CardiometabolicII	ELN:P15502:OID30301:v1:CardiometabolicII	4.39836E-07	-0.519608977	1	62597520	62606313
CFH	CFP	trans-position, trans-gene	45680	255	45425	3e-07	-0.311760468	-0.431009331	-0.192511605	0.060840762	flexdmg	InflammationII	CFP:P27918:OID30784:v1:InflammationII	1.33987E-08	-0.32592073	1	196651754	196752476
CLDND2	CLEC11A	cis-position, trans-gene	45188	136	45052	3.01e-07	-0.432997239	-0.598643043	-0.267351435	0.084512454	flexnonsynmtr	Neurology	CLEC11A:Q9Y240:OID21112:v1:Neurology	1.58825E-05	-0.348486859	19	51366957	51369241
HIST1H2BL	PPM1B	trans-position, trans-gene	44339	15	44324	3.03e-07	1.325186018	0.818115438	1.832256599	0.258707169	UR	InflammationII	PPM1B:O75688:OID30548:v1:InflammationII	4.37748E-07	1.189542592	6	27807479	27807931
JAK2	TREML2	trans-position, trans-gene	45260	102	45158	3.03e-07	0.498640315	0.307851601	0.689429029	0.097340365	UR	Neurology	TREML2:Q5T2D2:OID21120:v1:Neurology	1.65092E-06	0.432131383	9	4985245	5128183
PTPRZ1	SCT	trans-position, trans-gene	44410	76	44334	3.04e-07	0.583415537	0.360144113	0.806686962	0.113912979	raredmgmtr	NeurologyII	SCT:P09683:OID30951:v1:NeurologyII	3.78745E-06	0.467275058	7	121873089	122062036
ARFGAP2	FMNL1	trans-position, trans-gene	44217	6	44211	3.05e-07	-2.070259296	-2.862609264	-1.277909328	0.404256545	rec	Neurology	FMNL1:O95466:OID20884:v1:Neurology	2.66537E-07	-2.076575934	11	47164298	47177503
ASGR1	NOTCH3	trans-position, trans-gene	45810	106	45704	3.05e-07	0.463871135	0.286324333	0.641417936	0.090584373	flexdmg	Cardiometabolic	NOTCH3:Q9UM47:OID20253:v1:Cardiometabolic	2.53006E-07	0.457889374	17	7173431	7179564
PCSK6	VEGFD	trans-position, trans-gene	45680	204	45476	3.05e-07	0.350380475	0.216271437	0.484489512	0.068422422	ptvraredmg	Inflammation	VEGFD:O43915:OID20662:v1:Inflammation	6.0671E-07	0.323411809	15	101303928	101489984
MAGED1	CDH17	trans-position, trans-gene	45276	105	45171	3.08e-07	0.488843555	0.301688395	0.675998716	0.095486528	rec	Cardiometabolic	CDH17:Q12864:OID20134:v1:Cardiometabolic	3.9496E-05	0.370993685	X	51803007	51902354
ANXA3	GALNT10	trans-position, trans-gene	45042	105	44937	3.08e-07	0.483414697	0.298327555	0.668501839	0.094431412	flexnonsynmtr	Oncology	GALNT10:Q86SR1:OID21371:v1:Oncology	1.38029E-05	0.376465901	4	78551747	78610451
ATG12	HIP1R	trans-position, trans-gene	45412	6	45406	3.08e-07	2.022699353	1.248232831	2.797165876	0.395132706	UR	NeurologyII	HIP1R:O75146:OID31141:v1:NeurologyII	4.49044E-06	1.56974682	5	115828196	115841851
SLC34A3	ROR1	trans-position, trans-gene	45276	355	44921	3.08e-07	0.261235326	0.161220599	0.361250053	0.051027495	flexdmg	Cardiometabolic	ROR1:Q01973:OID20224:v1:Cardiometabolic	3.08286E-07	0.24898241	9	137230757	137236555
TMEM43	GMFG	trans-position, trans-gene	45616	12	45604	3.1e-07	-1.467414828	-2.029402675	-0.905426981	0.286726151	ptv	CardiometabolicII	GMFG:O60234:OID30340:v1:CardiometabolicII	3.56521E-07	-1.349594375	3	14124940	14143680
CCL26	CCL26	cis-position, cis-gene	45190	25	45165	3.11e-07	-1.006584623	-1.392124445	-0.621044801	0.196702334	flexnonsynmtr	Inflammation	CCL26:Q9Y258:OID20546:v1:Inflammation	7.67968E-08	-0.948683894	7	75769533	75789896
SH2B3	CD83	trans-position, trans-gene	45190	302	44888	3.11e-07	0.286493973	0.176757963	0.396229982	0.055987289	flexnonsynmtr	Inflammation	CD83:Q01151:OID20565:v1:Inflammation	8.53045E-08	0.281404125	12	111405923	111451623
ADAMTS15	ADAMTS15	cis-position, cis-gene	45042	250	44792	3.12e-07	-0.321277827	-0.44434095	-0.198214704	0.062786773	flexdmg	Oncology	ADAMTS15:Q8TE58:OID21275:v1:Oncology	4.45548E-08	-0.331495539	11	130448645	130476645
IQGAP2	CDH1	trans-position, trans-gene	43759	142	43617	3.12e-07	0.419086948	0.258557329	0.579616567	0.081902105	ptv	Cardiometabolic	CDH1:P12830:OID20353:v1:Cardiometabolic	3.40162E-07	0.40878686	5	76403285	76708132
SCOC	CD160	trans-position, trans-gene	45752	6	45746	3.13e-07	-2.055042017	-2.842327524	-1.26775651	0.401673029	UR	Inflammation	CD160:O95971:OID20647:v1:Inflammation	3.52755E-06	-1.616237666	4	140257286	140382556
SLC12A3	DNER	trans-position, trans-gene	45154	786	44368	3.14e-07	-0.175427071	-0.242643672	-0.10821047	0.034293895	flexdmg	Inflammation	DNER:Q8NFT8:OID20712:v1:Inflammation	1.04926E-07	-0.177304626	16	56865207	56915850
SH2B3	KLRB1	trans-position, trans-gene	45752	305	45447	3.14e-07	0.283538041	0.174900841	0.392175241	0.055426694	flexnonsynmtr	Inflammation	KLRB1:Q12918:OID20629:v1:Inflammation	6.15132E-07	0.260417183	12	111405923	111451623
CTNNB1	DTX2	trans-position, trans-gene	44410	19	44391	3.15e-07	-1.168704175	-1.616535874	-0.720872476	0.228483529	URmtr	NeurologyII	DTX2:Q86UW9:OID30882:v1:NeurologyII	2.6471E-07	-1.172859277	3	41199451	41240448
SH2B3	OSCAR	trans-position, trans-gene	45300	304	44996	3.15e-07	0.289883477	0.178804393	0.40096256	0.056672528	flexnonsynmtr	Inflammation	OSCAR:Q8IYS5:OID20776:v1:Inflammation	1.63117E-06	0.256292511	12	111405923	111451623
ASGR1	HAVCR2	trans-position, trans-gene	45260	103	45157	3.16e-07	0.486341876	0.299967928	0.672715824	0.095087952	ptvraredmg	Neurology	HAVCR2:Q8TDQ0:OID21137:v1:Neurology	1.74466E-07	0.484955297	17	7173431	7179564
TLR1	TLR1	cis-position, cis-gene	44339	173	44166	3.16e-07	-0.383480693	-0.53045114	-0.236510245	0.074984252	flexdmg	InflammationII	TLR1:Q15399:OID30532:v1:InflammationII	1.71173E-07	-0.37945469	4	38790677	38856817
TAP2	LRPAP1	trans-position, trans-gene	45644	354	45290	3.17e-07	0.266364233	0.164269922	0.368458544	0.05208851	flexdmg	Neurology	LRPAP1:P30533:OID21059:v1:Neurology	3.58082E-08	0.269441164	6	32821833	32838823
CD28	CD28	cis-position, cis-gene	44180	69	44111	3.19e-07	-0.60658557	-0.839120024	-0.374051116	0.118638956	flexnonsynmtr	Oncology	CD28:P10747:OID21265:v1:Oncology	1.53549E-08	-0.627402367	2	203706475	203738912
CKAP2L	IFIT3	trans-position, trans-gene	44858	88	44770	3.19e-07	0.543272252	0.335001255	0.75154325	0.106259797	ptvraredmg	OncologyII	IFIT3:O14879:OID31283:v1:OncologyII	2.62705E-07	0.534970026	2	112736349	112764677
AGER	MICB_MICA	cis-position, trans-gene	45190	88	45102	3.19e-07	-0.537875492	-0.744072653	-0.33167833	0.105201748	ptv	Inflammation	MICB_MICA:Q29980_Q29983:OID20593:v1:Inflammation	1.2395E-06	-0.496612898	6	32180968	32184322
ASGR1	ITGB5	trans-position, trans-gene	45388	104	45284	3.2e-07	0.485459506	0.299333298	0.671585713	0.094961562	flexdmg	Oncology	ITGB5:P18084:OID21522:v1:Oncology	1.27098E-06	0.451358155	17	7173431	7179564
ADCY8	LPA	trans-position, trans-gene	44686	29	44657	3.2e-07	0.949241161	0.585287475	1.313194846	0.185689036	ptv	InflammationII	LPA:P08519:OID30747:v1:InflammationII	2.45217E-07	0.949904137	8	130780300	131041598
CLDN10	CKAP4	trans-position, trans-gene	45532	80	45452	3.23e-07	0.552756501	0.340740608	0.764772394	0.108170485	flexnonsynmtr	Inflammation	CKAP4:Q07065:OID20617:v1:Inflammation	1.72903E-07	0.549488133	13	95433599	95579756
TMEM43	CASP3	trans-position, trans-gene	45810	12	45798	3.26e-07	-1.457900162	-2.017264944	-0.89853538	0.285387895	ptv	Cardiometabolic	CASP3:P42574:OID20305:v1:Cardiometabolic	4.53775E-07	-1.332181443	3	14124940	14143680
IRX5	GTF2IRD1	trans-position, trans-gene	44858	29	44829	3.27e-07	0.950667179	0.585896561	1.315437796	0.186105854	ptvraredmg	OncologyII	GTF2IRD1:Q9UHL9:OID31264:v1:OncologyII	1.98691E-07	0.833381888	16	54931199	54934485
SLC34A3	ART3	trans-position, trans-gene	45432	356	45076	3.31e-07	0.246074399	0.151604654	0.340544144	0.048198451	flexdmg	Cardiometabolic	ART3:Q13508:OID20346:v1:Cardiometabolic	5.57664E-07	0.230469639	9	137230757	137236555
KSR2	SEZ6L2	trans-position, trans-gene	45042	140	44902	3.32e-07	0.390406596	0.240523141	0.540290051	0.0764705	flexnonsynmtr	Oncology	SEZ6L2:Q6UXD5:OID21289:v1:Oncology	3.59148E-06	0.336685842	12	117453012	117969103
COL4A1	COL4A1	cis-position, cis-gene	45276	3	45273	3.34e-07	-2.899389389	-4.012807591	-1.785971187	0.568065757	ptv	Cardiometabolic	COL4A1:P02462:OID20208:v1:Cardiometabolic	5.50085E-06	-2.248910619	13	110148963	110307157
CD36	CXCL11	trans-position, trans-gene	45644	346	45298	3.35e-07	-0.268466234	-0.371579202	-0.165353265	0.052608228	ptvraredmg	Neurology	CXCL11:O14625:OID21042:v1:Neurology	9.82863E-09	-0.273236219	7	80369575	80679277
TNFRSF13B	SIGLEC10	trans-position, trans-gene	45190	353	44837	3.35e-07	0.267162513	0.164560644	0.369764382	0.052347452	flexdmg	Inflammation	SIGLEC10:Q96LC7:OID20537:v1:Inflammation	6.33853E-07	0.249041819	17	16929816	16972118
HYKK	CTSH	cis-position, trans-gene	44310	169	44141	3.43e-07	-0.381033304	-0.527496029	-0.234570579	0.074725211	flexnonsynmtr	Cardiometabolic	CTSH:P09668:OID20113:v1:Cardiometabolic	2.0024E-07	-0.374789391	15	78507564	78537373
SNRPB2	SNRPB2	cis-position, cis-gene	45493	43	45450	3.44e-07	-0.760917371	-1.053449489	-0.468385253	0.149249851	flexdmg	NeurologyII	SNRPB2:P08579:OID31132:v1:NeurologyII	1.05636E-05	-0.635792417	20	16729961	16742564
CFAP126	FCGR2A	cis-position, trans-gene	45054	22	45032	3.45e-07	-1.06331988	-1.472168329	-0.654471431	0.208594374	ptv	Cardiometabolic	FCGR2A:P12318:OID20391:v1:Cardiometabolic	3.95947E-06	-0.902757695	1	161364731	161367883
PCDH19	UPB1	trans-position, trans-gene	45616	91	45525	3.46e-07	0.518684491	0.319238269	0.718130714	0.101757445	flexnonsynmtr	CardiometabolicII	UPB1:Q9UBR1:OID30352:v1:CardiometabolicII	4.58903E-07	0.48599698	X	100291644	100410273
ST3GAL4	SFRP4	trans-position, trans-gene	44654	13	44641	3.47e-07	-1.379848904	-1.910470094	-0.849227714	0.27072273	URmtr	InflammationII	SFRP4:Q6FHJ7:OID30648:v1:InflammationII	1.15889E-06	-1.27056175	11	126355645	126652917
HNRNPA0	SMPDL3A	trans-position, trans-gene	45384	68	45316	3.48e-07	0.61718342	0.379800854	0.854565987	0.121112548	flexnonsynmtr	Inflammation	SMPDL3A:Q92484:OID20676:v1:Inflammation	6.45333E-06	0.505053942	5	137751384	137754350
TMEM43	FADD	trans-position, trans-gene	45275	12	45263	3.49e-07	-1.459885434	-2.021404398	-0.89836647	0.28648687	ptv	Cardiometabolic	FADD:Q13158:OID20151:v1:Cardiometabolic	5.63094E-07	-1.32711914	3	14124940	14143680
GFI1B	PPBP	trans-position, trans-gene	45395	76	45319	3.5e-07	-0.581794401	-0.805604797	-0.357984005	0.11418803	flexdmg	InflammationII	PPBP:P02775:OID30761:v1:InflammationII	8.74763E-07	-0.491199949	9	132945545	132993434
SEPT3	SERPINB8	trans-position, trans-gene	45752	36	45716	3.53e-07	0.833697304	0.512883212	1.154511396	0.163679335	ptvraredmg	Inflammation	SERPINB8:P50452:OID20630:v1:Inflammation	3.93077E-07	0.798873574	22	41976927	41998221
MYO15A	SHMT1	cis-position, trans-gene	45378	766	44612	3.53e-07	-0.183495517	-0.254107616	-0.112883419	0.036026282	rec	Inflammation	SHMT1:P34896:OID20714:v1:Inflammation	8.79473E-07	-0.167685542	17	18108706	18180225
TMEM43	ATP5IF1	trans-position, trans-gene	45452	12	45440	3.54e-07	-1.460937547	-2.023195677	-0.898679417	0.286864022	ptv	Inflammation	ATP5IF1:Q9UII2:OID20760:v1:Inflammation	2.22691E-06	-1.257558513	3	14124940	14143680
SIGLEC1	KLRF1	trans-position, trans-gene	44339	486	43853	3.54e-07	0.220475625	0.135629293	0.305321957	0.043288558	flexdmg	InflammationII	KLRF1:Q9NZS2:OID30464:v1:InflammationII	3.1449E-07	0.21549773	20	3686970	3712600
CLDN8	WASL	trans-position, trans-gene	44339	100	44239	3.54e-07	0.509518798	0.313420165	0.70561743	0.100049429	flexdmg	InflammationII	WASL:O00401:OID30467:v1:InflammationII	1.19188E-05	0.416378283	21	30214006	30216151
HAUS6	RBP7	trans-position, trans-gene	45423	15	45408	3.56e-07	1.264431038	0.77770794	1.751154136	0.248326054	rec	OncologyII	RBP7:Q96R05:OID31526:v1:OncologyII	1.23977E-05	0.922989515	9	19053137	19102942
CHML	TIMP3	trans-position, trans-gene	45452	26	45426	3.56e-07	-0.983991776	-1.362752286	-0.605231267	0.193243561	ptv	Inflammation	TIMP3:P35625:OID20684:v1:Inflammation	9.22248E-06	-0.783469848	1	241628864	241635930
NAGA	CLEC10A	trans-position, trans-gene	44914	10	44904	3.6e-07	-1.581759484	-2.190869761	-0.972649207	0.310767882	rec	Neurology	CLEC10A:Q8IUN9:OID20928:v1:Neurology	6.92802E-07	-1.423640358	22	42058334	42070842
CLDN10	TAFA5	trans-position, trans-gene	45042	41	45001	3.6e-07	0.770906549	0.474044822	1.067768277	0.151458776	UR	Oncology	TAFA5:Q7Z5A7:OID21321:v1:Oncology	2.2804E-06	0.691971661	13	95433599	95579756
DNAJB14	NTF4	trans-position, trans-gene	44180	41	44139	3.61e-07	-0.792266574	-1.09740852	-0.487124629	0.15568326	raredmgmtr	Oncology	NTF4:P34130:OID21208:v1:Oncology	3.50028E-07	-0.792100775	4	99896248	99946618
SLC34A3	IFNGR1	trans-position, trans-gene	45452	353	45099	3.62e-07	0.264078257	0.162367268	0.365789246	0.051892933	flexdmg	Inflammation	IFNGR1:P15260:OID20678:v1:Inflammation	1.12097E-07	0.262306578	9	137230757	137236555
SLC25A28	SIGLEC6	trans-position, trans-gene	45621	53	45568	3.63e-07	-0.6936322	-0.960816287	-0.426448113	0.136317299	flexnonsynmtr	Oncology	SIGLEC6:O43699:OID21394:v1:Oncology	2.65683E-07	-0.687069138	10	99610518	99659339
IQGAP2	IGSF21	trans-position, trans-gene	44457	141	44316	3.66e-07	-0.408751163	-0.566254257	-0.251248068	0.08035801	ptv	CardiometabolicII	IGSF21:Q96ID5:OID30210:v1:CardiometabolicII	1.44695E-07	-0.411372873	5	76403285	76708132
B4GALNT3	MEGF10	trans-position, trans-gene	45225	336	44889	3.68e-07	0.271631624	0.166945957	0.376317292	0.053410606	flexdmg	Inflammation	MEGF10:Q96KG7:OID20746:v1:Inflammation	1.74906E-06	0.243081468	12	460377	561892
TRPM4	TNFRSF13B	trans-position, trans-gene	45300	110	45190	3.71e-07	0.473303602	0.290827032	0.655780172	0.093099513	ptv	Inflammation	TNFRSF13B:O14836:OID20702:v1:Inflammation	5.81315E-07	0.447954104	19	49157759	49211841
PKD1	REG1A	trans-position, trans-gene	44986	18	44968	3.72e-07	1.157248	0.711049833	1.603446167	0.227650182	ptv	Cardiometabolic	REG1A:P05451:OID20415:v1:Cardiometabolic	1.04872E-07	1.183422623	16	2088708	2135898
AVPI1	XG	trans-position, trans-gene	45591	3	45588	3.73e-07	2.205237906	1.354859129	3.055616682	0.433863172	UR	Cardiometabolic	XG:P55808:OID20259:v1:Cardiometabolic	p>0.0001	p>0.0001	10	97677424	97687258
SLC22A5	SELP	trans-position, trans-gene	45433	366	45067	3.74e-07	-0.263727422	-0.36542669	-0.162028155	0.051886952	flexdmg	Cardiometabolic	SELP:P16109:OID20379:v1:Cardiometabolic	1.06135E-06	-0.219507008	5	132369704	132395614
HLA-G	ADAM8	trans-position, trans-gene	45565	32	45533	3.75e-07	0.888804857	0.546022606	1.231587108	0.17488747	ptv	Neurology	ADAM8:P78325:OID21039:v1:Neurology	6.51733E-07	0.845868346	6	29826979	29831122
SEC31B	KAZALD1	cis-position, trans-gene	45042	267	44775	3.75e-07	-0.309232288	-0.428496571	-0.189968005	0.060848606	flexdmg	Oncology	KAZALD1:Q96I82:OID21339:v1:Oncology	2.38993E-08	-0.315625334	10	100486646	100519838
CUX1	APOM	trans-position, trans-gene	45352	56	45296	3.76e-07	-0.661793306	-0.917047181	-0.40653943	0.130230485	UR	Cardiometabolic	APOM:O95445:OID20374:v1:Cardiometabolic	3.93606E-07	-0.62831956	7	101815904	102283958
RUVBL2	NHLRC3	trans-position, trans-gene	43654	164	43490	3.77e-07	0.387267282	0.237874583	0.53665998	0.076220051	flexnonsynmtr	InflammationII	NHLRC3:Q5JS37:OID30614:v1:InflammationII	4.16414E-08	0.401075975	19	48993353	49015926
GATB	ACP6	trans-position, trans-gene	45553	17	45536	3.78e-07	-1.226625485	-1.699872574	-0.753378397	0.241450615	URmtr	Oncology	ACP6:Q9NPH0:OID21432:v1:Oncology	p>0.0001	p>0.0001	4	151670052	151761023
TMEM43	CRKL	trans-position, trans-gene	45310	12	45298	3.78e-07	-1.447022525	-2.005258349	-0.888786701	0.284811818	ptv	Inflammation	CRKL:P46109:OID20742:v1:Inflammation	1.49021E-06	-1.267819883	3	14124940	14143680
KLKB1	BCL2L11	trans-position, trans-gene	45190	71	45119	3.79e-07	0.596175768	0.366160326	0.82619121	0.117353829	ptv	Inflammation	BCL2L11:O43521-2:OID20513:v1:Inflammation	1.4516E-06	0.545357706	4	186226438	186258471
LRCH4	PILRA	cis-position, trans-gene	45260	189	45071	3.8e-07	-0.357937122	-0.4960565	-0.219817744	0.07046848	flexdmg	Neurology	PILRA:Q9UKJ1:OID21129:v1:Neurology	2.51809E-07	-0.356037213	7	100574011	100586129
ACADS	CCL22	trans-position, trans-gene	44794	51	44743	3.83e-07	0.70150652	0.430743572	0.972269468	0.138143165	UR	Inflammation	CCL22:O00626:OID20765:v1:Inflammation	3.78632E-08	0.71297635	12	120725738	120740008
COA3	COX5B	trans-position, trans-gene	45042	55	44987	3.83e-07	-0.681399271	-0.944407946	-0.418390596	0.134186958	flexdmg	Oncology	COX5B:P10606:OID21297:v1:Oncology	3.46017E-06	-0.565829423	17	42797618	42798725
GFI1B	CXCL11	trans-position, trans-gene	45644	76	45568	3.83e-07	-0.568227437	-0.787561654	-0.348893221	0.1119043	flexdmg	Neurology	CXCL11:O14625:OID21042:v1:Neurology	1.51105E-07	-0.517620522	9	132945545	132993434
SIK2	GM2A	trans-position, trans-gene	44578	3	44575	3.83e-07	-2.767408798	-3.835604309	-1.699213287	0.54499292	ptv	CardiometabolicII	GM2A:P17900:OID30413:v1:CardiometabolicII	7.4327E-05	-1.870426853	11	111602391	111732388
NEMP2	KIF20B	trans-position, trans-gene	44185	19	44166	3.83e-07	-1.165626718	-1.615550963	-0.715702472	0.229551114	raredmg	NeurologyII	KIF20B:Q96Q89:OID30816:v1:NeurologyII	3.64106E-07	-1.16539789	2	190454092	190543625
CD36	ACHE	trans-position, trans-gene	44654	416	44238	3.84e-07	-0.237657517	-0.329401776	-0.145913258	0.046807886	flexnonsynmtr	InflammationII	ACHE:P22303:OID30585:v1:InflammationII	3.61628E-08	-0.235060203	7	80369575	80679277
SERPINA4	SERPINA9	cis-position, trans-gene	44841	41	44800	3.87e-07	0.769542393	0.472397678	1.066687107	0.151603138	raredmgmtr	Oncology	SERPINA9:Q86WD7:OID21284:v1:Oncology	2.83635E-06	0.655944598	14	94561442	94569913
CD36	PPBP	trans-position, trans-gene	45395	472	44923	3.88e-07	-0.233609826	-0.323825318	-0.143394335	0.04602793	flexdmg	InflammationII	PPBP:P02775:OID30761:v1:InflammationII	4.51174E-09	-0.245111144	7	80369575	80679277
ASGR1	LILRA6	trans-position, trans-gene	45616	105	45511	3.89e-07	0.487290199	0.299096201	0.675484198	0.096016562	ptvraredmg	CardiometabolicII	LILRA6:Q6PI73:OID30346:v1:CardiometabolicII	2.2674E-07	0.49131199	17	7173431	7179564
MTTP	PCOLCE	trans-position, trans-gene	17006	13	16993	3.92e-07	-1.327706518	-1.840520991	-0.814892045	0.261626202	ptv	Cardiometabolic	PCOLCE:Q15113:OID20384:v1:Cardiometabolic	4.02606E-06	-1.165410719	4	99564078	99623997
OLR1	OLR1	cis-position, cis-gene	44844	77	44767	3.93e-07	-0.569450307	-0.789469036	-0.349431578	0.112253485	flexnonsynmtr	Cardiometabolic	OLR1:P78380:OID20183:v1:Cardiometabolic	8.80778E-06	-0.448766229	12	10158301	10172138
SH2B3	CD5	trans-position, trans-gene	45556	301	45255	3.95e-07	0.287857017	0.176624942	0.399089091	0.056750593	flexnonsynmtr	Oncology	CD5:P06127:OID21449:v1:Oncology	7.78743E-07	0.263447817	12	111405923	111451623
ZC3HAV1	CNTN1	trans-position, trans-gene	45810	39	45771	3.95e-07	0.750333394	0.460379283	1.040287505	0.147934579	flexdmg	Cardiometabolic	CNTN1:Q12860:OID20307:v1:Cardiometabolic	1.69487E-08	0.788324376	7	139043520	139109720
SH2B3	IL18BP	trans-position, trans-gene	45433	303	45130	3.95e-07	0.27512368	0.168806616	0.381440744	0.054242951	flexnonsynmtr	Cardiometabolic	IL18BP:O95998:OID20348:v1:Cardiometabolic	2.4302E-07	0.26338037	12	111405923	111451623
SIGLEC1	NT5E	trans-position, trans-gene	45388	493	44895	3.96e-07	0.226371447	0.138883965	0.313858929	0.0446361	flexdmg	Oncology	NT5E:P21589:OID21498:v1:Oncology	1.70585E-06	0.206106598	20	3686970	3712600
PTPRA	CPXM1	cis-position, trans-gene	45388	164	45224	3.97e-07	0.39297869	0.241096673	0.544860707	0.077490182	flexnonsynmtr	Oncology	CPXM1:Q96SM3:OID21479:v1:Oncology	2.08324E-06	0.357994241	20	2864195	3038669
D2HGDH	ERBB3	trans-position, trans-gene	45090	110	44980	3.97e-07	-0.450846984	-0.625109186	-0.276584783	0.088908533	raredmgmtr	Inflammation	ERBB3:P21860:OID20705:v1:Inflammation	1.93159E-06	-0.364709127	2	241734579	241768816
SLC34A3	NECTIN4	trans-position, trans-gene	45388	351	45037	3.97e-07	0.266314704	0.16338406	0.369245349	0.052515199	flexdmg	Oncology	NECTIN4:Q96NY8:OID21490:v1:Oncology	3.96357E-07	0.252697579	9	137230757	137236555
PKD1	WFDC2	trans-position, trans-gene	42977	17	42960	3.97e-07	1.097920939	0.673577699	1.522264179	0.216499531	ptv	Oncology	WFDC2:Q14508:OID21505:v1:Oncology	3.94287E-08	1.161702299	16	2088708	2135898
SLC34A3	TNFRSF14	trans-position, trans-gene	45300	353	44947	3.99e-07	0.261882103	0.160649228	0.363114978	0.051648994	flexdmg	Inflammation	TNFRSF14:Q92956:OID20783:v1:Inflammation	1.83024E-08	0.276702118	9	137230757	137236555
PKD1	HAVCR1	trans-position, trans-gene	45556	166	45390	4e-07	0.352207318	0.216035587	0.488379049	0.069474803	UR	Oncology	HAVCR1:Q96D42:OID21422:v1:Oncology	1.4213E-06	0.317645409	16	2088708	2135898
ELAVL4	SPP1	trans-position, trans-gene	45739	45	45694	4e-07	-0.716070219	-0.992900311	-0.439240126	0.141238699	raredmg	Cardiometabolic	SPP1:P10451:OID20322:v1:Cardiometabolic	1.3103E-07	-0.733575496	1	50024029	50203772
MIEF1	MYH9	trans-position, trans-gene	45606	10	45596	4.01e-07	-1.581225648	-2.192586313	-0.969864982	0.311916157	ptv	CardiometabolicII	MYH9:P35579:OID30382:v1:CardiometabolicII	4.35862E-07	-1.578057631	22	39500100	39518134
PKD1	REG3A	trans-position, trans-gene	45810	18	45792	4.01e-07	1.145870888	0.702820032	1.588921745	0.226044534	ptv	Cardiometabolic	REG3A:Q06141:OID20258:v1:Cardiometabolic	7.04262E-08	1.18596769	16	2088708	2135898
TMEM150A	CFD	trans-position, trans-gene	45680	14	45666	4.02e-07	-1.300760575	-1.803754759	-0.797766392	0.256627599	URmtr	InflammationII	CFD:P00746:OID30738:v1:InflammationII	3.92174E-07	-1.301008803	2	85598547	85602699
ITM2A	ITM2A	cis-position, cis-gene	45190	4	45186	4.02e-07	-2.522255409	-3.497580892	-1.546929925	0.497610853	ptv	Inflammation	ITM2A:O43736:OID20504:v1:Inflammation	3.97596E-07	-2.520185267	X	79360384	79367667
DNAJB11	RBP2	trans-position, trans-gene	45042	53	44989	4.03e-07	-0.681930468	-0.94563805	-0.418222887	0.13454354	ptvraredmg	Oncology	RBP2:P50120:OID21365:v1:Oncology	1.38094E-06	-0.639848698	3	186570676	186585800
DYRK2	RNF43	trans-position, trans-gene	44858	32	44826	4.05e-07	0.889499773	0.545459137	1.233540408	0.175529424	UR	OncologyII	RNF43:Q68DV7:OID31291:v1:OncologyII	2.27418E-06	0.81910275	12	67648732	67662664
FCGRT	CD55	trans-position, trans-gene	43681	47	43634	4.07e-07	0.709203094	0.434829409	0.98357678	0.139985266	flexnonsynmtr	Cardiometabolic	CD55:P08174:OID20377:v1:Cardiometabolic	4.99046E-06	0.587641797	19	49512279	49526428
P4HB	ENTPD5	trans-position, trans-gene	44454	73	44381	4.07e-07	0.582178551	0.356955085	0.807402016	0.114908913	ptvraredmg	Cardiometabolic	ENTPD5:O75356:OID20104:v1:Cardiometabolic	5.47131E-07	0.555291525	17	81843159	81860856
BPIFB3	TMED4	trans-position, trans-gene	44108	29	44079	4.07e-07	-0.941148333	-1.305244051	-0.577052615	0.185761435	ptvraredmg	CardiometabolicII	TMED4:Q7Z7H5:OID30154:v1:CardiometabolicII	8.72833E-05	-0.58532486	20	33055331	33073637
HEATR9	BRK1	trans-position, trans-gene	44217	63	44154	4.1e-07	-0.625845629	-0.868037438	-0.38365382	0.123566136	flexdmg	Neurology	BRK1:Q8WUW1:OID20883:v1:Neurology	1.80307E-05	-0.501235804	17	35854946	35868891
TMPRSS11B	CDHR2	trans-position, trans-gene	45042	16	45026	4.1e-07	1.075248537	0.659159189	1.491337884	0.212288677	ptv	Oncology	CDHR2:Q9BYE9:OID21282:v1:Oncology	7.38497E-06	0.763019507	4	68226653	68245694
LTA4H	CNTN5	trans-position, trans-gene	45357	29	45328	4.1e-07	0.880437578	0.539736785	1.22113837	0.173825489	URmtr	Neurology	CNTN5:O94779:OID21006:v1:Neurology	7.33557E-06	0.709051968	12	96000753	96043520
TMCO6	PCDHB15	cis-position, trans-gene	45424	139	45285	4.1e-07	-0.426200798	-0.591133564	-0.261268031	0.084148674	flexdmg	OncologyII	PCDHB15:Q9Y5E8:OID31377:v1:OncologyII	5.2222E-07	-0.4083235	5	140596540	140647248
CYP26C1	TNFRSF10C	trans-position, trans-gene	45376	24	45352	4.11e-07	-1.033298764	-1.433205617	-0.633391912	0.204032413	URmtr	Cardiometabolic	TNFRSF10C:O14798:OID20265:v1:Cardiometabolic	7.53909E-06	-0.842452786	10	93061264	93068697
PKD1	NPPC	trans-position, trans-gene	45190	17	45173	4.12e-07	1.060072946	0.649790444	1.470355449	0.209326045	ptv	Inflammation	NPPC:P23582:OID20568:v1:Inflammation	1.98503E-07	1.063028895	16	2088708	2135898
RPL18	CXADR	trans-position, trans-gene	45190	18	45172	4.14e-07	-1.175063519	-1.629951485	-0.720175554	0.232083743	raredmgmtr	Inflammation	CXADR:P78310:OID20561:v1:Inflammation	3.54497E-06	-1.048232382	19	48615327	48619418
SLC39A12	XG	trans-position, trans-gene	45591	3	45588	4.15e-07	-2.196392875	-3.046710902	-1.346074849	0.433832177	rec	Cardiometabolic	XG:P55808:OID20259:v1:Cardiometabolic	p>0.0001	p>0.0001	10	17951839	18043292
RUNX1	DKK1	trans-position, trans-gene	45644	207	45437	4.2e-07	0.348465081	0.213496692	0.48343347	0.068860861	flexdmg	Neurology	DKK1:O94907:OID21066:v1:Neurology	8.42539E-07	0.332851481	21	34787801	35049310
CLECL1	PDCL2	trans-position, trans-gene	44039	69	43970	4.2e-07	0.609303938	0.373309424	0.845298452	0.120404266	flexnonsynmtr	OncologyII	PDCL2:Q8N4E4:OID31168:v1:OncologyII	3.1923E-07	0.572145774	12	9715860	9733299
CD36	TFPI2	trans-position, trans-gene	45252	419	44833	4.2e-07	-0.232056394	-0.321939067	-0.142173721	0.045858122	flexnonsynmtr	Oncology	TFPI2:P48307:OID21512:v1:Oncology	1.40362E-06	-0.203280993	7	80369575	80679277
STAB1	CNTNAP2	trans-position, trans-gene	45190	187	45003	4.22e-07	0.357150304	0.218792931	0.495507677	0.070589902	ptv	Inflammation	CNTNAP2:Q9UHC6:OID20556:v1:Inflammation	2.97323E-07	0.355676184	3	52495338	52524495
ASGR1	IFNLR1	trans-position, trans-gene	45190	105	45085	4.23e-07	0.484359251	0.296703207	0.672015296	0.095742074	flexdmg	Inflammation	IFNLR1:Q8IU57:OID20506:v1:Inflammation	4.3355E-07	0.472973913	17	7173431	7179564
WDR91	FCRL1	trans-position, trans-gene	45276	9	45267	4.25e-07	1.648711143	1.009813532	2.287608755	0.325965441	rec	Cardiometabolic	FCRL1:Q96LA6:OID20172:v1:Cardiometabolic	6.44846E-05	1.179950865	7	135183838	135211564
SLC48A1	OCLN	trans-position, trans-gene	45520	4	45516	4.26e-07	2.403400037	1.472000031	3.334800043	0.475200176	UR	NeurologyII	OCLN:Q16625:OID31069:v1:NeurologyII	4.10335E-07	2.413173696	12	47753842	47782753
CD36	COL5A1	trans-position, trans-gene	44654	458	44196	4.28e-07	-0.233113534	-0.323468134	-0.142758934	0.046098883	flexdmg	InflammationII	COL5A1:P20908:OID30587:v1:InflammationII	1.82562E-07	-0.217743255	7	80369575	80679277
BMP1	HSPG2	trans-position, trans-gene	44912	231	44681	4.28e-07	-0.316836458	-0.439644259	-0.194028656	0.062656504	ptvraredmg	Cardiometabolic	HSPG2:P98160:OID20383:v1:Cardiometabolic	2.9256E-07	-0.309612229	8	22165140	22212326
DNMT1	BGN	trans-position, trans-gene	44106	212	43894	4.31e-07	-0.341695395	-0.474173774	-0.209217016	0.067590396	flexnonsynmtr	Oncology	BGN:P21810:OID21198:v1:Oncology	1.03203E-05	-0.284067803	19	10133345	10195079
BMP1	COL4A1	trans-position, trans-gene	45276	382	44894	4.31e-07	-0.255592735	-0.354690256	-0.156495214	0.050559537	flexdmg	Cardiometabolic	COL4A1:P02462:OID20208:v1:Cardiometabolic	6.90504E-07	-0.242783992	8	22165140	22212326
SLC34A3	CDH3	trans-position, trans-gene	45644	354	45290	4.32e-07	0.262244867	0.160561349	0.363928385	0.051878923	flexdmg	Neurology	CDH3:P22223:OID21008:v1:Neurology	6.21883E-07	0.246873401	9	137230757	137236555
TNFRSF13B	GALNT7	trans-position, trans-gene	45042	354	44688	4.34e-07	0.267007475	0.163463255	0.370551695	0.052828234	flexdmg	Oncology	GALNT7:Q86SF2:OID21377:v1:Oncology	3.12326E-07	0.258467018	17	16929816	16972118
STAB1	NID2	trans-position, trans-gene	45260	1222	44038	4.34e-07	0.14577417	0.089240916	0.202307424	0.028843255	flexdmg	Neurology	NID2:Q14112:OID21085:v1:Neurology	1.37207E-07	0.145184662	3	52495338	52524495
SLC39A5	ENPP6	trans-position, trans-gene	44457	322	44135	4.35e-07	0.271368766	0.166122326	0.376615206	0.053696687	flexnonsynmtr	CardiometabolicII	ENPP6:Q6UWR7:OID30273:v1:CardiometabolicII	8.02447E-08	0.277754184	12	56230049	56237846
TRPM1	ACY1	trans-position, trans-gene	45276	783	44493	4.37e-07	0.169584135	0.103803314	0.235364956	0.033561363	flexdmg	Cardiometabolic	ACY1:Q03154:OID20137:v1:Cardiometabolic	2.07404E-05	0.13599971	15	31001061	31161273
TMTC2	CD164L2	trans-position, trans-gene	44410	44	44366	4.37e-07	-0.764293351	-1.060761442	-0.467825259	0.151257886	UR	NeurologyII	CD164L2:Q6UWJ8:OID30922:v1:NeurologyII	5.74376E-06	-0.629459899	12	82686952	83134868
CA13	PTK7	trans-position, trans-gene	44217	11	44206	4.37e-07	-1.51482284	-2.102426461	-0.927219219	0.299795065	ptv	Neurology	PTK7:Q13308:OID20880:v1:Neurology	2.2622E-05	-1.127517723	8	85220587	85284073
CCDC183	MYL4	trans-position, trans-gene	44457	7	44450	4.41e-07	1.850625579	1.132524473	2.568726686	0.366374869	URmtr	CardiometabolicII	MYL4:P12829:OID30245:v1:CardiometabolicII	1.86666E-06	1.393643461	9	136796338	136807741
TMEM43	MGMT	trans-position, trans-gene	45190	12	45178	4.43e-07	-1.451933656	-2.015434332	-0.88843298	0.287497924	ptv	Inflammation	MGMT:P16455:OID20588:v1:Inflammation	4.88595E-07	-1.337272004	3	14124940	14143680
OR1G1	CDH6	trans-position, trans-gene	45276	140	45136	4.44e-07	-0.416653574	-0.578366698	-0.254940451	0.082506005	flexnonsynmtr	Cardiometabolic	CDH6:P55285:OID20157:v1:Cardiometabolic	8.81976E-07	-0.389274875	17	3126505	3128253
ST3GAL6	PDCD1LG2	trans-position, trans-gene	45042	24	45018	4.45e-07	-1.018805574	-1.414285192	-0.623325957	0.201773599	ptv	Oncology	PDCD1LG2:Q9BQ51:OID21273:v1:Oncology	6.12507E-06	-0.877477965	3	98732236	98797054
TRIM2	CES2	trans-position, trans-gene	45042	22	45020	4.46e-07	1.047005491	0.640558153	1.453452829	0.207369326	URmtr	Oncology	CES2:O00748:OID21366:v1:Oncology	2.24633E-06	0.885206082	4	153152469	153339322
HTRA2	HTRA2	cis-position, cis-gene	45388	42	45346	4.46e-07	-0.768652604	-1.067053224	-0.470251984	0.15224395	flexdmg	Oncology	HTRA2:O43464:OID21471:v1:Oncology	2.16016E-08	-0.79911331	2	74529725	74533332
F2	F2	cis-position, cis-gene	45680	7	45673	4.47e-07	-1.89580282	-2.631823182	-1.159782458	0.375517539	ptv	InflammationII	F2:P00734:OID30723:v1:InflammationII	4.63356E-07	-1.891285294	11	46719196	46739506
SP140L	GABARAPL1	trans-position, trans-gene	44858	10	44848	4.51e-07	-1.600239498	-2.221709198	-0.978769799	0.317073645	rec	OncologyII	GABARAPL1:Q9H0R8:OID31253:v1:OncologyII	p>0.0001	p>0.0001	2	230327166	230403730
ST3GAL4	ANGPTL7	trans-position, trans-gene	45621	18	45603	4.52e-07	-1.149777588	-1.596341367	-0.70321381	0.227836802	UR	Oncology	ANGPTL7:O43827:OID21412:v1:Oncology	2.94302E-06	-1.038090049	11	126355645	126652917
PAWR	CXCL1	trans-position, trans-gene	45158	14	45144	4.52e-07	1.329768712	0.813277685	1.84625974	0.263513607	flexdmg	Inflammation	CXCL1:P09341:OID20762:v1:Inflammation	6.7435E-06	1.108910959	12	79587791	79691010
PSAP	SEMA3G	trans-position, trans-gene	44654	10	44644	4.53e-07	1.573625369	0.962380359	2.184870379	0.311856973	ptv	InflammationII	SEMA3G:Q9NS98:OID30599:v1:InflammationII	1.02604E-07	1.589720404	10	71816298	71851251
SH2B2	LRPAP1	trans-position, trans-gene	45644	13	45631	4.54e-07	-1.366653211	-1.897542354	-0.835764067	0.2708596	raredmgmtr	Neurology	LRPAP1:P30533:OID21059:v1:Neurology	2.06305E-06	-1.160215833	7	102285059	102321711
ZNF564	GFRA2	trans-position, trans-gene	45042	57	44985	4.55e-07	0.6622977	0.404988906	0.919606494	0.13127888	ptv	Oncology	GFRA2:O00451:OID21330:v1:Oncology	1.63323E-06	0.619053569	19	12525370	12551542
ASGR1	CFP	trans-position, trans-gene	45680	102	45578	4.56e-07	0.484581224	0.29631288	0.672849569	0.096054497	flexdmg	InflammationII	CFP:P27918:OID30784:v1:InflammationII	8.15963E-07	0.463344845	17	7173431	7179564
ADGRA2	TLR2	trans-position, trans-gene	44858	306	44552	4.56e-07	0.289210375	0.176846765	0.401573985	0.057327878	flexdmg	OncologyII	TLR2:O60603:OID31290:v1:OncologyII	3.17526E-06	0.258181849	8	37796883	37843986
SS18L1	ACTA2	trans-position, trans-gene	44454	5	44449	4.58e-07	1.969577272	1.204217791	2.734936752	0.39048607	URmtr	Cardiometabolic	ACTA2:P62736:OID20079:v1:Cardiometabolic	4.70518E-07	1.975440711	20	62143720	62182510
CD163L1	SORD	trans-position, trans-gene	45412	162	45250	4.6e-07	0.383015994	0.234152389	0.5318796	0.07595019	ptvraredmg	Oncology	SORD:Q00796:OID21453:v1:Oncology	3.45967E-07	0.371896844	12	7326484	7444185
SLC34A3	TNFRSF19	trans-position, trans-gene	45621	352	45269	4.6e-07	0.25270318	0.15449156	0.350914799	0.05010756	flexdmg	Oncology	TNFRSF19:Q9NS68:OID21446:v1:Oncology	4.39392E-07	0.240329547	9	137230757	137236555
POLR1B	APOBR	trans-position, trans-gene	44457	363	44094	4.61e-07	-0.262770383	-0.364906501	-0.160634266	0.052109802	flexdmg	CardiometabolicII	APOBR:Q0VD83:OID30246:v1:CardiometabolicII	5.67418E-06	-0.206588357	2	112541915	112577153
FBXO41	SPINK2	trans-position, trans-gene	44654	43	44611	4.61e-07	0.67008741	0.40963899	0.93053583	0.132880685	UR	InflammationII	SPINK2:P20155:OID30627:v1:InflammationII	2.38645E-07	0.6734351	2	73254682	73284453
MMACHC	CCL22	trans-position, trans-gene	44794	78	44716	4.63e-07	0.563300885	0.344310737	0.782291034	0.111728701	raredmg	Inflammation	CCL22:O00626:OID20765:v1:Inflammation	3.74094E-06	0.461476295	1	45500184	45511067
IRF7	BST2	trans-position, trans-gene	45644	226	45418	4.69e-07	-0.330288158	-0.458757112	-0.201819204	0.06554485	ptvraredmg	Neurology	BST2:Q10589:OID21029:v1:Neurology	9.82891E-07	-0.303688257	11	612553	615999
SH2B3	CD72	trans-position, trans-gene	44654	297	44357	4.69e-07	0.28777516	0.175848378	0.399701941	0.057105001	flexnonsynmtr	InflammationII	CD72:P21854:OID30641:v1:InflammationII	4.07152E-06	0.246594024	12	111405923	111451623
TMEM43	STK11	trans-position, trans-gene	44454	11	44443	4.69e-07	-1.491831224	-2.072091263	-0.911571186	0.296048416	ptv	Cardiometabolic	STK11:Q15831:OID20077:v1:Cardiometabolic	5.5832E-07	-1.363546486	3	14124940	14143680
C10orf71	FLT4	trans-position, trans-gene	45388	31	45357	4.7e-07	-0.890160699	-1.236416573	-0.543904824	0.176659694	URmtr	Oncology	FLT4:P35916:OID21491:v1:Oncology	2.54047E-07	-0.857760762	10	49297056	49327492
SLC34A3	CTSV	trans-position, trans-gene	45466	352	45114	4.71e-07	0.249476656	0.152428557	0.346524755	0.049513927	flexdmg	Oncology	CTSV:O60911:OID21405:v1:Oncology	5.41579E-07	0.237372183	9	137230757	137236555
TMEM43	DARS1	trans-position, trans-gene	44842	12	44830	4.74e-07	-1.436748456	-1.995782023	-0.877714889	0.285218747	ptv	Neurology	DARS1:P14868:OID20903:v1:Neurology	3.35715E-06	-1.225464972	3	14124940	14143680
COL6A3	MAMDC2	trans-position, trans-gene	45616	55	45561	4.76e-07	-0.65696442	-0.912640813	-0.401288027	0.130446074	ptv	CardiometabolicII	MAMDC2:Q7Z304:OID30309:v1:CardiometabolicII	1.97361E-08	-0.708453977	2	237324003	237414328
ZNF878	TADA3	trans-position, trans-gene	45424	5	45419	4.76e-07	2.244544635	1.37104663	3.11804264	0.445658556	raredmgmtr	OncologyII	TADA3:O75528:OID31422:v1:OncologyII	2.6059E-05	1.70879696	19	12043648	12052967
NPC1	SIGLEC9	trans-position, trans-gene	45556	637	44919	4.77e-07	0.194085282	0.118546486	0.269624078	0.038539886	flexdmg	Oncology	SIGLEC9:Q9Y336:OID21390:v1:Oncology	4.47067E-07	0.187681891	18	23506184	23586617
OR5D14	PROK1	trans-position, trans-gene	45190	4	45186	4.78e-07	1.833426785	1.119833836	2.547019735	0.36407497	rec	Inflammation	PROK1:P58294:OID20543:v1:Inflammation	5.15957E-07	1.847721711	11	55795556	55796500
C1orf158	BMP4	trans-position, trans-gene	44838	7	44831	4.8e-07	-1.86117148	-2.585703731	-1.136639229	0.369656121	ptv	Neurology	BMP4:P12644:OID20994:v1:Neurology	p>0.0001	p>0.0001	1	12746186	12761169
CALHM3	STAM	trans-position, trans-gene	45424	71	45353	4.81e-07	-0.592131173	-0.822650914	-0.361611432	0.117611139	ptv	OncologyII	STAM:Q92783:OID31425:v1:OncologyII	3.2507E-07	-0.59640064	10	103472804	103479240
HRNR	CSF1R	trans-position, trans-gene	45669	10	45659	4.82e-07	1.562685409	0.95427422	2.171096597	0.310411345	raredmgmtr	InflammationII	CSF1R:P07333:OID30681:v1:InflammationII	3.99346E-07	1.571124573	1	152212076	152224196
SMG5	SLC44A4	trans-position, trans-gene	44410	44	44366	4.82e-07	-0.75887055	-1.054324693	-0.463416407	0.150740569	raredmg	NeurologyII	SLC44A4:Q53GD3:OID30897:v1:NeurologyII	8.54594E-06	-0.64237315	1	156249224	156282885
RBM12B	KIR3DL1	trans-position, trans-gene	44180	178	44002	4.83e-07	-0.378096355	-0.525317451	-0.230875259	0.075112126	flexdmg	Oncology	KIR3DL1:P43629:OID21185:v1:Oncology	9.61525E-08	-0.384884655	8	93731500	93741012
ZNF451	AFP	trans-position, trans-gene	44766	40	44726	4.85e-07	-0.764400121	-1.062084649	-0.466715592	0.151878544	ptv	Neurology	AFP:P02771:OID20978:v1:Neurology	7.31896E-07	-0.71878773	6	57090010	57170305
ASGR1	TEK	trans-position, trans-gene	45388	104	45284	4.85e-07	0.488256126	0.29810431	0.678407941	0.097015427	flexdmg	Oncology	TEK:Q02763:OID21496:v1:Oncology	5.12788E-07	0.47754135	17	7173431	7179564
ZBBX	CNTN1	trans-position, trans-gene	45810	7	45803	4.87e-07	-1.756617229	-2.440802314	-1.072432143	0.349071211	raredmgmtr	Cardiometabolic	CNTN1:Q12860:OID20307:v1:Cardiometabolic	8.07622E-07	-1.616352759	3	167178425	167380405
TNFRSF13B	FCRL5	trans-position, trans-gene	45260	162	45098	4.87e-07	-0.374071765	-0.519768491	-0.22837504	0.074334441	flexnonsynmtr	Neurology	FCRL5:Q96RD9:OID21111:v1:Neurology	5.25694E-06	-0.326244942	17	16929816	16972118
BROX	STAB2	trans-position, trans-gene	45606	36	45570	4.87e-07	0.817158465	0.498870813	1.135446117	0.162390332	raredmg	CardiometabolicII	STAB2:Q8WWQ8:OID30401:v1:CardiometabolicII	p>0.0001	p>0.0001	1	222712553	222735196
HPS5	CEP164	trans-position, trans-gene	44437	302	44135	4.9e-07	-0.291126624	-0.404548147	-0.177705101	0.057867611	flexnonsynmtr	Inflammation	CEP164:Q9UPV0:OID20441:v1:Inflammation	6.87907E-06	-0.246186237	11	18278670	18322498
TTC19	TRIAP1	trans-position, trans-gene	45621	240	45381	4.91e-07	-0.321568559	-0.446862572	-0.196274546	0.063924995	flexdmg	Oncology	TRIAP1:O43715:OID21403:v1:Oncology	1.52974E-06	-0.295685376	17	15999380	16029409
CCDC149	VAT1	trans-position, trans-gene	45042	3	45039	4.91e-07	2.869231835	1.751289385	3.987174284	0.570373948	rec	Oncology	VAT1:Q99536:OID21382:v1:Oncology	p>0.0001	p>0.0001	4	24806117	24980204
TMEM43	ANXA3	trans-position, trans-gene	45565	12	45553	4.94e-07	-1.430627207	-1.988184912	-0.873069503	0.284465884	ptv	Neurology	ANXA3:P12429:OID21036:v1:Neurology	1.7151E-06	-1.260988455	3	14124940	14143680
ITGAD	PRSS53	cis-position, trans-gene	45493	597	44896	4.94e-07	-0.198065688	-0.275252994	-0.120878381	0.039380954	flexnonsynmtr	NeurologyII	PRSS53:Q2L4Q9:OID31093:v1:NeurologyII	4.11356E-07	-0.191845725	16	31393241	31426513
ANGPTL3	LCAT	trans-position, trans-gene	45669	150	45519	4.95e-07	-0.402231362	-0.559000314	-0.245462409	0.079983508	flexdmg	InflammationII	LCAT:P04180:OID30677:v1:InflammationII	7.40164E-07	-0.373262912	1	62597520	62606313
TMEM43	IRAK4	trans-position, trans-gene	45190	12	45178	4.97e-07	-1.439278626	-2.000314566	-0.878242686	0.286240416	ptv	Inflammation	IRAK4:Q9NWZ3:OID20577:v1:Inflammation	1.16325E-06	-1.287317153	3	14124940	14143680
TMEM9	SMS	trans-position, trans-gene	44185	20	44165	4.97e-07	1.119887742	0.683346359	1.556429125	0.222723184	flexnonsynmtr	NeurologyII	SMS:P52788:OID30853:v1:NeurologyII	4.37285E-07	1.09581606	1	201134771	201171582
TMEM9	NPPB	trans-position, trans-gene	44454	19	44435	4.98e-07	-1.107525131	-1.539277106	-0.675773155	0.220279667	raredmg	Cardiometabolic	NPPB:P16860:OID20049:v1:Cardiometabolic	9.9058E-08	-1.115696519	1	201134771	201171582
RUNDC3B	PI16	trans-position, trans-gene	45669	69	45600	5e-07	0.578457775	0.352914823	0.804000726	0.115071998	flexnonsynmtr	InflammationII	PI16:Q6UXB8:OID30676:v1:InflammationII	7.10508E-07	0.551567574	7	87627675	87832298
PIKFYVE	ROBO1	trans-position, trans-gene	45300	327	44973	5e-07	0.273572444	0.166906543	0.380238345	0.054420923	flexnonsynmtr	Inflammation	ROBO1:Q9Y6N7:OID20734:v1:Inflammation	3.96956E-06	0.23358495	2	208266255	208358746
RASGEF1C	NFIC	trans-position, trans-gene	45520	28	45492	5.02e-07	-0.94705498	-1.316355153	-0.577754808	0.188416905	raredmgmtr	NeurologyII	NFIC:P08651:OID30988:v1:NeurologyII	1.11372E-06	-0.833791958	5	180100795	180209130
ENKD1	LTB	trans-position, trans-gene	45424	35	45389	5.03e-07	-0.842712082	-1.171362571	-0.514061593	0.167677432	ptv	OncologyII	LTB:Q06643:OID31383:v1:OncologyII	5.57206E-06	-0.694144319	16	67662947	67666725
TCHH	CRNN	cis-position, trans-gene	43934	329	43605	5.09e-07	-0.262579378	-0.365029456	-0.160129299	0.052269968	ptvraredmg	Oncology	CRNN:Q9UBG3:OID21427:v1:Oncology	5.61348E-06	-0.225886469	1	152106317	152115454
G6PC	FURIN	trans-position, trans-gene	45388	219	45169	5.09e-07	0.331638216	0.202249822	0.461026609	0.066013938	flexnonsynmtr	Oncology	FURIN:P09958:OID21514:v1:Oncology	4.53253E-07	0.323751325	17	42900797	42914433
HTR3E	IL4	trans-position, trans-gene	44437	34	44403	5.09e-07	0.860990582	0.525074644	1.196906519	0.171384161	raredmgmtr	Inflammation	IL4:P05112:OID20426:v1:Inflammation	5.43815E-05	0.645716721	3	184097064	184106995
TLK2	SLAMF7	trans-position, trans-gene	45190	11	45179	5.09e-07	1.499402877	0.914377027	2.084428727	0.298480063	UR	Inflammation	SLAMF7:Q9NQ25:OID20602:v1:Inflammation	2.50784E-06	1.336527169	17	62477081	62615481
SLC34A3	CA4	trans-position, trans-gene	45810	357	45453	5.1e-07	0.263340136	0.16058618	0.366094091	0.052425065	flexdmg	Cardiometabolic	CA4:P22748:OID20241:v1:Cardiometabolic	2.59362E-06	0.235016215	9	137230757	137236555
RBM42	RFC4	trans-position, trans-gene	45424	12	45412	5.1e-07	1.443431795	0.880207181	2.006656408	0.287357117	UR	OncologyII	RFC4:P35249:OID31376:v1:OncologyII	1.39006E-06	1.329931535	19	35629078	35637685
CLDN10	HSPG2	trans-position, trans-gene	44912	41	44871	5.13e-07	0.745320238	0.454445233	1.036195244	0.148404341	UR	Cardiometabolic	HSPG2:P98160:OID20383:v1:Cardiometabolic	1.74742E-06	0.686491842	13	95433599	95579756
STAB2	ARHGEF5	trans-position, trans-gene	44185	127	44058	5.16e-07	0.445367466	0.271513368	0.619221564	0.088700269	ptv	NeurologyII	ARHGEF5:Q12774:OID30871:v1:NeurologyII	3.38973E-07	0.429665985	12	103587273	103766719
ADAM9	COLEC12	trans-position, trans-gene	45225	146	45079	5.18e-07	-0.382165861	-0.531369085	-0.232962637	0.076123454	flexnonsynmtr	Inflammation	COLEC12:Q5KU26:OID20738:v1:Inflammation	1.27445E-07	-0.374262495	8	38996754	39105445
ARRDC4	PLTP	trans-position, trans-gene	45667	17	45650	5.2e-07	1.184882205	0.722212389	1.647552021	0.236054107	ptv	Cardiometabolic	PLTP:P55058:OID20238:v1:Cardiometabolic	9.3061E-06	0.965675756	15	97960703	97973838
ATP12A	ATP1B4	trans-position, trans-gene	44039	12	44027	5.22e-07	-1.449307529	-2.015333392	-0.883281666	0.288786072	rec	OncologyII	ATP1B4:Q9UN42:OID31230:v1:OncologyII	3.18606E-06	-1.129123374	13	24680411	24711785
SFI1	CETN3	trans-position, trans-gene	45423	82	45341	5.22e-07	-0.549985364	-0.764768059	-0.335202669	0.1095821	ptv	OncologyII	CETN3:O15182:OID31525:v1:OncologyII	2.09692E-07	-0.531644647	22	31488688	31618551
ESYT1	TREH	trans-position, trans-gene	45606	420	45186	5.23e-07	-0.24449958	-0.339992182	-0.149006978	0.048720317	flexnonsynmtr	CardiometabolicII	TREH:O43280:OID30388:v1:CardiometabolicII	8.05159E-07	-0.23007336	12	56128202	56144676
ARHGEF16	ALDH5A1	trans-position, trans-gene	45520	334	45186	5.26e-07	0.274883398	0.167501272	0.382265523	0.054786348	flexnonsynmtr	NeurologyII	ALDH5A1:P51649:OID31047:v1:NeurologyII	3.68492E-06	0.216130416	1	3454583	3481115
KCNJ10	MYL3	trans-position, trans-gene	44457	3	44454	5.29e-07	-2.668859224	-3.711660622	-1.626057826	0.532036815	rec	CardiometabolicII	MYL3:P08590:OID30251:v1:CardiometabolicII	6.18861E-07	-2.665441063	1	160037467	160070261
ZAP70	CD5	trans-position, trans-gene	45556	234	45322	5.3e-07	-0.322606024	-0.448670609	-0.196541439	0.064318138	flexdmg	Oncology	CD5:P06127:OID21449:v1:Oncology	7.05963E-07	-0.308876784	2	97713568	97744327
UBE2K	SPINT3	trans-position, trans-gene	45423	3	45420	5.3e-07	1.766934148	1.076488973	2.457379324	0.352265029	ptvraredmg	OncologyII	SPINT3:P49223:OID31509:v1:OncologyII	7.12293E-07	1.755141531	4	39698044	39782792
IGF2R	CPQ	trans-position, trans-gene	45534	94	45440	5.34e-07	0.500168335	0.304670348	0.695666323	0.099743051	UR	CardiometabolicII	CPQ:Q9Y646:OID30406:v1:CardiometabolicII	1.08124E-07	0.514641324	6	159969082	160113507
CHAD	CHAD	cis-position, cis-gene	44654	5	44649	5.37e-07	-2.147582164	-2.987232482	-1.307931845	0.428389275	ptv	InflammationII	CHAD:O15335:OID30660:v1:InflammationII	3.924E-07	-1.997896609	17	50464496	50468906
CELA3A	CELA3A	cis-position, cis-gene	45735	39	45696	5.38e-07	-0.793443639	-1.103667236	-0.483220043	0.158276063	ptv	Cardiometabolic	CELA3A:P09093:OID20298:v1:Cardiometabolic	2.78326E-09	-0.901270006	1	22001657	22012542
ZSCAN26	KLK6	trans-position, trans-gene	45309	239	45070	5.38e-07	0.317726135	0.193496134	0.441956136	0.063382124	flexdmg	Oncology	KLK6:Q92876:OID21526:v1:Oncology	4.98378E-07	0.306729365	6	28267010	28278224
BYSL	CILP	trans-position, trans-gene	45606	4	45602	5.4e-07	-2.378997874	-3.309264813	-1.448730936	0.474622109	ptv	CardiometabolicII	CILP:O75339:OID30399:v1:CardiometabolicII	6.02605E-07	-2.37668861	6	41907847	41933046
NOX4	VSNL1	trans-position, trans-gene	45493	23	45470	5.42e-07	-0.933901285	-1.299144731	-0.568657838	0.186347161	ptv	NeurologyII	VSNL1:P62760:OID31105:v1:NeurologyII	3.67365E-08	-0.858275341	11	89324353	89589611
TET2	IGSF21	trans-position, trans-gene	44457	72	44385	5.44e-07	0.563132174	0.342863469	0.783400879	0.112380997	ptv	CardiometabolicII	IGSF21:Q96ID5:OID30210:v1:CardiometabolicII	1.76242E-06	0.53373736	4	105145875	105279816
SH3YL1	C2	trans-position, trans-gene	45352	132	45220	5.45e-07	0.426524109	0.259677461	0.593370757	0.085125132	flexnonsynmtr	Cardiometabolic	C2:P06681:OID20410:v1:Cardiometabolic	7.28303E-07	0.396600724	2	218136	264866
PSME4	HSBP1	trans-position, trans-gene	44457	336	44121	5.47e-07	0.272254918	0.165741319	0.378768516	0.054343191	flexdmg	CardiometabolicII	HSBP1:O75506:OID30232:v1:CardiometabolicII	5.38482E-07	0.266895209	2	53864067	53970840
VWF	ADAMTS13	trans-position, trans-gene	45810	83	45727	5.51e-07	0.542799478	0.330380107	0.755218848	0.108376357	ptv	Cardiometabolic	ADAMTS13:Q76LX8:OID20249:v1:Cardiometabolic	1.92708E-07	0.550742182	12	5948877	6124770
ASGR1	ADGRG1	trans-position, trans-gene	45042	104	44938	5.53e-07	0.460891591	0.280499444	0.641283738	0.092036027	flexdmg	Oncology	ADGRG1:Q9Y653:OID21294:v1:Oncology	4.67364E-07	0.454936662	17	7173431	7179564
SH2B3	CLEC7A	trans-position, trans-gene	45752	305	45447	5.54e-07	0.281117537	0.171083126	0.391151948	0.056139551	flexnonsynmtr	Inflammation	CLEC7A:Q9BXN2:OID20636:v1:Inflammation	3.09646E-06	0.246415517	12	111405923	111451623
IFI44L	C2	trans-position, trans-gene	45352	23	45329	5.55e-07	-1.019880342	-1.419118096	-0.620642588	0.203691036	raredmg	Cardiometabolic	C2:P06681:OID20410:v1:Cardiometabolic	1.82094E-06	-0.953974261	1	78620382	78646145
CEACAM21	CEACAM21	cis-position, cis-gene	45190	27	45163	5.56e-07	-0.949279855	-1.320896986	-0.577662724	0.189598981	flexdmg	Inflammation	CEACAM21:Q3KPI0:OID20548:v1:Inflammation	8.24975E-08	-0.91302299	19	41549518	41586844
DPEP3	CES2	trans-position, trans-gene	45042	21	45021	5.56e-07	-1.062940873	-1.479052422	-0.646829325	0.212300004	rec	Oncology	CES2:O00748:OID21366:v1:Oncology	4.94934E-07	-0.997782518	16	67975663	67980549
HNF4A	MEP1B	trans-position, trans-gene	45276	274	45002	5.57e-07	-0.299625818	-0.416929358	-0.182322278	0.059848244	flexdmg	Cardiometabolic	MEP1B:Q16820:OID20168:v1:Cardiometabolic	6.08879E-07	-0.286596885	20	44355801	44432845
SIGLECL1	C1RL	trans-position, trans-gene	45609	5	45604	5.58e-07	-2.209018952	-3.073929184	-1.344108719	0.441277124	rec	InflammationII	C1RL:Q9NZP8:OID30721:v1:InflammationII	4.10156E-06	-1.84959401	19	51251026	51269330
ABCC10	CLEC7A	trans-position, trans-gene	45752	92	45660	5.59e-07	-0.51051105	-0.710406939	-0.310615161	0.101986873	ptv	Inflammation	CLEC7A:Q9BXN2:OID20636:v1:Inflammation	3.08951E-05	-0.406827627	6	43427546	43451980
ERICH6B	SFRP4	trans-position, trans-gene	44654	12	44642	5.59e-07	1.410262777	0.858068231	1.962457323	0.281729448	raredmg	InflammationII	SFRP4:Q6FHJ7:OID30648:v1:InflammationII	9.99202E-08	1.444412234	13	45541241	45615739
NPHP3	TNFSF13	trans-position, trans-gene	45452	442	45010	5.59e-07	0.22425783	0.136443709	0.31207195	0.044802752	ptvraredmg	Inflammation	TNFSF13:O75888:OID20733:v1:Inflammation	7.02847E-06	0.191858977	3	132680609	132722459
FCGR3A	FCGR3B	cis-position, trans-gene	45292	15	45277	5.61e-07	-1.265758309	-1.761462865	-0.770053753	0.252908374	rec	Cardiometabolic	FCGR3B:O75015:OID20387:v1:Cardiometabolic	2.42024E-07	-1.233761894	1	161541759	161550623
P2RY6	IL12B	trans-position, trans-gene	45752	92	45660	5.61e-07	-0.50844973	-0.707568466	-0.309330993	0.10159037	ptvraredmg	Inflammation	IL12B:P29460:OID20666:v1:Inflammation	8.99234E-08	-0.512504069	11	73264496	73298625
ZNF18	ZFYVE19	trans-position, trans-gene	45423	17	45406	5.64e-07	1.205273185	0.733161984	1.677384387	0.240871067	URmtr	OncologyII	ZFYVE19:Q96K21:OID31452:v1:OncologyII	4.60544E-07	1.147337726	17	11977439	11997510
RNPC3	AMY2A	cis-position, trans-gene	43551	141	43410	5.65e-07	-0.417671641	-0.581281934	-0.254061349	0.083473852	flexnonsynmtr	Cardiometabolic	AMY2A:P04746:OID20333:v1:Cardiometabolic	4.81952E-06	-0.361760307	1	103525956	103555239
C1orf174	IL21R	trans-position, trans-gene	44339	24	44315	5.66e-07	-1.019943314	-1.419521939	-0.620364689	0.203864824	ptvraredmg	InflammationII	IL21R:Q9HBE5:OID30441:v1:InflammationII	3.13257E-06	-0.913056657	1	3889133	3900293
FUT1	PCDH12	trans-position, trans-gene	45520	203	45317	5.66e-07	0.350756688	0.213343866	0.48816951	0.070108006	flexnonsynmtr	NeurologyII	PCDH12:Q9NPG4:OID31045:v1:NeurologyII	6.71483E-07	0.343702787	19	48748011	48755390
IL12B	IL12A_IL12B	cis-position, cis-gene	45042	14	45028	5.67e-07	-1.30436554	-1.815391831	-0.79333925	0.260725481	ptv	Oncology	IL12A_IL12B:P29459_P29460:OID21327:v1:Oncology	4.51669E-07	-1.267715124	5	159314780	159330487
MTA3	KLK3	trans-position, trans-gene	45534	28	45506	5.67e-07	-0.581237641	-0.808962434	-0.353512848	0.116185164	URmtr	CardiometabolicII	KLK3:P07288:OID30364:v1:CardiometabolicII	4.21064E-06	-0.51556156	2	42494569	42795030
TNFSF12	TNFSF12	cis-position, cis-gene	45752	3	45749	5.68e-07	-2.837695188	-3.949560459	-1.725829917	0.56727361	ptv	Inflammation	TNFSF12:O43508:OID20624:v1:Inflammation	1.1756E-05	-2.149752225	17	7549058	7557890
ASGR1	ICAM5	trans-position, trans-gene	45276	106	45170	5.71e-07	0.473858724	0.28815813	0.659559319	0.094744408	ptvraredmg	Cardiometabolic	ICAM5:Q9UMF0:OID20145:v1:Cardiometabolic	1.03392E-06	0.451512589	17	7173431	7179564
ASGR1	LRP1	trans-position, trans-gene	45042	104	44938	5.73e-07	0.472066499	0.287043147	0.657089851	0.094398866	flexdmg	Oncology	LRP1:Q07954:OID21293:v1:Oncology	7.15749E-07	0.457053374	17	7173431	7179564
CD36	PODXL	trans-position, trans-gene	45042	466	44576	5.73e-07	-0.23244449	-0.323550192	-0.141338788	0.046482106	flexdmg	Oncology	PODXL:O00592:OID21358:v1:Oncology	3.05753E-08	-0.232491035	7	80369575	80679277
AGGF1	AMOT	trans-position, trans-gene	44654	215	44439	5.74e-07	-0.314834886	-0.438237006	-0.191432766	0.062959715	flexnonsynmtr	InflammationII	AMOT:Q4VCS5:OID30572:v1:InflammationII	7.46719E-07	-0.298425059	5	77030385	77065234
SH2B3	ADGRE5	trans-position, trans-gene	45596	232	45364	5.75e-07	0.315714884	0.19195914	0.439470629	0.063140169	flexdmg	Cardiometabolic	ADGRE5:P48960:OID20260:v1:Cardiometabolic	4.04831E-07	0.317418413	12	111405923	111451623
TAS2R30	RPS10	trans-position, trans-gene	44108	7	44101	5.75e-07	1.890351815	1.149355981	2.631347649	0.378055667	rec	CardiometabolicII	RPS10:P46783:OID30070:v1:CardiometabolicII	7.76947E-07	1.645587063	12	11133285	11134244
STAB2	ACE2	trans-position, trans-gene	44454	745	43709	5.78e-07	0.164064121	0.099738696	0.228389546	0.032818803	flexnonsynmtr	Cardiometabolic	ACE2:Q9BYF1:OID20105:v1:Cardiometabolic	5.31257E-06	0.140507986	12	103587273	103766719
CC2D1A	CC2D1A	cis-position, cis-gene	44914	227	44687	5.78e-07	-0.321435058	-0.447462336	-0.195407781	0.064299079	flexdmg	Neurology	CC2D1A:Q6P1N0:OID20958:v1:Neurology	3.03822E-08	-0.344362525	19	13906201	13930879
STAB1	CD109	trans-position, trans-gene	45260	717	44543	5.78e-07	0.184635348	0.112243153	0.257027542	0.036934484	ptvraredmg	Neurology	CD109:Q6YHK3:OID21108:v1:Neurology	6.58648E-08	0.186967713	3	52495338	52524495
ENKD1	CA6	trans-position, trans-gene	45117	47	45070	5.79e-07	-0.679250481	-0.945583909	-0.412917053	0.135883252	flexdmg	Neurology	CA6:P23280:OID21096:v1:Neurology	1.06305E-06	-0.581723587	16	67662947	67666725
PRR12	DKKL1	cis-position, trans-gene	45042	476	44566	5.79e-07	-0.222163396	-0.309275069	-0.135051723	0.044444353	flexnonsynmtr	Oncology	DKKL1:Q9UK85:OID21313:v1:Oncology	1.17734E-05	-0.183670867	19	49591655	49626439
SVEP1	APP	trans-position, trans-gene	45190	191	44999	5.82e-07	-0.35999136	-0.501170692	-0.218812029	0.072029665	UR	Neurology	APP:P05067:OID21070:v1:Neurology	2.62722E-05	-0.282350102	9	110365248	110579880
SLC10A2	TSPAN8	trans-position, trans-gene	45423	201	45222	5.86e-07	-0.339220468	-0.472286888	-0.206154047	0.067890469	flexdmg	OncologyII	TSPAN8:P19075:OID31470:v1:OncologyII	6.9306E-07	-0.32493416	13	103043998	103066846
IDS	FAP	trans-position, trans-gene	45810	23	45787	5.9e-07	-1.008846208	-1.404690697	-0.613001719	0.201959847	flexnonsynmtr	Cardiometabolic	FAP:Q12884:OID20330:v1:Cardiometabolic	4.46395E-07	-0.913846877	X	149476988	149521096
HGFAC	HGF	trans-position, trans-gene	45752	397	45355	5.91e-07	0.243315889	0.147836051	0.338795727	0.048713809	flexdmg	Inflammation	HGF:P14210:OID20656:v1:Inflammation	1.65797E-07	0.238437098	4	3441968	3449486
PRH2	AHNAK	trans-position, trans-gene	44457	13	44444	5.96e-07	1.329471538	0.807608586	1.85133449	0.266254249	flexnonsynmtr	CardiometabolicII	AHNAK:Q09666:OID30260:v1:CardiometabolicII	3.72862E-05	0.99090797	12	10929235	10934845
UPF3A	BAG3	trans-position, trans-gene	44838	146	44692	5.98e-07	-0.408609391	-0.569028665	-0.248190117	0.081845862	flexnonsynmtr	Neurology	BAG3:O95817:OID20972:v1:Neurology	2.52397E-06	-0.35582074	13	114281584	114305817
DNAJC13	CLSTN3	trans-position, trans-gene	45493	53	45440	5.99e-07	-0.676402512	-0.941962368	-0.410842656	0.135488606	URmtr	NeurologyII	CLSTN3:Q9BQT9:OID31092:v1:NeurologyII	5.74487E-06	-0.560045972	3	132417532	132539032
CA13	PALM2	trans-position, trans-gene	45493	11	45482	6.01e-07	-1.433232086	-1.996000213	-0.870463958	0.287124229	ptv	NeurologyII	PALM2:Q8IXS6:OID31096:v1:NeurologyII	1.25896E-05	-1.111767893	8	85220587	85284073
SIGIRR	FASLG	trans-position, trans-gene	45752	121	45631	6.04e-07	0.427969991	0.259889426	0.596050557	0.085754697	flexdmg	Inflammation	FASLG:P48023:OID20665:v1:Inflammation	5.09233E-08	0.455526774	11	405716	417454
PAPSS2	SNCG	cis-position, trans-gene	44914	307	44607	6.04e-07	-0.272736328	-0.379849101	-0.165623555	0.054648905	flexnonsynmtr	Neurology	SNCG:O76070:OID20971:v1:Neurology	3.27922E-06	-0.244712948	10	87659719	87747705
HADH	FABP6	trans-position, trans-gene	44391	80	44311	6.06e-07	-0.551095869	-0.767563697	-0.33462804	0.110441786	raredmg	Cardiometabolic	FABP6:P51161:OID20076:v1:Cardiometabolic	1.09942E-06	-0.500402711	4	107989714	108035241
OTUD6B	OTUD6B	cis-position, cis-gene	45423	9	45414	6.09e-07	-1.642780438	-2.288156454	-0.997404422	0.32927075	ptv	OncologyII	OTUD6B:Q8N6M0:OID31487:v1:OncologyII	7.461E-07	-1.472452006	8	91070196	91087095
OR2K2	IL7R	trans-position, trans-gene	45260	31	45229	6.12e-07	-0.890878123	-1.240928307	-0.540827939	0.178595536	ptvraredmg	Neurology	IL7R:P16871:OID21136:v1:Neurology	1.16063E-07	-0.887807413	9	111327370	111330173
KCTD14	DEFB104A_DEFB104B	trans-position, trans-gene	44185	11	44174	6.14e-07	-1.406303245	-1.958963472	-0.853643019	0.281966957	ptv	NeurologyII	DEFB104A_DEFB104B:Q8WTQ1:OID30849:v1:NeurologyII	9.81661E-05	-0.972708005	11	78015715	78046191
IGF2BP2	MAPK9	trans-position, trans-gene	45190	8	45182	6.14e-07	1.736110691	1.053822653	2.418398729	0.348103211	raredmgmtr	Inflammation	MAPK9:P45984:OID20557:v1:Inflammation	5.84259E-06	1.488131033	3	185643131	185825039
GFI1B	TMEM106A	trans-position, trans-gene	45424	48	45376	6.16e-07	-0.716903446	-0.998675566	-0.435131326	0.143760095	ptvraredmg	OncologyII	TMEM106A:Q96A25:OID31411:v1:OncologyII	3.53618E-07	-0.645233228	9	132945545	132993434
STAB1	TCOF1	trans-position, trans-gene	45616	1245	44371	6.18e-07	0.141044443	0.085601315	0.196487571	0.028287079	flexdmg	CardiometabolicII	TCOF1:Q13428:OID30316:v1:CardiometabolicII	1.79242E-07	0.141080708	3	52495338	52524495
G6PC	CTSF	trans-position, trans-gene	45388	248	45140	6.19e-07	0.307761262	0.186775273	0.42874725	0.061727033	flexdmg	Oncology	CTSF:Q9UBX1:OID21500:v1:Oncology	5.41429E-08	0.326329082	17	42900797	42914433
PFKM	AHSP	trans-position, trans-gene	45183	193	44990	6.22e-07	0.335822201	0.203780996	0.467863406	0.067367394	raredmg	Neurology	AHSP:Q9NZD4:OID21078:v1:Neurology	1.41581E-06	0.315956076	12	48105402	48146404
FLT3LG	TNFRSF13B	trans-position, trans-gene	45300	15	45285	6.24e-07	-1.255274258	-1.748877503	-0.761671012	0.251836286	ptvraredmg	Inflammation	TNFRSF13B:O14836:OID20702:v1:Inflammation	4.70984E-07	-1.129039401	19	49474207	49486231
CD36	BDNF	trans-position, trans-gene	45606	467	45139	6.26e-07	-0.229863172	-0.320266887	-0.139459457	0.046123967	flexdmg	CardiometabolicII	BDNF:P23560:OID30373:v1:CardiometabolicII	1.03987E-08	-0.238826051	7	80369575	80679277
PCGF6	SPESP1	trans-position, trans-gene	45616	106	45510	6.27e-07	0.442763306	0.268616895	0.616909718	0.088849484	flexnonsynmtr	CardiometabolicII	SPESP1:Q6UW49:OID30298:v1:CardiometabolicII	2.53143E-07	0.438787314	10	103302796	103351134
NR1H4	ITIH4	trans-position, trans-gene	45680	99	45581	6.28e-07	-0.472732846	-0.658677607	-0.286788085	0.094869005	ptvraredmg	InflammationII	ITIH4:Q14624:OID30762:v1:InflammationII	1.34231E-06	-0.444063309	12	100473759	100563867
WDR82	MYOC	trans-position, trans-gene	45260	10	45250	6.28e-07	1.4994062	0.909638053	2.089174347	0.300899595	raredmgmtr	Neurology	MYOC:Q99972:OID21121:v1:Neurology	6.60606E-07	1.501755001	3	52254422	52287876
ANO5	FABP3	trans-position, trans-gene	45616	18	45598	6.29e-07	1.050149825	0.637077516	1.463222134	0.210749456	rec	CardiometabolicII	FABP3:P05413:OID30351:v1:CardiometabolicII	1.55148E-07	1.081608934	11	22192513	22283367
TMEM43	EIF4E	trans-position, trans-gene	44339	12	44327	6.3e-07	-1.420020955	-1.978636592	-0.861405317	0.285005432	ptv	InflammationII	EIF4E:P06730:OID30557:v1:InflammationII	1.65656E-06	-1.263262091	3	14124940	14143680
SMAD6	SCRG1	trans-position, trans-gene	45616	33	45583	6.34e-07	0.748020638	0.453686112	1.042355163	0.150169449	ptv	CardiometabolicII	SCRG1:O75711:OID30333:v1:CardiometabolicII	5.19297E-07	0.723689215	15	66702100	66782000
TMEM25	TMEM25	cis-position, cis-gene	45520	15	45505	6.34e-07	-1.278388699	-1.781396351	-0.775381047	0.256634446	UR	NeurologyII	TMEM25:Q86YD3:OID31015:v1:NeurologyII	3.52778E-05	-0.857885677	11	118531041	118547280
MAGOHB	CLEC7A	cis-position, trans-gene	45752	28	45724	6.35e-07	-0.92005492	-1.282108445	-0.558001395	0.184719692	flexnonsynmtr	Inflammation	CLEC7A:Q9BXN2:OID20636:v1:Inflammation	1.0278E-07	-0.937055244	12	10603765	10613609
EDEM3	IFNGR1	trans-position, trans-gene	45452	57	45395	6.38e-07	0.641067694	0.388757061	0.893378328	0.128728851	UR	Inflammation	IFNGR1:P15260:OID20678:v1:Inflammation	2.30877E-05	0.528634057	1	184690491	184754907
LIPC	IL32	trans-position, trans-gene	45190	70	45120	6.39e-07	0.570878191	0.346188557	0.795567826	0.114636603	ptv	Inflammation	IL32:P24001:OID20605:v1:Inflammation	2.59996E-07	0.585764911	15	58410754	58568874
TENM2	IMMT	trans-position, trans-gene	45424	3	45421	6.44e-07	2.772236212	1.680790929	3.863681495	0.556855226	ptv	OncologyII	IMMT:Q16891:OID31397:v1:OncologyII	7.24202E-07	2.767931015	5	166979078	168264157
NKAPL	MOG	trans-position, trans-gene	45621	132	45489	6.44e-07	0.409792598	0.248448165	0.571137031	0.082317916	flexdmg	Oncology	MOG:Q16653:OID21384:v1:Oncology	9.1704E-07	0.397028572	6	28259297	28260958
SLC34A3	EPHB4	trans-position, trans-gene	45810	230	45580	6.46e-07	0.320532426	0.194318452	0.446746401	0.064394366	ptvraredmg	Cardiometabolic	EPHB4:P54760:OID20242:v1:Cardiometabolic	1.15929E-06	0.302200007	9	137230757	137236555
KIAA1211	TEX101	trans-position, trans-gene	44410	27	44383	6.48e-07	-0.669976756	-0.933827079	-0.406126433	0.134616315	URmtr	NeurologyII	TEX101:Q9BY14:OID30971:v1:NeurologyII	2.70718E-06	-0.605578272	4	56049229	56330724
RALA	CTHRC1	trans-position, trans-gene	45606	5	45601	6.49e-07	1.960062015	1.188142893	2.731981136	0.393833067	raredmg	CardiometabolicII	CTHRC1:Q96CG8:OID30393:v1:CardiometabolicII	6.85362E-07	1.963362437	7	39622955	39708124
SLC34A3	CD59	trans-position, trans-gene	43637	341	43296	6.52e-07	0.246436237	0.149365465	0.34350701	0.04952544	flexdmg	Cardiometabolic	CD59:P13987:OID20339:v1:Cardiometabolic	1.90804E-06	0.223654934	9	137230757	137236555
TSSK3	KCNH2	trans-position, trans-gene	44410	132	44278	6.52e-07	0.432855846	0.262347505	0.603364187	0.086993278	flexdmg	NeurologyII	KCNH2:Q12809:OID30899:v1:NeurologyII	8.81145E-07	0.401038901	1	32362261	32364325
OR6N1	SFTPD	trans-position, trans-gene	45276	18	45258	6.52e-07	1.13320788	0.686818502	1.579597258	0.227747777	raredmgmtr	Cardiometabolic	SFTPD:P35247:OID20214:v1:Cardiometabolic	3.67951E-07	1.133203877	1	158765744	158766682
KIAA0232	HMGCS1	trans-position, trans-gene	44108	145	43963	6.53e-07	0.413688786	0.25072126	0.576656312	0.083145942	ptvraredmg	CardiometabolicII	HMGCS1:Q01581:OID30157:v1:CardiometabolicII	3.11357E-06	0.383471991	4	6782732	6884172
MEGF11	CELA2A	trans-position, trans-gene	45606	80	45526	6.59e-07	-0.550847372	-0.767924356	-0.333770389	0.110752658	raredmgmtr	CardiometabolicII	CELA2A:P08217:OID30411:v1:CardiometabolicII	1.18112E-05	-0.398288779	15	65895079	66253756
TNFSF10	TNFRSF10A	trans-position, trans-gene	44914	47	44867	6.59e-07	0.694825524	0.421020371	0.968630676	0.139695307	ptvraredmg	Neurology	TNFRSF10A:O00220:OID20967:v1:Neurology	1.02357E-06	0.667859131	3	172505508	172523475
TMEM43	TIMM10	trans-position, trans-gene	45616	12	45604	6.62e-07	-1.425321372	-1.987086874	-0.863555869	0.286612711	ptv	CardiometabolicII	TIMM10:P62072:OID30358:v1:CardiometabolicII	8.12484E-06	-1.184993872	3	14124940	14143680
ADGRA3	CDKL5	trans-position, trans-gene	44185	366	43819	6.64e-07	-0.260693752	-0.363453259	-0.157934244	0.052427847	flexnonsynmtr	NeurologyII	CDKL5:O76039:OID30796:v1:NeurologyII	5.93524E-05	-0.196744679	4	22387374	22516058
TMEM43	CHMP1A	trans-position, trans-gene	44914	12	44902	6.65e-07	-1.432901726	-1.997755046	-0.868048405	0.288187996	ptv	Neurology	CHMP1A:Q9HD42:OID20930:v1:Neurology	1.70217E-06	-1.276314487	3	14124940	14143680
MOB3A	TDO2	trans-position, trans-gene	44410	40	44370	6.65e-07	-0.781091932	-1.089007176	-0.473176688	0.157098217	raredmgmtr	NeurologyII	TDO2:P48775:OID30910:v1:NeurologyII	1.1262E-05	-0.650233925	19	2071032	2096502
SLC39A7	STX1B	trans-position, trans-gene	44410	106	44304	6.66e-07	0.481727844	0.291813747	0.67164194	0.096894086	flexnonsynmtr	NeurologyII	STX1B:P61266:OID30934:v1:NeurologyII	1.48611E-06	0.434615454	6	33200826	33204437
IQGAP2	TNFRSF8	trans-position, trans-gene	45644	516	45128	6.66e-07	0.216115019	0.130917842	0.301312196	0.043467593	flexdmg	Neurology	TNFRSF8:P28908:OID21049:v1:Neurology	6.48457E-07	0.206325462	5	76403285	76708132
IFNGR1	IFNG	trans-position, trans-gene	44437	80	44357	6.67e-07	0.549347695	0.332769483	0.765925908	0.110498107	flexdmg	Inflammation	IFNG:P01579:OID20495:v1:Inflammation	4.46203E-07	0.524597288	6	137197485	137219449
CRYBB1	CRYBB1	cis-position, cis-gene	45616	13	45603	6.68e-07	-1.365028166	-1.903215973	-0.82684036	0.274583372	ptv	CardiometabolicII	CRYBB1:P53674:OID30319:v1:CardiometabolicII	9.68136E-09	-1.522566516	22	26599278	26618027
SMOC1	SMOC1	cis-position, cis-gene	45621	19	45602	6.7e-07	-1.051969783	-1.466780134	-0.637159432	0.211636206	UR	Oncology	SMOC1:Q9H4F8:OID21461:v1:Oncology	6.8217E-07	-0.935796482	14	69854131	70032366
EDEM3	BSG	trans-position, trans-gene	45673	211	45462	6.73e-07	0.327471329	0.198320065	0.456622593	0.065892966	flexdmg	Inflammation	BSG:P35613:OID20626:v1:Inflammation	3.79937E-06	0.293604911	1	184690491	184754907
SLC6A20	GBP2	trans-position, trans-gene	44437	167	44270	6.74e-07	-0.383598774	-0.534895745	-0.232301803	0.077191647	raredmg	Inflammation	GBP2:P32456:OID20489:v1:Inflammation	1.96698E-07	-0.38432737	3	45755449	45796561
UGT2A3	NOP56	trans-position, trans-gene	44108	75	44033	6.74e-07	0.574543538	0.347939447	0.801147629	0.115613283	raredmg	CardiometabolicII	NOP56:O00567:OID30055:v1:CardiometabolicII	8.48085E-06	0.47188529	4	68928459	68951798
TMEM43	PRKG1	trans-position, trans-gene	44654	12	44642	6.75e-07	-1.413551096	-1.971106409	-0.855995784	0.284464509	ptv	InflammationII	PRKG1:Q13976:OID30621:v1:InflammationII	5.47248E-06	-1.197903775	3	14124940	14143680
TMEM43	DNAJC6	trans-position, trans-gene	44457	12	44445	6.76e-07	-1.401099004	-1.953784764	-0.848413243	0.281980032	ptv	CardiometabolicII	DNAJC6:O75061:OID30247:v1:CardiometabolicII	1.13383E-06	-1.273017569	3	14124940	14143680
OR52N1	GPNMB	trans-position, trans-gene	44050	8	44042	6.76e-07	-1.720402162	-2.39904817	-1.041756154	0.346244808	URmtr	Cardiometabolic	GPNMB:Q14956:OID20173:v1:Cardiometabolic	3.39808E-06	-1.440318871	11	5787854	5788816
CD163L1	GNPDA2	trans-position, trans-gene	44654	170	44484	6.77e-07	0.376943434	0.228242242	0.525644626	0.075867292	flexdmg	InflammationII	GNPDA2:Q8TDQ7:OID30597:v1:InflammationII	3.0952E-07	0.370129115	12	7326484	7444185
GIMAP1-GIMAP5	GIMAP7	cis-position, trans-gene	44654	257	44397	6.78e-07	-0.305114833	-0.425486208	-0.184743457	0.06141343	flexnonsynmtr	InflammationII	GIMAP7:Q8NHV1:OID30639:v1:InflammationII	7.33277E-09	-0.340673364	7	150716557	150743649
LCORL	SPP1	trans-position, trans-gene	45739	35	45704	6.79e-07	-0.795569294	-1.10944397	-0.481694619	0.160138844	raredmg	Cardiometabolic	SPP1:P10451:OID20322:v1:Cardiometabolic	1.22988E-05	-0.667103577	4	17841199	18021860
TMEM43	BCL2L1	trans-position, trans-gene	45493	12	45481	6.8e-07	-1.422547025	-1.983801675	-0.861292375	0.286352053	ptv	NeurologyII	BCL2L1:Q07817:OID31152:v1:NeurologyII	1.40436E-06	-1.280632921	3	14124940	14143680
C11orf65	METAP1D	trans-position, trans-gene	45190	11	45179	6.8e-07	1.488640099	0.901294714	2.075985484	0.29966349	UR	Inflammation	METAP1D:Q6UB28:OID20519:v1:Inflammation	p>0.0001	p>0.0001	11	108331426	108467547
GFI1B	PIK3AP1	trans-position, trans-gene	45190	50	45140	6.81e-07	0.684104187	0.414167574	0.954040801	0.137721602	ptvraredmg	Inflammation	PIK3AP1:Q6ZUJ8:OID20587:v1:Inflammation	8.08186E-07	0.607248762	9	132945545	132993434
TMEM43	TBL1X	trans-position, trans-gene	44180	11	44169	6.82e-07	-1.48242628	-2.067383023	-0.897469537	0.298444622	ptv	Oncology	TBL1X:O60907:OID21220:v1:Oncology	1.62769E-06	-1.316738105	3	14124940	14143680
SLFN14	CCL16	cis-position, trans-gene	45810	324	45486	6.84e-07	-0.253539744	-0.353599592	-0.153479896	0.051050532	flexnonsynmtr	Cardiometabolic	CCL16:O15467:OID20334:v1:Cardiometabolic	9.8662E-07	-0.246900831	17	35545734	35560836
ASGR1	GP2	trans-position, trans-gene	43883	98	43785	6.84e-07	0.486122164	0.294281608	0.677962721	0.097876933	flexdmg	Cardiometabolic	GP2:P55259:OID20090:v1:Cardiometabolic	4.53868E-07	0.483009239	17	7173431	7179564
FAS	FAS	cis-position, cis-gene	45667	13	45654	6.85e-07	-1.254381327	-1.749439881	-0.759322774	0.252578839	raredmgmtr	Cardiometabolic	FAS:P25445:OID20316:v1:Cardiometabolic	1.74144E-06	-1.129245753	10	88953813	89029605
CAPN1	DTX3	trans-position, trans-gene	45042	208	44834	6.86e-07	-0.312364682	-0.435649789	-0.189079575	0.062900029	flexnonsynmtr	Oncology	DTX3:Q8N9I9:OID21349:v1:Oncology	4.23087E-07	-0.295636131	11	65181215	65212006
SETD2	TDGF1	cis-position, trans-gene	44217	407	43810	6.87e-07	0.246581435	0.149251435	0.343911435	0.049657716	flexnonsynmtr	Neurology	TDGF1:P13385:OID20816:v1:Neurology	7.79738E-07	0.232978238	3	47016408	47163977
TET2	CD300E	trans-position, trans-gene	45475	76	45399	6.88e-07	0.545347772	0.330083229	0.760612315	0.109827942	ptv	Oncology	CD300E:Q496F6:OID21418:v1:Oncology	5.48102E-07	0.544341279	4	105145875	105279816
TMEM43	MSRA	trans-position, trans-gene	45388	12	45376	6.89e-07	-1.417769731	-1.977429836	-0.858109625	0.285538499	ptv	Oncology	MSRA:Q9UJ68:OID21513:v1:Oncology	1.42923E-06	-1.276443472	3	14124940	14143680
UGT2A1	CRTAC1	trans-position, trans-gene	45810	54	45756	6.95e-07	-0.636031879	-0.887198791	-0.384864968	0.128145351	rec	Cardiometabolic	CRTAC1:Q9NQ79:OID20279:v1:Cardiometabolic	3.90027E-05	-0.482547717	4	69588417	69653249
SEM1	PAIP2B	trans-position, trans-gene	43975	6	43969	6.95e-07	2.031463288	1.229254979	2.833671596	0.409286204	UR	OncologyII	PAIP2B:Q9ULR5:OID31228:v1:OncologyII	5.915E-06	1.711874724	7	96688767	96709891
ENC1	PTPRF	trans-position, trans-gene	45810	81	45729	6.96e-07	0.526753448	0.318732475	0.734774422	0.106132295	flexdmg	Cardiometabolic	PTPRF:P10586:OID20310:v1:Cardiometabolic	1.4812E-07	0.52091189	5	74627406	74641424
ASGR1	TREML2	trans-position, trans-gene	45260	103	45157	6.96e-07	0.480864892	0.290962903	0.670766881	0.096887958	flexdmg	Neurology	TREML2:Q5T2D2:OID21120:v1:Neurology	3.64797E-07	0.481423968	17	7173431	7179564
RASGEF1C	GORASP2	trans-position, trans-gene	45423	28	45395	6.97e-07	-0.929794629	-1.297011559	-0.562577699	0.187354025	raredmgmtr	OncologyII	GORASP2:Q9H8Y8:OID31438:v1:OncologyII	2.70793E-05	-0.704851328	5	180100795	180209130
VGLL4	CNTN1	trans-position, trans-gene	45810	100	45710	6.99e-07	-0.458820796	-0.640044571	-0.277597021	0.092460365	flexdmg	Cardiometabolic	CNTN1:Q12860:OID20307:v1:Cardiometabolic	2.53518E-07	-0.462317545	3	11556067	11720768
TMEM43	CDC37	trans-position, trans-gene	45388	12	45376	7e-07	-1.418381749	-1.978631159	-0.858132339	0.285839162	ptv	Oncology	CDC37:Q16543:OID21470:v1:Oncology	4.16019E-06	-1.21775544	3	14124940	14143680
LZTFL1	CD7	trans-position, trans-gene	44267	15	44252	7.03e-07	-1.267194718	-1.767827823	-0.766561612	0.25542276	URmtr	InflammationII	CD7:P09564:OID30543:v1:InflammationII	8.14069E-07	-1.216921115	3	45823316	45916042
LRP1	MATN2	trans-position, trans-gene	45300	1206	44094	7.03e-07	0.139657497	0.084483368	0.194831627	0.028149831	flexdmg	Inflammation	MATN2:O00339:OID20767:v1:Inflammation	1.39748E-06	0.129572327	12	57128483	57213361
CYP4V2	TLR3	cis-position, trans-gene	45752	416	45336	7.04e-07	0.242209343	0.146514405	0.33790428	0.048823553	flexdmg	Inflammation	TLR3:O15455:OID20612:v1:Inflammation	1.773E-07	0.240966474	4	186191411	186213463
CCL28	GHR	cis-position, trans-gene	44654	109	44545	7.06e-07	-0.471275796	-0.657495118	-0.285056475	0.095009027	flexnonsynmtr	InflammationII	GHR:P10912:OID30574:v1:InflammationII	2.32177E-06	-0.44067973	5	43376645	43412391
GNPTG	PLA2G15	trans-position, trans-gene	45388	295	45093	7.07e-07	0.286069068	0.173030363	0.399107772	0.057672329	flexdmg	Oncology	PLA2G15:Q8NCC3:OID21473:v1:Oncology	1.13304E-06	0.26914989	16	1351899	1363351
TTN	TNFRSF12A	trans-position, trans-gene	45388	1871	43517	7.07e-07	0.107783769	0.065192566	0.150374972	0.021730025	UR	Oncology	TNFRSF12A:Q9NP84:OID21482:v1:Oncology	3.8629E-06	0.093614481	2	178525989	178830802
OGDHL	NENF	trans-position, trans-gene	45424	232	45192	7.08e-07	-0.32666169	-0.455747869	-0.19757551	0.06585975	flexnonsynmtr	OncologyII	NENF:Q9UMX5:OID31354:v1:OncologyII	1.32008E-05	-0.26324968	10	49734641	49762379
GFI1B	CXCL6	trans-position, trans-gene	45752	78	45674	7.09e-07	-0.556443474	-0.776344056	-0.336542892	0.112193267	flexdmg	Inflammation	CXCL6:P80162:OID20613:v1:Inflammation	4.99964E-07	-0.500847519	9	132945545	132993434
OR10K1	CDKN1A	trans-position, trans-gene	45042	71	44971	7.11e-07	-0.579306554	-0.80827853	-0.350334579	0.116821442	flexnonsynmtr	Oncology	CDKN1A:P38936:OID21319:v1:Oncology	4.49842E-06	-0.502935932	1	158465562	158466503
PAAF1	AAMDC	trans-position, trans-gene	44457	120	44337	7.13e-07	-0.448484985	-0.625759888	-0.271210083	0.090445577	flexdmg	CardiometabolicII	AAMDC:Q9H7C9:OID30236:v1:CardiometabolicII	5.69912E-07	-0.429688559	11	73876699	73927736
TMC3	IL16	cis-position, trans-gene	45752	378	45374	7.13e-07	-0.25073004	-0.349838509	-0.15162157	0.050565137	flexnonsynmtr	Inflammation	IL16:Q14005:OID20633:v1:Inflammation	5.35466E-06	-0.214447066	15	81332419	81374077
ATOX1	ATOX1	cis-position, cis-gene	45388	22	45366	7.15e-07	-1.04822929	-1.462622688	-0.633835892	0.211423447	flexdmg	Oncology	ATOX1:O00244:OID21476:v1:Oncology	3.73059E-07	-1.050007176	5	151742316	151772532
GCGR	CFC1	trans-position, trans-gene	44180	190	43990	7.18e-07	0.356257574	0.21539958	0.497115567	0.071865674	flexdmg	Oncology	CFC1:P0CG37:OID21261:v1:Oncology	1.7105E-07	0.36387982	17	81804132	81814013
LVRN	GPR15L	trans-position, trans-gene	45423	196	45227	7.18e-07	-0.331396503	-0.462428211	-0.200364795	0.066852359	flexdmg	OncologyII	GPR15L:Q6UWK7:OID31511:v1:OncologyII	4.74584E-07	-0.325705145	5	115954903	116027606
FUT1	NOTCH1	trans-position, trans-gene	45810	211	45599	7.18e-07	0.333711458	0.20176221	0.465660706	0.067320502	flexdmg	Cardiometabolic	NOTCH1:P46531:OID20311:v1:Cardiometabolic	1.55914E-06	0.31262555	19	48748011	48755390
SH2B2	IL18RAP	trans-position, trans-gene	44632	11	44621	7.21e-07	-1.470445618	-2.05195007	-0.888941167	0.296683347	raredmgmtr	Neurology	IL18RAP:O95256:OID20900:v1:Neurology	1.55278E-06	-1.265814147	7	102285059	102321711
CBL	PADI4	trans-position, trans-gene	44143	141	44002	7.23e-07	-0.411111981	-0.573706119	-0.248517843	0.082955442	flexnonsynmtr	Neurology	PADI4:Q9UM07:OID20832:v1:Neurology	7.64545E-06	-0.347488775	11	119206276	119308149
SLC34A3	BTN2A1	trans-position, trans-gene	45452	353	45099	7.29e-07	0.254653964	0.153903016	0.355404912	0.05140312	flexdmg	Inflammation	BTN2A1:Q7KYR7:OID20713:v1:Inflammation	4.02784E-07	0.247174749	9	137230757	137236555
RPN1	TNFSF13B	trans-position, trans-gene	45735	127	45608	7.3e-07	-0.420417196	-0.586754336	-0.254080057	0.0848652	flexdmg	Cardiometabolic	TNFSF13B:Q9Y275:OID20272:v1:Cardiometabolic	5.56025E-06	-0.366075259	3	128619970	128650876
CD36	ADGRF5	trans-position, trans-gene	45616	468	45148	7.31e-07	-0.224504845	-0.313333096	-0.135676593	0.045320166	flexdmg	CardiometabolicII	ADGRF5:Q8IZF2:OID30349:v1:CardiometabolicII	9.00744E-09	-0.235332191	7	80369575	80679277
ZNF696	FGF16	trans-position, trans-gene	44339	30	44309	7.32e-07	0.903762395	0.546142408	1.261382382	0.182457547	flexdmg	InflammationII	FGF16:O43320:OID30535:v1:InflammationII	1.99756E-07	0.918506248	8	143291389	143299952
PRPF4B	NCR3LG1	trans-position, trans-gene	45423	30	45393	7.32e-07	-0.845601184	-1.180192304	-0.511010063	0.170708342	raredmgmtr	OncologyII	NCR3LG1:Q68D85:OID31490:v1:OncologyII	7.25948E-07	-0.795620155	6	4021329	4064983
PELP1	IL1B	trans-position, trans-gene	44217	56	44161	7.34e-07	-0.657223444	-0.917308821	-0.397138066	0.132695426	raredmgmtr	Inflammation	IL1B:P01584:OID20427:v1:Inflammation	4.14524E-06	-0.573181587	17	4671384	4704337
ABHD16A	LTA	cis-position, trans-gene	45190	95	45095	7.35e-07	-0.49822107	-0.695392096	-0.301050044	0.100596615	flexnonsynmtr	Inflammation	LTA:P01374:OID20586:v1:Inflammation	6.33115E-06	-0.425826958	6	31686949	31703360
CHODL	HAGH	trans-position, trans-gene	45488	12	45476	7.37e-07	1.361787786	0.822788092	1.90078748	0.274997576	ptv	Oncology	HAGH:Q16775:OID21459:v1:Oncology	5.93201E-08	1.383092623	21	17819595	18267373
HTATSF1	CD40LG	cis-position, trans-gene	45752	216	45536	7.38e-07	-0.337885683	-0.471628362	-0.204143004	0.068235509	rec	Inflammation	CD40LG:P29965:OID20616:v1:Inflammation	3.24342E-06	-0.311098305	X	136496932	136512346
CCDC183	PRDX2	trans-position, trans-gene	45001	7	44994	7.38e-07	1.809982101	1.093552967	2.526411236	0.36552195	URmtr	InflammationII	PRDX2:P32119:OID30668:v1:InflammationII	p>0.0001	p>0.0001	9	136796338	136807741
SCNM1	CDH3	trans-position, trans-gene	45644	193	45451	7.39e-07	-0.347307742	-0.484788346	-0.209827138	0.070142593	flexnonsynmtr	Neurology	CDH3:P22223:OID21008:v1:Neurology	6.23353E-07	-0.346608204	1	151166022	151170297
ELMOD3	SEZ6L2	trans-position, trans-gene	45042	4	45038	7.43e-07	-2.236545986	-3.122039065	-1.351052908	0.451778339	URmtr	Oncology	SEZ6L2:Q6UXD5:OID21289:v1:Oncology	p>0.0001	p>0.0001	2	85354720	85391752
ARSA	VNN1	trans-position, trans-gene	45669	91	45578	7.43e-07	0.514303469	0.310674206	0.717932733	0.103891636	raredmgmtr	InflammationII	VNN1:O95497:OID30711:v1:InflammationII	3.47205E-08	0.53781845	22	50622754	50628173
EHD1	FAM3C	trans-position, trans-gene	45201	163	45038	7.44e-07	-0.367215897	-0.512612313	-0.221819481	0.074181221	flexdmg	Cardiometabolic	FAM3C:Q92520:OID20233:v1:Cardiometabolic	9.87224E-07	-0.35111146	11	64852727	64879713
NPHS1	THBD	trans-position, trans-gene	45276	491	44785	7.44e-07	0.213757666	0.129122445	0.298392887	0.043180874	flexdmg	Cardiometabolic	THBD:P07204:OID20231:v1:Cardiometabolic	5.65481E-06	0.185509281	19	35825372	35869287
RNF219	LTBP3	trans-position, trans-gene	44180	6	44174	7.47e-07	1.946315766	1.17554474	2.717086791	0.393246971	rec	Oncology	LTBP3:Q9NS15:OID21191:v1:Oncology	2.57731E-06	1.603984847	13	78614286	78659179
MPV17L	CTSD	trans-position, trans-gene	42322	12	42310	7.48e-07	-1.362010193	-1.901412658	-0.822607729	0.275202522	raredmgmtr	Cardiometabolic	CTSD:P07339:OID20358:v1:Cardiometabolic	6.58676E-06	-1.109471676	16	15395698	15409686
ARF4	SUMF2	trans-position, trans-gene	45644	10	45634	7.55e-07	1.540271582	0.930057711	2.150485453	0.311331069	flexdmg	Neurology	SUMF2:Q8NBJ7:OID21032:v1:Neurology	1.03246E-05	1.257566297	3	57571363	57597488
PI16	MSMB	trans-position, trans-gene	45162	94	45068	7.56e-07	-0.47190219	-0.658866975	-0.284937405	0.095389392	flexdmg	Cardiometabolic	MSMB:P08118:OID20275:v1:Cardiometabolic	2.36184E-06	-0.427319247	6	36948263	36964837
CCDC96	ADA2	trans-position, trans-gene	44988	11	44977	7.59e-07	1.439662836	0.869186798	2.010138874	0.291056717	UR	Cardiometabolic	ADA2:Q9NZK5:OID20394:v1:Cardiometabolic	6.99669E-07	1.334823439	4	7040849	7043001
ZBTB44	CD209	trans-position, trans-gene	45361	27	45334	7.59e-07	-0.932042287	-1.301363449	-0.562721125	0.188427597	UR	Cardiometabolic	CD209:Q9NNX6:OID20262:v1:Cardiometabolic	1.03332E-06	-0.93225681	11	130226677	130314769
ABCA1	MENT	trans-position, trans-gene	44654	761	43893	7.6e-07	-0.170238342	-0.237698563	-0.102778122	0.034418179	flexdmg	InflammationII	MENT:Q9BUN1:OID30595:v1:InflammationII	1.26486E-05	-0.142125898	9	104781002	104928246
B4GALNT3	KLK8	trans-position, trans-gene	43747	317	43430	7.62e-07	0.267734574	0.161625586	0.373843562	0.054136735	flexdmg	Oncology	KLK8:O60259:OID21517:v1:Oncology	9.16499E-06	0.228622534	12	460377	561892
STAB1	AGRN	trans-position, trans-gene	45452	1243	44209	7.63e-07	0.137851054	0.083215604	0.192486503	0.027874999	flexdmg	Inflammation	AGRN:O00468:OID20786:v1:Inflammation	9.45773E-08	0.1421185	3	52495338	52524495
ETFRF1	CD209	trans-position, trans-gene	45361	34	45327	7.63e-07	0.830555597	0.501373363	1.15973783	0.167948722	ptvraredmg	Cardiometabolic	CD209:Q9NNX6:OID20262:v1:Cardiometabolic	1.98508E-05	0.695861796	12	25195216	25205015
FOXA3	APOF	trans-position, trans-gene	45669	124	45545	7.64e-07	-0.410475235	-0.573174025	-0.247776445	0.083008911	flexdmg	InflammationII	APOF:Q13790:OID30701:v1:InflammationII	1.61964E-06	-0.388454631	19	45864260	45873797
IGSF3	IGSF3	cis-position, cis-gene	45042	327	44715	7.66e-07	0.265870161	0.160476461	0.371263861	0.053771838	flexnonsynmtr	Oncology	IGSF3:O75054:OID21312:v1:Oncology	6.03811E-07	0.255515201	1	116574399	116667755
OTP	A1BG	trans-position, trans-gene	45680	37	45643	7.67e-07	0.76623112	0.46247705	1.06998519	0.154975306	UR	InflammationII	A1BG:P04217:OID30771:v1:InflammationII	7.72502E-05	0.575365139	5	77628712	77638697
GPER1	ASPN	trans-position, trans-gene	45616	29	45587	7.67e-07	0.889370817	0.536812429	1.241929205	0.179875259	UR	CardiometabolicII	ASPN:Q9BXN1:OID30315:v1:CardiometabolicII	2.62897E-05	0.678792079	7	1086807	1093815
ICAM5	ICAM5	cis-position, cis-gene	45276	9	45267	7.74e-07	-1.605075621	-2.241577565	-0.968573677	0.324743172	UR	Cardiometabolic	ICAM5:Q9UMF0:OID20145:v1:Cardiometabolic	5.60959E-06	-1.396558684	19	10289952	10296778
PGAP1	CA4	trans-position, trans-gene	45810	87	45723	7.75e-07	0.523289004	0.315761007	0.730817001	0.105880778	ptvraredmg	Cardiometabolic	CA4:P22748:OID20241:v1:Cardiometabolic	2.87253E-07	0.506464546	2	196833004	196926995
SCNN1A	CDSN	trans-position, trans-gene	45602	334	45268	7.76e-07	-0.266315873	-0.37193636	-0.160695385	0.053887563	flexnonsynmtr	Inflammation	CDSN:Q15517:OID20667:v1:Inflammation	2.74277E-06	-0.241175227	12	6346843	6377357
EZR	GAGE2A	trans-position, trans-gene	44039	182	43857	7.76e-07	-0.367392398	-0.513103798	-0.221680999	0.074341873	raredmg	OncologyII	GAGE2A:Q6NT46:OID31199:v1:OncologyII	5.83741E-07	-0.350387847	6	158765741	158819368
SRRM5	PINLYP	cis-position, trans-gene	44654	202	44452	7.76e-07	0.344862791	0.208091782	0.481633799	0.069780517	rec	InflammationII	PINLYP:A6NC86:OID30651:v1:InflammationII	1.50041E-06	0.32384403	19	43612101	43614498
STAB1	PODXL2	trans-position, trans-gene	45388	1232	44156	7.76e-07	0.140957283	0.085052164	0.196862403	0.028522783	flexdmg	Oncology	PODXL2:Q9NZ53:OID21487:v1:Oncology	4.63528E-08	0.149382346	3	52495338	52524495
SYNGR1	LRIG1	trans-position, trans-gene	45488	36	45452	7.77e-07	0.804689132	0.485526024	1.123852239	0.162836978	raredmg	Oncology	LRIG1:Q96JA1:OID21429:v1:Oncology	2.10162E-06	0.690609011	22	39349949	39385588
CD163	GZMA	trans-position, trans-gene	45752	27	45725	7.78e-07	0.93526014	0.564293799	1.306226481	0.18926701	UR	Inflammation	GZMA:P12544:OID20663:v1:Inflammation	1.36764E-06	0.854023577	12	7470811	7503893
MAN1A1	ASAH2	trans-position, trans-gene	44914	89	44825	7.79e-07	-0.5038889	-0.703761399	-0.3040164	0.10197489	ptvraredmg	Neurology	ASAH2:Q9NR71:OID20996:v1:Neurology	4.55932E-08	-0.537786433	6	119177201	119351633
CIZ1	GPKOW	trans-position, trans-gene	44217	21	44196	7.79e-07	-1.068098571	-1.491771517	-0.644425624	0.216157719	URmtr	Neurology	GPKOW:Q92917:OID20890:v1:Neurology	2.06976E-07	-1.04956458	9	128166065	128204383
ATG10	ADAMTS8	trans-position, trans-gene	45388	9	45379	7.8e-07	-1.633525996	-2.281530078	-0.985521913	0.330611583	URmtr	Oncology	ADAMTS8:Q9UP79:OID21502:v1:Oncology	1.89595E-07	-1.637860587	5	81972025	82258502
TMEM43	PTPN6	trans-position, trans-gene	45378	12	45366	7.8e-07	-1.419241102	-1.982229846	-0.856252358	0.287236769	ptv	Inflammation	PTPN6:P29350:OID20717:v1:Inflammation	2.47168E-06	-1.25222251	3	14124940	14143680
TMEM43	CIRBP	trans-position, trans-gene	45423	12	45411	7.82e-07	-1.410031687	-1.969422113	-0.850641261	0.285400915	ptv	OncologyII	CIRBP:Q14011:OID31503:v1:OncologyII	1.96053E-06	-1.258605534	3	14124940	14143680
C9orf40	MAPK9	trans-position, trans-gene	45190	20	45170	7.83e-07	-1.088016986	-1.51967365	-0.656360322	0.220231137	flexnonsynmtr	Inflammation	MAPK9:P45984:OID20557:v1:Inflammation	4.32635E-06	-0.96511799	9	74946583	74952912
CDK11A	LBP	trans-position, trans-gene	45433	10	45423	7.84e-07	-1.539025547	-2.149661633	-0.928389461	0.311546445	URmtr	Cardiometabolic	LBP:P18428:OID20355:v1:Cardiometabolic	4.449E-05	-1.168127721	1	1702730	1724352
TUBE1	FABP6	trans-position, trans-gene	44391	189	44202	7.86e-07	-0.355443085	-0.496481547	-0.214404622	0.071957759	flexnonsynmtr	Cardiometabolic	FABP6:P51161:OID20076:v1:Cardiometabolic	1.77328E-07	-0.360747533	6	112070657	112087548
TMPRSS6	TFRC	trans-position, trans-gene	45430	37	45393	7.87e-07	0.79282504	0.478214335	1.107435746	0.160514337	ptv	Cardiometabolic	TFRC:P02786:OID20369:v1:Cardiometabolic	5.57119E-07	0.770380001	22	37065436	37110635
CCDC61	PITHD1	trans-position, trans-gene	43975	60	43915	7.89e-07	-0.638725783	-0.892213433	-0.385238134	0.129329249	flexdmg	OncologyII	PITHD1:Q9GZP4:OID31215:v1:OncologyII	7.6E-05	-0.448191738	19	45995451	46018616
IQGAP2	SLC39A5	trans-position, trans-gene	45190	146	45044	7.91e-07	0.384637832	0.23197419	0.537301474	0.077888957	ptv	Inflammation	SLC39A5:Q6ZMH5:OID20539:v1:Inflammation	3.12429E-07	0.389247174	5	76403285	76708132
ITIH4	MASP1	trans-position, trans-gene	44842	149	44693	7.96e-07	0.397309846	0.239579292	0.555040401	0.080474078	ptvraredmg	Neurology	MASP1:P48740:OID20954:v1:Neurology	5.52282E-08	0.416404947	3	52812962	52830688
STUB1	PSPN	trans-position, trans-gene	45190	3	45187	7.98e-07	2.104668431	1.269039111	2.940297751	0.4263379	ptv	Inflammation	PSPN:O60542:OID20511:v1:Inflammation	p>0.0001	p>0.0001	16	680111	682768
DMP1	CD58	trans-position, trans-gene	45157	13	45144	7.99e-07	1.344102624	0.810400476	1.877804771	0.272294716	UR	Inflammation	CD58:P19256:OID20716:v1:Inflammation	9.73119E-08	1.400647333	4	87650280	87664361
TM6SF2	CTSO	trans-position, trans-gene	45752	224	45528	7.99e-07	0.32456287	0.19569348	0.45343226	0.065749157	flexnonsynmtr	Inflammation	CTSO:P43234:OID20660:v1:Inflammation	1.99387E-06	0.297669078	19	19264365	19273265
ARHGAP45	RICTOR	trans-position, trans-gene	44339	108	44231	8e-07	-0.474189032	-0.662482967	-0.285895097	0.096067476	flexdmg	InflammationII	RICTOR:Q6R327:OID30433:v1:InflammationII	1.09456E-05	-0.389762304	19	1065923	1086628
B4GALNT3	CA12	trans-position, trans-gene	45042	334	44708	8.01e-07	0.266835249	0.160873607	0.372796892	0.054061602	flexdmg	Oncology	CA12:O43570:OID21344:v1:Oncology	6.74059E-06	0.23216138	12	460377	561892
EXOC6	FGFBP3	cis-position, trans-gene	45493	197	45296	8.01e-07	0.343402767	0.207035841	0.479769694	0.069574389	flexdmg	NeurologyII	FGFBP3:Q8TAT2:OID31108:v1:NeurologyII	4.11343E-07	0.336738398	10	92834713	93059494
ZNF740	HGFAC	trans-position, trans-gene	45294	19	45275	8.01e-07	1.110869564	0.669732693	1.552006435	0.225067951	flexnonsynmtr	InflammationII	HGFAC:Q04756:OID30718:v1:InflammationII	1.20831E-08	1.169621171	12	53180751	53190870
HSPA5	MAP1LC3A	trans-position, trans-gene	44185	100	44085	8.02e-07	0.492991277	0.297216664	0.688765891	0.099884105	flexnonsynmtr	NeurologyII	MAP1LC3A:Q9H492:OID30868:v1:NeurologyII	3.62115E-06	0.439582502	9	125234848	125241387
MAFB	DIPK2B	trans-position, trans-gene	44654	43	44611	8.03e-07	-0.703780453	-0.983284285	-0.424276622	0.142602749	raredmg	InflammationII	DIPK2B:Q9H7Y0:OID30582:v1:InflammationII	7.20887E-06	-0.590875794	20	40685848	40689240
ASAP1	SMPD3	trans-position, trans-gene	44339	95	44244	8.04e-07	-0.505697673	-0.706544572	-0.304850774	0.102471992	flexdmg	InflammationII	SMPD3:Q9NY59:OID30477:v1:InflammationII	7.84253E-07	-0.492168523	8	130052104	130443660
FASLG	FASLG	cis-position, cis-gene	45752	44	45708	8.05e-07	0.701174924	0.422682106	0.979667742	0.142087023	ptvraredmg	Inflammation	FASLG:P48023:OID20665:v1:Inflammation	5.03841E-07	0.690086495	1	172659103	172666876
APOB	KRT18	trans-position, trans-gene	45042	77	44965	8.07e-07	0.528858916	0.318791681	0.73892615	0.107176249	ptv	Oncology	KRT18:P05783:OID21296:v1:Oncology	3.75158E-06	0.477412493	2	21001429	21044073
CLDN10	IFNGR1	trans-position, trans-gene	45452	41	45411	8.08e-07	0.748706498	0.451286627	1.04612637	0.151743578	UR	Inflammation	IFNGR1:P15260:OID20678:v1:Inflammation	9.34514E-07	0.721049611	13	95433599	95579756
ODF4	TOP1	trans-position, trans-gene	45423	46	45377	8.11e-07	-0.702586591	-0.981719766	-0.423453416	0.142413705	flexnonsynmtr	OncologyII	TOP1:P11387:OID31449:v1:OncologyII	5.82335E-07	-0.632027611	17	8339837	8346048
STAB1	PKD1	trans-position, trans-gene	45616	919	44697	8.12e-07	0.15085208	0.090916232	0.210787928	0.030579265	flexnonsynmtr	CardiometabolicII	PKD1:P98161:OID30328:v1:CardiometabolicII	1.66063E-07	0.150764072	3	52495338	52524495
PRR14L	ISM2	trans-position, trans-gene	45606	18	45588	8.14e-07	1.160751275	0.699515794	1.621986755	0.235322301	URmtr	CardiometabolicII	ISM2:Q6H9L7:OID30365:v1:CardiometabolicII	3.24107E-06	1.067836431	22	31681347	31750173
TXNDC12	RETN	trans-position, trans-gene	45164	3	45161	8.14e-07	-2.759459933	-3.855931336	-1.662988531	0.559419466	rec	Cardiometabolic	RETN:Q9HD89:OID20327:v1:Cardiometabolic	1.15633E-06	-2.765788077	1	52020131	52056171
TRPC1	CXCL13	trans-position, trans-gene	45644	53	45591	8.16e-07	0.668884037	0.403075239	0.934692834	0.135615628	raredmgmtr	Neurology	CXCL13:O43927:OID21024:v1:Neurology	3.87858E-06	0.611403507	3	142724032	142807888
ZC3H7B	TNFSF13B	trans-position, trans-gene	45735	55	45680	8.17e-07	0.635480428	0.382935355	0.8880255	0.128848483	rec	Cardiometabolic	TNFSF13B:Q9Y275:OID20272:v1:Cardiometabolic	4.93085E-07	0.633463811	22	41301503	41360147
COX7A2L	CDC37	trans-position, trans-gene	45388	14	45374	8.18e-07	-1.305259836	-1.824019557	-0.786500116	0.264671129	raredmgmtr	Oncology	CDC37:Q16543:OID21470:v1:Oncology	5.81961E-07	-1.236682053	2	42350501	42369010
SLC27A4	SLC27A4	cis-position, cis-gene	44217	256	43961	8.2e-07	-0.304836063	-0.426000643	-0.183671484	0.061818106	flexnonsynmtr	Neurology	SLC27A4:Q6P1M0:OID20814:v1:Neurology	2.86077E-06	-0.277247179	9	128340527	128361470
SLC22A5	PDGFA	trans-position, trans-gene	45810	369	45441	8.22e-07	-0.255874669	-0.357588415	-0.154160923	0.05189435	flexdmg	Cardiometabolic	PDGFA:P04085:OID20313:v1:Cardiometabolic	4.10703E-06	-0.207254617	5	132369704	132395614
RCAN1	SCT	trans-position, trans-gene	44410	70	44340	8.22e-07	-0.585249061	-0.817885366	-0.352612756	0.118690937	raredmg	NeurologyII	SCT:P09683:OID30951:v1:NeurologyII	3.8474E-05	-0.449992273	21	34516442	34615142
TNFAIP8L2	TNFAIP8L2	cis-position, cis-gene	44654	71	44583	8.22e-07	-0.581300076	-0.812368453	-0.350231699	0.117890999	flexdmg	InflammationII	TNFAIP8L2:Q6P589:OID30629:v1:InflammationII	5.88923E-07	-0.5654906	1	151156649	151159749
KCNJ6	ADAM22	trans-position, trans-gene	44914	76	44838	8.23e-07	0.553909342	0.333720313	0.77409837	0.112340376	flexdmg	Neurology	ADAM22:Q9P0K1:OID21001:v1:Neurology	3.20627E-06	0.515502272	21	37617482	37919731
OR4A16	GPC5	trans-position, trans-gene	44914	5	44909	8.25e-07	-2.174255729	-3.038651677	-1.309859782	0.441014554	URmtr	Neurology	GPC5:P78333:OID20944:v1:Neurology	4.84313E-05	-1.512590813	11	55323661	55344225
LAMA3	CGN	trans-position, trans-gene	44410	937	43473	8.26e-07	-0.163033405	-0.227853298	-0.098213513	0.03307108	flexdmg	NeurologyII	CGN:Q9P2M7:OID30894:v1:NeurologyII	1.96472E-06	-0.148822682	18	23689443	23955066
B3GAT2	MTR	trans-position, trans-gene	44108	7	44101	8.29e-07	1.863841761	1.122701671	2.604981852	0.378129267	ptv	CardiometabolicII	MTR:Q99707:OID30110:v1:CardiometabolicII	1.73419E-07	1.843534434	6	70861366	70957189
ABCA1	CRH	trans-position, trans-gene	44113	740	43373	8.3e-07	-0.17930579	-0.250610032	-0.108001548	0.036379385	flexdmg	Oncology	CRH:P06850:OID21257:v1:Oncology	1.29926E-07	-0.182127204	9	104781002	104928246
CLEC6A	CLEC6A	cis-position, cis-gene	44180	9	44171	8.31e-07	-1.587349373	-2.218594695	-0.956104051	0.322061031	flexdmg	Oncology	CLEC6A:Q6EIG7:OID21228:v1:Oncology	1.31753E-08	-1.481098367	12	8455962	8478330
AZU1	VEGFB	trans-position, trans-gene	44339	90	44249	8.34e-07	-0.509031219	-0.711488366	-0.306574072	0.10329354	flexnonsynmtr	InflammationII	VEGFB:P49765:OID30554:v1:InflammationII	p>0.0001	p>0.0001	19	825097	832018
TST	MET	trans-position, trans-gene	45373	93	45280	8.35e-07	0.494286989	0.297681797	0.69089218	0.100307937	flexdmg	Cardiometabolic	MET:P08581:OID20269:v1:Cardiometabolic	1.48699E-06	0.475842449	22	37010859	37020183
ASGR1	ROR1	trans-position, trans-gene	45276	106	45170	8.4e-07	0.458884126	0.276321394	0.641446858	0.093143471	ptvraredmg	Cardiometabolic	ROR1:Q01973:OID20224:v1:Cardiometabolic	2.47227E-07	0.471493511	17	7173431	7179564
NEB	CHCHD10	trans-position, trans-gene	45493	359	45134	8.41e-07	-0.23688226	-0.33112961	-0.142634911	0.048084986	UR	NeurologyII	CHCHD10:Q8WYQ3:OID31116:v1:NeurologyII	6.38117E-07	-0.221273057	2	151485336	151734487
CD320	SFTPA2	trans-position, trans-gene	44180	36	44144	8.43e-07	-0.807102196	-1.128245353	-0.485959038	0.16384707	ptvraredmg	Oncology	SFTPA2:Q8IWL1:OID21218:v1:Oncology	9.46728E-07	-0.774836162	19	8302127	8308356
KIAA1109	CD164	trans-position, trans-gene	45260	63	45197	8.46e-07	0.614529155	0.369964755	0.859093554	0.124776709	ptv	Neurology	CD164:Q04900:OID21080:v1:Neurology	6.67652E-06	0.545060597	4	122152333	122362759
ZYG11B	CYB5R2	trans-position, trans-gene	45004	34	44970	8.46e-07	0.817945153	0.492427091	1.143463214	0.166079227	flexdmg	OncologyII	CYB5R2:Q6BCY4:OID31512:v1:OncologyII	8.92965E-06	0.715536724	1	52726459	52827342
UBA7	GBP6	trans-position, trans-gene	44108	90	44018	8.46e-07	-0.52046895	-0.727600119	-0.313337781	0.105678209	ptv	CardiometabolicII	GBP6:Q6ZN66:OID30139:v1:CardiometabolicII	1.04203E-06	-0.486182024	3	49805205	49813958
LEFTY2	LEFTY2	cis-position, cis-gene	45553	89	45464	8.47e-07	-0.486865362	-0.68062619	-0.293104533	0.098856754	flexdmg	Oncology	LEFTY2:O00292:OID21454:v1:Oncology	5.36747E-07	-0.474440197	1	225936598	225941383
TSPO	CD99	trans-position, trans-gene	45260	5	45255	8.49e-07	1.871190259	1.126422549	2.615957969	0.379980342	URmtr	Neurology	CD99:P14209:OID21110:v1:Neurology	7.69011E-07	1.879672077	22	43151514	43163242
TNN	RBM19	trans-position, trans-gene	44108	456	43652	8.49e-07	-0.231892124	-0.324187824	-0.139596424	0.047089215	flexnonsynmtr	CardiometabolicII	RBM19:Q9Y4C8:OID30090:v1:CardiometabolicII	3.09008E-06	-0.206715326	1	175067833	175148075
AIMP1	IL32	trans-position, trans-gene	45190	89	45101	8.5e-07	0.500661023	0.301377812	0.699944235	0.101674252	flexnonsynmtr	Inflammation	IL32:P24001:OID20605:v1:Inflammation	4.12967E-05	0.399766455	4	106315610	106349225
FLNC	AMIGO2	trans-position, trans-gene	45042	1485	43557	8.51e-07	-0.129138712	-0.180543897	-0.077733527	0.026226912	flexdmg	Oncology	AMIGO2:Q86SJ2:OID21370:v1:Oncology	4.85569E-07	-0.12635575	7	128830429	128859274
ZKSCAN3	TXNDC15	trans-position, trans-gene	45388	31	45357	8.52e-07	0.873953081	0.526052781	1.221853381	0.177498679	ptv	Oncology	TXNDC15:Q96J42:OID21495:v1:Oncology	1.40047E-07	0.847065292	6	28349913	28369177
MTFMT	CA12	trans-position, trans-gene	45042	203	44839	8.53e-07	-0.340932345	-0.4766576	-0.205207089	0.06924699	flexnonsynmtr	Oncology	CA12:O43570:OID21344:v1:Oncology	3.53662E-07	-0.340715192	15	65001512	65029639
ASGR1	LEPR	trans-position, trans-gene	45275	70	45205	8.53e-07	0.575125405	0.346170695	0.804080115	0.11681265	raredmg	Cardiometabolic	LEPR:P48357:OID20128:v1:Cardiometabolic	3.41419E-07	0.579654044	17	7173431	7179564
MLXIP	POLR2A	trans-position, trans-gene	44339	3	44336	8.53e-07	-2.837909291	-3.967666093	-1.708152489	0.576401382	rec	InflammationII	POLR2A:P24928:OID30440:v1:InflammationII	8.66377E-07	-2.838691756	12	122078728	122147347
SIGLEC6	PMM2	trans-position, trans-gene	44108	7	44101	8.54e-07	-1.847126199	-2.582478406	-1.111773992	0.375176292	raredmg	CardiometabolicII	PMM2:O15305:OID30125:v1:CardiometabolicII	8.59943E-07	-1.843726913	19	51517819	51531856
FUT2	STAB2	trans-position, trans-gene	45606	12	45594	8.54e-07	1.384135965	0.833103019	1.935168911	0.28113696	URmtr	CardiometabolicII	STAB2:Q8WWQ8:OID30401:v1:CardiometabolicII	4.18649E-05	0.969002104	19	48695971	48705934
SLC34A3	SLURP1	trans-position, trans-gene	45318	403	44915	8.55e-07	0.239813849	0.144337347	0.335290351	0.048712094	flexnonsynmtr	CardiometabolicII	SLURP1:P55000:OID30404:v1:CardiometabolicII	8.5676E-07	0.226427889	9	137230757	137236555
COX5A	SPARCL1	trans-position, trans-gene	45290	41	45249	8.58e-07	-0.754276892	-1.054614818	-0.453938966	0.153232355	ptvraredmg	Cardiometabolic	SPARCL1:Q14515:OID20361:v1:Cardiometabolic	9.81416E-07	-0.740429425	15	74920275	74938154
ATP2A1	PBXIP1	trans-position, trans-gene	45423	74	45349	8.6e-07	0.554177407	0.333491942	0.774862873	0.112593693	ptv	OncologyII	PBXIP1:Q96AQ6:OID31435:v1:OncologyII	2.46408E-06	0.511372498	16	28878488	28904509
KIAA1109	PEAR1	trans-position, trans-gene	45810	64	45746	8.62e-07	0.609548519	0.366792833	0.852304205	0.123853944	ptv	Cardiometabolic	PEAR1:Q5VY43:OID20257:v1:Cardiometabolic	3.50029E-06	0.558595805	4	122152333	122362759
CYB561	SERPINA4	trans-position, trans-gene	44971	19	44952	8.63e-07	1.112143792	0.669203159	1.555084425	0.225988186	raredmgmtr	InflammationII	SERPINA4:P29622:OID30774:v1:InflammationII	1.4567E-05	0.953443896	17	63432304	63446361
TMEM43	HGS	trans-position, trans-gene	44180	11	44169	8.64e-07	-1.466458846	-2.050545433	-0.882372258	0.298000669	ptv	Oncology	HGS:O14964:OID21175:v1:Oncology	3.95993E-06	-1.264792124	3	14124940	14143680
TMEM43	CRADD	trans-position, trans-gene	44842	12	44830	8.65e-07	-1.403965673	-1.963183853	-0.844747494	0.285312936	ptv	Neurology	CRADD:P78560:OID20923:v1:Neurology	3.09795E-06	-1.232200834	3	14124940	14143680
TMEM43	SERPINB1	trans-position, trans-gene	45115	12	45103	8.66e-07	-1.400433107	-1.9582616	-0.842604614	0.284603965	ptv	Neurology	SERPINB1:P30740:OID21088:v1:Neurology	2.28634E-06	-1.245916426	3	14124940	14143680
STAB2	NEO1	trans-position, trans-gene	45520	985	44535	8.69e-07	0.156084357	0.093902763	0.21826595	0.031725042	flexdmg	NeurologyII	NEO1:Q92859:OID31066:v1:NeurologyII	2.85913E-05	0.124645947	12	103587273	103766719
LILRA6	AFAP1	trans-position, trans-gene	44654	3	44651	8.71e-07	-2.822016342	-3.946393198	-1.697639487	0.573656646	ptvraredmg	InflammationII	AFAP1:Q8N556:OID30569:v1:InflammationII	7.21616E-07	-2.82408467	19	54236592	54242791
ASGR1	GFRA3	trans-position, trans-gene	44779	103	44676	8.73e-07	0.468089277	0.281572568	0.654605986	0.095160762	flexdmg	Neurology	GFRA3:O60609:OID20933:v1:Neurology	4.2516E-07	0.470973861	17	7173431	7179564
MS4A14	NBL1	trans-position, trans-gene	45388	7	45381	8.73e-07	-1.797638861	-2.513918622	-1.0813591	0.365445823	UR	Oncology	NBL1:P41271:OID21486:v1:Oncology	1.97922E-05	-1.457805022	11	60396014	60417756
SLC34A3	SCN4B	trans-position, trans-gene	44456	344	44112	8.74e-07	0.256361173	0.15420914	0.358513206	0.052117922	flexdmg	CardiometabolicII	SCN4B:Q8IWT1:OID30277:v1:CardiometabolicII	1.67992E-06	0.238318489	9	137230757	137236555
MS4A14	CKAP4	trans-position, trans-gene	45532	8	45524	8.77e-07	-1.681037487	-2.350975746	-1.011099228	0.341802425	UR	Inflammation	CKAP4:Q07065:OID20617:v1:Inflammation	5.29602E-05	-1.305143841	11	60396014	60417756
OBSCN	NOS1	trans-position, trans-gene	44217	505	43712	8.78e-07	0.204403985	0.12293721	0.285870761	0.041564307	ptv	Neurology	NOS1:P29475:OID20863:v1:Neurology	7.6226E-06	0.179727679	1	228208072	228378876
USP17L2	EDA2R	trans-position, trans-gene	45621	13	45608	8.81e-07	-1.054420063	-1.47472433	-0.634115796	0.214439201	ptv	Oncology	EDA2R:Q9HAV5:OID21451:v1:Oncology	1.37936E-05	-0.869987049	8	12137168	12138760
IFFO2	RRAS	trans-position, trans-gene	44410	57	44353	8.83e-07	-0.64711242	-0.905078391	-0.389146449	0.131614121	raredmgmtr	NeurologyII	RRAS:P10301:OID30961:v1:NeurologyII	1.79249E-06	-0.598187707	1	18904280	18956667
OCLM	QSOX1	trans-position, trans-gene	44893	25	44868	8.84e-07	-0.971014466	-1.35810903	-0.583919901	0.197495529	raredmg	InflammationII	QSOX1:O00391:OID30729:v1:InflammationII	8.7183E-07	-0.968735369	1	186400572	186401455
TP53BP2	HJV	trans-position, trans-gene	45520	4	45516	8.87e-07	2.454179418	1.475688459	3.432670378	0.499225975	rec	NeurologyII	HJV:Q6ZVN8:OID31006:v1:NeurologyII	p>0.0001	p>0.0001	1	223779893	223845981
TMEM43	DFFA	trans-position, trans-gene	45752	12	45740	8.89e-07	-1.405961605	-1.966599073	-0.845324137	0.28603721	ptv	Inflammation	DFFA:O00273:OID20620:v1:Inflammation	1.79479E-06	-1.263366926	3	14124940	14143680
ARFGEF2	CD22	trans-position, trans-gene	45752	376	45376	8.91e-07	0.245519446	0.147609293	0.343429598	0.049953755	flexnonsynmtr	Inflammation	CD22:P20273:OID20637:v1:Inflammation	4.28725E-06	0.222282528	20	48921721	49036693
SH2B3	VCAM1	trans-position, trans-gene	45351	232	45119	8.91e-07	0.313290391	0.188355482	0.4382253	0.06374177	flexdmg	Cardiometabolic	VCAM1:P19320:OID20396:v1:Cardiometabolic	1.66023E-06	0.302867785	12	111405923	111451623
ABCB4	AGXT	trans-position, trans-gene	45276	221	45055	8.94e-07	0.323638664	0.194556708	0.45272062	0.06585759	ptvraredmg	Cardiometabolic	AGXT:P21549:OID20139:v1:Cardiometabolic	2.41277E-06	0.289017682	7	87402044	87477523
LRIG1	PRAME	trans-position, trans-gene	44039	378	43661	8.94e-07	-0.253905892	-0.35517148	-0.152640303	0.051665645	flexdmg	OncologyII	PRAME:P78395:OID31165:v1:OncologyII	2.75264E-06	-0.230913766	3	66378797	66501263
LRP5	TNN	trans-position, trans-gene	45606	564	45042	8.99e-07	0.205663889	0.123618738	0.28770904	0.041859428	raredmg	CardiometabolicII	TNN:Q9UQP3:OID30412:v1:CardiometabolicII	7.46778E-06	0.176623108	11	68298866	68449275
KRT27	CEP290	trans-position, trans-gene	44858	14	44844	9e-07	1.313074989	0.78922965	1.836920328	0.267265727	rec	OncologyII	CEP290:O15078:OID31287:v1:OncologyII	3.30487E-06	1.160710214	17	40776808	40782534
ZNF347	CCL23	trans-position, trans-gene	45452	157	45295	9.03e-07	0.370708624	0.222796341	0.518620906	0.075464827	ptv	Inflammation	CCL23:P55773:OID20693:v1:Inflammation	6.79644E-07	0.365533557	19	53138300	53163938
CRK	IL17C	trans-position, trans-gene	44437	6	44431	9.03e-07	1.958308485	1.176962181	2.739654788	0.398642536	URmtr	Inflammation	IL17C:Q9P0M4:OID20477:v1:Inflammation	1.00652E-06	1.951913477	17	1421353	1456267
CASP6	EDAR	trans-position, trans-gene	45190	81	45109	9.05e-07	-0.542493714	-0.758967449	-0.326019979	0.110444853	ptvraredmg	Inflammation	EDAR:Q9UNE0:OID20525:v1:Inflammation	8.73495E-06	-0.469177608	4	109688628	109713904
ST7L	GADD45B	trans-position, trans-gene	44858	20	44838	9.07e-07	-1.098488951	-1.536858483	-0.660119419	0.223655997	raredmgmtr	OncologyII	GADD45B:O75293:OID31261:v1:OncologyII	1.16598E-05	-0.875887095	1	112517804	112620838
NTRK2	EFEMP1	trans-position, trans-gene	45357	19	45338	9.08e-07	1.015330877	0.610136033	1.420525722	0.206730343	URmtr	Cardiometabolic	EFEMP1:Q12805:OID20414:v1:Cardiometabolic	1.31222E-06	0.931710025	9	84668375	85095751
EIF4G2	FTCD	trans-position, trans-gene	45419	84	45335	9.08e-07	0.519020701	0.311883294	0.726158108	0.105681475	flexnonsynmtr	NeurologyII	FTCD:O95954:OID31137:v1:NeurologyII	4.69503E-06	0.450792562	11	10797046	10809035
KIF5C	HGS	trans-position, trans-gene	44180	41	44139	9.09e-07	0.758341889	0.455685815	1.060997963	0.154414969	URmtr	Oncology	HGS:O14964:OID21175:v1:Oncology	3.95824E-07	0.739366499	2	148875223	149026759
TMEM43	PDAP1	trans-position, trans-gene	45616	12	45604	9.09e-07	-1.409977981	-1.972704165	-0.847251797	0.28710285	ptv	CardiometabolicII	PDAP1:Q13442:OID30323:v1:CardiometabolicII	1.08195E-06	-1.295399884	3	14124940	14143680
TMEM43	TDRKH	trans-position, trans-gene	44217	11	44206	9.09e-07	-1.456855646	-2.038281307	-0.875429986	0.296643072	ptv	Neurology	TDRKH:Q9Y2W6:OID20875:v1:Neurology	3.54384E-06	-1.265681302	3	14124940	14143680
ZNF513	KLK1	trans-position, trans-gene	44805	19	44786	9.1e-07	-1.122254553	-1.570175662	-0.674333444	0.228529201	raredmg	Oncology	KLK1:P06870:OID21499:v1:Oncology	8.69725E-07	-1.124928318	2	27377231	27380866
TMEM8A	CFC1	trans-position, trans-gene	44180	172	44008	9.11e-07	-0.37080134	-0.518802019	-0.222800661	0.075509868	flexdmg	Oncology	CFC1:P0CG37:OID21261:v1:Oncology	3.77652E-07	-0.361639593	16	370776	381950
CCT7	POSTN	trans-position, trans-gene	45606	36	45570	9.11e-07	-0.805579556	-1.127109947	-0.484049165	0.164044777	UR	CardiometabolicII	POSTN:Q15063:OID30410:v1:CardiometabolicII	3.1869E-06	-0.728053451	2	73233425	73253022
SAFB2	AOC3	trans-position, trans-gene	45433	104	45329	9.12e-07	0.455936553	0.273945861	0.637927245	0.092851625	flexdmg	Cardiometabolic	AOC3:Q16853:OID20389:v1:Cardiometabolic	4.62979E-05	0.353834039	19	5586999	5624046
NUB1	NUB1	cis-position, cis-gene	45190	23	45167	9.14e-07	-1.014029202	-1.418819841	-0.609238564	0.206524097	ptv	Inflammation	NUB1:Q9Y5A7:OID20510:v1:Inflammation	2.77935E-06	-0.92677833	7	151341772	151378449
EIF3A	SLC4A1	trans-position, trans-gene	45606	55	45551	9.17e-07	-0.649005467	-0.908118919	-0.389892016	0.13219966	raredmgmtr	CardiometabolicII	SLC4A1:P02730:OID30369:v1:CardiometabolicII	1.04804E-06	-0.629124487	10	119035029	119080822
ANGPTL8	SPINT2	trans-position, trans-gene	45452	4	45448	9.17e-07	2.405716807	1.445251369	3.366182244	0.490029336	UR	Inflammation	SPINT2:O43291:OID20720:v1:Inflammation	8.95325E-07	2.40837684	19	11239619	11241943
AQP1	CCL14	trans-position, trans-gene	45133	19	45114	9.19e-07	-1.098803289	-1.537520455	-0.660086123	0.223833396	UR	Cardiometabolic	CCL14:Q16627:OID20401:v1:Cardiometabolic	3.00332E-06	-0.893217176	7	30911800	30925516
SIGLEC1	HEG1	trans-position, trans-gene	44654	491	44163	9.19e-07	0.211994756	0.127350642	0.29663887	0.043185395	flexdmg	InflammationII	HEG1:Q9ULI3:OID30579:v1:InflammationII	6.92281E-07	0.206049539	20	3686970	3712600
SBF2	NUCB2	trans-position, trans-gene	45552	386	45166	9.22e-07	0.246762214	0.148223248	0.34530118	0.05027457	raredmg	Oncology	NUCB2:P80303:OID21448:v1:Oncology	2.75805E-06	0.225053612	11	9778667	10294207
SLC10A2	IL20	trans-position, trans-gene	44437	30	44407	9.23e-07	-0.894717054	-1.252023866	-0.537410243	0.182297776	raredmgmtr	Inflammation	IL20:Q9NYY1:OID20453:v1:Inflammation	1.19516E-06	-0.830830478	13	103043998	103066846
G6PC	PCSK9	trans-position, trans-gene	45810	249	45561	9.23e-07	0.302621	0.181769778	0.423472222	0.06165829	flexdmg	Cardiometabolic	PCSK9:Q8NBP7:OID20235:v1:Cardiometabolic	6.13101E-07	0.299060699	17	42900797	42914433
MAN1A2	COL9A2	trans-position, trans-gene	44858	34	44824	9.24e-07	0.841565021	0.505480054	1.177649988	0.171470444	raredmgmtr	OncologyII	COL9A2:Q14055:OID31255:v1:OncologyII	4.66723E-07	0.839675586	1	117367449	117528872
MPL	TREML2	trans-position, trans-gene	45260	343	44917	9.25e-07	0.261229156	0.156901377	0.365556935	0.053228013	flexdmg	Neurology	TREML2:Q5T2D2:OID21120:v1:Neurology	1.84914E-06	0.246843092	1	43337418	43354464
SH2B3	TNFRSF4	trans-position, trans-gene	45673	304	45369	9.26e-07	0.270281692	0.162329365	0.378234018	0.055077269	flexnonsynmtr	Inflammation	TNFRSF4:P43489:OID20653:v1:Inflammation	3.16483E-07	0.264844857	12	111405923	111451623
WDR83OS	TARM1	trans-position, trans-gene	44410	49	44361	9.28e-07	-0.701602574	-0.981843918	-0.42136123	0.142979006	flexdmg	NeurologyII	TARM1:B6A8C7:OID30937:v1:NeurologyII	9.0053E-07	-0.70161053	19	12668067	12669651
SLC4A1AP	YARS1	trans-position, trans-gene	45423	14	45409	9.3e-07	-1.296027068	-1.813749219	-0.778304916	0.264141767	URmtr	OncologyII	YARS1:P54577:OID31494:v1:OncologyII	5.56679E-06	-1.059296876	2	27663471	27694980
YIPF5	APOBR	trans-position, trans-gene	44457	5	44452	9.32e-07	2.169610785	1.302842277	3.036379292	0.442224911	ptv	CardiometabolicII	APOBR:Q0VD83:OID30246:v1:CardiometabolicII	7.37537E-07	2.182880832	5	144158159	144170714
BMP3	CD109	trans-position, trans-gene	45260	56	45204	9.32e-07	-0.643591706	-0.900712607	-0.386470804	0.131183034	raredmg	Neurology	CD109:Q6YHK3:OID21108:v1:Neurology	5.77918E-05	-0.48103047	4	81030622	81057531
PCNT	NBL1	trans-position, trans-gene	45388	400	44988	9.32e-07	0.238233768	0.143059587	0.333407949	0.048557852	rec	Oncology	NBL1:P41271:OID21486:v1:Oncology	5.38463E-06	0.197327804	21	46324100	46445769
PNRC1	MSTN	trans-position, trans-gene	44454	3	44451	9.33e-07	-2.553476787	-3.573623859	-1.533329715	0.520478586	raredmg	Cardiometabolic	MSTN:O14793:OID20115:v1:Cardiometabolic	p>0.0001	p>0.0001	6	89080710	89085160
MFSD12	ASAH1	trans-position, trans-gene	45168	712	44456	9.35e-07	0.183063174	0.109920453	0.256205895	0.0373174	flexdmg	CardiometabolicII	ASAH1:Q13510:OID30415:v1:CardiometabolicII	3.48642E-06	0.16980844	19	3538273	3557588
TPGS2	PALM2	trans-position, trans-gene	45493	25	45468	9.35e-07	0.934433839	0.56107361	1.307794068	0.190488343	raredmg	NeurologyII	PALM2:Q8IXS6:OID31096:v1:NeurologyII	3.6507E-06	0.819397017	18	36780024	36829393
STAB2	ADGRF5	trans-position, trans-gene	45616	990	44626	9.38e-07	0.153726909	0.092296417	0.215157402	0.031341832	flexdmg	CardiometabolicII	ADGRF5:Q8IZF2:OID30349:v1:CardiometabolicII	5.14501E-06	0.134191014	12	103587273	103766719
STAB1	SEZ6L	trans-position, trans-gene	45388	1232	44156	9.38e-07	0.134344906	0.080660986	0.188028827	0.027389528	flexdmg	Oncology	SEZ6L:Q9BYH1:OID21488:v1:Oncology	1.13708E-08	0.150117858	3	52495338	52524495
LAMA4	CHCHD6	trans-position, trans-gene	45424	56	45368	9.39e-07	-0.637480771	-0.892232496	-0.382729046	0.129974294	URmtr	OncologyII	CHCHD6:Q9BRQ6:OID31426:v1:OncologyII	8.72211E-06	-0.530310465	6	112107931	112254939
ATL3	RET	trans-position, trans-gene	45042	87	44955	9.39e-07	0.510244012	0.306343944	0.714144081	0.104029762	raredmg	Oncology	RET:P07949:OID21346:v1:Oncology	1.01676E-05	0.434642317	11	63624082	63671974
SH2B3	TNFRSF11A	trans-position, trans-gene	45752	305	45447	9.39e-07	0.273505713	0.164209237	0.382802188	0.055763057	flexnonsynmtr	Inflammation	TNFRSF11A:Q9Y6Q6:OID20646:v1:Inflammation	8.97155E-06	0.231274317	12	111405923	111451623
DPM2	CASP2	trans-position, trans-gene	45190	4	45186	9.4e-07	2.425271153	1.456020198	3.394522107	0.494511629	URmtr	Inflammation	CASP2:P42575:OID20555:v1:Inflammation	9.26257E-07	2.425185531	9	127935095	127938484
SELE	PLG	trans-position, trans-gene	44697	21	44676	9.41e-07	1.062538769	0.637896265	1.487181273	0.216652451	ptv	InflammationII	PLG:P00747:OID30785:v1:InflammationII	7.99512E-07	1.064605625	1	169722640	169764705
STAP2	KLK3	trans-position, trans-gene	45534	14	45520	9.42e-07	-0.805675537	-1.127677788	-0.483673287	0.164285512	UR	CardiometabolicII	KLK3:P07288:OID30364:v1:CardiometabolicII	9.16692E-07	-0.805018952	19	4324043	4338877
VIP	CPE	trans-position, trans-gene	45256	26	45230	9.44e-07	-0.959531761	-1.343055605	-0.576007918	0.19567379	flexnonsynmtr	Oncology	CPE:P16870:OID21392:v1:Oncology	p>0.0001	p>0.0001	6	152747923	152759765
ENPP3	RARRES1	trans-position, trans-gene	44180	50	44130	9.44e-07	-0.684534606	-0.958150987	-0.410918225	0.139598933	UR	Oncology	RARRES1:P49788:OID21177:v1:Oncology	8.83666E-07	-0.61266877	6	131637235	131747413
EGR1	LPP	trans-position, trans-gene	44108	10	44098	9.5e-07	1.531881843	0.919416417	2.14434727	0.312479524	rec	CardiometabolicII	LPP:Q93052:OID30190:v1:CardiometabolicII	1.04288E-05	1.167348295	5	138465492	138469315
REPIN1	FSHB	trans-position, trans-gene	44457	3	44454	9.51e-07	1.854326214	1.112938072	2.595714357	0.378255904	rec	CardiometabolicII	FSHB:P01225:OID30233:v1:CardiometabolicII	2.83922E-06	1.373289159	7	150368229	150374044
TMEM40	PDIA4	trans-position, trans-gene	45606	58	45548	9.53e-07	-0.639190584	-0.894778191	-0.383602977	0.130400774	flexdmg	CardiometabolicII	PDIA4:P13667:OID30375:v1:CardiometabolicII	9.09214E-07	-0.615050023	3	12733530	12769457
CAPN1	SMTN	trans-position, trans-gene	45414	54	45360	9.53e-07	-0.641999611	-0.89870936	-0.385289861	0.130973277	UR	NeurologyII	SMTN:P53814:OID31154:v1:NeurologyII	1.21742E-07	-0.661065578	11	65181215	65212006
SCGN	PREB	trans-position, trans-gene	44437	55	44382	9.54e-07	-0.657957483	-0.921061862	-0.394853103	0.134235737	flexnonsynmtr	Inflammation	PREB:Q9HCU5:OID20439:v1:Inflammation	4.65118E-06	-0.579205675	6	25652201	25701783
CD36	CCL8	trans-position, trans-gene	45556	470	45086	9.55e-07	-0.223174681	-0.312419924	-0.133929439	0.045532914	flexdmg	Oncology	CCL8:P80075:OID21466:v1:Oncology	2.28458E-06	-0.195087285	7	80369575	80679277
LARP6	ADAM15	trans-position, trans-gene	44454	19	44435	9.56e-07	-1.115515861	-1.561621714	-0.669410009	0.227603009	raredmgmtr	Cardiometabolic	ADAM15:Q13444:OID20109:v1:Cardiometabolic	9.38734E-05	-0.806068236	15	70831524	70854265
PFDN5	NOS1	trans-position, trans-gene	44217	13	44204	9.58e-07	1.262417022	0.757528125	1.76730592	0.257594055	UR	Neurology	NOS1:P29475:OID20863:v1:Neurology	2.35844E-06	1.177065486	12	53295451	53299450
WDR88	C1QTNF5	trans-position, trans-gene	44654	70	44584	9.59e-07	-0.582197936	-0.815054887	-0.349340984	0.118803529	ptvraredmg	InflammationII	C1QTNF5:Q9BXJ0:OID30618:v1:InflammationII	p>0.0001	p>0.0001	19	33132029	33175799
CCDC130	GSN	trans-position, trans-gene	45525	19	45506	9.6e-07	1.106253729	0.663782332	1.548725125	0.225748856	rec	InflammationII	GSN:P06396:OID30714:v1:InflammationII	5.29387E-05	0.870814843	19	13731763	13763292
KIAA0232	BHMT2	trans-position, trans-gene	44108	145	43963	9.62e-07	0.407930283	0.244757445	0.57110312	0.083250692	ptvraredmg	CardiometabolicII	BHMT2:Q9H2M3:OID30051:v1:CardiometabolicII	4.2053E-06	0.378673499	4	6782732	6884172
FLG	SLURP1	trans-position, trans-gene	45318	563	44755	9.62e-07	0.202302892	0.121380429	0.283225356	0.041286627	ptv	CardiometabolicII	SLURP1:P55000:OID30404:v1:CardiometabolicII	2.74499E-07	0.200103137	1	152302163	152325257
GFRA2	GFRA2	cis-position, cis-gene	45042	13	45029	9.63e-07	-1.346338527	-1.884912177	-0.807764877	0.274780137	URmtr	Oncology	GFRA2:O00451:OID21330:v1:Oncology	2.66744E-07	-1.317179428	8	21690398	21812357
ATG4D	TG	trans-position, trans-gene	45424	38	45386	9.63e-07	0.779974215	0.467968003	1.091980427	0.159185525	ptvraredmg	OncologyII	TG:P01266:OID31359:v1:OncologyII	1.45828E-07	0.780598717	19	10543894	10553423
LRP1	CLSTN3	trans-position, trans-gene	45493	900	44593	9.71e-07	0.162566739	0.097515302	0.227618176	0.033189235	ptvraredmg	NeurologyII	CLSTN3:Q9BQT9:OID31092:v1:NeurologyII	9.58059E-07	0.153930401	12	57128483	57213361
THY1	THY1	cis-position, cis-gene	45644	9	45635	9.72e-07	-1.591340314	-2.228143972	-0.954536656	0.324897176	UR	Neurology	THY1:P04216:OID21050:v1:Neurology	9.42337E-07	-1.58939174	11	119415476	119424985
GAPDH	GAPDH	cis-position, cis-gene	43810	76	43734	9.73e-07	-0.550908405	-0.771372467	-0.330444343	0.112480622	flexnonsynmtr	InflammationII	GAPDH:P04406:OID30600:v1:InflammationII	4.2128E-07	-0.537437173	12	6534512	6538374
CLDN10	COLEC12	trans-position, trans-gene	45225	41	45184	9.75e-07	0.702729737	0.421479138	0.983980336	0.143493998	UR	Inflammation	COLEC12:Q5KU26:OID20738:v1:Inflammation	2.75429E-06	0.650169092	13	95433599	95579756
FUT1	AMIGO2	trans-position, trans-gene	45042	204	44838	9.78e-07	0.341493063	0.204803865	0.478182261	0.069738793	flexnonsynmtr	Oncology	AMIGO2:Q86SJ2:OID21370:v1:Oncology	4.76314E-07	0.347311198	19	48748011	48755390
KRTAP6-3	PTPRB	trans-position, trans-gene	45616	3	45613	9.78e-07	2.721748599	1.632321783	3.811175415	0.555825467	rec	CardiometabolicII	PTPRB:P23467:OID30324:v1:CardiometabolicII	9.92047E-07	2.723503406	21	30592440	30593055
ITPRIP	BSND	trans-position, trans-gene	44039	62	43977	9.79e-07	-0.62335009	-0.872867765	-0.373832414	0.127303776	ptvraredmg	OncologyII	BSND:Q8WZ55:OID31184:v1:OncologyII	1.01182E-05	-0.527688419	10	104309698	104338465
CAPN15	CDH2	trans-position, trans-gene	45276	745	44531	9.79e-07	0.164353147	0.098563577	0.230142717	0.033565826	flexdmg	Cardiometabolic	CDH2:P19022:OID20170:v1:Cardiometabolic	7.02461E-07	0.161959766	16	527756	554636
TMEM52B	GGT1	trans-position, trans-gene	45185	24	45161	9.84e-07	0.918727047	0.550888747	1.286565346	0.187671021	flexdmg	Neurology	GGT1:P19440:OID21075:v1:Neurology	4.58995E-07	0.924748323	12	10170599	10191804
MBL2	MBL2	cis-position, cis-gene	45121	83	45038	9.84e-07	-0.528743104	-0.74043743	-0.317048779	0.108006395	flexnonsynmtr	InflammationII	MBL2:P11226:OID30759:v1:InflammationII	4.40881E-07	-0.478381305	10	52765380	52772784
B4GALNT3	NELL2	trans-position, trans-gene	45452	336	45116	9.84e-07	0.258686562	0.155115077	0.362258046	0.052842157	flexdmg	Inflammation	NELL2:Q99435:OID20706:v1:Inflammation	1.89552E-06	0.24070513	12	460377	561892
EPHA6	KIAA1549L	trans-position, trans-gene	44858	36	44822	9.86e-07	-0.818330967	-1.145998829	-0.490663105	0.16717604	URmtr	OncologyII	KIAA1549L:Q6ZVL6:OID31312:v1:OncologyII	2.14587E-06	-0.730828094	3	96814581	97764977
GDF2	GDF2	cis-position, cis-gene	45276	6	45270	9.87e-07	-1.854483723	-2.597072929	-1.111894516	0.378868873	ptv	Cardiometabolic	GDF2:Q9UK05:OID20202:v1:Cardiometabolic	1.82525E-06	-1.677671078	10	47322454	47327588
LAX1	NEDD9	trans-position, trans-gene	44339	158	44181	9.88e-07	0.387891191	0.232564009	0.543218373	0.079247854	flexnonsynmtr	InflammationII	NEDD9:Q14511:OID30503:v1:InflammationII	3.84029E-06	0.349424851	1	203765146	203776372
LAMA3	NPR1	trans-position, trans-gene	44108	101	44007	9.89e-07	-0.488723117	-0.684434083	-0.293012152	0.099851627	URmtr	CardiometabolicII	NPR1:P16066:OID30116:v1:CardiometabolicII	5.53217E-06	-0.419666139	18	23689443	23955066
S100A14	S100A14	cis-position, cis-gene	45520	56	45464	9.89e-07	-0.650599676	-0.911136915	-0.390062437	0.132926069	flexnonsynmtr	NeurologyII	S100A14:Q9HCY8:OID30987:v1:NeurologyII	1.25683E-05	-0.535441103	1	153614255	153616986
PCNX4	SH3BGRL2	trans-position, trans-gene	44185	367	43818	9.89e-07	0.255728463	0.153322219	0.358134707	0.052247612	flexdmg	NeurologyII	SH3BGRL2:Q9UJC5:OID30863:v1:NeurologyII	2.52496E-05	0.211386241	14	60091827	60134814
ZNF195	CNTN3	trans-position, trans-gene	45260	39	45221	9.9e-07	-0.713059228	-0.998622696	-0.42749576	0.145694426	ptvraredmg	Neurology	CNTN3:Q9P232:OID21092:v1:Neurology	3.83543E-07	-0.711945402	11	3357927	3379222
PDGFD	PDE1C	trans-position, trans-gene	44039	10	44029	9.9e-07	1.546889283	0.927409013	2.166369552	0.316058479	ptv	OncologyII	PDE1C:Q14123:OID31201:v1:OncologyII	7.63648E-06	1.348546275	11	103907186	104164299
CNTFR	ANXA10	trans-position, trans-gene	44217	103	44114	9.94e-07	0.466788856	0.279823477	0.653754234	0.09538964	flexnonsynmtr	Neurology	ANXA10:Q9UJ72:OID20886:v1:Neurology	2.51678E-05	0.386238771	9	34551432	34590140
OSBPL1A	CCND2	trans-position, trans-gene	44858	200	44658	9.95e-07	-0.345314019	-0.483627809	-0.207000229	0.070567652	flexdmg	OncologyII	CCND2:P30279:OID31316:v1:OncologyII	5.20474E-05	-0.268435099	18	24162045	24397882
RIN3	PRG3	trans-position, trans-gene	45606	38	45568	9.96e-07	-0.766171058	-1.073076134	-0.459265981	0.156582943	raredmgmtr	CardiometabolicII	PRG3:Q9Y2Y8:OID30383:v1:CardiometabolicII	9.40134E-07	-0.753581033	14	92513781	92688994
