gene,cell_type,source,source_version
TNMD,Adipocytes,Ding et al. CellAge author-published marker mapping; HPA-derived,a0de4a124e0a41986185a090fb142c6c8195399e
SEMA3G,Adipocytes,Ding et al. CellAge author-published marker mapping; HPA-derived,a0de4a124e0a41986185a090fb142c6c8195399e
SLC9A3R2,Adipocytes,Ding et al. CellAge author-published marker mapping; HPA-derived,a0de4a124e0a41986185a090fb142c6c8195399e
NRP1,Adipocytes,Ding et al. CellAge author-published marker mapping; HPA-derived,a0de4a124e0a41986185a090fb142c6c8195399e
MEOX2,Adipocytes,Ding et al. CellAge author-published marker mapping; HPA-derived,a0de4a124e0a41986185a090fb142c6c8195399e
KIF25,Adipocytes,Ding et al. CellAge author-published marker mapping; HPA-derived,a0de4a124e0a41986185a090fb142c6c8195399e
TCF15,Adipocytes,Ding et al. CellAge author-published marker mapping; HPA-derived,a0de4a124e0a41986185a090fb142c6c8195399e
F2RL3,Adipocytes,Ding et al. CellAge author-published marker mapping; HPA-derived,a0de4a124e0a41986185a090fb142c6c8195399e
CD36,Adipocytes,Ding et al. CellAge author-published marker mapping; HPA-derived,a0de4a124e0a41986185a090fb142c6c8195399e
PML,Adipocytes,Ding et al. CellAge author-published marker mapping; HPA-derived,a0de4a124e0a41986185a090fb142c6c8195399e
ADAMTS18,Adipocytes,Ding et al. CellAge author-published marker mapping; HPA-derived,a0de4a124e0a41986185a090fb142c6c8195399e
TIMP4,Adipocytes,Ding et al. CellAge author-published marker mapping; HPA-derived,a0de4a124e0a41986185a090fb142c6c8195399e
CD300LG,Adipocytes,Ding et al. CellAge author-published marker mapping; HPA-derived,a0de4a124e0a41986185a090fb142c6c8195399e
RBP7,Adipocytes,Ding et al. CellAge author-published marker mapping; HPA-derived,a0de4a124e0a41986185a090fb142c6c8195399e
INHBB,Adipocytes,Ding et al. CellAge author-published marker mapping; HPA-derived,a0de4a124e0a41986185a090fb142c6c8195399e
BTNL9,Adipocytes,Ding et al. CellAge author-published marker mapping; HPA-derived,a0de4a124e0a41986185a090fb142c6c8195399e
CD320,Adipocytes,Ding et al. CellAge author-published marker mapping; HPA-derived,a0de4a124e0a41986185a090fb142c6c8195399e
ATOH8,Adipocytes,Ding et al. CellAge author-published marker mapping; HPA-derived,a0de4a124e0a41986185a090fb142c6c8195399e
FABP4,Adipocytes,Ding et al. CellAge author-published marker mapping; HPA-derived,a0de4a124e0a41986185a090fb142c6c8195399e
OR10V1,Adipocytes,Ding et al. CellAge author-published marker mapping; HPA-derived,a0de4a124e0a41986185a090fb142c6c8195399e
FAM241A,Adipocytes,Ding et al. CellAge author-published marker mapping; HPA-derived,a0de4a124e0a41986185a090fb142c6c8195399e
APOLD1,Adipocytes,Ding et al. CellAge author-published marker mapping; HPA-derived,a0de4a124e0a41986185a090fb142c6c8195399e
CLDN5,Adipocytes,Ding et al. CellAge author-published marker mapping; HPA-derived,a0de4a124e0a41986185a090fb142c6c8195399e
NOTCH4,Adipocytes,Ding et al. CellAge author-published marker mapping; HPA-derived,a0de4a124e0a41986185a090fb142c6c8195399e
SPAAR,Adipocytes,Ding et al. CellAge author-published marker mapping; HPA-derived,a0de4a124e0a41986185a090fb142c6c8195399e
C1QTNF9,Adipocytes,Ding et al. CellAge author-published marker mapping; HPA-derived,a0de4a124e0a41986185a090fb142c6c8195399e
SHANK3,Adipocytes,Ding et al. CellAge author-published marker mapping; HPA-derived,a0de4a124e0a41986185a090fb142c6c8195399e
GPIHBP1,Adipocytes,Ding et al. CellAge author-published marker mapping; HPA-derived,a0de4a124e0a41986185a090fb142c6c8195399e
ITGA3,Alveolar cells type 1,Ding et al. CellAge author-published marker mapping; HPA-derived,a0de4a124e0a41986185a090fb142c6c8195399e
GPRC5A,Alveolar cells type 1,Ding et al. CellAge author-published marker mapping; HPA-derived,a0de4a124e0a41986185a090fb142c6c8195399e
CEACAM6,Alveolar cells type 1,Ding et al. CellAge author-published marker mapping; HPA-derived,a0de4a124e0a41986185a090fb142c6c8195399e
UNC13D,Alveolar cells type 1,Ding et al. CellAge author-published marker mapping; HPA-derived,a0de4a124e0a41986185a090fb142c6c8195399e
CAV2,Alveolar cells type 1,Ding et al. CellAge author-published marker mapping; HPA-derived,a0de4a124e0a41986185a090fb142c6c8195399e
DVL1,Alveolar cells type 1,Ding et al. CellAge author-published marker mapping; HPA-derived,a0de4a124e0a41986185a090fb142c6c8195399e
SPOCK2,Alveolar cells type 1,Ding et al. CellAge author-published marker mapping; HPA-derived,a0de4a124e0a41986185a090fb142c6c8195399e
CDR2L,Alveolar cells type 1,Ding et al. CellAge author-published marker mapping; HPA-derived,a0de4a124e0a41986185a090fb142c6c8195399e
PLXNA1,Alveolar cells type 1,Ding et al. CellAge author-published marker mapping; HPA-derived,a0de4a124e0a41986185a090fb142c6c8195399e
MATN3,Alveolar cells type 1,Ding et al. CellAge author-published marker mapping; HPA-derived,a0de4a124e0a41986185a090fb142c6c8195399e
POGK,Alveolar cells type 1,Ding et al. CellAge author-published marker mapping; HPA-derived,a0de4a124e0a41986185a090fb142c6c8195399e
WNT3A,Alveolar cells type 1,Ding et al. CellAge author-published marker mapping; HPA-derived,a0de4a124e0a41986185a090fb142c6c8195399e
ALPP,Alveolar cells type 1,Ding et al. CellAge author-published marker mapping; HPA-derived,a0de4a124e0a41986185a090fb142c6c8195399e
MS4A15,Alveolar cells type 1,Ding et al. CellAge author-published marker mapping; HPA-derived,a0de4a124e0a41986185a090fb142c6c8195399e
BCL9L,Alveolar cells type 1,Ding et al. CellAge author-published marker mapping; HPA-derived,a0de4a124e0a41986185a090fb142c6c8195399e
AGER,Alveolar cells type 1,Ding et al. CellAge author-published marker mapping; HPA-derived,a0de4a124e0a41986185a090fb142c6c8195399e
EMP2,Alveolar cells type 1,Ding et al. CellAge author-published marker mapping; HPA-derived,a0de4a124e0a41986185a090fb142c6c8195399e
GGTLC3,Alveolar cells type 1,Ding et al. CellAge author-published marker mapping; HPA-derived,a0de4a124e0a41986185a090fb142c6c8195399e
CACNA2D2,Alveolar cells type 2,Ding et al. CellAge author-published marker mapping; HPA-derived,a0de4a124e0a41986185a090fb142c6c8195399e
ROS1,Alveolar cells type 2,Ding et al. CellAge author-published marker mapping; HPA-derived,a0de4a124e0a41986185a090fb142c6c8195399e
LAMP3,Alveolar cells type 2,Ding et al. CellAge author-published marker mapping; HPA-derived,a0de4a124e0a41986185a090fb142c6c8195399e
PXMP4,Alveolar cells type 2,Ding et al. CellAge author-published marker mapping; HPA-derived,a0de4a124e0a41986185a090fb142c6c8195399e
CTSH,Alveolar cells type 2,Ding et al. CellAge author-published marker mapping; HPA-derived,a0de4a124e0a41986185a090fb142c6c8195399e
ICAM4,Alveolar cells type 2,Ding et al. CellAge author-published marker mapping; HPA-derived,a0de4a124e0a41986185a090fb142c6c8195399e
SLC46A2,Alveolar cells type 2,Ding et al. CellAge author-published marker mapping; HPA-derived,a0de4a124e0a41986185a090fb142c6c8195399e
SFTPA1,Alveolar cells type 2,Ding et al. CellAge author-published marker mapping; HPA-derived,a0de4a124e0a41986185a090fb142c6c8195399e
NAPSA,Alveolar cells type 2,Ding et al. CellAge author-published marker mapping; HPA-derived,a0de4a124e0a41986185a090fb142c6c8195399e
SFTPD,Alveolar cells type 2,Ding et al. CellAge author-published marker mapping; HPA-derived,a0de4a124e0a41986185a090fb142c6c8195399e
MBIP,Alveolar cells type 2,Ding et al. CellAge author-published marker mapping; HPA-derived,a0de4a124e0a41986185a090fb142c6c8195399e
C16ORF89,Alveolar cells type 2,Ding et al. CellAge author-published marker mapping; HPA-derived,a0de4a124e0a41986185a090fb142c6c8195399e
SLC34A2,Alveolar cells type 2,Ding et al. CellAge author-published marker mapping; HPA-derived,a0de4a124e0a41986185a090fb142c6c8195399e
ALPL,Alveolar cells type 2,Ding et al. CellAge author-published marker mapping; HPA-derived,a0de4a124e0a41986185a090fb142c6c8195399e
ABCA3,Alveolar cells type 2,Ding et al. CellAge author-published marker mapping; HPA-derived,a0de4a124e0a41986185a090fb142c6c8195399e
SFTPC,Alveolar cells type 2,Ding et al. CellAge author-published marker mapping; HPA-derived,a0de4a124e0a41986185a090fb142c6c8195399e
WFDC12,Alveolar cells type 2,Ding et al. CellAge author-published marker mapping; HPA-derived,a0de4a124e0a41986185a090fb142c6c8195399e
SFTPB,Alveolar cells type 2,Ding et al. CellAge author-published marker mapping; HPA-derived,a0de4a124e0a41986185a090fb142c6c8195399e
DEFB4B,Alveolar cells type 2,Ding et al. CellAge author-published marker mapping; HPA-derived,a0de4a124e0a41986185a090fb142c6c8195399e
ALOX15B,Alveolar cells type 2,Ding et al. CellAge author-published marker mapping; HPA-derived,a0de4a124e0a41986185a090fb142c6c8195399e
AGTR2,Alveolar cells type 2,Ding et al. CellAge author-published marker mapping; HPA-derived,a0de4a124e0a41986185a090fb142c6c8195399e
SFTPA2,Alveolar cells type 2,Ding et al. CellAge author-published marker mapping; HPA-derived,a0de4a124e0a41986185a090fb142c6c8195399e
LRRK2,Alveolar cells type 2,Ding et al. CellAge author-published marker mapping; HPA-derived,a0de4a124e0a41986185a090fb142c6c8195399e
SLC22A31,Alveolar cells type 2,Ding et al. CellAge author-published marker mapping; HPA-derived,a0de4a124e0a41986185a090fb142c6c8195399e
ENSG00000282218,Alveolar cells type 2,Ding et al. CellAge author-published marker mapping; HPA-derived,a0de4a124e0a41986185a090fb142c6c8195399e
ENSG00000286135,Alveolar cells type 2,Ding et al. CellAge author-published marker mapping; HPA-derived,a0de4a124e0a41986185a090fb142c6c8195399e
PHF21B,Astrocytes,Ding et al. CellAge author-published marker mapping; HPA-derived,a0de4a124e0a41986185a090fb142c6c8195399e
BORCS8-MEF2B,Astrocytes,Ding et al. CellAge author-published marker mapping; HPA-derived,a0de4a124e0a41986185a090fb142c6c8195399e
CTNNA2,Astrocytes,Ding et al. CellAge author-published marker mapping; HPA-derived,a0de4a124e0a41986185a090fb142c6c8195399e
PHKA1,Astrocytes,Ding et al. CellAge author-published marker mapping; HPA-derived,a0de4a124e0a41986185a090fb142c6c8195399e
FGFR3,Astrocytes,Ding et al. CellAge author-published marker mapping; HPA-derived,a0de4a124e0a41986185a090fb142c6c8195399e
EVC,Astrocytes,Ding et al. CellAge author-published marker mapping; HPA-derived,a0de4a124e0a41986185a090fb142c6c8195399e
ANO8,Astrocytes,Ding et al. CellAge author-published marker mapping; HPA-derived,a0de4a124e0a41986185a090fb142c6c8195399e
SLC1A3,Astrocytes,Ding et al. CellAge author-published marker mapping; HPA-derived,a0de4a124e0a41986185a090fb142c6c8195399e
CARMIL1,Astrocytes,Ding et al. CellAge author-published marker mapping; HPA-derived,a0de4a124e0a41986185a090fb142c6c8195399e
SLC4A4,Astrocytes,Ding et al. CellAge author-published marker mapping; HPA-derived,a0de4a124e0a41986185a090fb142c6c8195399e
COL5A3,Astrocytes,Ding et al. CellAge author-published marker mapping; HPA-derived,a0de4a124e0a41986185a090fb142c6c8195399e
TRPM3,Astrocytes,Ding et al. CellAge author-published marker mapping; HPA-derived,a0de4a124e0a41986185a090fb142c6c8195399e
PRODH,Astrocytes,Ding et al. CellAge author-published marker mapping; HPA-derived,a0de4a124e0a41986185a090fb142c6c8195399e
MLC1,Astrocytes,Ding et al. CellAge author-published marker mapping; HPA-derived,a0de4a124e0a41986185a090fb142c6c8195399e
PAPLN,Astrocytes,Ding et al. CellAge author-published marker mapping; HPA-derived,a0de4a124e0a41986185a090fb142c6c8195399e
ACSBG1,Astrocytes,Ding et al. CellAge author-published marker mapping; HPA-derived,a0de4a124e0a41986185a090fb142c6c8195399e
EYA1,Astrocytes,Ding et al. CellAge author-published marker mapping; HPA-derived,a0de4a124e0a41986185a090fb142c6c8195399e
TRPS1,Astrocytes,Ding et al. CellAge author-published marker mapping; HPA-derived,a0de4a124e0a41986185a090fb142c6c8195399e
RASA4,Astrocytes,Ding et al. CellAge author-published marker mapping; HPA-derived,a0de4a124e0a41986185a090fb142c6c8195399e
GLI3,Astrocytes,Ding et al. CellAge author-published marker mapping; HPA-derived,a0de4a124e0a41986185a090fb142c6c8195399e
GLIS3,Astrocytes,Ding et al. CellAge author-published marker mapping; HPA-derived,a0de4a124e0a41986185a090fb142c6c8195399e
LGI1,Astrocytes,Ding et al. CellAge author-published marker mapping; HPA-derived,a0de4a124e0a41986185a090fb142c6c8195399e
KAT2A,Astrocytes,Ding et al. CellAge author-published marker mapping; HPA-derived,a0de4a124e0a41986185a090fb142c6c8195399e
SLC1A2,Astrocytes,Ding et al. CellAge author-published marker mapping; HPA-derived,a0de4a124e0a41986185a090fb142c6c8195399e
ACSS3,Astrocytes,Ding et al. CellAge author-published marker mapping; HPA-derived,a0de4a124e0a41986185a090fb142c6c8195399e
RFX4,Astrocytes,Ding et al. CellAge author-published marker mapping; HPA-derived,a0de4a124e0a41986185a090fb142c6c8195399e
PARD3B,Astrocytes,Ding et al. CellAge author-published marker mapping; HPA-derived,a0de4a124e0a41986185a090fb142c6c8195399e
DOCK7,Astrocytes,Ding et al. CellAge author-published marker mapping; HPA-derived,a0de4a124e0a41986185a090fb142c6c8195399e
TAS2R7,Astrocytes,Ding et al. CellAge author-published marker mapping; HPA-derived,a0de4a124e0a41986185a090fb142c6c8195399e
PLCG1,Astrocytes,Ding et al. CellAge author-published marker mapping; HPA-derived,a0de4a124e0a41986185a090fb142c6c8195399e
ATP13A4,Astrocytes,Ding et al. CellAge author-published marker mapping; HPA-derived,a0de4a124e0a41986185a090fb142c6c8195399e
MACF1,Astrocytes,Ding et al. CellAge author-published marker mapping; HPA-derived,a0de4a124e0a41986185a090fb142c6c8195399e
NCAN,Astrocytes,Ding et al. CellAge author-published marker mapping; HPA-derived,a0de4a124e0a41986185a090fb142c6c8195399e
PNPLA7,Astrocytes,Ding et al. CellAge author-published marker mapping; HPA-derived,a0de4a124e0a41986185a090fb142c6c8195399e
SLC7A10,Astrocytes,Ding et al. CellAge author-published marker mapping; HPA-derived,a0de4a124e0a41986185a090fb142c6c8195399e
GFAP,Astrocytes,Ding et al. CellAge author-published marker mapping; HPA-derived,a0de4a124e0a41986185a090fb142c6c8195399e
SLC6A11,Astrocytes,Ding et al. CellAge author-published marker mapping; HPA-derived,a0de4a124e0a41986185a090fb142c6c8195399e
IQCA1,Astrocytes,Ding et al. CellAge author-published marker mapping; HPA-derived,a0de4a124e0a41986185a090fb142c6c8195399e
MEIS2,Astrocytes,Ding et al. CellAge author-published marker mapping; HPA-derived,a0de4a124e0a41986185a090fb142c6c8195399e
RERG,Astrocytes,Ding et al. CellAge author-published marker mapping; HPA-derived,a0de4a124e0a41986185a090fb142c6c8195399e
DTNA,Astrocytes,Ding et al. CellAge author-published marker mapping; HPA-derived,a0de4a124e0a41986185a090fb142c6c8195399e
APC,Astrocytes,Ding et al. CellAge author-published marker mapping; HPA-derived,a0de4a124e0a41986185a090fb142c6c8195399e
NHSL1,Astrocytes,Ding et al. CellAge author-published marker mapping; HPA-derived,a0de4a124e0a41986185a090fb142c6c8195399e
ARHGEF4,Astrocytes,Ding et al. CellAge author-published marker mapping; HPA-derived,a0de4a124e0a41986185a090fb142c6c8195399e
MMD2,Astrocytes,Ding et al. CellAge author-published marker mapping; HPA-derived,a0de4a124e0a41986185a090fb142c6c8195399e
BMPR1B,Astrocytes,Ding et al. CellAge author-published marker mapping; HPA-derived,a0de4a124e0a41986185a090fb142c6c8195399e
SLCO1C1,Astrocytes,Ding et al. CellAge author-published marker mapping; HPA-derived,a0de4a124e0a41986185a090fb142c6c8195399e
NPFF,Astrocytes,Ding et al. CellAge author-published marker mapping; HPA-derived,a0de4a124e0a41986185a090fb142c6c8195399e
STON2,Astrocytes,Ding et al. CellAge author-published marker mapping; HPA-derived,a0de4a124e0a41986185a090fb142c6c8195399e
SLC14A1,Astrocytes,Ding et al. CellAge author-published marker mapping; HPA-derived,a0de4a124e0a41986185a090fb142c6c8195399e
PRDM16,Astrocytes,Ding et al. CellAge author-published marker mapping; HPA-derived,a0de4a124e0a41986185a090fb142c6c8195399e
ITPKB,Astrocytes,Ding et al. CellAge author-published marker mapping; HPA-derived,a0de4a124e0a41986185a090fb142c6c8195399e
SFXN5,Astrocytes,Ding et al. CellAge author-published marker mapping; HPA-derived,a0de4a124e0a41986185a090fb142c6c8195399e
GASK1A,Astrocytes,Ding et al. CellAge author-published marker mapping; HPA-derived,a0de4a124e0a41986185a090fb142c6c8195399e
LRIG1,Astrocytes,Ding et al. CellAge author-published marker mapping; HPA-derived,a0de4a124e0a41986185a090fb142c6c8195399e
PSD2,Astrocytes,Ding et al. CellAge author-published marker mapping; HPA-derived,a0de4a124e0a41986185a090fb142c6c8195399e
RGS20,Astrocytes,Ding et al. CellAge author-published marker mapping; HPA-derived,a0de4a124e0a41986185a090fb142c6c8195399e
SLC39A12,Astrocytes,Ding et al. CellAge author-published marker mapping; HPA-derived,a0de4a124e0a41986185a090fb142c6c8195399e
CAMK2G,Astrocytes,Ding et al. CellAge author-published marker mapping; HPA-derived,a0de4a124e0a41986185a090fb142c6c8195399e
PAMR1,Astrocytes,Ding et al. CellAge author-published marker mapping; HPA-derived,a0de4a124e0a41986185a090fb142c6c8195399e
GPM6A,Astrocytes,Ding et al. CellAge author-published marker mapping; HPA-derived,a0de4a124e0a41986185a090fb142c6c8195399e
SLC7A11,Astrocytes,Ding et al. CellAge author-published marker mapping; HPA-derived,a0de4a124e0a41986185a090fb142c6c8195399e
GABRA2,Astrocytes,Ding et al. CellAge author-published marker mapping; HPA-derived,a0de4a124e0a41986185a090fb142c6c8195399e
ADGRA3,Astrocytes,Ding et al. CellAge author-published marker mapping; HPA-derived,a0de4a124e0a41986185a090fb142c6c8195399e
KCTD15,Astrocytes,Ding et al. CellAge author-published marker mapping; HPA-derived,a0de4a124e0a41986185a090fb142c6c8195399e
PITPNC1,Astrocytes,Ding et al. CellAge author-published marker mapping; HPA-derived,a0de4a124e0a41986185a090fb142c6c8195399e
TNIK,Astrocytes,Ding et al. CellAge author-published marker mapping; HPA-derived,a0de4a124e0a41986185a090fb142c6c8195399e
GRAMD2B,Astrocytes,Ding et al. CellAge author-published marker mapping; HPA-derived,a0de4a124e0a41986185a090fb142c6c8195399e
GNA14,Astrocytes,Ding et al. CellAge author-published marker mapping; HPA-derived,a0de4a124e0a41986185a090fb142c6c8195399e
GAREM2,Astrocytes,Ding et al. CellAge author-published marker mapping; HPA-derived,a0de4a124e0a41986185a090fb142c6c8195399e
CACHD1,Astrocytes,Ding et al. CellAge author-published marker mapping; HPA-derived,a0de4a124e0a41986185a090fb142c6c8195399e
GRIN2C,Astrocytes,Ding et al. CellAge author-published marker mapping; HPA-derived,a0de4a124e0a41986185a090fb142c6c8195399e
SLC9C2,Astrocytes,Ding et al. CellAge author-published marker mapping; HPA-derived,a0de4a124e0a41986185a090fb142c6c8195399e
ACP6,Astrocytes,Ding et al. CellAge author-published marker mapping; HPA-derived,a0de4a124e0a41986185a090fb142c6c8195399e
GABRG1,Astrocytes,Ding et al. CellAge author-published marker mapping; HPA-derived,a0de4a124e0a41986185a090fb142c6c8195399e
ETNPPL,Astrocytes,Ding et al. CellAge author-published marker mapping; HPA-derived,a0de4a124e0a41986185a090fb142c6c8195399e
RANBP3L,Astrocytes,Ding et al. CellAge author-published marker mapping; HPA-derived,a0de4a124e0a41986185a090fb142c6c8195399e
ADGRV1,Astrocytes,Ding et al. CellAge author-published marker mapping; HPA-derived,a0de4a124e0a41986185a090fb142c6c8195399e
PLEKHA7,Astrocytes,Ding et al. CellAge author-published marker mapping; HPA-derived,a0de4a124e0a41986185a090fb142c6c8195399e
ANKDD1A,Astrocytes,Ding et al. CellAge author-published marker mapping; HPA-derived,a0de4a124e0a41986185a090fb142c6c8195399e
NTSR2,Astrocytes,Ding et al. CellAge author-published marker mapping; HPA-derived,a0de4a124e0a41986185a090fb142c6c8195399e
DCLK2,Astrocytes,Ding et al. CellAge author-published marker mapping; HPA-derived,a0de4a124e0a41986185a090fb142c6c8195399e
BCL2,Astrocytes,Ding et al. CellAge author-published marker mapping; HPA-derived,a0de4a124e0a41986185a090fb142c6c8195399e
KNDC1,Astrocytes,Ding et al. CellAge author-published marker mapping; HPA-derived,a0de4a124e0a41986185a090fb142c6c8195399e
FUT9,Astrocytes,Ding et al. CellAge author-published marker mapping; HPA-derived,a0de4a124e0a41986185a090fb142c6c8195399e
HPSE2,Astrocytes,Ding et al. CellAge author-published marker mapping; HPA-derived,a0de4a124e0a41986185a090fb142c6c8195399e
ZHX3,Astrocytes,Ding et al. CellAge author-published marker mapping; HPA-derived,a0de4a124e0a41986185a090fb142c6c8195399e
ACBD7,Astrocytes,Ding et al. CellAge author-published marker mapping; HPA-derived,a0de4a124e0a41986185a090fb142c6c8195399e
GPC5,Astrocytes,Ding et al. CellAge author-published marker mapping; HPA-derived,a0de4a124e0a41986185a090fb142c6c8195399e
RNF182,Astrocytes,Ding et al. CellAge author-published marker mapping; HPA-derived,a0de4a124e0a41986185a090fb142c6c8195399e
OR6T1,Astrocytes,Ding et al. CellAge author-published marker mapping; HPA-derived,a0de4a124e0a41986185a090fb142c6c8195399e
FAM181B,Astrocytes,Ding et al. CellAge author-published marker mapping; HPA-derived,a0de4a124e0a41986185a090fb142c6c8195399e
HHIPL1,Astrocytes,Ding et al. CellAge author-published marker mapping; HPA-derived,a0de4a124e0a41986185a090fb142c6c8195399e
B4GALNT4,Astrocytes,Ding et al. CellAge author-published marker mapping; HPA-derived,a0de4a124e0a41986185a090fb142c6c8195399e
SLC25A18,Astrocytes,Ding et al. CellAge author-published marker mapping; HPA-derived,a0de4a124e0a41986185a090fb142c6c8195399e
ZNRF3,Astrocytes,Ding et al. CellAge author-published marker mapping; HPA-derived,a0de4a124e0a41986185a090fb142c6c8195399e
POU3F2,Astrocytes,Ding et al. CellAge author-published marker mapping; HPA-derived,a0de4a124e0a41986185a090fb142c6c8195399e
TPCN1,Astrocytes,Ding et al. CellAge author-published marker mapping; HPA-derived,a0de4a124e0a41986185a090fb142c6c8195399e
DCHS2,Astrocytes,Ding et al. CellAge author-published marker mapping; HPA-derived,a0de4a124e0a41986185a090fb142c6c8195399e
OR6C74,Astrocytes,Ding et al. CellAge author-published marker mapping; HPA-derived,a0de4a124e0a41986185a090fb142c6c8195399e
RYR3,Astrocytes,Ding et al. CellAge author-published marker mapping; HPA-derived,a0de4a124e0a41986185a090fb142c6c8195399e
GABBR1,Astrocytes,Ding et al. CellAge author-published marker mapping; HPA-derived,a0de4a124e0a41986185a090fb142c6c8195399e
PIRT,Astrocytes,Ding et al. CellAge author-published marker mapping; HPA-derived,a0de4a124e0a41986185a090fb142c6c8195399e
MEIKIN,Astrocytes,Ding et al. CellAge author-published marker mapping; HPA-derived,a0de4a124e0a41986185a090fb142c6c8195399e
REELD1,Astrocytes,Ding et al. CellAge author-published marker mapping; HPA-derived,a0de4a124e0a41986185a090fb142c6c8195399e
TRIL,Astrocytes,Ding et al. CellAge author-published marker mapping; HPA-derived,a0de4a124e0a41986185a090fb142c6c8195399e
OR9A4,Astrocytes,Ding et al. CellAge author-published marker mapping; HPA-derived,a0de4a124e0a41986185a090fb142c6c8195399e
SPON1,Astrocytes,Ding et al. CellAge author-published marker mapping; HPA-derived,a0de4a124e0a41986185a090fb142c6c8195399e
NBPF19,Astrocytes,Ding et al. CellAge author-published marker mapping; HPA-derived,a0de4a124e0a41986185a090fb142c6c8195399e
GRIFIN,Astrocytes,Ding et al. CellAge author-published marker mapping; HPA-derived,a0de4a124e0a41986185a090fb142c6c8195399e
PRICKLE4,Astrocytes,Ding et al. CellAge author-published marker mapping; HPA-derived,a0de4a124e0a41986185a090fb142c6c8195399e
NOTCH2NLB,Astrocytes,Ding et al. CellAge author-published marker mapping; HPA-derived,a0de4a124e0a41986185a090fb142c6c8195399e
CD79B,B-cells,Ding et al. CellAge author-published marker mapping; HPA-derived,a0de4a124e0a41986185a090fb142c6c8195399e
P2RX5,B-cells,Ding et al. CellAge author-published marker mapping; HPA-derived,a0de4a124e0a41986185a090fb142c6c8195399e
CD37,B-cells,Ding et al. CellAge author-published marker mapping; HPA-derived,a0de4a124e0a41986185a090fb142c6c8195399e
FCER2,B-cells,Ding et al. CellAge author-published marker mapping; HPA-derived,a0de4a124e0a41986185a090fb142c6c8195399e
CR2,B-cells,Ding et al. CellAge author-published marker mapping; HPA-derived,a0de4a124e0a41986185a090fb142c6c8195399e
LY9,B-cells,Ding et al. CellAge author-published marker mapping; HPA-derived,a0de4a124e0a41986185a090fb142c6c8195399e
NPBWR2,B-cells,Ding et al. CellAge author-published marker mapping; HPA-derived,a0de4a124e0a41986185a090fb142c6c8195399e
CD70,B-cells,Ding et al. CellAge author-published marker mapping; HPA-derived,a0de4a124e0a41986185a090fb142c6c8195399e
VPREB3,B-cells,Ding et al. CellAge author-published marker mapping; HPA-derived,a0de4a124e0a41986185a090fb142c6c8195399e
FCRLA,B-cells,Ding et al. CellAge author-published marker mapping; HPA-derived,a0de4a124e0a41986185a090fb142c6c8195399e
BLK,B-cells,Ding et al. CellAge author-published marker mapping; HPA-derived,a0de4a124e0a41986185a090fb142c6c8195399e
CD72,B-cells,Ding et al. CellAge author-published marker mapping; HPA-derived,a0de4a124e0a41986185a090fb142c6c8195399e
BANK1,B-cells,Ding et al. CellAge author-published marker mapping; HPA-derived,a0de4a124e0a41986185a090fb142c6c8195399e
MS4A1,B-cells,Ding et al. CellAge author-published marker mapping; HPA-derived,a0de4a124e0a41986185a090fb142c6c8195399e
TNFRSF13C,B-cells,Ding et al. CellAge author-published marker mapping; HPA-derived,a0de4a124e0a41986185a090fb142c6c8195399e
CXCR5,B-cells,Ding et al. CellAge author-published marker mapping; HPA-derived,a0de4a124e0a41986185a090fb142c6c8195399e
MATN1,B-cells,Ding et al. CellAge author-published marker mapping; HPA-derived,a0de4a124e0a41986185a090fb142c6c8195399e
FCMR,B-cells,Ding et al. CellAge author-published marker mapping; HPA-derived,a0de4a124e0a41986185a090fb142c6c8195399e
FCRL4,B-cells,Ding et al. CellAge author-published marker mapping; HPA-derived,a0de4a124e0a41986185a090fb142c6c8195399e
FCRL1,B-cells,Ding et al. CellAge author-published marker mapping; HPA-derived,a0de4a124e0a41986185a090fb142c6c8195399e
SERPINA9,B-cells,Ding et al. CellAge author-published marker mapping; HPA-derived,a0de4a124e0a41986185a090fb142c6c8195399e
PARP15,B-cells,Ding et al. CellAge author-published marker mapping; HPA-derived,a0de4a124e0a41986185a090fb142c6c8195399e
TLR10,B-cells,Ding et al. CellAge author-published marker mapping; HPA-derived,a0de4a124e0a41986185a090fb142c6c8195399e
CD19,B-cells,Ding et al. CellAge author-published marker mapping; HPA-derived,a0de4a124e0a41986185a090fb142c6c8195399e
BTLA,B-cells,Ding et al. CellAge author-published marker mapping; HPA-derived,a0de4a124e0a41986185a090fb142c6c8195399e
LCN10,B-cells,Ding et al. CellAge author-published marker mapping; HPA-derived,a0de4a124e0a41986185a090fb142c6c8195399e
CNR2,B-cells,Ding et al. CellAge author-published marker mapping; HPA-derived,a0de4a124e0a41986185a090fb142c6c8195399e
PAX5,B-cells,Ding et al. CellAge author-published marker mapping; HPA-derived,a0de4a124e0a41986185a090fb142c6c8195399e
ZNF860,B-cells,Ding et al. CellAge author-published marker mapping; HPA-derived,a0de4a124e0a41986185a090fb142c6c8195399e
RCSD1,B-cells,Ding et al. CellAge author-published marker mapping; HPA-derived,a0de4a124e0a41986185a090fb142c6c8195399e
OR2T5,B-cells,Ding et al. CellAge author-published marker mapping; HPA-derived,a0de4a124e0a41986185a090fb142c6c8195399e
LCN8,B-cells,Ding et al. CellAge author-published marker mapping; HPA-derived,a0de4a124e0a41986185a090fb142c6c8195399e
LTB,B-cells,Ding et al. CellAge author-published marker mapping; HPA-derived,a0de4a124e0a41986185a090fb142c6c8195399e
GH1,B-cells,Ding et al. CellAge author-published marker mapping; HPA-derived,a0de4a124e0a41986185a090fb142c6c8195399e
ENSG00000279073,B-cells,Ding et al. CellAge author-published marker mapping; HPA-derived,a0de4a124e0a41986185a090fb142c6c8195399e
COL17A1,Basal keratinocytes,Ding et al. CellAge author-published marker mapping; HPA-derived,a0de4a124e0a41986185a090fb142c6c8195399e
IFNK,Basal keratinocytes,Ding et al. CellAge author-published marker mapping; HPA-derived,a0de4a124e0a41986185a090fb142c6c8195399e
OR2AP1,Basal keratinocytes,Ding et al. CellAge author-published marker mapping; HPA-derived,a0de4a124e0a41986185a090fb142c6c8195399e
KRT14,Basal keratinocytes,Ding et al. CellAge author-published marker mapping; HPA-derived,a0de4a124e0a41986185a090fb142c6c8195399e
SERPINB2,Basal keratinocytes,Ding et al. CellAge author-published marker mapping; HPA-derived,a0de4a124e0a41986185a090fb142c6c8195399e
KRTAP9-4,Basal keratinocytes,Ding et al. CellAge author-published marker mapping; HPA-derived,a0de4a124e0a41986185a090fb142c6c8195399e
SLC38A5,Basal respiratory cells,Ding et al. CellAge author-published marker mapping; HPA-derived,a0de4a124e0a41986185a090fb142c6c8195399e
PTHLH,Basal respiratory cells,Ding et al. CellAge author-published marker mapping; HPA-derived,a0de4a124e0a41986185a090fb142c6c8195399e
CCL20,Basal respiratory cells,Ding et al. CellAge author-published marker mapping; HPA-derived,a0de4a124e0a41986185a090fb142c6c8195399e
PI3,Basal respiratory cells,Ding et al. CellAge author-published marker mapping; HPA-derived,a0de4a124e0a41986185a090fb142c6c8195399e
KRT17,Basal respiratory cells,Ding et al. CellAge author-published marker mapping; HPA-derived,a0de4a124e0a41986185a090fb142c6c8195399e
IL36G,Basal respiratory cells,Ding et al. CellAge author-published marker mapping; HPA-derived,a0de4a124e0a41986185a090fb142c6c8195399e
MMP13,Basal respiratory cells,Ding et al. CellAge author-published marker mapping; HPA-derived,a0de4a124e0a41986185a090fb142c6c8195399e
LOXL4,Basal respiratory cells,Ding et al. CellAge author-published marker mapping; HPA-derived,a0de4a124e0a41986185a090fb142c6c8195399e
SERPINB7,Basal respiratory cells,Ding et al. CellAge author-published marker mapping; HPA-derived,a0de4a124e0a41986185a090fb142c6c8195399e
MMP10,Basal respiratory cells,Ding et al. CellAge author-published marker mapping; HPA-derived,a0de4a124e0a41986185a090fb142c6c8195399e
ANGPTL4,Basal respiratory cells,Ding et al. CellAge author-published marker mapping; HPA-derived,a0de4a124e0a41986185a090fb142c6c8195399e
DEFB4A,Basal respiratory cells,Ding et al. CellAge author-published marker mapping; HPA-derived,a0de4a124e0a41986185a090fb142c6c8195399e
MRGPRX4,Basal respiratory cells,Ding et al. CellAge author-published marker mapping; HPA-derived,a0de4a124e0a41986185a090fb142c6c8195399e
MRGPRX3,Basal respiratory cells,Ding et al. CellAge author-published marker mapping; HPA-derived,a0de4a124e0a41986185a090fb142c6c8195399e
NMB,Basal respiratory cells,Ding et al. CellAge author-published marker mapping; HPA-derived,a0de4a124e0a41986185a090fb142c6c8195399e
SERPINB4,Basal respiratory cells,Ding et al. CellAge author-published marker mapping; HPA-derived,a0de4a124e0a41986185a090fb142c6c8195399e
SAA2-SAA4,Basal respiratory cells,Ding et al. CellAge author-published marker mapping; HPA-derived,a0de4a124e0a41986185a090fb142c6c8195399e
GPR50,Basal squamous epithelial cells,Ding et al. CellAge author-published marker mapping; HPA-derived,a0de4a124e0a41986185a090fb142c6c8195399e
HOXA2,Basal squamous epithelial cells,Ding et al. CellAge author-published marker mapping; HPA-derived,a0de4a124e0a41986185a090fb142c6c8195399e
HOXA5,Basal squamous epithelial cells,Ding et al. CellAge author-published marker mapping; HPA-derived,a0de4a124e0a41986185a090fb142c6c8195399e
TP53AIP1,Basal squamous epithelial cells,Ding et al. CellAge author-published marker mapping; HPA-derived,a0de4a124e0a41986185a090fb142c6c8195399e
TSLP,Basal squamous epithelial cells,Ding et al. CellAge author-published marker mapping; HPA-derived,a0de4a124e0a41986185a090fb142c6c8195399e
NPPC,Basal squamous epithelial cells,Ding et al. CellAge author-published marker mapping; HPA-derived,a0de4a124e0a41986185a090fb142c6c8195399e
KRT15,Basal squamous epithelial cells,Ding et al. CellAge author-published marker mapping; HPA-derived,a0de4a124e0a41986185a090fb142c6c8195399e
OR13D1,Basal squamous epithelial cells,Ding et al. CellAge author-published marker mapping; HPA-derived,a0de4a124e0a41986185a090fb142c6c8195399e
FOXD4L4,Basal squamous epithelial cells,Ding et al. CellAge author-published marker mapping; HPA-derived,a0de4a124e0a41986185a090fb142c6c8195399e
H3C14,Basal squamous epithelial cells,Ding et al. CellAge author-published marker mapping; HPA-derived,a0de4a124e0a41986185a090fb142c6c8195399e
OR2AE1,Basal squamous epithelial cells,Ding et al. CellAge author-published marker mapping; HPA-derived,a0de4a124e0a41986185a090fb142c6c8195399e
CDK3,Basal squamous epithelial cells,Ding et al. CellAge author-published marker mapping; HPA-derived,a0de4a124e0a41986185a090fb142c6c8195399e
ENSG00000254706,Basal squamous epithelial cells,Ding et al. CellAge author-published marker mapping; HPA-derived,a0de4a124e0a41986185a090fb142c6c8195399e
ENSG00000254979,Basal squamous epithelial cells,Ding et al. CellAge author-published marker mapping; HPA-derived,a0de4a124e0a41986185a090fb142c6c8195399e
ENSG00000256500,Basal squamous epithelial cells,Ding et al. CellAge author-published marker mapping; HPA-derived,a0de4a124e0a41986185a090fb142c6c8195399e
ENSG00000260170,Basal squamous epithelial cells,Ding et al. CellAge author-published marker mapping; HPA-derived,a0de4a124e0a41986185a090fb142c6c8195399e
ENSG00000267179,Basal squamous epithelial cells,Ding et al. CellAge author-published marker mapping; HPA-derived,a0de4a124e0a41986185a090fb142c6c8195399e
ENSG00000268083,Basal squamous epithelial cells,Ding et al. CellAge author-published marker mapping; HPA-derived,a0de4a124e0a41986185a090fb142c6c8195399e
ENSG00000280778,Basal squamous epithelial cells,Ding et al. CellAge author-published marker mapping; HPA-derived,a0de4a124e0a41986185a090fb142c6c8195399e
ENSG00000285085,Basal squamous epithelial cells,Ding et al. CellAge author-published marker mapping; HPA-derived,a0de4a124e0a41986185a090fb142c6c8195399e
CACNA1G,Bipolar cells,Ding et al. CellAge author-published marker mapping; HPA-derived,a0de4a124e0a41986185a090fb142c6c8195399e
CAMK2B,Bipolar cells,Ding et al. CellAge author-published marker mapping; HPA-derived,a0de4a124e0a41986185a090fb142c6c8195399e
ASIC4,Bipolar cells,Ding et al. CellAge author-published marker mapping; HPA-derived,a0de4a124e0a41986185a090fb142c6c8195399e
TAB1,Bipolar cells,Ding et al. CellAge author-published marker mapping; HPA-derived,a0de4a124e0a41986185a090fb142c6c8195399e
VSX1,Bipolar cells,Ding et al. CellAge author-published marker mapping; HPA-derived,a0de4a124e0a41986185a090fb142c6c8195399e
NTSR1,Bipolar cells,Ding et al. CellAge author-published marker mapping; HPA-derived,a0de4a124e0a41986185a090fb142c6c8195399e
LHX3,Bipolar cells,Ding et al. CellAge author-published marker mapping; HPA-derived,a0de4a124e0a41986185a090fb142c6c8195399e
GABRR2,Bipolar cells,Ding et al. CellAge author-published marker mapping; HPA-derived,a0de4a124e0a41986185a090fb142c6c8195399e
GRM6,Bipolar cells,Ding et al. CellAge author-published marker mapping; HPA-derived,a0de4a124e0a41986185a090fb142c6c8195399e
CRHR1,Bipolar cells,Ding et al. CellAge author-published marker mapping; HPA-derived,a0de4a124e0a41986185a090fb142c6c8195399e
TAF1L,Bipolar cells,Ding et al. CellAge author-published marker mapping; HPA-derived,a0de4a124e0a41986185a090fb142c6c8195399e
NEUROD4,Bipolar cells,Ding et al. CellAge author-published marker mapping; HPA-derived,a0de4a124e0a41986185a090fb142c6c8195399e
KIRREL2,Bipolar cells,Ding et al. CellAge author-published marker mapping; HPA-derived,a0de4a124e0a41986185a090fb142c6c8195399e
GNG13,Bipolar cells,Ding et al. CellAge author-published marker mapping; HPA-derived,a0de4a124e0a41986185a090fb142c6c8195399e
LRFN1,Bipolar cells,Ding et al. CellAge author-published marker mapping; HPA-derived,a0de4a124e0a41986185a090fb142c6c8195399e
CLN6,Bipolar cells,Ding et al. CellAge author-published marker mapping; HPA-derived,a0de4a124e0a41986185a090fb142c6c8195399e
AANAT,Bipolar cells,Ding et al. CellAge author-published marker mapping; HPA-derived,a0de4a124e0a41986185a090fb142c6c8195399e
KCNA5,Bipolar cells,Ding et al. CellAge author-published marker mapping; HPA-derived,a0de4a124e0a41986185a090fb142c6c8195399e
EFR3A,Bipolar cells,Ding et al. CellAge author-published marker mapping; HPA-derived,a0de4a124e0a41986185a090fb142c6c8195399e
TRPM1,Bipolar cells,Ding et al. CellAge author-published marker mapping; HPA-derived,a0de4a124e0a41986185a090fb142c6c8195399e
SHF,Bipolar cells,Ding et al. CellAge author-published marker mapping; HPA-derived,a0de4a124e0a41986185a090fb142c6c8195399e
SLC24A4,Bipolar cells,Ding et al. CellAge author-published marker mapping; HPA-derived,a0de4a124e0a41986185a090fb142c6c8195399e
LRTM1,Bipolar cells,Ding et al. CellAge author-published marker mapping; HPA-derived,a0de4a124e0a41986185a090fb142c6c8195399e
GABRR1,Bipolar cells,Ding et al. CellAge author-published marker mapping; HPA-derived,a0de4a124e0a41986185a090fb142c6c8195399e
PRDM8,Bipolar cells,Ding et al. CellAge author-published marker mapping; HPA-derived,a0de4a124e0a41986185a090fb142c6c8195399e
PLXDC1,Bipolar cells,Ding et al. CellAge author-published marker mapping; HPA-derived,a0de4a124e0a41986185a090fb142c6c8195399e
MSLNL,Bipolar cells,Ding et al. CellAge author-published marker mapping; HPA-derived,a0de4a124e0a41986185a090fb142c6c8195399e
SLC1A7,Bipolar cells,Ding et al. CellAge author-published marker mapping; HPA-derived,a0de4a124e0a41986185a090fb142c6c8195399e
OR2M5,Bipolar cells,Ding et al. CellAge author-published marker mapping; HPA-derived,a0de4a124e0a41986185a090fb142c6c8195399e
RCOR2,Bipolar cells,Ding et al. CellAge author-published marker mapping; HPA-derived,a0de4a124e0a41986185a090fb142c6c8195399e
CABP2,Bipolar cells,Ding et al. CellAge author-published marker mapping; HPA-derived,a0de4a124e0a41986185a090fb142c6c8195399e
KCNG4,Bipolar cells,Ding et al. CellAge author-published marker mapping; HPA-derived,a0de4a124e0a41986185a090fb142c6c8195399e
HR,Bipolar cells,Ding et al. CellAge author-published marker mapping; HPA-derived,a0de4a124e0a41986185a090fb142c6c8195399e
MFSD4A,Bipolar cells,Ding et al. CellAge author-published marker mapping; HPA-derived,a0de4a124e0a41986185a090fb142c6c8195399e
OR52E2,Bipolar cells,Ding et al. CellAge author-published marker mapping; HPA-derived,a0de4a124e0a41986185a090fb142c6c8195399e
OR2T33,Bipolar cells,Ding et al. CellAge author-published marker mapping; HPA-derived,a0de4a124e0a41986185a090fb142c6c8195399e
SLC25A22,Bipolar cells,Ding et al. CellAge author-published marker mapping; HPA-derived,a0de4a124e0a41986185a090fb142c6c8195399e
OR56B4,Bipolar cells,Ding et al. CellAge author-published marker mapping; HPA-derived,a0de4a124e0a41986185a090fb142c6c8195399e
OR13F1,Bipolar cells,Ding et al. CellAge author-published marker mapping; HPA-derived,a0de4a124e0a41986185a090fb142c6c8195399e
BSPH1,Bipolar cells,Ding et al. CellAge author-published marker mapping; HPA-derived,a0de4a124e0a41986185a090fb142c6c8195399e
NYX,Bipolar cells,Ding et al. CellAge author-published marker mapping; HPA-derived,a0de4a124e0a41986185a090fb142c6c8195399e
PRRT1,Bipolar cells,Ding et al. CellAge author-published marker mapping; HPA-derived,a0de4a124e0a41986185a090fb142c6c8195399e
PCDHA8,Bipolar cells,Ding et al. CellAge author-published marker mapping; HPA-derived,a0de4a124e0a41986185a090fb142c6c8195399e
KRTAP5-1,Bipolar cells,Ding et al. CellAge author-published marker mapping; HPA-derived,a0de4a124e0a41986185a090fb142c6c8195399e
CEACAM16,Bipolar cells,Ding et al. CellAge author-published marker mapping; HPA-derived,a0de4a124e0a41986185a090fb142c6c8195399e
LACTBL1,Bipolar cells,Ding et al. CellAge author-published marker mapping; HPA-derived,a0de4a124e0a41986185a090fb142c6c8195399e
LINGO3,Bipolar cells,Ding et al. CellAge author-published marker mapping; HPA-derived,a0de4a124e0a41986185a090fb142c6c8195399e
OR6X1,Bipolar cells,Ding et al. CellAge author-published marker mapping; HPA-derived,a0de4a124e0a41986185a090fb142c6c8195399e
TRNP1,Bipolar cells,Ding et al. CellAge author-published marker mapping; HPA-derived,a0de4a124e0a41986185a090fb142c6c8195399e
ENSG00000258465,Bipolar cells,Ding et al. CellAge author-published marker mapping; HPA-derived,a0de4a124e0a41986185a090fb142c6c8195399e
ENSG00000269533,Bipolar cells,Ding et al. CellAge author-published marker mapping; HPA-derived,a0de4a124e0a41986185a090fb142c6c8195399e
OR52E1,Bipolar cells,Ding et al. CellAge author-published marker mapping; HPA-derived,a0de4a124e0a41986185a090fb142c6c8195399e
GPR179,Bipolar cells,Ding et al. CellAge author-published marker mapping; HPA-derived,a0de4a124e0a41986185a090fb142c6c8195399e
OR2L8,Bipolar cells,Ding et al. CellAge author-published marker mapping; HPA-derived,a0de4a124e0a41986185a090fb142c6c8195399e
BTN1A1,Breast glandular cells,Ding et al. CellAge author-published marker mapping; HPA-derived,a0de4a124e0a41986185a090fb142c6c8195399e
OTOR,Breast glandular cells,Ding et al. CellAge author-published marker mapping; HPA-derived,a0de4a124e0a41986185a090fb142c6c8195399e
CSN1S1,Breast glandular cells,Ding et al. CellAge author-published marker mapping; HPA-derived,a0de4a124e0a41986185a090fb142c6c8195399e
CSN2,Breast glandular cells,Ding et al. CellAge author-published marker mapping; HPA-derived,a0de4a124e0a41986185a090fb142c6c8195399e
ANKRD30A,Breast glandular cells,Ding et al. CellAge author-published marker mapping; HPA-derived,a0de4a124e0a41986185a090fb142c6c8195399e
CXCL13,Breast glandular cells,Ding et al. CellAge author-published marker mapping; HPA-derived,a0de4a124e0a41986185a090fb142c6c8195399e
XDH,Breast glandular cells,Ding et al. CellAge author-published marker mapping; HPA-derived,a0de4a124e0a41986185a090fb142c6c8195399e
IL22RA2,Breast glandular cells,Ding et al. CellAge author-published marker mapping; HPA-derived,a0de4a124e0a41986185a090fb142c6c8195399e
LALBA,Breast glandular cells,Ding et al. CellAge author-published marker mapping; HPA-derived,a0de4a124e0a41986185a090fb142c6c8195399e
CSN3,Breast glandular cells,Ding et al. CellAge author-published marker mapping; HPA-derived,a0de4a124e0a41986185a090fb142c6c8195399e
CST9,Breast glandular cells,Ding et al. CellAge author-published marker mapping; HPA-derived,a0de4a124e0a41986185a090fb142c6c8195399e
CIDEA,Breast glandular cells,Ding et al. CellAge author-published marker mapping; HPA-derived,a0de4a124e0a41986185a090fb142c6c8195399e
C6ORF15,Breast glandular cells,Ding et al. CellAge author-published marker mapping; HPA-derived,a0de4a124e0a41986185a090fb142c6c8195399e
SPINK8,Breast glandular cells,Ding et al. CellAge author-published marker mapping; HPA-derived,a0de4a124e0a41986185a090fb142c6c8195399e
FAM240A,Breast glandular cells,Ding et al. CellAge author-published marker mapping; HPA-derived,a0de4a124e0a41986185a090fb142c6c8195399e
NDUFAB1,Cardiomyocytes,Ding et al. CellAge author-published marker mapping; HPA-derived,a0de4a124e0a41986185a090fb142c6c8195399e
MDH1,Cardiomyocytes,Ding et al. CellAge author-published marker mapping; HPA-derived,a0de4a124e0a41986185a090fb142c6c8195399e
NDUFS1,Cardiomyocytes,Ding et al. CellAge author-published marker mapping; HPA-derived,a0de4a124e0a41986185a090fb142c6c8195399e
MIPEP,Cardiomyocytes,Ding et al. CellAge author-published marker mapping; HPA-derived,a0de4a124e0a41986185a090fb142c6c8195399e
MYOM2,Cardiomyocytes,Ding et al. CellAge author-published marker mapping; HPA-derived,a0de4a124e0a41986185a090fb142c6c8195399e
MAP4,Cardiomyocytes,Ding et al. CellAge author-published marker mapping; HPA-derived,a0de4a124e0a41986185a090fb142c6c8195399e
USP28,Cardiomyocytes,Ding et al. CellAge author-published marker mapping; HPA-derived,a0de4a124e0a41986185a090fb142c6c8195399e
USP13,Cardiomyocytes,Ding et al. CellAge author-published marker mapping; HPA-derived,a0de4a124e0a41986185a090fb142c6c8195399e
CS,Cardiomyocytes,Ding et al. CellAge author-published marker mapping; HPA-derived,a0de4a124e0a41986185a090fb142c6c8195399e
BTBD1,Cardiomyocytes,Ding et al. CellAge author-published marker mapping; HPA-derived,a0de4a124e0a41986185a090fb142c6c8195399e
POU1F1,Cardiomyocytes,Ding et al. CellAge author-published marker mapping; HPA-derived,a0de4a124e0a41986185a090fb142c6c8195399e
IARS2,Cardiomyocytes,Ding et al. CellAge author-published marker mapping; HPA-derived,a0de4a124e0a41986185a090fb142c6c8195399e
PTPN3,Cardiomyocytes,Ding et al. CellAge author-published marker mapping; HPA-derived,a0de4a124e0a41986185a090fb142c6c8195399e
TIMM21,Cardiomyocytes,Ding et al. CellAge author-published marker mapping; HPA-derived,a0de4a124e0a41986185a090fb142c6c8195399e
NMRK2,Cardiomyocytes,Ding et al. CellAge author-published marker mapping; HPA-derived,a0de4a124e0a41986185a090fb142c6c8195399e
TOP2B,Cardiomyocytes,Ding et al. CellAge author-published marker mapping; HPA-derived,a0de4a124e0a41986185a090fb142c6c8195399e
ACTN2,Cardiomyocytes,Ding et al. CellAge author-published marker mapping; HPA-derived,a0de4a124e0a41986185a090fb142c6c8195399e
NEBL,Cardiomyocytes,Ding et al. CellAge author-published marker mapping; HPA-derived,a0de4a124e0a41986185a090fb142c6c8195399e
DDX1,Cardiomyocytes,Ding et al. CellAge author-published marker mapping; HPA-derived,a0de4a124e0a41986185a090fb142c6c8195399e
NFE2L1,Cardiomyocytes,Ding et al. CellAge author-published marker mapping; HPA-derived,a0de4a124e0a41986185a090fb142c6c8195399e
MTIF2,Cardiomyocytes,Ding et al. CellAge author-published marker mapping; HPA-derived,a0de4a124e0a41986185a090fb142c6c8195399e
TBX5,Cardiomyocytes,Ding et al. CellAge author-published marker mapping; HPA-derived,a0de4a124e0a41986185a090fb142c6c8195399e
ZNF302,Cardiomyocytes,Ding et al. CellAge author-published marker mapping; HPA-derived,a0de4a124e0a41986185a090fb142c6c8195399e
MAP3K20,Cardiomyocytes,Ding et al. CellAge author-published marker mapping; HPA-derived,a0de4a124e0a41986185a090fb142c6c8195399e
SMPX,Cardiomyocytes,Ding et al. CellAge author-published marker mapping; HPA-derived,a0de4a124e0a41986185a090fb142c6c8195399e
MYH7,Cardiomyocytes,Ding et al. CellAge author-published marker mapping; HPA-derived,a0de4a124e0a41986185a090fb142c6c8195399e
MYOM1,Cardiomyocytes,Ding et al. CellAge author-published marker mapping; HPA-derived,a0de4a124e0a41986185a090fb142c6c8195399e
MYL12A,Cardiomyocytes,Ding et al. CellAge author-published marker mapping; HPA-derived,a0de4a124e0a41986185a090fb142c6c8195399e
HTATSF1,Cardiomyocytes,Ding et al. CellAge author-published marker mapping; HPA-derived,a0de4a124e0a41986185a090fb142c6c8195399e
SGCG,Cardiomyocytes,Ding et al. CellAge author-published marker mapping; HPA-derived,a0de4a124e0a41986185a090fb142c6c8195399e
ZNF629,Cardiomyocytes,Ding et al. CellAge author-published marker mapping; HPA-derived,a0de4a124e0a41986185a090fb142c6c8195399e
ZNF106,Cardiomyocytes,Ding et al. CellAge author-published marker mapping; HPA-derived,a0de4a124e0a41986185a090fb142c6c8195399e
MYL7,Cardiomyocytes,Ding et al. CellAge author-published marker mapping; HPA-derived,a0de4a124e0a41986185a090fb142c6c8195399e
ACBD5,Cardiomyocytes,Ding et al. CellAge author-published marker mapping; HPA-derived,a0de4a124e0a41986185a090fb142c6c8195399e
MYL2,Cardiomyocytes,Ding et al. CellAge author-published marker mapping; HPA-derived,a0de4a124e0a41986185a090fb142c6c8195399e
GLP1R,Cardiomyocytes,Ding et al. CellAge author-published marker mapping; HPA-derived,a0de4a124e0a41986185a090fb142c6c8195399e
HSPA9,Cardiomyocytes,Ding et al. CellAge author-published marker mapping; HPA-derived,a0de4a124e0a41986185a090fb142c6c8195399e
SMYD1,Cardiomyocytes,Ding et al. CellAge author-published marker mapping; HPA-derived,a0de4a124e0a41986185a090fb142c6c8195399e
TRAK2,Cardiomyocytes,Ding et al. CellAge author-published marker mapping; HPA-derived,a0de4a124e0a41986185a090fb142c6c8195399e
MFN2,Cardiomyocytes,Ding et al. CellAge author-published marker mapping; HPA-derived,a0de4a124e0a41986185a090fb142c6c8195399e
UCHL5,Cardiomyocytes,Ding et al. CellAge author-published marker mapping; HPA-derived,a0de4a124e0a41986185a090fb142c6c8195399e
TNNT2,Cardiomyocytes,Ding et al. CellAge author-published marker mapping; HPA-derived,a0de4a124e0a41986185a090fb142c6c8195399e
GHRH,Cardiomyocytes,Ding et al. CellAge author-published marker mapping; HPA-derived,a0de4a124e0a41986185a090fb142c6c8195399e
CASQ2,Cardiomyocytes,Ding et al. CellAge author-published marker mapping; HPA-derived,a0de4a124e0a41986185a090fb142c6c8195399e
CCND2,Cardiomyocytes,Ding et al. CellAge author-published marker mapping; HPA-derived,a0de4a124e0a41986185a090fb142c6c8195399e
DNMT3A,Cardiomyocytes,Ding et al. CellAge author-published marker mapping; HPA-derived,a0de4a124e0a41986185a090fb142c6c8195399e
KCNIP2,Cardiomyocytes,Ding et al. CellAge author-published marker mapping; HPA-derived,a0de4a124e0a41986185a090fb142c6c8195399e
GOT1,Cardiomyocytes,Ding et al. CellAge author-published marker mapping; HPA-derived,a0de4a124e0a41986185a090fb142c6c8195399e
TARDBP,Cardiomyocytes,Ding et al. CellAge author-published marker mapping; HPA-derived,a0de4a124e0a41986185a090fb142c6c8195399e
POPDC2,Cardiomyocytes,Ding et al. CellAge author-published marker mapping; HPA-derived,a0de4a124e0a41986185a090fb142c6c8195399e
GJA3,Cardiomyocytes,Ding et al. CellAge author-published marker mapping; HPA-derived,a0de4a124e0a41986185a090fb142c6c8195399e
FABP3,Cardiomyocytes,Ding et al. CellAge author-published marker mapping; HPA-derived,a0de4a124e0a41986185a090fb142c6c8195399e
LDB3,Cardiomyocytes,Ding et al. CellAge author-published marker mapping; HPA-derived,a0de4a124e0a41986185a090fb142c6c8195399e
RAB9B,Cardiomyocytes,Ding et al. CellAge author-published marker mapping; HPA-derived,a0de4a124e0a41986185a090fb142c6c8195399e
KLHL31,Cardiomyocytes,Ding et al. CellAge author-published marker mapping; HPA-derived,a0de4a124e0a41986185a090fb142c6c8195399e
GOT2,Cardiomyocytes,Ding et al. CellAge author-published marker mapping; HPA-derived,a0de4a124e0a41986185a090fb142c6c8195399e
CSRP3,Cardiomyocytes,Ding et al. CellAge author-published marker mapping; HPA-derived,a0de4a124e0a41986185a090fb142c6c8195399e
KIF1C,Cardiomyocytes,Ding et al. CellAge author-published marker mapping; HPA-derived,a0de4a124e0a41986185a090fb142c6c8195399e
TNNI3,Cardiomyocytes,Ding et al. CellAge author-published marker mapping; HPA-derived,a0de4a124e0a41986185a090fb142c6c8195399e
PRRG3,Cardiomyocytes,Ding et al. CellAge author-published marker mapping; HPA-derived,a0de4a124e0a41986185a090fb142c6c8195399e
NALF2,Cardiomyocytes,Ding et al. CellAge author-published marker mapping; HPA-derived,a0de4a124e0a41986185a090fb142c6c8195399e
HRC,Cardiomyocytes,Ding et al. CellAge author-published marker mapping; HPA-derived,a0de4a124e0a41986185a090fb142c6c8195399e
ATP5IF1,Cardiomyocytes,Ding et al. CellAge author-published marker mapping; HPA-derived,a0de4a124e0a41986185a090fb142c6c8195399e
CKMT2,Cardiomyocytes,Ding et al. CellAge author-published marker mapping; HPA-derived,a0de4a124e0a41986185a090fb142c6c8195399e
COQ3,Cardiomyocytes,Ding et al. CellAge author-published marker mapping; HPA-derived,a0de4a124e0a41986185a090fb142c6c8195399e
NES,Cardiomyocytes,Ding et al. CellAge author-published marker mapping; HPA-derived,a0de4a124e0a41986185a090fb142c6c8195399e
SLC41A1,Cardiomyocytes,Ding et al. CellAge author-published marker mapping; HPA-derived,a0de4a124e0a41986185a090fb142c6c8195399e
MYBPC3,Cardiomyocytes,Ding et al. CellAge author-published marker mapping; HPA-derived,a0de4a124e0a41986185a090fb142c6c8195399e
COQ10A,Cardiomyocytes,Ding et al. CellAge author-published marker mapping; HPA-derived,a0de4a124e0a41986185a090fb142c6c8195399e
TAAR5,Cardiomyocytes,Ding et al. CellAge author-published marker mapping; HPA-derived,a0de4a124e0a41986185a090fb142c6c8195399e
NIBAN1,Cardiomyocytes,Ding et al. CellAge author-published marker mapping; HPA-derived,a0de4a124e0a41986185a090fb142c6c8195399e
GCOM1,Cardiomyocytes,Ding et al. CellAge author-published marker mapping; HPA-derived,a0de4a124e0a41986185a090fb142c6c8195399e
HADHB,Cardiomyocytes,Ding et al. CellAge author-published marker mapping; HPA-derived,a0de4a124e0a41986185a090fb142c6c8195399e
TPM1,Cardiomyocytes,Ding et al. CellAge author-published marker mapping; HPA-derived,a0de4a124e0a41986185a090fb142c6c8195399e
MYLK3,Cardiomyocytes,Ding et al. CellAge author-published marker mapping; HPA-derived,a0de4a124e0a41986185a090fb142c6c8195399e
GOLGA4,Cardiomyocytes,Ding et al. CellAge author-published marker mapping; HPA-derived,a0de4a124e0a41986185a090fb142c6c8195399e
CORIN,Cardiomyocytes,Ding et al. CellAge author-published marker mapping; HPA-derived,a0de4a124e0a41986185a090fb142c6c8195399e
PAM,Cardiomyocytes,Ding et al. CellAge author-published marker mapping; HPA-derived,a0de4a124e0a41986185a090fb142c6c8195399e
NIPSNAP2,Cardiomyocytes,Ding et al. CellAge author-published marker mapping; HPA-derived,a0de4a124e0a41986185a090fb142c6c8195399e
ITGB1BP2,Cardiomyocytes,Ding et al. CellAge author-published marker mapping; HPA-derived,a0de4a124e0a41986185a090fb142c6c8195399e
ANKRD1,Cardiomyocytes,Ding et al. CellAge author-published marker mapping; HPA-derived,a0de4a124e0a41986185a090fb142c6c8195399e
SLC25A4,Cardiomyocytes,Ding et al. CellAge author-published marker mapping; HPA-derived,a0de4a124e0a41986185a090fb142c6c8195399e
ATP5F1A,Cardiomyocytes,Ding et al. CellAge author-published marker mapping; HPA-derived,a0de4a124e0a41986185a090fb142c6c8195399e
GPD1L,Cardiomyocytes,Ding et al. CellAge author-published marker mapping; HPA-derived,a0de4a124e0a41986185a090fb142c6c8195399e
ATP5PF,Cardiomyocytes,Ding et al. CellAge author-published marker mapping; HPA-derived,a0de4a124e0a41986185a090fb142c6c8195399e
TTN,Cardiomyocytes,Ding et al. CellAge author-published marker mapping; HPA-derived,a0de4a124e0a41986185a090fb142c6c8195399e
UQCRB,Cardiomyocytes,Ding et al. CellAge author-published marker mapping; HPA-derived,a0de4a124e0a41986185a090fb142c6c8195399e
COX6A2,Cardiomyocytes,Ding et al. CellAge author-published marker mapping; HPA-derived,a0de4a124e0a41986185a090fb142c6c8195399e
MRAS,Cardiomyocytes,Ding et al. CellAge author-published marker mapping; HPA-derived,a0de4a124e0a41986185a090fb142c6c8195399e
ACTC1,Cardiomyocytes,Ding et al. CellAge author-published marker mapping; HPA-derived,a0de4a124e0a41986185a090fb142c6c8195399e
MYL3,Cardiomyocytes,Ding et al. CellAge author-published marker mapping; HPA-derived,a0de4a124e0a41986185a090fb142c6c8195399e
COX7A1,Cardiomyocytes,Ding et al. CellAge author-published marker mapping; HPA-derived,a0de4a124e0a41986185a090fb142c6c8195399e
PRKAA2,Cardiomyocytes,Ding et al. CellAge author-published marker mapping; HPA-derived,a0de4a124e0a41986185a090fb142c6c8195399e
NEXN,Cardiomyocytes,Ding et al. CellAge author-published marker mapping; HPA-derived,a0de4a124e0a41986185a090fb142c6c8195399e
XIRP2,Cardiomyocytes,Ding et al. CellAge author-published marker mapping; HPA-derived,a0de4a124e0a41986185a090fb142c6c8195399e
PDLIM5,Cardiomyocytes,Ding et al. CellAge author-published marker mapping; HPA-derived,a0de4a124e0a41986185a090fb142c6c8195399e
CCDC141,Cardiomyocytes,Ding et al. CellAge author-published marker mapping; HPA-derived,a0de4a124e0a41986185a090fb142c6c8195399e
PPM1K,Cardiomyocytes,Ding et al. CellAge author-published marker mapping; HPA-derived,a0de4a124e0a41986185a090fb142c6c8195399e
SLMAP,Cardiomyocytes,Ding et al. CellAge author-published marker mapping; HPA-derived,a0de4a124e0a41986185a090fb142c6c8195399e
FBXO40,Cardiomyocytes,Ding et al. CellAge author-published marker mapping; HPA-derived,a0de4a124e0a41986185a090fb142c6c8195399e
CMYA5,Cardiomyocytes,Ding et al. CellAge author-published marker mapping; HPA-derived,a0de4a124e0a41986185a090fb142c6c8195399e
CFL2,Cardiomyocytes,Ding et al. CellAge author-published marker mapping; HPA-derived,a0de4a124e0a41986185a090fb142c6c8195399e
SYNPO2L,Cardiomyocytes,Ding et al. CellAge author-published marker mapping; HPA-derived,a0de4a124e0a41986185a090fb142c6c8195399e
RBPMS2,Cardiomyocytes,Ding et al. CellAge author-published marker mapping; HPA-derived,a0de4a124e0a41986185a090fb142c6c8195399e
GREM1,Cardiomyocytes,Ding et al. CellAge author-published marker mapping; HPA-derived,a0de4a124e0a41986185a090fb142c6c8195399e
OR8J3,Cardiomyocytes,Ding et al. CellAge author-published marker mapping; HPA-derived,a0de4a124e0a41986185a090fb142c6c8195399e
ATP5PD,Cardiomyocytes,Ding et al. CellAge author-published marker mapping; HPA-derived,a0de4a124e0a41986185a090fb142c6c8195399e
PDHB,Cardiomyocytes,Ding et al. CellAge author-published marker mapping; HPA-derived,a0de4a124e0a41986185a090fb142c6c8195399e
ATP5ME,Cardiomyocytes,Ding et al. CellAge author-published marker mapping; HPA-derived,a0de4a124e0a41986185a090fb142c6c8195399e
TMEM182,Cardiomyocytes,Ding et al. CellAge author-published marker mapping; HPA-derived,a0de4a124e0a41986185a090fb142c6c8195399e
OR10A3,Cardiomyocytes,Ding et al. CellAge author-published marker mapping; HPA-derived,a0de4a124e0a41986185a090fb142c6c8195399e
LMOD2,Cardiomyocytes,Ding et al. CellAge author-published marker mapping; HPA-derived,a0de4a124e0a41986185a090fb142c6c8195399e
PKIA,Cardiomyocytes,Ding et al. CellAge author-published marker mapping; HPA-derived,a0de4a124e0a41986185a090fb142c6c8195399e
ETFDH,Cardiomyocytes,Ding et al. CellAge author-published marker mapping; HPA-derived,a0de4a124e0a41986185a090fb142c6c8195399e
SYNPO,Cardiomyocytes,Ding et al. CellAge author-published marker mapping; HPA-derived,a0de4a124e0a41986185a090fb142c6c8195399e
MYOZ2,Cardiomyocytes,Ding et al. CellAge author-published marker mapping; HPA-derived,a0de4a124e0a41986185a090fb142c6c8195399e
PDE3A,Cardiomyocytes,Ding et al. CellAge author-published marker mapping; HPA-derived,a0de4a124e0a41986185a090fb142c6c8195399e
HSPB7,Cardiomyocytes,Ding et al. CellAge author-published marker mapping; HPA-derived,a0de4a124e0a41986185a090fb142c6c8195399e
ATP5MK,Cardiomyocytes,Ding et al. CellAge author-published marker mapping; HPA-derived,a0de4a124e0a41986185a090fb142c6c8195399e
SLC25A30,Cardiomyocytes,Ding et al. CellAge author-published marker mapping; HPA-derived,a0de4a124e0a41986185a090fb142c6c8195399e
ATP2A2,Cardiomyocytes,Ding et al. CellAge author-published marker mapping; HPA-derived,a0de4a124e0a41986185a090fb142c6c8195399e
NPPA,Cardiomyocytes,Ding et al. CellAge author-published marker mapping; HPA-derived,a0de4a124e0a41986185a090fb142c6c8195399e
OR10P1,Cardiomyocytes,Ding et al. CellAge author-published marker mapping; HPA-derived,a0de4a124e0a41986185a090fb142c6c8195399e
PTPN11,Cardiomyocytes,Ding et al. CellAge author-published marker mapping; HPA-derived,a0de4a124e0a41986185a090fb142c6c8195399e
SLC2A4,Cardiomyocytes,Ding et al. CellAge author-published marker mapping; HPA-derived,a0de4a124e0a41986185a090fb142c6c8195399e
SYNM,Cardiomyocytes,Ding et al. CellAge author-published marker mapping; HPA-derived,a0de4a124e0a41986185a090fb142c6c8195399e
NKX2-5,Cardiomyocytes,Ding et al. CellAge author-published marker mapping; HPA-derived,a0de4a124e0a41986185a090fb142c6c8195399e
DHRS7C,Cardiomyocytes,Ding et al. CellAge author-published marker mapping; HPA-derived,a0de4a124e0a41986185a090fb142c6c8195399e
C14ORF180,Cardiomyocytes,Ding et al. CellAge author-published marker mapping; HPA-derived,a0de4a124e0a41986185a090fb142c6c8195399e
NDUFA12,Cardiomyocytes,Ding et al. CellAge author-published marker mapping; HPA-derived,a0de4a124e0a41986185a090fb142c6c8195399e
NDUFA6,Cardiomyocytes,Ding et al. CellAge author-published marker mapping; HPA-derived,a0de4a124e0a41986185a090fb142c6c8195399e
SRL,Cardiomyocytes,Ding et al. CellAge author-published marker mapping; HPA-derived,a0de4a124e0a41986185a090fb142c6c8195399e
FSD2,Cardiomyocytes,Ding et al. CellAge author-published marker mapping; HPA-derived,a0de4a124e0a41986185a090fb142c6c8195399e
SBK2,Cardiomyocytes,Ding et al. CellAge author-published marker mapping; HPA-derived,a0de4a124e0a41986185a090fb142c6c8195399e
FITM2,Cardiomyocytes,Ding et al. CellAge author-published marker mapping; HPA-derived,a0de4a124e0a41986185a090fb142c6c8195399e
OR6Y1,Cardiomyocytes,Ding et al. CellAge author-published marker mapping; HPA-derived,a0de4a124e0a41986185a090fb142c6c8195399e
MYH6,Cardiomyocytes,Ding et al. CellAge author-published marker mapping; HPA-derived,a0de4a124e0a41986185a090fb142c6c8195399e
MYL4,Cardiomyocytes,Ding et al. CellAge author-published marker mapping; HPA-derived,a0de4a124e0a41986185a090fb142c6c8195399e
PLN,Cardiomyocytes,Ding et al. CellAge author-published marker mapping; HPA-derived,a0de4a124e0a41986185a090fb142c6c8195399e
RYR2,Cardiomyocytes,Ding et al. CellAge author-published marker mapping; HPA-derived,a0de4a124e0a41986185a090fb142c6c8195399e
MT-ND6,Cardiomyocytes,Ding et al. CellAge author-published marker mapping; HPA-derived,a0de4a124e0a41986185a090fb142c6c8195399e
MT-CO2,Cardiomyocytes,Ding et al. CellAge author-published marker mapping; HPA-derived,a0de4a124e0a41986185a090fb142c6c8195399e
MT-ND5,Cardiomyocytes,Ding et al. CellAge author-published marker mapping; HPA-derived,a0de4a124e0a41986185a090fb142c6c8195399e
ALPK2,Cardiomyocytes,Ding et al. CellAge author-published marker mapping; HPA-derived,a0de4a124e0a41986185a090fb142c6c8195399e
LRRC10,Cardiomyocytes,Ding et al. CellAge author-published marker mapping; HPA-derived,a0de4a124e0a41986185a090fb142c6c8195399e
OPA1,Cardiomyocytes,Ding et al. CellAge author-published marker mapping; HPA-derived,a0de4a124e0a41986185a090fb142c6c8195399e
STYXL2,Cardiomyocytes,Ding et al. CellAge author-published marker mapping; HPA-derived,a0de4a124e0a41986185a090fb142c6c8195399e
NTMT2,Cardiomyocytes,Ding et al. CellAge author-published marker mapping; HPA-derived,a0de4a124e0a41986185a090fb142c6c8195399e
OR6K3,Cardiomyocytes,Ding et al. CellAge author-published marker mapping; HPA-derived,a0de4a124e0a41986185a090fb142c6c8195399e
RBM20,Cardiomyocytes,Ding et al. CellAge author-published marker mapping; HPA-derived,a0de4a124e0a41986185a090fb142c6c8195399e
OR6C68,Cardiomyocytes,Ding et al. CellAge author-published marker mapping; HPA-derived,a0de4a124e0a41986185a090fb142c6c8195399e
TECRL,Cardiomyocytes,Ding et al. CellAge author-published marker mapping; HPA-derived,a0de4a124e0a41986185a090fb142c6c8195399e
RAB12,Cardiomyocytes,Ding et al. CellAge author-published marker mapping; HPA-derived,a0de4a124e0a41986185a090fb142c6c8195399e
MT-ND4L,Cardiomyocytes,Ding et al. CellAge author-published marker mapping; HPA-derived,a0de4a124e0a41986185a090fb142c6c8195399e
LINGO4,Cardiomyocytes,Ding et al. CellAge author-published marker mapping; HPA-derived,a0de4a124e0a41986185a090fb142c6c8195399e
SMCO1,Cardiomyocytes,Ding et al. CellAge author-published marker mapping; HPA-derived,a0de4a124e0a41986185a090fb142c6c8195399e
MYBPHL,Cardiomyocytes,Ding et al. CellAge author-published marker mapping; HPA-derived,a0de4a124e0a41986185a090fb142c6c8195399e
MT-ATP8,Cardiomyocytes,Ding et al. CellAge author-published marker mapping; HPA-derived,a0de4a124e0a41986185a090fb142c6c8195399e
UQCRHL,Cardiomyocytes,Ding et al. CellAge author-published marker mapping; HPA-derived,a0de4a124e0a41986185a090fb142c6c8195399e
TAAR9,Cardiomyocytes,Ding et al. CellAge author-published marker mapping; HPA-derived,a0de4a124e0a41986185a090fb142c6c8195399e
MRPL33,Cardiomyocytes,Ding et al. CellAge author-published marker mapping; HPA-derived,a0de4a124e0a41986185a090fb142c6c8195399e
ENSG00000254692,Cardiomyocytes,Ding et al. CellAge author-published marker mapping; HPA-derived,a0de4a124e0a41986185a090fb142c6c8195399e
ENSG00000262660,Cardiomyocytes,Ding et al. CellAge author-published marker mapping; HPA-derived,a0de4a124e0a41986185a090fb142c6c8195399e
MYZAP,Cardiomyocytes,Ding et al. CellAge author-published marker mapping; HPA-derived,a0de4a124e0a41986185a090fb142c6c8195399e
PTGES3L,Cardiomyocytes,Ding et al. CellAge author-published marker mapping; HPA-derived,a0de4a124e0a41986185a090fb142c6c8195399e
ENSG00000270299,Cardiomyocytes,Ding et al. CellAge author-published marker mapping; HPA-derived,a0de4a124e0a41986185a090fb142c6c8195399e
SNURF,Cardiomyocytes,Ding et al. CellAge author-published marker mapping; HPA-derived,a0de4a124e0a41986185a090fb142c6c8195399e
CASR,Cholangiocytes,Ding et al. CellAge author-published marker mapping; HPA-derived,a0de4a124e0a41986185a090fb142c6c8195399e
MUC5B,Cholangiocytes,Ding et al. CellAge author-published marker mapping; HPA-derived,a0de4a124e0a41986185a090fb142c6c8195399e
UGT2B28,Cholangiocytes,Ding et al. CellAge author-published marker mapping; HPA-derived,a0de4a124e0a41986185a090fb142c6c8195399e
CHST4,Cholangiocytes,Ding et al. CellAge author-published marker mapping; HPA-derived,a0de4a124e0a41986185a090fb142c6c8195399e
FGFR4,Cholangiocytes,Ding et al. CellAge author-published marker mapping; HPA-derived,a0de4a124e0a41986185a090fb142c6c8195399e
CYP3A7,Cholangiocytes,Ding et al. CellAge author-published marker mapping; HPA-derived,a0de4a124e0a41986185a090fb142c6c8195399e
FGF19,Cholangiocytes,Ding et al. CellAge author-published marker mapping; HPA-derived,a0de4a124e0a41986185a090fb142c6c8195399e
OR51I1,Cholangiocytes,Ding et al. CellAge author-published marker mapping; HPA-derived,a0de4a124e0a41986185a090fb142c6c8195399e
TM4SF4,Cholangiocytes,Ding et al. CellAge author-published marker mapping; HPA-derived,a0de4a124e0a41986185a090fb142c6c8195399e
OR10K1,Cholangiocytes,Ding et al. CellAge author-published marker mapping; HPA-derived,a0de4a124e0a41986185a090fb142c6c8195399e
ENSG00000173867,Cholangiocytes,Ding et al. CellAge author-published marker mapping; HPA-derived,a0de4a124e0a41986185a090fb142c6c8195399e
ALKAL1,Cholangiocytes,Ding et al. CellAge author-published marker mapping; HPA-derived,a0de4a124e0a41986185a090fb142c6c8195399e
CYP3A7-CYP3A51P,Cholangiocytes,Ding et al. CellAge author-published marker mapping; HPA-derived,a0de4a124e0a41986185a090fb142c6c8195399e
ENSG00000283886,Cholangiocytes,Ding et al. CellAge author-published marker mapping; HPA-derived,a0de4a124e0a41986185a090fb142c6c8195399e
WDR54,Ciliated cells,Ding et al. CellAge author-published marker mapping; HPA-derived,a0de4a124e0a41986185a090fb142c6c8195399e
ALDH3B1,Ciliated cells,Ding et al. CellAge author-published marker mapping; HPA-derived,a0de4a124e0a41986185a090fb142c6c8195399e
DLEC1,Ciliated cells,Ding et al. CellAge author-published marker mapping; HPA-derived,a0de4a124e0a41986185a090fb142c6c8195399e
LRRC23,Ciliated cells,Ding et al. CellAge author-published marker mapping; HPA-derived,a0de4a124e0a41986185a090fb142c6c8195399e
DNAH5,Ciliated cells,Ding et al. CellAge author-published marker mapping; HPA-derived,a0de4a124e0a41986185a090fb142c6c8195399e
TP73,Ciliated cells,Ding et al. CellAge author-published marker mapping; HPA-derived,a0de4a124e0a41986185a090fb142c6c8195399e
RABL2B,Ciliated cells,Ding et al. CellAge author-published marker mapping; HPA-derived,a0de4a124e0a41986185a090fb142c6c8195399e
RAB36,Ciliated cells,Ding et al. CellAge author-published marker mapping; HPA-derived,a0de4a124e0a41986185a090fb142c6c8195399e
IFT27,Ciliated cells,Ding et al. CellAge author-published marker mapping; HPA-derived,a0de4a124e0a41986185a090fb142c6c8195399e
SPEF1,Ciliated cells,Ding et al. CellAge author-published marker mapping; HPA-derived,a0de4a124e0a41986185a090fb142c6c8195399e
ODAD1,Ciliated cells,Ding et al. CellAge author-published marker mapping; HPA-derived,a0de4a124e0a41986185a090fb142c6c8195399e
CAPS,Ciliated cells,Ding et al. CellAge author-published marker mapping; HPA-derived,a0de4a124e0a41986185a090fb142c6c8195399e
RSPH4A,Ciliated cells,Ding et al. CellAge author-published marker mapping; HPA-derived,a0de4a124e0a41986185a090fb142c6c8195399e
GRIN3B,Ciliated cells,Ding et al. CellAge author-published marker mapping; HPA-derived,a0de4a124e0a41986185a090fb142c6c8195399e
CCDC170,Ciliated cells,Ding et al. CellAge author-published marker mapping; HPA-derived,a0de4a124e0a41986185a090fb142c6c8195399e
C20ORF85,Ciliated cells,Ding et al. CellAge author-published marker mapping; HPA-derived,a0de4a124e0a41986185a090fb142c6c8195399e
FOXJ1,Ciliated cells,Ding et al. CellAge author-published marker mapping; HPA-derived,a0de4a124e0a41986185a090fb142c6c8195399e
PLPPR3,Ciliated cells,Ding et al. CellAge author-published marker mapping; HPA-derived,a0de4a124e0a41986185a090fb142c6c8195399e
FBXW9,Ciliated cells,Ding et al. CellAge author-published marker mapping; HPA-derived,a0de4a124e0a41986185a090fb142c6c8195399e
STOML3,Ciliated cells,Ding et al. CellAge author-published marker mapping; HPA-derived,a0de4a124e0a41986185a090fb142c6c8195399e
DYDC2,Ciliated cells,Ding et al. CellAge author-published marker mapping; HPA-derived,a0de4a124e0a41986185a090fb142c6c8195399e
LCA5,Ciliated cells,Ding et al. CellAge author-published marker mapping; HPA-derived,a0de4a124e0a41986185a090fb142c6c8195399e
AK7,Ciliated cells,Ding et al. CellAge author-published marker mapping; HPA-derived,a0de4a124e0a41986185a090fb142c6c8195399e
CCDC40,Ciliated cells,Ding et al. CellAge author-published marker mapping; HPA-derived,a0de4a124e0a41986185a090fb142c6c8195399e
CFAP74,Ciliated cells,Ding et al. CellAge author-published marker mapping; HPA-derived,a0de4a124e0a41986185a090fb142c6c8195399e
RABL2A,Ciliated cells,Ding et al. CellAge author-published marker mapping; HPA-derived,a0de4a124e0a41986185a090fb142c6c8195399e
CETN2,Ciliated cells,Ding et al. CellAge author-published marker mapping; HPA-derived,a0de4a124e0a41986185a090fb142c6c8195399e
C2ORF50,Ciliated cells,Ding et al. CellAge author-published marker mapping; HPA-derived,a0de4a124e0a41986185a090fb142c6c8195399e
CAPSL,Ciliated cells,Ding et al. CellAge author-published marker mapping; HPA-derived,a0de4a124e0a41986185a090fb142c6c8195399e
DYNLT5,Ciliated cells,Ding et al. CellAge author-published marker mapping; HPA-derived,a0de4a124e0a41986185a090fb142c6c8195399e
CIBAR2,Ciliated cells,Ding et al. CellAge author-published marker mapping; HPA-derived,a0de4a124e0a41986185a090fb142c6c8195399e
CFAP70,Ciliated cells,Ding et al. CellAge author-published marker mapping; HPA-derived,a0de4a124e0a41986185a090fb142c6c8195399e
HYDIN,Ciliated cells,Ding et al. CellAge author-published marker mapping; HPA-derived,a0de4a124e0a41986185a090fb142c6c8195399e
CFAP251,Ciliated cells,Ding et al. CellAge author-published marker mapping; HPA-derived,a0de4a124e0a41986185a090fb142c6c8195399e
DZIP1L,Ciliated cells,Ding et al. CellAge author-published marker mapping; HPA-derived,a0de4a124e0a41986185a090fb142c6c8195399e
CATIP,Ciliated cells,Ding et al. CellAge author-published marker mapping; HPA-derived,a0de4a124e0a41986185a090fb142c6c8195399e
CCDC17,Ciliated cells,Ding et al. CellAge author-published marker mapping; HPA-derived,a0de4a124e0a41986185a090fb142c6c8195399e
RSPH1,Ciliated cells,Ding et al. CellAge author-published marker mapping; HPA-derived,a0de4a124e0a41986185a090fb142c6c8195399e
CFAP157,Ciliated cells,Ding et al. CellAge author-published marker mapping; HPA-derived,a0de4a124e0a41986185a090fb142c6c8195399e
CCDC78,Ciliated cells,Ding et al. CellAge author-published marker mapping; HPA-derived,a0de4a124e0a41986185a090fb142c6c8195399e
CDS1,Ciliated cells,Ding et al. CellAge author-published marker mapping; HPA-derived,a0de4a124e0a41986185a090fb142c6c8195399e
C7ORF57,Ciliated cells,Ding et al. CellAge author-published marker mapping; HPA-derived,a0de4a124e0a41986185a090fb142c6c8195399e
CFAP52,Ciliated cells,Ding et al. CellAge author-published marker mapping; HPA-derived,a0de4a124e0a41986185a090fb142c6c8195399e
C22ORF15,Ciliated cells,Ding et al. CellAge author-published marker mapping; HPA-derived,a0de4a124e0a41986185a090fb142c6c8195399e
OR1M1,Ciliated cells,Ding et al. CellAge author-published marker mapping; HPA-derived,a0de4a124e0a41986185a090fb142c6c8195399e
DNAI2,Ciliated cells,Ding et al. CellAge author-published marker mapping; HPA-derived,a0de4a124e0a41986185a090fb142c6c8195399e
FAM174A,Ciliated cells,Ding et al. CellAge author-published marker mapping; HPA-derived,a0de4a124e0a41986185a090fb142c6c8195399e
CHRNA9,Ciliated cells,Ding et al. CellAge author-published marker mapping; HPA-derived,a0de4a124e0a41986185a090fb142c6c8195399e
DNAH12,Ciliated cells,Ding et al. CellAge author-published marker mapping; HPA-derived,a0de4a124e0a41986185a090fb142c6c8195399e
CD164L2,Ciliated cells,Ding et al. CellAge author-published marker mapping; HPA-derived,a0de4a124e0a41986185a090fb142c6c8195399e
C11ORF16,Ciliated cells,Ding et al. CellAge author-published marker mapping; HPA-derived,a0de4a124e0a41986185a090fb142c6c8195399e
CTXN1,Ciliated cells,Ding et al. CellAge author-published marker mapping; HPA-derived,a0de4a124e0a41986185a090fb142c6c8195399e
FAM216B,Ciliated cells,Ding et al. CellAge author-published marker mapping; HPA-derived,a0de4a124e0a41986185a090fb142c6c8195399e
MAPK15,Ciliated cells,Ding et al. CellAge author-published marker mapping; HPA-derived,a0de4a124e0a41986185a090fb142c6c8195399e
HOATZ,Ciliated cells,Ding et al. CellAge author-published marker mapping; HPA-derived,a0de4a124e0a41986185a090fb142c6c8195399e
C1QTNF8,Ciliated cells,Ding et al. CellAge author-published marker mapping; HPA-derived,a0de4a124e0a41986185a090fb142c6c8195399e
CCDC190,Ciliated cells,Ding et al. CellAge author-published marker mapping; HPA-derived,a0de4a124e0a41986185a090fb142c6c8195399e
TMEM212,Ciliated cells,Ding et al. CellAge author-published marker mapping; HPA-derived,a0de4a124e0a41986185a090fb142c6c8195399e
CFAP73,Ciliated cells,Ding et al. CellAge author-published marker mapping; HPA-derived,a0de4a124e0a41986185a090fb142c6c8195399e
FAM183A,Ciliated cells,Ding et al. CellAge author-published marker mapping; HPA-derived,a0de4a124e0a41986185a090fb142c6c8195399e
CDHR4,Ciliated cells,Ding et al. CellAge author-published marker mapping; HPA-derived,a0de4a124e0a41986185a090fb142c6c8195399e
PLEKHG7,Ciliated cells,Ding et al. CellAge author-published marker mapping; HPA-derived,a0de4a124e0a41986185a090fb142c6c8195399e
LRRC74B,Ciliated cells,Ding et al. CellAge author-published marker mapping; HPA-derived,a0de4a124e0a41986185a090fb142c6c8195399e
DYNLT4,Ciliated cells,Ding et al. CellAge author-published marker mapping; HPA-derived,a0de4a124e0a41986185a090fb142c6c8195399e
SNTN,Ciliated cells,Ding et al. CellAge author-published marker mapping; HPA-derived,a0de4a124e0a41986185a090fb142c6c8195399e
ANKDD1B,Ciliated cells,Ding et al. CellAge author-published marker mapping; HPA-derived,a0de4a124e0a41986185a090fb142c6c8195399e
KIF19,Ciliated cells,Ding et al. CellAge author-published marker mapping; HPA-derived,a0de4a124e0a41986185a090fb142c6c8195399e
NEK5,Ciliated cells,Ding et al. CellAge author-published marker mapping; HPA-derived,a0de4a124e0a41986185a090fb142c6c8195399e
KCNRG,Ciliated cells,Ding et al. CellAge author-published marker mapping; HPA-derived,a0de4a124e0a41986185a090fb142c6c8195399e
ECT2L,Ciliated cells,Ding et al. CellAge author-published marker mapping; HPA-derived,a0de4a124e0a41986185a090fb142c6c8195399e
LDLRAD1,Ciliated cells,Ding et al. CellAge author-published marker mapping; HPA-derived,a0de4a124e0a41986185a090fb142c6c8195399e
LRRC10B,Ciliated cells,Ding et al. CellAge author-published marker mapping; HPA-derived,a0de4a124e0a41986185a090fb142c6c8195399e
TMEM231,Ciliated cells,Ding et al. CellAge author-published marker mapping; HPA-derived,a0de4a124e0a41986185a090fb142c6c8195399e
PSENEN,Ciliated cells,Ding et al. CellAge author-published marker mapping; HPA-derived,a0de4a124e0a41986185a090fb142c6c8195399e
ANKUB1,Ciliated cells,Ding et al. CellAge author-published marker mapping; HPA-derived,a0de4a124e0a41986185a090fb142c6c8195399e
FAM166B,Ciliated cells,Ding et al. CellAge author-published marker mapping; HPA-derived,a0de4a124e0a41986185a090fb142c6c8195399e
DCDC2B,Ciliated cells,Ding et al. CellAge author-published marker mapping; HPA-derived,a0de4a124e0a41986185a090fb142c6c8195399e
PRR29,Ciliated cells,Ding et al. CellAge author-published marker mapping; HPA-derived,a0de4a124e0a41986185a090fb142c6c8195399e
CROCC2,Ciliated cells,Ding et al. CellAge author-published marker mapping; HPA-derived,a0de4a124e0a41986185a090fb142c6c8195399e
ANKRD66,Ciliated cells,Ding et al. CellAge author-published marker mapping; HPA-derived,a0de4a124e0a41986185a090fb142c6c8195399e
STMND1,Ciliated cells,Ding et al. CellAge author-published marker mapping; HPA-derived,a0de4a124e0a41986185a090fb142c6c8195399e
CCDC153,Ciliated cells,Ding et al. CellAge author-published marker mapping; HPA-derived,a0de4a124e0a41986185a090fb142c6c8195399e
GAS2L2,Ciliated cells,Ding et al. CellAge author-published marker mapping; HPA-derived,a0de4a124e0a41986185a090fb142c6c8195399e
CFAP97D2,Ciliated cells,Ding et al. CellAge author-published marker mapping; HPA-derived,a0de4a124e0a41986185a090fb142c6c8195399e
UPK1A,Club cells,Ding et al. CellAge author-published marker mapping; HPA-derived,a0de4a124e0a41986185a090fb142c6c8195399e
UPK2,Club cells,Ding et al. CellAge author-published marker mapping; HPA-derived,a0de4a124e0a41986185a090fb142c6c8195399e
SCGB1A1,Club cells,Ding et al. CellAge author-published marker mapping; HPA-derived,a0de4a124e0a41986185a090fb142c6c8195399e
SCGB3A1,Club cells,Ding et al. CellAge author-published marker mapping; HPA-derived,a0de4a124e0a41986185a090fb142c6c8195399e
CYP2A13,Club cells,Ding et al. CellAge author-published marker mapping; HPA-derived,a0de4a124e0a41986185a090fb142c6c8195399e
LY6L,Club cells,Ding et al. CellAge author-published marker mapping; HPA-derived,a0de4a124e0a41986185a090fb142c6c8195399e
SLC6A12,Collecting duct cells,Ding et al. CellAge author-published marker mapping; HPA-derived,a0de4a124e0a41986185a090fb142c6c8195399e
NPHS2,Collecting duct cells,Ding et al. CellAge author-published marker mapping; HPA-derived,a0de4a124e0a41986185a090fb142c6c8195399e
SSC4D,Collecting duct cells,Ding et al. CellAge author-published marker mapping; HPA-derived,a0de4a124e0a41986185a090fb142c6c8195399e
FXYD4,Collecting duct cells,Ding et al. CellAge author-published marker mapping; HPA-derived,a0de4a124e0a41986185a090fb142c6c8195399e
KCNJ16,Collecting duct cells,Ding et al. CellAge author-published marker mapping; HPA-derived,a0de4a124e0a41986185a090fb142c6c8195399e
CLDN8,Collecting duct cells,Ding et al. CellAge author-published marker mapping; HPA-derived,a0de4a124e0a41986185a090fb142c6c8195399e
WNT9B,Collecting duct cells,Ding et al. CellAge author-published marker mapping; HPA-derived,a0de4a124e0a41986185a090fb142c6c8195399e
PTGER1,Collecting duct cells,Ding et al. CellAge author-published marker mapping; HPA-derived,a0de4a124e0a41986185a090fb142c6c8195399e
CDH16,Collecting duct cells,Ding et al. CellAge author-published marker mapping; HPA-derived,a0de4a124e0a41986185a090fb142c6c8195399e
AQP2,Collecting duct cells,Ding et al. CellAge author-published marker mapping; HPA-derived,a0de4a124e0a41986185a090fb142c6c8195399e
SOST,Collecting duct cells,Ding et al. CellAge author-published marker mapping; HPA-derived,a0de4a124e0a41986185a090fb142c6c8195399e
DEFB132,Collecting duct cells,Ding et al. CellAge author-published marker mapping; HPA-derived,a0de4a124e0a41986185a090fb142c6c8195399e
HMX2,Collecting duct cells,Ding et al. CellAge author-published marker mapping; HPA-derived,a0de4a124e0a41986185a090fb142c6c8195399e
POU3F4,Collecting duct cells,Ding et al. CellAge author-published marker mapping; HPA-derived,a0de4a124e0a41986185a090fb142c6c8195399e
ZNF772,Collecting duct cells,Ding et al. CellAge author-published marker mapping; HPA-derived,a0de4a124e0a41986185a090fb142c6c8195399e
PLEKHB1,Cone photoreceptor cells,Ding et al. CellAge author-published marker mapping; HPA-derived,a0de4a124e0a41986185a090fb142c6c8195399e
AQR,Cone photoreceptor cells,Ding et al. CellAge author-published marker mapping; HPA-derived,a0de4a124e0a41986185a090fb142c6c8195399e
CC2D2A,Cone photoreceptor cells,Ding et al. CellAge author-published marker mapping; HPA-derived,a0de4a124e0a41986185a090fb142c6c8195399e
KIF2A,Cone photoreceptor cells,Ding et al. CellAge author-published marker mapping; HPA-derived,a0de4a124e0a41986185a090fb142c6c8195399e
GPATCH1,Cone photoreceptor cells,Ding et al. CellAge author-published marker mapping; HPA-derived,a0de4a124e0a41986185a090fb142c6c8195399e
CHRNA3,Cone photoreceptor cells,Ding et al. CellAge author-published marker mapping; HPA-derived,a0de4a124e0a41986185a090fb142c6c8195399e
PDE6C,Cone photoreceptor cells,Ding et al. CellAge author-published marker mapping; HPA-derived,a0de4a124e0a41986185a090fb142c6c8195399e
MCF2,Cone photoreceptor cells,Ding et al. CellAge author-published marker mapping; HPA-derived,a0de4a124e0a41986185a090fb142c6c8195399e
OPN1LW,Cone photoreceptor cells,Ding et al. CellAge author-published marker mapping; HPA-derived,a0de4a124e0a41986185a090fb142c6c8195399e
RS1,Cone photoreceptor cells,Ding et al. CellAge author-published marker mapping; HPA-derived,a0de4a124e0a41986185a090fb142c6c8195399e
CALB1,Cone photoreceptor cells,Ding et al. CellAge author-published marker mapping; HPA-derived,a0de4a124e0a41986185a090fb142c6c8195399e
P3H3,Cone photoreceptor cells,Ding et al. CellAge author-published marker mapping; HPA-derived,a0de4a124e0a41986185a090fb142c6c8195399e
GNB3,Cone photoreceptor cells,Ding et al. CellAge author-published marker mapping; HPA-derived,a0de4a124e0a41986185a090fb142c6c8195399e
GUCA1B,Cone photoreceptor cells,Ding et al. CellAge author-published marker mapping; HPA-derived,a0de4a124e0a41986185a090fb142c6c8195399e
GRK7,Cone photoreceptor cells,Ding et al. CellAge author-published marker mapping; HPA-derived,a0de4a124e0a41986185a090fb142c6c8195399e
CEP104,Cone photoreceptor cells,Ding et al. CellAge author-published marker mapping; HPA-derived,a0de4a124e0a41986185a090fb142c6c8195399e
ARR3,Cone photoreceptor cells,Ding et al. CellAge author-published marker mapping; HPA-derived,a0de4a124e0a41986185a090fb142c6c8195399e
OPN1SW,Cone photoreceptor cells,Ding et al. CellAge author-published marker mapping; HPA-derived,a0de4a124e0a41986185a090fb142c6c8195399e
RTBDN,Cone photoreceptor cells,Ding et al. CellAge author-published marker mapping; HPA-derived,a0de4a124e0a41986185a090fb142c6c8195399e
REEP2,Cone photoreceptor cells,Ding et al. CellAge author-published marker mapping; HPA-derived,a0de4a124e0a41986185a090fb142c6c8195399e
GNAT2,Cone photoreceptor cells,Ding et al. CellAge author-published marker mapping; HPA-derived,a0de4a124e0a41986185a090fb142c6c8195399e
MAPKBP1,Cone photoreceptor cells,Ding et al. CellAge author-published marker mapping; HPA-derived,a0de4a124e0a41986185a090fb142c6c8195399e
GUCA1C,Cone photoreceptor cells,Ding et al. CellAge author-published marker mapping; HPA-derived,a0de4a124e0a41986185a090fb142c6c8195399e
PDE6H,Cone photoreceptor cells,Ding et al. CellAge author-published marker mapping; HPA-derived,a0de4a124e0a41986185a090fb142c6c8195399e
RXRG,Cone photoreceptor cells,Ding et al. CellAge author-published marker mapping; HPA-derived,a0de4a124e0a41986185a090fb142c6c8195399e
GUK1,Cone photoreceptor cells,Ding et al. CellAge author-published marker mapping; HPA-derived,a0de4a124e0a41986185a090fb142c6c8195399e
CNGA3,Cone photoreceptor cells,Ding et al. CellAge author-published marker mapping; HPA-derived,a0de4a124e0a41986185a090fb142c6c8195399e
RABL3,Cone photoreceptor cells,Ding et al. CellAge author-published marker mapping; HPA-derived,a0de4a124e0a41986185a090fb142c6c8195399e
GABRA6,Cone photoreceptor cells,Ding et al. CellAge author-published marker mapping; HPA-derived,a0de4a124e0a41986185a090fb142c6c8195399e
RAB41,Cone photoreceptor cells,Ding et al. CellAge author-published marker mapping; HPA-derived,a0de4a124e0a41986185a090fb142c6c8195399e
PSKH2,Cone photoreceptor cells,Ding et al. CellAge author-published marker mapping; HPA-derived,a0de4a124e0a41986185a090fb142c6c8195399e
WDR31,Cone photoreceptor cells,Ding et al. CellAge author-published marker mapping; HPA-derived,a0de4a124e0a41986185a090fb142c6c8195399e
GJD2,Cone photoreceptor cells,Ding et al. CellAge author-published marker mapping; HPA-derived,a0de4a124e0a41986185a090fb142c6c8195399e
ISL2,Cone photoreceptor cells,Ding et al. CellAge author-published marker mapping; HPA-derived,a0de4a124e0a41986185a090fb142c6c8195399e
ANKRD33B,Cone photoreceptor cells,Ding et al. CellAge author-published marker mapping; HPA-derived,a0de4a124e0a41986185a090fb142c6c8195399e
CPLX4,Cone photoreceptor cells,Ding et al. CellAge author-published marker mapping; HPA-derived,a0de4a124e0a41986185a090fb142c6c8195399e
GNGT2,Cone photoreceptor cells,Ding et al. CellAge author-published marker mapping; HPA-derived,a0de4a124e0a41986185a090fb142c6c8195399e
KCNV2,Cone photoreceptor cells,Ding et al. CellAge author-published marker mapping; HPA-derived,a0de4a124e0a41986185a090fb142c6c8195399e
FOXD4,Cone photoreceptor cells,Ding et al. CellAge author-published marker mapping; HPA-derived,a0de4a124e0a41986185a090fb142c6c8195399e
CNGB3,Cone photoreceptor cells,Ding et al. CellAge author-published marker mapping; HPA-derived,a0de4a124e0a41986185a090fb142c6c8195399e
OR10A2,Cone photoreceptor cells,Ding et al. CellAge author-published marker mapping; HPA-derived,a0de4a124e0a41986185a090fb142c6c8195399e
NPTX1,Cone photoreceptor cells,Ding et al. CellAge author-published marker mapping; HPA-derived,a0de4a124e0a41986185a090fb142c6c8195399e
MAP6,Cone photoreceptor cells,Ding et al. CellAge author-published marker mapping; HPA-derived,a0de4a124e0a41986185a090fb142c6c8195399e
CLSTN1,Cone photoreceptor cells,Ding et al. CellAge author-published marker mapping; HPA-derived,a0de4a124e0a41986185a090fb142c6c8195399e
NXNL1,Cone photoreceptor cells,Ding et al. CellAge author-published marker mapping; HPA-derived,a0de4a124e0a41986185a090fb142c6c8195399e
GPR151,Cone photoreceptor cells,Ding et al. CellAge author-published marker mapping; HPA-derived,a0de4a124e0a41986185a090fb142c6c8195399e
MTX3,Cone photoreceptor cells,Ding et al. CellAge author-published marker mapping; HPA-derived,a0de4a124e0a41986185a090fb142c6c8195399e
OR2AJ1,Cone photoreceptor cells,Ding et al. CellAge author-published marker mapping; HPA-derived,a0de4a124e0a41986185a090fb142c6c8195399e
H2AC25,Cone photoreceptor cells,Ding et al. CellAge author-published marker mapping; HPA-derived,a0de4a124e0a41986185a090fb142c6c8195399e
TAFA3,Cone photoreceptor cells,Ding et al. CellAge author-published marker mapping; HPA-derived,a0de4a124e0a41986185a090fb142c6c8195399e
OR6A2,Cone photoreceptor cells,Ding et al. CellAge author-published marker mapping; HPA-derived,a0de4a124e0a41986185a090fb142c6c8195399e
MESP2,Cone photoreceptor cells,Ding et al. CellAge author-published marker mapping; HPA-derived,a0de4a124e0a41986185a090fb142c6c8195399e
OR2L3,Cone photoreceptor cells,Ding et al. CellAge author-published marker mapping; HPA-derived,a0de4a124e0a41986185a090fb142c6c8195399e
RD3,Cone photoreceptor cells,Ding et al. CellAge author-published marker mapping; HPA-derived,a0de4a124e0a41986185a090fb142c6c8195399e
NME1,Cone photoreceptor cells,Ding et al. CellAge author-published marker mapping; HPA-derived,a0de4a124e0a41986185a090fb142c6c8195399e
OPN1MW,Cone photoreceptor cells,Ding et al. CellAge author-published marker mapping; HPA-derived,a0de4a124e0a41986185a090fb142c6c8195399e
OR2AG1,Cone photoreceptor cells,Ding et al. CellAge author-published marker mapping; HPA-derived,a0de4a124e0a41986185a090fb142c6c8195399e
ENSG00000283536,Cone photoreceptor cells,Ding et al. CellAge author-published marker mapping; HPA-derived,a0de4a124e0a41986185a090fb142c6c8195399e
ENSG00000288593,Cone photoreceptor cells,Ding et al. CellAge author-published marker mapping; HPA-derived,a0de4a124e0a41986185a090fb142c6c8195399e
CEACAM7,Distal enterocytes,Ding et al. CellAge author-published marker mapping; HPA-derived,a0de4a124e0a41986185a090fb142c6c8195399e
MS4A12,Distal enterocytes,Ding et al. CellAge author-published marker mapping; HPA-derived,a0de4a124e0a41986185a090fb142c6c8195399e
SIRT6,Distal enterocytes,Ding et al. CellAge author-published marker mapping; HPA-derived,a0de4a124e0a41986185a090fb142c6c8195399e
CEACAM1,Distal enterocytes,Ding et al. CellAge author-published marker mapping; HPA-derived,a0de4a124e0a41986185a090fb142c6c8195399e
FXYD3,Distal enterocytes,Ding et al. CellAge author-published marker mapping; HPA-derived,a0de4a124e0a41986185a090fb142c6c8195399e
SLC26A3,Distal enterocytes,Ding et al. CellAge author-published marker mapping; HPA-derived,a0de4a124e0a41986185a090fb142c6c8195399e
AQP8,Distal enterocytes,Ding et al. CellAge author-published marker mapping; HPA-derived,a0de4a124e0a41986185a090fb142c6c8195399e
ETHE1,Distal enterocytes,Ding et al. CellAge author-published marker mapping; HPA-derived,a0de4a124e0a41986185a090fb142c6c8195399e
SIAE,Distal enterocytes,Ding et al. CellAge author-published marker mapping; HPA-derived,a0de4a124e0a41986185a090fb142c6c8195399e
CLCN2,Distal enterocytes,Ding et al. CellAge author-published marker mapping; HPA-derived,a0de4a124e0a41986185a090fb142c6c8195399e
TSPAN1,Distal enterocytes,Ding et al. CellAge author-published marker mapping; HPA-derived,a0de4a124e0a41986185a090fb142c6c8195399e
PIGZ,Distal enterocytes,Ding et al. CellAge author-published marker mapping; HPA-derived,a0de4a124e0a41986185a090fb142c6c8195399e
TMEM54,Distal enterocytes,Ding et al. CellAge author-published marker mapping; HPA-derived,a0de4a124e0a41986185a090fb142c6c8195399e
GIPC1,Distal enterocytes,Ding et al. CellAge author-published marker mapping; HPA-derived,a0de4a124e0a41986185a090fb142c6c8195399e
TRPM4,Distal enterocytes,Ding et al. CellAge author-published marker mapping; HPA-derived,a0de4a124e0a41986185a090fb142c6c8195399e
SQOR,Distal enterocytes,Ding et al. CellAge author-published marker mapping; HPA-derived,a0de4a124e0a41986185a090fb142c6c8195399e
GCNT3,Distal enterocytes,Ding et al. CellAge author-published marker mapping; HPA-derived,a0de4a124e0a41986185a090fb142c6c8195399e
SELENBP1,Distal enterocytes,Ding et al. CellAge author-published marker mapping; HPA-derived,a0de4a124e0a41986185a090fb142c6c8195399e
DENND2A,Distal enterocytes,Ding et al. CellAge author-published marker mapping; HPA-derived,a0de4a124e0a41986185a090fb142c6c8195399e
MIER3,Distal enterocytes,Ding et al. CellAge author-published marker mapping; HPA-derived,a0de4a124e0a41986185a090fb142c6c8195399e
SLC26A2,Distal enterocytes,Ding et al. CellAge author-published marker mapping; HPA-derived,a0de4a124e0a41986185a090fb142c6c8195399e
B3GNT7,Distal enterocytes,Ding et al. CellAge author-published marker mapping; HPA-derived,a0de4a124e0a41986185a090fb142c6c8195399e
PLCD3,Distal enterocytes,Ding et al. CellAge author-published marker mapping; HPA-derived,a0de4a124e0a41986185a090fb142c6c8195399e
PIGR,Distal enterocytes,Ding et al. CellAge author-published marker mapping; HPA-derived,a0de4a124e0a41986185a090fb142c6c8195399e
ALPG,Distal enterocytes,Ding et al. CellAge author-published marker mapping; HPA-derived,a0de4a124e0a41986185a090fb142c6c8195399e
SCNN1B,Distal enterocytes,Ding et al. CellAge author-published marker mapping; HPA-derived,a0de4a124e0a41986185a090fb142c6c8195399e
LETM1,Distal enterocytes,Ding et al. CellAge author-published marker mapping; HPA-derived,a0de4a124e0a41986185a090fb142c6c8195399e
HSD11B2,Distal enterocytes,Ding et al. CellAge author-published marker mapping; HPA-derived,a0de4a124e0a41986185a090fb142c6c8195399e
ZNF575,Distal enterocytes,Ding et al. CellAge author-published marker mapping; HPA-derived,a0de4a124e0a41986185a090fb142c6c8195399e
KRTAP13-2,Distal enterocytes,Ding et al. CellAge author-published marker mapping; HPA-derived,a0de4a124e0a41986185a090fb142c6c8195399e
TCHHL1,Distal enterocytes,Ding et al. CellAge author-published marker mapping; HPA-derived,a0de4a124e0a41986185a090fb142c6c8195399e
OR6C76,Distal enterocytes,Ding et al. CellAge author-published marker mapping; HPA-derived,a0de4a124e0a41986185a090fb142c6c8195399e
NOXO1,Distal enterocytes,Ding et al. CellAge author-published marker mapping; HPA-derived,a0de4a124e0a41986185a090fb142c6c8195399e
CD177,Distal enterocytes,Ding et al. CellAge author-published marker mapping; HPA-derived,a0de4a124e0a41986185a090fb142c6c8195399e
MUC12,Distal enterocytes,Ding et al. CellAge author-published marker mapping; HPA-derived,a0de4a124e0a41986185a090fb142c6c8195399e
DDAH2,Distal enterocytes,Ding et al. CellAge author-published marker mapping; HPA-derived,a0de4a124e0a41986185a090fb142c6c8195399e
TAF11L12,Distal enterocytes,Ding et al. CellAge author-published marker mapping; HPA-derived,a0de4a124e0a41986185a090fb142c6c8195399e
ENSG00000257184,Distal enterocytes,Ding et al. CellAge author-published marker mapping; HPA-derived,a0de4a124e0a41986185a090fb142c6c8195399e
PTGER3,Distal tubular cells,Ding et al. CellAge author-published marker mapping; HPA-derived,a0de4a124e0a41986185a090fb142c6c8195399e
SLC12A1,Distal tubular cells,Ding et al. CellAge author-published marker mapping; HPA-derived,a0de4a124e0a41986185a090fb142c6c8195399e
FOLR3,Distal tubular cells,Ding et al. CellAge author-published marker mapping; HPA-derived,a0de4a124e0a41986185a090fb142c6c8195399e
CLDN16,Distal tubular cells,Ding et al. CellAge author-published marker mapping; HPA-derived,a0de4a124e0a41986185a090fb142c6c8195399e
GRB14,Distal tubular cells,Ding et al. CellAge author-published marker mapping; HPA-derived,a0de4a124e0a41986185a090fb142c6c8195399e
ATP6V1B1,Distal tubular cells,Ding et al. CellAge author-published marker mapping; HPA-derived,a0de4a124e0a41986185a090fb142c6c8195399e
WNK4,Distal tubular cells,Ding et al. CellAge author-published marker mapping; HPA-derived,a0de4a124e0a41986185a090fb142c6c8195399e
GNG5B,Distal tubular cells,Ding et al. CellAge author-published marker mapping; HPA-derived,a0de4a124e0a41986185a090fb142c6c8195399e
CRIP3,Distal tubular cells,Ding et al. CellAge author-published marker mapping; HPA-derived,a0de4a124e0a41986185a090fb142c6c8195399e
ATP6V0D2,Distal tubular cells,Ding et al. CellAge author-published marker mapping; HPA-derived,a0de4a124e0a41986185a090fb142c6c8195399e
ATP6V1G3,Distal tubular cells,Ding et al. CellAge author-published marker mapping; HPA-derived,a0de4a124e0a41986185a090fb142c6c8195399e
KCNJ1,Distal tubular cells,Ding et al. CellAge author-published marker mapping; HPA-derived,a0de4a124e0a41986185a090fb142c6c8195399e
DEFB1,Distal tubular cells,Ding et al. CellAge author-published marker mapping; HPA-derived,a0de4a124e0a41986185a090fb142c6c8195399e
TMEM52B,Distal tubular cells,Ding et al. CellAge author-published marker mapping; HPA-derived,a0de4a124e0a41986185a090fb142c6c8195399e
FRMD7,Distal tubular cells,Ding et al. CellAge author-published marker mapping; HPA-derived,a0de4a124e0a41986185a090fb142c6c8195399e
DMRT2,Distal tubular cells,Ding et al. CellAge author-published marker mapping; HPA-derived,a0de4a124e0a41986185a090fb142c6c8195399e
SRARP,Distal tubular cells,Ding et al. CellAge author-published marker mapping; HPA-derived,a0de4a124e0a41986185a090fb142c6c8195399e
HELT,Distal tubular cells,Ding et al. CellAge author-published marker mapping; HPA-derived,a0de4a124e0a41986185a090fb142c6c8195399e
TMEM207,Distal tubular cells,Ding et al. CellAge author-published marker mapping; HPA-derived,a0de4a124e0a41986185a090fb142c6c8195399e
CLEC6A,Distal tubular cells,Ding et al. CellAge author-published marker mapping; HPA-derived,a0de4a124e0a41986185a090fb142c6c8195399e
TMEM213,Distal tubular cells,Ding et al. CellAge author-published marker mapping; HPA-derived,a0de4a124e0a41986185a090fb142c6c8195399e
FRG2B,Distal tubular cells,Ding et al. CellAge author-published marker mapping; HPA-derived,a0de4a124e0a41986185a090fb142c6c8195399e
TDGF1,Distal tubular cells,Ding et al. CellAge author-published marker mapping; HPA-derived,a0de4a124e0a41986185a090fb142c6c8195399e
FXYD6-FXYD2,Distal tubular cells,Ding et al. CellAge author-published marker mapping; HPA-derived,a0de4a124e0a41986185a090fb142c6c8195399e
URGCP-MRPS24,Distal tubular cells,Ding et al. CellAge author-published marker mapping; HPA-derived,a0de4a124e0a41986185a090fb142c6c8195399e
CFTR,Ductal cells,Ding et al. CellAge author-published marker mapping; HPA-derived,a0de4a124e0a41986185a090fb142c6c8195399e
RTP4,Ductal cells,Ding et al. CellAge author-published marker mapping; HPA-derived,a0de4a124e0a41986185a090fb142c6c8195399e
SLC39A1,Ductal cells,Ding et al. CellAge author-published marker mapping; HPA-derived,a0de4a124e0a41986185a090fb142c6c8195399e
NEURL3,Ductal cells,Ding et al. CellAge author-published marker mapping; HPA-derived,a0de4a124e0a41986185a090fb142c6c8195399e
KRTAP1-1,Ductal cells,Ding et al. CellAge author-published marker mapping; HPA-derived,a0de4a124e0a41986185a090fb142c6c8195399e
SELE,Endothelial cells,Ding et al. CellAge author-published marker mapping; HPA-derived,a0de4a124e0a41986185a090fb142c6c8195399e
OIT3,Endothelial cells,Ding et al. CellAge author-published marker mapping; HPA-derived,a0de4a124e0a41986185a090fb142c6c8195399e
ESM1,Endothelial cells,Ding et al. CellAge author-published marker mapping; HPA-derived,a0de4a124e0a41986185a090fb142c6c8195399e
LCN6,Endothelial cells,Ding et al. CellAge author-published marker mapping; HPA-derived,a0de4a124e0a41986185a090fb142c6c8195399e
CCL23,Endothelial cells,Ding et al. CellAge author-published marker mapping; HPA-derived,a0de4a124e0a41986185a090fb142c6c8195399e
CCL14,Endothelial cells,Ding et al. CellAge author-published marker mapping; HPA-derived,a0de4a124e0a41986185a090fb142c6c8195399e
SYT13,Enteroendocrine cells,Ding et al. CellAge author-published marker mapping; HPA-derived,a0de4a124e0a41986185a090fb142c6c8195399e
SLC18A1,Enteroendocrine cells,Ding et al. CellAge author-published marker mapping; HPA-derived,a0de4a124e0a41986185a090fb142c6c8195399e
SCT,Enteroendocrine cells,Ding et al. CellAge author-published marker mapping; HPA-derived,a0de4a124e0a41986185a090fb142c6c8195399e
CYP2W1,Enteroendocrine cells,Ding et al. CellAge author-published marker mapping; HPA-derived,a0de4a124e0a41986185a090fb142c6c8195399e
SCGN,Enteroendocrine cells,Ding et al. CellAge author-published marker mapping; HPA-derived,a0de4a124e0a41986185a090fb142c6c8195399e
MLN,Enteroendocrine cells,Ding et al. CellAge author-published marker mapping; HPA-derived,a0de4a124e0a41986185a090fb142c6c8195399e
CHGA,Enteroendocrine cells,Ding et al. CellAge author-published marker mapping; HPA-derived,a0de4a124e0a41986185a090fb142c6c8195399e
PCSK1N,Enteroendocrine cells,Ding et al. CellAge author-published marker mapping; HPA-derived,a0de4a124e0a41986185a090fb142c6c8195399e
NEUROG3,Enteroendocrine cells,Ding et al. CellAge author-published marker mapping; HPA-derived,a0de4a124e0a41986185a090fb142c6c8195399e
TPH1,Enteroendocrine cells,Ding et al. CellAge author-published marker mapping; HPA-derived,a0de4a124e0a41986185a090fb142c6c8195399e
PYY,Enteroendocrine cells,Ding et al. CellAge author-published marker mapping; HPA-derived,a0de4a124e0a41986185a090fb142c6c8195399e
NTS,Enteroendocrine cells,Ding et al. CellAge author-published marker mapping; HPA-derived,a0de4a124e0a41986185a090fb142c6c8195399e
SST,Enteroendocrine cells,Ding et al. CellAge author-published marker mapping; HPA-derived,a0de4a124e0a41986185a090fb142c6c8195399e
GIP,Enteroendocrine cells,Ding et al. CellAge author-published marker mapping; HPA-derived,a0de4a124e0a41986185a090fb142c6c8195399e
LRRC53,Enteroendocrine cells,Ding et al. CellAge author-published marker mapping; HPA-derived,a0de4a124e0a41986185a090fb142c6c8195399e
NEUROD1,Enteroendocrine cells,Ding et al. CellAge author-published marker mapping; HPA-derived,a0de4a124e0a41986185a090fb142c6c8195399e
FEV,Enteroendocrine cells,Ding et al. CellAge author-published marker mapping; HPA-derived,a0de4a124e0a41986185a090fb142c6c8195399e
CRYBA2,Enteroendocrine cells,Ding et al. CellAge author-published marker mapping; HPA-derived,a0de4a124e0a41986185a090fb142c6c8195399e
SLC38A11,Enteroendocrine cells,Ding et al. CellAge author-published marker mapping; HPA-derived,a0de4a124e0a41986185a090fb142c6c8195399e
HOXD12,Enteroendocrine cells,Ding et al. CellAge author-published marker mapping; HPA-derived,a0de4a124e0a41986185a090fb142c6c8195399e
INSL5,Enteroendocrine cells,Ding et al. CellAge author-published marker mapping; HPA-derived,a0de4a124e0a41986185a090fb142c6c8195399e
RXFP4,Enteroendocrine cells,Ding et al. CellAge author-published marker mapping; HPA-derived,a0de4a124e0a41986185a090fb142c6c8195399e
INSM1,Enteroendocrine cells,Ding et al. CellAge author-published marker mapping; HPA-derived,a0de4a124e0a41986185a090fb142c6c8195399e
PCSK1,Enteroendocrine cells,Ding et al. CellAge author-published marker mapping; HPA-derived,a0de4a124e0a41986185a090fb142c6c8195399e
LCN15,Enteroendocrine cells,Ding et al. CellAge author-published marker mapping; HPA-derived,a0de4a124e0a41986185a090fb142c6c8195399e
UCN3,Enteroendocrine cells,Ding et al. CellAge author-published marker mapping; HPA-derived,a0de4a124e0a41986185a090fb142c6c8195399e
RPRML,Enteroendocrine cells,Ding et al. CellAge author-published marker mapping; HPA-derived,a0de4a124e0a41986185a090fb142c6c8195399e
RFX6,Enteroendocrine cells,Ding et al. CellAge author-published marker mapping; HPA-derived,a0de4a124e0a41986185a090fb142c6c8195399e
AVPR1B,Enteroendocrine cells,Ding et al. CellAge author-published marker mapping; HPA-derived,a0de4a124e0a41986185a090fb142c6c8195399e
KRTAP3-3,Enteroendocrine cells,Ding et al. CellAge author-published marker mapping; HPA-derived,a0de4a124e0a41986185a090fb142c6c8195399e
LY6G6F-LY6G6D,Enteroendocrine cells,Ding et al. CellAge author-published marker mapping; HPA-derived,a0de4a124e0a41986185a090fb142c6c8195399e
GPR142,Enteroendocrine cells,Ding et al. CellAge author-published marker mapping; HPA-derived,a0de4a124e0a41986185a090fb142c6c8195399e
SLC4A1,Erythroid cells,Ding et al. CellAge author-published marker mapping; HPA-derived,a0de4a124e0a41986185a090fb142c6c8195399e
MPO,Erythroid cells,Ding et al. CellAge author-published marker mapping; HPA-derived,a0de4a124e0a41986185a090fb142c6c8195399e
TSPAN17,Erythroid cells,Ding et al. CellAge author-published marker mapping; HPA-derived,a0de4a124e0a41986185a090fb142c6c8195399e
FECH,Erythroid cells,Ding et al. CellAge author-published marker mapping; HPA-derived,a0de4a124e0a41986185a090fb142c6c8195399e
CPOX,Erythroid cells,Ding et al. CellAge author-published marker mapping; HPA-derived,a0de4a124e0a41986185a090fb142c6c8195399e
ORC1,Erythroid cells,Ding et al. CellAge author-published marker mapping; HPA-derived,a0de4a124e0a41986185a090fb142c6c8195399e
HBQ1,Erythroid cells,Ding et al. CellAge author-published marker mapping; HPA-derived,a0de4a124e0a41986185a090fb142c6c8195399e
BLVRB,Erythroid cells,Ding et al. CellAge author-published marker mapping; HPA-derived,a0de4a124e0a41986185a090fb142c6c8195399e
GATA1,Erythroid cells,Ding et al. CellAge author-published marker mapping; HPA-derived,a0de4a124e0a41986185a090fb142c6c8195399e
CLC,Erythroid cells,Ding et al. CellAge author-published marker mapping; HPA-derived,a0de4a124e0a41986185a090fb142c6c8195399e
KLF1,Erythroid cells,Ding et al. CellAge author-published marker mapping; HPA-derived,a0de4a124e0a41986185a090fb142c6c8195399e
MINPP1,Erythroid cells,Ding et al. CellAge author-published marker mapping; HPA-derived,a0de4a124e0a41986185a090fb142c6c8195399e
RFC5,Erythroid cells,Ding et al. CellAge author-published marker mapping; HPA-derived,a0de4a124e0a41986185a090fb142c6c8195399e
RHAG,Erythroid cells,Ding et al. CellAge author-published marker mapping; HPA-derived,a0de4a124e0a41986185a090fb142c6c8195399e
TSPO2,Erythroid cells,Ding et al. CellAge author-published marker mapping; HPA-derived,a0de4a124e0a41986185a090fb142c6c8195399e
MYB,Erythroid cells,Ding et al. CellAge author-published marker mapping; HPA-derived,a0de4a124e0a41986185a090fb142c6c8195399e
NFE2,Erythroid cells,Ding et al. CellAge author-published marker mapping; HPA-derived,a0de4a124e0a41986185a090fb142c6c8195399e
UROD,Erythroid cells,Ding et al. CellAge author-published marker mapping; HPA-derived,a0de4a124e0a41986185a090fb142c6c8195399e
E2F8,Erythroid cells,Ding et al. CellAge author-published marker mapping; HPA-derived,a0de4a124e0a41986185a090fb142c6c8195399e
CA1,Erythroid cells,Ding et al. CellAge author-published marker mapping; HPA-derived,a0de4a124e0a41986185a090fb142c6c8195399e
CMPK2,Erythroid cells,Ding et al. CellAge author-published marker mapping; HPA-derived,a0de4a124e0a41986185a090fb142c6c8195399e
ABCB10,Erythroid cells,Ding et al. CellAge author-published marker mapping; HPA-derived,a0de4a124e0a41986185a090fb142c6c8195399e
GYPC,Erythroid cells,Ding et al. CellAge author-published marker mapping; HPA-derived,a0de4a124e0a41986185a090fb142c6c8195399e
NUSAP1,Erythroid cells,Ding et al. CellAge author-published marker mapping; HPA-derived,a0de4a124e0a41986185a090fb142c6c8195399e
DNA2,Erythroid cells,Ding et al. CellAge author-published marker mapping; HPA-derived,a0de4a124e0a41986185a090fb142c6c8195399e
LBR,Erythroid cells,Ding et al. CellAge author-published marker mapping; HPA-derived,a0de4a124e0a41986185a090fb142c6c8195399e
MS4A3,Erythroid cells,Ding et al. CellAge author-published marker mapping; HPA-derived,a0de4a124e0a41986185a090fb142c6c8195399e
ALAS2,Erythroid cells,Ding et al. CellAge author-published marker mapping; HPA-derived,a0de4a124e0a41986185a090fb142c6c8195399e
ANKLE1,Erythroid cells,Ding et al. CellAge author-published marker mapping; HPA-derived,a0de4a124e0a41986185a090fb142c6c8195399e
SPC24,Erythroid cells,Ding et al. CellAge author-published marker mapping; HPA-derived,a0de4a124e0a41986185a090fb142c6c8195399e
CCNF,Erythroid cells,Ding et al. CellAge author-published marker mapping; HPA-derived,a0de4a124e0a41986185a090fb142c6c8195399e
TAL1,Erythroid cells,Ding et al. CellAge author-published marker mapping; HPA-derived,a0de4a124e0a41986185a090fb142c6c8195399e
TRIM58,Erythroid cells,Ding et al. CellAge author-published marker mapping; HPA-derived,a0de4a124e0a41986185a090fb142c6c8195399e
SPTA1,Erythroid cells,Ding et al. CellAge author-published marker mapping; HPA-derived,a0de4a124e0a41986185a090fb142c6c8195399e
PCLAF,Erythroid cells,Ding et al. CellAge author-published marker mapping; HPA-derived,a0de4a124e0a41986185a090fb142c6c8195399e
EPB42,Erythroid cells,Ding et al. CellAge author-published marker mapping; HPA-derived,a0de4a124e0a41986185a090fb142c6c8195399e
DHRS13,Erythroid cells,Ding et al. CellAge author-published marker mapping; HPA-derived,a0de4a124e0a41986185a090fb142c6c8195399e
PRDX2,Erythroid cells,Ding et al. CellAge author-published marker mapping; HPA-derived,a0de4a124e0a41986185a090fb142c6c8195399e
FAM178B,Erythroid cells,Ding et al. CellAge author-published marker mapping; HPA-derived,a0de4a124e0a41986185a090fb142c6c8195399e
AHSP,Erythroid cells,Ding et al. CellAge author-published marker mapping; HPA-derived,a0de4a124e0a41986185a090fb142c6c8195399e
GYPA,Erythroid cells,Ding et al. CellAge author-published marker mapping; HPA-derived,a0de4a124e0a41986185a090fb142c6c8195399e
CYTL1,Erythroid cells,Ding et al. CellAge author-published marker mapping; HPA-derived,a0de4a124e0a41986185a090fb142c6c8195399e
SLC25A21,Erythroid cells,Ding et al. CellAge author-published marker mapping; HPA-derived,a0de4a124e0a41986185a090fb142c6c8195399e
BOLA2,Erythroid cells,Ding et al. CellAge author-published marker mapping; HPA-derived,a0de4a124e0a41986185a090fb142c6c8195399e
TANGO2,Erythroid cells,Ding et al. CellAge author-published marker mapping; HPA-derived,a0de4a124e0a41986185a090fb142c6c8195399e
FOXD4L1,Erythroid cells,Ding et al. CellAge author-published marker mapping; HPA-derived,a0de4a124e0a41986185a090fb142c6c8195399e
PRSS57,Erythroid cells,Ding et al. CellAge author-published marker mapping; HPA-derived,a0de4a124e0a41986185a090fb142c6c8195399e
RHD,Erythroid cells,Ding et al. CellAge author-published marker mapping; HPA-derived,a0de4a124e0a41986185a090fb142c6c8195399e
EPOR,Erythroid cells,Ding et al. CellAge author-published marker mapping; HPA-derived,a0de4a124e0a41986185a090fb142c6c8195399e
C17ORF99,Erythroid cells,Ding et al. CellAge author-published marker mapping; HPA-derived,a0de4a124e0a41986185a090fb142c6c8195399e
HBA2,Erythroid cells,Ding et al. CellAge author-published marker mapping; HPA-derived,a0de4a124e0a41986185a090fb142c6c8195399e
RHCE,Erythroid cells,Ding et al. CellAge author-published marker mapping; HPA-derived,a0de4a124e0a41986185a090fb142c6c8195399e
UROS,Erythroid cells,Ding et al. CellAge author-published marker mapping; HPA-derived,a0de4a124e0a41986185a090fb142c6c8195399e
PRTN3,Erythroid cells,Ding et al. CellAge author-published marker mapping; HPA-derived,a0de4a124e0a41986185a090fb142c6c8195399e
GYPE,Erythroid cells,Ding et al. CellAge author-published marker mapping; HPA-derived,a0de4a124e0a41986185a090fb142c6c8195399e
CR1L,Erythroid cells,Ding et al. CellAge author-published marker mapping; HPA-derived,a0de4a124e0a41986185a090fb142c6c8195399e
KEL,Erythroid cells,Ding et al. CellAge author-published marker mapping; HPA-derived,a0de4a124e0a41986185a090fb142c6c8195399e
TFDP1,Erythroid cells,Ding et al. CellAge author-published marker mapping; HPA-derived,a0de4a124e0a41986185a090fb142c6c8195399e
OR10Z1,Erythroid cells,Ding et al. CellAge author-published marker mapping; HPA-derived,a0de4a124e0a41986185a090fb142c6c8195399e
IFIT1B,Erythroid cells,Ding et al. CellAge author-published marker mapping; HPA-derived,a0de4a124e0a41986185a090fb142c6c8195399e
OR13C3,Erythroid cells,Ding et al. CellAge author-published marker mapping; HPA-derived,a0de4a124e0a41986185a090fb142c6c8195399e
TRIM10,Erythroid cells,Ding et al. CellAge author-published marker mapping; HPA-derived,a0de4a124e0a41986185a090fb142c6c8195399e
EIF3CL,Erythroid cells,Ding et al. CellAge author-published marker mapping; HPA-derived,a0de4a124e0a41986185a090fb142c6c8195399e
MFSD2B,Erythroid cells,Ding et al. CellAge author-published marker mapping; HPA-derived,a0de4a124e0a41986185a090fb142c6c8195399e
HBA1,Erythroid cells,Ding et al. CellAge author-published marker mapping; HPA-derived,a0de4a124e0a41986185a090fb142c6c8195399e
HBM,Erythroid cells,Ding et al. CellAge author-published marker mapping; HPA-derived,a0de4a124e0a41986185a090fb142c6c8195399e
TRAV10,Erythroid cells,Ding et al. CellAge author-published marker mapping; HPA-derived,a0de4a124e0a41986185a090fb142c6c8195399e
HBD,Erythroid cells,Ding et al. CellAge author-published marker mapping; HPA-derived,a0de4a124e0a41986185a090fb142c6c8195399e
DYTN,Erythroid cells,Ding et al. CellAge author-published marker mapping; HPA-derived,a0de4a124e0a41986185a090fb142c6c8195399e
SLFN14,Erythroid cells,Ding et al. CellAge author-published marker mapping; HPA-derived,a0de4a124e0a41986185a090fb142c6c8195399e
HBB,Erythroid cells,Ding et al. CellAge author-published marker mapping; HPA-derived,a0de4a124e0a41986185a090fb142c6c8195399e
ENSG00000248751,Erythroid cells,Ding et al. CellAge author-published marker mapping; HPA-derived,a0de4a124e0a41986185a090fb142c6c8195399e
GYPB,Erythroid cells,Ding et al. CellAge author-published marker mapping; HPA-derived,a0de4a124e0a41986185a090fb142c6c8195399e
TAS2R43,Erythroid cells,Ding et al. CellAge author-published marker mapping; HPA-derived,a0de4a124e0a41986185a090fb142c6c8195399e
HMBS,Erythroid cells,Ding et al. CellAge author-published marker mapping; HPA-derived,a0de4a124e0a41986185a090fb142c6c8195399e
ENSG00000259371,Erythroid cells,Ding et al. CellAge author-published marker mapping; HPA-derived,a0de4a124e0a41986185a090fb142c6c8195399e
ENSG00000284931,Erythroid cells,Ding et al. CellAge author-published marker mapping; HPA-derived,a0de4a124e0a41986185a090fb142c6c8195399e
OOSP4A,Erythroid cells,Ding et al. CellAge author-published marker mapping; HPA-derived,a0de4a124e0a41986185a090fb142c6c8195399e
ASDURF,Erythroid cells,Ding et al. CellAge author-published marker mapping; HPA-derived,a0de4a124e0a41986185a090fb142c6c8195399e
ENSG00000288053,Erythroid cells,Ding et al. CellAge author-published marker mapping; HPA-derived,a0de4a124e0a41986185a090fb142c6c8195399e
ENSG00000288635,Erythroid cells,Ding et al. CellAge author-published marker mapping; HPA-derived,a0de4a124e0a41986185a090fb142c6c8195399e
SLC6A7,Excitatory neurons,Ding et al. CellAge author-published marker mapping; HPA-derived,a0de4a124e0a41986185a090fb142c6c8195399e
BMAL2,Excitatory neurons,Ding et al. CellAge author-published marker mapping; HPA-derived,a0de4a124e0a41986185a090fb142c6c8195399e
CELF2,Excitatory neurons,Ding et al. CellAge author-published marker mapping; HPA-derived,a0de4a124e0a41986185a090fb142c6c8195399e
R3HDM1,Excitatory neurons,Ding et al. CellAge author-published marker mapping; HPA-derived,a0de4a124e0a41986185a090fb142c6c8195399e
FSTL4,Excitatory neurons,Ding et al. CellAge author-published marker mapping; HPA-derived,a0de4a124e0a41986185a090fb142c6c8195399e
CAMK2A,Excitatory neurons,Ding et al. CellAge author-published marker mapping; HPA-derived,a0de4a124e0a41986185a090fb142c6c8195399e
CADPS2,Excitatory neurons,Ding et al. CellAge author-published marker mapping; HPA-derived,a0de4a124e0a41986185a090fb142c6c8195399e
KCNH4,Excitatory neurons,Ding et al. CellAge author-published marker mapping; HPA-derived,a0de4a124e0a41986185a090fb142c6c8195399e
HTR2A,Excitatory neurons,Ding et al. CellAge author-published marker mapping; HPA-derived,a0de4a124e0a41986185a090fb142c6c8195399e
KCNN1,Excitatory neurons,Ding et al. CellAge author-published marker mapping; HPA-derived,a0de4a124e0a41986185a090fb142c6c8195399e
PDE4C,Excitatory neurons,Ding et al. CellAge author-published marker mapping; HPA-derived,a0de4a124e0a41986185a090fb142c6c8195399e
SH3GL2,Excitatory neurons,Ding et al. CellAge author-published marker mapping; HPA-derived,a0de4a124e0a41986185a090fb142c6c8195399e
ASIC2,Excitatory neurons,Ding et al. CellAge author-published marker mapping; HPA-derived,a0de4a124e0a41986185a090fb142c6c8195399e
FBXW7,Excitatory neurons,Ding et al. CellAge author-published marker mapping; HPA-derived,a0de4a124e0a41986185a090fb142c6c8195399e
CUX2,Excitatory neurons,Ding et al. CellAge author-published marker mapping; HPA-derived,a0de4a124e0a41986185a090fb142c6c8195399e
PHACTR1,Excitatory neurons,Ding et al. CellAge author-published marker mapping; HPA-derived,a0de4a124e0a41986185a090fb142c6c8195399e
PDE4D,Excitatory neurons,Ding et al. CellAge author-published marker mapping; HPA-derived,a0de4a124e0a41986185a090fb142c6c8195399e
UNC5A,Excitatory neurons,Ding et al. CellAge author-published marker mapping; HPA-derived,a0de4a124e0a41986185a090fb142c6c8195399e
EPHA4,Excitatory neurons,Ding et al. CellAge author-published marker mapping; HPA-derived,a0de4a124e0a41986185a090fb142c6c8195399e
SLC8A2,Excitatory neurons,Ding et al. CellAge author-published marker mapping; HPA-derived,a0de4a124e0a41986185a090fb142c6c8195399e
OLFM3,Excitatory neurons,Ding et al. CellAge author-published marker mapping; HPA-derived,a0de4a124e0a41986185a090fb142c6c8195399e
SATB2,Excitatory neurons,Ding et al. CellAge author-published marker mapping; HPA-derived,a0de4a124e0a41986185a090fb142c6c8195399e
HS3ST2,Excitatory neurons,Ding et al. CellAge author-published marker mapping; HPA-derived,a0de4a124e0a41986185a090fb142c6c8195399e
CHN1,Excitatory neurons,Ding et al. CellAge author-published marker mapping; HPA-derived,a0de4a124e0a41986185a090fb142c6c8195399e
ANO3,Excitatory neurons,Ding et al. CellAge author-published marker mapping; HPA-derived,a0de4a124e0a41986185a090fb142c6c8195399e
TMEM241,Excitatory neurons,Ding et al. CellAge author-published marker mapping; HPA-derived,a0de4a124e0a41986185a090fb142c6c8195399e
KCTD1,Excitatory neurons,Ding et al. CellAge author-published marker mapping; HPA-derived,a0de4a124e0a41986185a090fb142c6c8195399e
KCNH3,Excitatory neurons,Ding et al. CellAge author-published marker mapping; HPA-derived,a0de4a124e0a41986185a090fb142c6c8195399e
FGF5,Excitatory neurons,Ding et al. CellAge author-published marker mapping; HPA-derived,a0de4a124e0a41986185a090fb142c6c8195399e
PPP3CA,Excitatory neurons,Ding et al. CellAge author-published marker mapping; HPA-derived,a0de4a124e0a41986185a090fb142c6c8195399e
PRICKLE1,Excitatory neurons,Ding et al. CellAge author-published marker mapping; HPA-derived,a0de4a124e0a41986185a090fb142c6c8195399e
KCNH5,Excitatory neurons,Ding et al. CellAge author-published marker mapping; HPA-derived,a0de4a124e0a41986185a090fb142c6c8195399e
CBLN2,Excitatory neurons,Ding et al. CellAge author-published marker mapping; HPA-derived,a0de4a124e0a41986185a090fb142c6c8195399e
KCNH1,Excitatory neurons,Ding et al. CellAge author-published marker mapping; HPA-derived,a0de4a124e0a41986185a090fb142c6c8195399e
STXBP5L,Excitatory neurons,Ding et al. CellAge author-published marker mapping; HPA-derived,a0de4a124e0a41986185a090fb142c6c8195399e
ADAMTS16,Excitatory neurons,Ding et al. CellAge author-published marker mapping; HPA-derived,a0de4a124e0a41986185a090fb142c6c8195399e
CDH22,Excitatory neurons,Ding et al. CellAge author-published marker mapping; HPA-derived,a0de4a124e0a41986185a090fb142c6c8195399e
CNKSR2,Excitatory neurons,Ding et al. CellAge author-published marker mapping; HPA-derived,a0de4a124e0a41986185a090fb142c6c8195399e
MKX,Excitatory neurons,Ding et al. CellAge author-published marker mapping; HPA-derived,a0de4a124e0a41986185a090fb142c6c8195399e
MCHR2,Excitatory neurons,Ding et al. CellAge author-published marker mapping; HPA-derived,a0de4a124e0a41986185a090fb142c6c8195399e
HOMER1,Excitatory neurons,Ding et al. CellAge author-published marker mapping; HPA-derived,a0de4a124e0a41986185a090fb142c6c8195399e
NRGN,Excitatory neurons,Ding et al. CellAge author-published marker mapping; HPA-derived,a0de4a124e0a41986185a090fb142c6c8195399e
NRG1,Excitatory neurons,Ding et al. CellAge author-published marker mapping; HPA-derived,a0de4a124e0a41986185a090fb142c6c8195399e
CLSTN2,Excitatory neurons,Ding et al. CellAge author-published marker mapping; HPA-derived,a0de4a124e0a41986185a090fb142c6c8195399e
KALRN,Excitatory neurons,Ding et al. CellAge author-published marker mapping; HPA-derived,a0de4a124e0a41986185a090fb142c6c8195399e
COL26A1,Excitatory neurons,Ding et al. CellAge author-published marker mapping; HPA-derived,a0de4a124e0a41986185a090fb142c6c8195399e
GRM2,Excitatory neurons,Ding et al. CellAge author-published marker mapping; HPA-derived,a0de4a124e0a41986185a090fb142c6c8195399e
NDST3,Excitatory neurons,Ding et al. CellAge author-published marker mapping; HPA-derived,a0de4a124e0a41986185a090fb142c6c8195399e
NEUROD6,Excitatory neurons,Ding et al. CellAge author-published marker mapping; HPA-derived,a0de4a124e0a41986185a090fb142c6c8195399e
BMPER,Excitatory neurons,Ding et al. CellAge author-published marker mapping; HPA-derived,a0de4a124e0a41986185a090fb142c6c8195399e
KCNV1,Excitatory neurons,Ding et al. CellAge author-published marker mapping; HPA-derived,a0de4a124e0a41986185a090fb142c6c8195399e
OR1Q1,Excitatory neurons,Ding et al. CellAge author-published marker mapping; HPA-derived,a0de4a124e0a41986185a090fb142c6c8195399e
GABRB3,Excitatory neurons,Ding et al. CellAge author-published marker mapping; HPA-derived,a0de4a124e0a41986185a090fb142c6c8195399e
PRKCB,Excitatory neurons,Ding et al. CellAge author-published marker mapping; HPA-derived,a0de4a124e0a41986185a090fb142c6c8195399e
LDB2,Excitatory neurons,Ding et al. CellAge author-published marker mapping; HPA-derived,a0de4a124e0a41986185a090fb142c6c8195399e
COL24A1,Excitatory neurons,Ding et al. CellAge author-published marker mapping; HPA-derived,a0de4a124e0a41986185a090fb142c6c8195399e
GAP43,Excitatory neurons,Ding et al. CellAge author-published marker mapping; HPA-derived,a0de4a124e0a41986185a090fb142c6c8195399e
NWD2,Excitatory neurons,Ding et al. CellAge author-published marker mapping; HPA-derived,a0de4a124e0a41986185a090fb142c6c8195399e
GLIS1,Excitatory neurons,Ding et al. CellAge author-published marker mapping; HPA-derived,a0de4a124e0a41986185a090fb142c6c8195399e
CREG2,Excitatory neurons,Ding et al. CellAge author-published marker mapping; HPA-derived,a0de4a124e0a41986185a090fb142c6c8195399e
TCERG1L,Excitatory neurons,Ding et al. CellAge author-published marker mapping; HPA-derived,a0de4a124e0a41986185a090fb142c6c8195399e
OR2T8,Excitatory neurons,Ding et al. CellAge author-published marker mapping; HPA-derived,a0de4a124e0a41986185a090fb142c6c8195399e
ADAMTSL1,Excitatory neurons,Ding et al. CellAge author-published marker mapping; HPA-derived,a0de4a124e0a41986185a090fb142c6c8195399e
HTR1F,Excitatory neurons,Ding et al. CellAge author-published marker mapping; HPA-derived,a0de4a124e0a41986185a090fb142c6c8195399e
C3ORF80,Excitatory neurons,Ding et al. CellAge author-published marker mapping; HPA-derived,a0de4a124e0a41986185a090fb142c6c8195399e
OR52N4,Excitatory neurons,Ding et al. CellAge author-published marker mapping; HPA-derived,a0de4a124e0a41986185a090fb142c6c8195399e
C4ORF50,Excitatory neurons,Ding et al. CellAge author-published marker mapping; HPA-derived,a0de4a124e0a41986185a090fb142c6c8195399e
ZNF804B,Excitatory neurons,Ding et al. CellAge author-published marker mapping; HPA-derived,a0de4a124e0a41986185a090fb142c6c8195399e
KCNK4,Excitatory neurons,Ding et al. CellAge author-published marker mapping; HPA-derived,a0de4a124e0a41986185a090fb142c6c8195399e
FREM3,Excitatory neurons,Ding et al. CellAge author-published marker mapping; HPA-derived,a0de4a124e0a41986185a090fb142c6c8195399e
SLC35F3,Excitatory neurons,Ding et al. CellAge author-published marker mapping; HPA-derived,a0de4a124e0a41986185a090fb142c6c8195399e
EFNA5,Excitatory neurons,Ding et al. CellAge author-published marker mapping; HPA-derived,a0de4a124e0a41986185a090fb142c6c8195399e
NELL2,Excitatory neurons,Ding et al. CellAge author-published marker mapping; HPA-derived,a0de4a124e0a41986185a090fb142c6c8195399e
RALYL,Excitatory neurons,Ding et al. CellAge author-published marker mapping; HPA-derived,a0de4a124e0a41986185a090fb142c6c8195399e
SV2B,Excitatory neurons,Ding et al. CellAge author-published marker mapping; HPA-derived,a0de4a124e0a41986185a090fb142c6c8195399e
KCNQ5,Excitatory neurons,Ding et al. CellAge author-published marker mapping; HPA-derived,a0de4a124e0a41986185a090fb142c6c8195399e
CALHM1,Excitatory neurons,Ding et al. CellAge author-published marker mapping; HPA-derived,a0de4a124e0a41986185a090fb142c6c8195399e
MRTFB,Excitatory neurons,Ding et al. CellAge author-published marker mapping; HPA-derived,a0de4a124e0a41986185a090fb142c6c8195399e
OR9Q1,Excitatory neurons,Ding et al. CellAge author-published marker mapping; HPA-derived,a0de4a124e0a41986185a090fb142c6c8195399e
SLIT1,Excitatory neurons,Ding et al. CellAge author-published marker mapping; HPA-derived,a0de4a124e0a41986185a090fb142c6c8195399e
OR14I1,Excitatory neurons,Ding et al. CellAge author-published marker mapping; HPA-derived,a0de4a124e0a41986185a090fb142c6c8195399e
CPNE4,Excitatory neurons,Ding et al. CellAge author-published marker mapping; HPA-derived,a0de4a124e0a41986185a090fb142c6c8195399e
CRACDL,Excitatory neurons,Ding et al. CellAge author-published marker mapping; HPA-derived,a0de4a124e0a41986185a090fb142c6c8195399e
OR1J2,Excitatory neurons,Ding et al. CellAge author-published marker mapping; HPA-derived,a0de4a124e0a41986185a090fb142c6c8195399e
BTNL2,Excitatory neurons,Ding et al. CellAge author-published marker mapping; HPA-derived,a0de4a124e0a41986185a090fb142c6c8195399e
FXYD7,Excitatory neurons,Ding et al. CellAge author-published marker mapping; HPA-derived,a0de4a124e0a41986185a090fb142c6c8195399e
ANKRD63,Excitatory neurons,Ding et al. CellAge author-published marker mapping; HPA-derived,a0de4a124e0a41986185a090fb142c6c8195399e
CPA1,Exocrine glandular cells,Ding et al. CellAge author-published marker mapping; HPA-derived,a0de4a124e0a41986185a090fb142c6c8195399e
OLFM4,Exocrine glandular cells,Ding et al. CellAge author-published marker mapping; HPA-derived,a0de4a124e0a41986185a090fb142c6c8195399e
REG1A,Exocrine glandular cells,Ding et al. CellAge author-published marker mapping; HPA-derived,a0de4a124e0a41986185a090fb142c6c8195399e
FBXO2,Exocrine glandular cells,Ding et al. CellAge author-published marker mapping; HPA-derived,a0de4a124e0a41986185a090fb142c6c8195399e
CPA4,Exocrine glandular cells,Ding et al. CellAge author-published marker mapping; HPA-derived,a0de4a124e0a41986185a090fb142c6c8195399e
CLPS,Exocrine glandular cells,Ding et al. CellAge author-published marker mapping; HPA-derived,a0de4a124e0a41986185a090fb142c6c8195399e
CUZD1,Exocrine glandular cells,Ding et al. CellAge author-published marker mapping; HPA-derived,a0de4a124e0a41986185a090fb142c6c8195399e
CELA1,Exocrine glandular cells,Ding et al. CellAge author-published marker mapping; HPA-derived,a0de4a124e0a41986185a090fb142c6c8195399e
CTRL,Exocrine glandular cells,Ding et al. CellAge author-published marker mapping; HPA-derived,a0de4a124e0a41986185a090fb142c6c8195399e
CELA2A,Exocrine glandular cells,Ding et al. CellAge author-published marker mapping; HPA-derived,a0de4a124e0a41986185a090fb142c6c8195399e
CELA3A,Exocrine glandular cells,Ding et al. CellAge author-published marker mapping; HPA-derived,a0de4a124e0a41986185a090fb142c6c8195399e
REG3G,Exocrine glandular cells,Ding et al. CellAge author-published marker mapping; HPA-derived,a0de4a124e0a41986185a090fb142c6c8195399e
CPB1,Exocrine glandular cells,Ding et al. CellAge author-published marker mapping; HPA-derived,a0de4a124e0a41986185a090fb142c6c8195399e
CPA2,Exocrine glandular cells,Ding et al. CellAge author-published marker mapping; HPA-derived,a0de4a124e0a41986185a090fb142c6c8195399e
CTRC,Exocrine glandular cells,Ding et al. CellAge author-published marker mapping; HPA-derived,a0de4a124e0a41986185a090fb142c6c8195399e
SPINK1,Exocrine glandular cells,Ding et al. CellAge author-published marker mapping; HPA-derived,a0de4a124e0a41986185a090fb142c6c8195399e
HTR3A,Exocrine glandular cells,Ding et al. CellAge author-published marker mapping; HPA-derived,a0de4a124e0a41986185a090fb142c6c8195399e
CTRB1,Exocrine glandular cells,Ding et al. CellAge author-published marker mapping; HPA-derived,a0de4a124e0a41986185a090fb142c6c8195399e
CTRB2,Exocrine glandular cells,Ding et al. CellAge author-published marker mapping; HPA-derived,a0de4a124e0a41986185a090fb142c6c8195399e
PLA2G1B,Exocrine glandular cells,Ding et al. CellAge author-published marker mapping; HPA-derived,a0de4a124e0a41986185a090fb142c6c8195399e
REG3A,Exocrine glandular cells,Ding et al. CellAge author-published marker mapping; HPA-derived,a0de4a124e0a41986185a090fb142c6c8195399e
REG1B,Exocrine glandular cells,Ding et al. CellAge author-published marker mapping; HPA-derived,a0de4a124e0a41986185a090fb142c6c8195399e
PNLIP,Exocrine glandular cells,Ding et al. CellAge author-published marker mapping; HPA-derived,a0de4a124e0a41986185a090fb142c6c8195399e
SYCN,Exocrine glandular cells,Ding et al. CellAge author-published marker mapping; HPA-derived,a0de4a124e0a41986185a090fb142c6c8195399e
PDIA2,Exocrine glandular cells,Ding et al. CellAge author-published marker mapping; HPA-derived,a0de4a124e0a41986185a090fb142c6c8195399e
PNLIPRP1,Exocrine glandular cells,Ding et al. CellAge author-published marker mapping; HPA-derived,a0de4a124e0a41986185a090fb142c6c8195399e
CLPSL1,Exocrine glandular cells,Ding et al. CellAge author-published marker mapping; HPA-derived,a0de4a124e0a41986185a090fb142c6c8195399e
PRSS1,Exocrine glandular cells,Ding et al. CellAge author-published marker mapping; HPA-derived,a0de4a124e0a41986185a090fb142c6c8195399e
CELA2B,Exocrine glandular cells,Ding et al. CellAge author-published marker mapping; HPA-derived,a0de4a124e0a41986185a090fb142c6c8195399e
CELA3B,Exocrine glandular cells,Ding et al. CellAge author-published marker mapping; HPA-derived,a0de4a124e0a41986185a090fb142c6c8195399e
PGA4,Exocrine glandular cells,Ding et al. CellAge author-published marker mapping; HPA-derived,a0de4a124e0a41986185a090fb142c6c8195399e
AMY2A,Exocrine glandular cells,Ding et al. CellAge author-published marker mapping; HPA-derived,a0de4a124e0a41986185a090fb142c6c8195399e
PGA5,Exocrine glandular cells,Ding et al. CellAge author-published marker mapping; HPA-derived,a0de4a124e0a41986185a090fb142c6c8195399e
PRSS2,Exocrine glandular cells,Ding et al. CellAge author-published marker mapping; HPA-derived,a0de4a124e0a41986185a090fb142c6c8195399e
MYOC,Fibroblasts,Ding et al. CellAge author-published marker mapping; HPA-derived,a0de4a124e0a41986185a090fb142c6c8195399e
LHX5,Fibroblasts,Ding et al. CellAge author-published marker mapping; HPA-derived,a0de4a124e0a41986185a090fb142c6c8195399e
SRPX,Fibroblasts,Ding et al. CellAge author-published marker mapping; HPA-derived,a0de4a124e0a41986185a090fb142c6c8195399e
CCN4,Fibroblasts,Ding et al. CellAge author-published marker mapping; HPA-derived,a0de4a124e0a41986185a090fb142c6c8195399e
ANGPTL2,Fibroblasts,Ding et al. CellAge author-published marker mapping; HPA-derived,a0de4a124e0a41986185a090fb142c6c8195399e
MMP27,Fibroblasts,Ding et al. CellAge author-published marker mapping; HPA-derived,a0de4a124e0a41986185a090fb142c6c8195399e
KERA,Fibroblasts,Ding et al. CellAge author-published marker mapping; HPA-derived,a0de4a124e0a41986185a090fb142c6c8195399e
FGF7,Fibroblasts,Ding et al. CellAge author-published marker mapping; HPA-derived,a0de4a124e0a41986185a090fb142c6c8195399e
COL6A2,Fibroblasts,Ding et al. CellAge author-published marker mapping; HPA-derived,a0de4a124e0a41986185a090fb142c6c8195399e
CTSK,Fibroblasts,Ding et al. CellAge author-published marker mapping; HPA-derived,a0de4a124e0a41986185a090fb142c6c8195399e
SFRP2,Fibroblasts,Ding et al. CellAge author-published marker mapping; HPA-derived,a0de4a124e0a41986185a090fb142c6c8195399e
GPC3,Fibroblasts,Ding et al. CellAge author-published marker mapping; HPA-derived,a0de4a124e0a41986185a090fb142c6c8195399e
GSN,Fibroblasts,Ding et al. CellAge author-published marker mapping; HPA-derived,a0de4a124e0a41986185a090fb142c6c8195399e
FCN2,Fibroblasts,Ding et al. CellAge author-published marker mapping; HPA-derived,a0de4a124e0a41986185a090fb142c6c8195399e
COL6A3,Fibroblasts,Ding et al. CellAge author-published marker mapping; HPA-derived,a0de4a124e0a41986185a090fb142c6c8195399e
FNDC1,Fibroblasts,Ding et al. CellAge author-published marker mapping; HPA-derived,a0de4a124e0a41986185a090fb142c6c8195399e
CTHRC1,Fibroblasts,Ding et al. CellAge author-published marker mapping; HPA-derived,a0de4a124e0a41986185a090fb142c6c8195399e
VEGFD,Fibroblasts,Ding et al. CellAge author-published marker mapping; HPA-derived,a0de4a124e0a41986185a090fb142c6c8195399e
CLEC1B,Fibroblasts,Ding et al. CellAge author-published marker mapping; HPA-derived,a0de4a124e0a41986185a090fb142c6c8195399e
MFAP4,Fibroblasts,Ding et al. CellAge author-published marker mapping; HPA-derived,a0de4a124e0a41986185a090fb142c6c8195399e
HTRA3,Fibroblasts,Ding et al. CellAge author-published marker mapping; HPA-derived,a0de4a124e0a41986185a090fb142c6c8195399e
CCL11,Fibroblasts,Ding et al. CellAge author-published marker mapping; HPA-derived,a0de4a124e0a41986185a090fb142c6c8195399e
KRTAP13-4,Fibroblasts,Ding et al. CellAge author-published marker mapping; HPA-derived,a0de4a124e0a41986185a090fb142c6c8195399e
APOD,Fibroblasts,Ding et al. CellAge author-published marker mapping; HPA-derived,a0de4a124e0a41986185a090fb142c6c8195399e
FGF16,Fibroblasts,Ding et al. CellAge author-published marker mapping; HPA-derived,a0de4a124e0a41986185a090fb142c6c8195399e
FAM180B,Fibroblasts,Ding et al. CellAge author-published marker mapping; HPA-derived,a0de4a124e0a41986185a090fb142c6c8195399e
MAP1LC3C,Fibroblasts,Ding et al. CellAge author-published marker mapping; HPA-derived,a0de4a124e0a41986185a090fb142c6c8195399e
COL6A6,Fibroblasts,Ding et al. CellAge author-published marker mapping; HPA-derived,a0de4a124e0a41986185a090fb142c6c8195399e
OSBPL7,Gastric mucus-secreting cells,Ding et al. CellAge author-published marker mapping; HPA-derived,a0de4a124e0a41986185a090fb142c6c8195399e
SRCAP,Gastric mucus-secreting cells,Ding et al. CellAge author-published marker mapping; HPA-derived,a0de4a124e0a41986185a090fb142c6c8195399e
SLC9A1,Gastric mucus-secreting cells,Ding et al. CellAge author-published marker mapping; HPA-derived,a0de4a124e0a41986185a090fb142c6c8195399e
PGC,Gastric mucus-secreting cells,Ding et al. CellAge author-published marker mapping; HPA-derived,a0de4a124e0a41986185a090fb142c6c8195399e
VSIG1,Gastric mucus-secreting cells,Ding et al. CellAge author-published marker mapping; HPA-derived,a0de4a124e0a41986185a090fb142c6c8195399e
MLNR,Gastric mucus-secreting cells,Ding et al. CellAge author-published marker mapping; HPA-derived,a0de4a124e0a41986185a090fb142c6c8195399e
SLC5A5,Gastric mucus-secreting cells,Ding et al. CellAge author-published marker mapping; HPA-derived,a0de4a124e0a41986185a090fb142c6c8195399e
ATP4A,Gastric mucus-secreting cells,Ding et al. CellAge author-published marker mapping; HPA-derived,a0de4a124e0a41986185a090fb142c6c8195399e
ANXA10,Gastric mucus-secreting cells,Ding et al. CellAge author-published marker mapping; HPA-derived,a0de4a124e0a41986185a090fb142c6c8195399e
A4GNT,Gastric mucus-secreting cells,Ding et al. CellAge author-published marker mapping; HPA-derived,a0de4a124e0a41986185a090fb142c6c8195399e
SRMS,Gastric mucus-secreting cells,Ding et al. CellAge author-published marker mapping; HPA-derived,a0de4a124e0a41986185a090fb142c6c8195399e
CBLIF,Gastric mucus-secreting cells,Ding et al. CellAge author-published marker mapping; HPA-derived,a0de4a124e0a41986185a090fb142c6c8195399e
DDX60,Gastric mucus-secreting cells,Ding et al. CellAge author-published marker mapping; HPA-derived,a0de4a124e0a41986185a090fb142c6c8195399e
TAAR1,Gastric mucus-secreting cells,Ding et al. CellAge author-published marker mapping; HPA-derived,a0de4a124e0a41986185a090fb142c6c8195399e
GPR119,Gastric mucus-secreting cells,Ding et al. CellAge author-published marker mapping; HPA-derived,a0de4a124e0a41986185a090fb142c6c8195399e
GHRL,Gastric mucus-secreting cells,Ding et al. CellAge author-published marker mapping; HPA-derived,a0de4a124e0a41986185a090fb142c6c8195399e
KCNE2,Gastric mucus-secreting cells,Ding et al. CellAge author-published marker mapping; HPA-derived,a0de4a124e0a41986185a090fb142c6c8195399e
TFF2,Gastric mucus-secreting cells,Ding et al. CellAge author-published marker mapping; HPA-derived,a0de4a124e0a41986185a090fb142c6c8195399e
TFF1,Gastric mucus-secreting cells,Ding et al. CellAge author-published marker mapping; HPA-derived,a0de4a124e0a41986185a090fb142c6c8195399e
CCKAR,Gastric mucus-secreting cells,Ding et al. CellAge author-published marker mapping; HPA-derived,a0de4a124e0a41986185a090fb142c6c8195399e
MST1R,Gastric mucus-secreting cells,Ding et al. CellAge author-published marker mapping; HPA-derived,a0de4a124e0a41986185a090fb142c6c8195399e
RASEF,Gastric mucus-secreting cells,Ding et al. CellAge author-published marker mapping; HPA-derived,a0de4a124e0a41986185a090fb142c6c8195399e
OR2D2,Gastric mucus-secreting cells,Ding et al. CellAge author-published marker mapping; HPA-derived,a0de4a124e0a41986185a090fb142c6c8195399e
PSCA,Gastric mucus-secreting cells,Ding et al. CellAge author-published marker mapping; HPA-derived,a0de4a124e0a41986185a090fb142c6c8195399e
MUCL3,Gastric mucus-secreting cells,Ding et al. CellAge author-published marker mapping; HPA-derived,a0de4a124e0a41986185a090fb142c6c8195399e
RASSF6,Gastric mucus-secreting cells,Ding et al. CellAge author-published marker mapping; HPA-derived,a0de4a124e0a41986185a090fb142c6c8195399e
GKN1,Gastric mucus-secreting cells,Ding et al. CellAge author-published marker mapping; HPA-derived,a0de4a124e0a41986185a090fb142c6c8195399e
LGALS9C,Gastric mucus-secreting cells,Ding et al. CellAge author-published marker mapping; HPA-derived,a0de4a124e0a41986185a090fb142c6c8195399e
ACER2,Gastric mucus-secreting cells,Ding et al. CellAge author-published marker mapping; HPA-derived,a0de4a124e0a41986185a090fb142c6c8195399e
PSAPL1,Gastric mucus-secreting cells,Ding et al. CellAge author-published marker mapping; HPA-derived,a0de4a124e0a41986185a090fb142c6c8195399e
RFLNA,Gastric mucus-secreting cells,Ding et al. CellAge author-published marker mapping; HPA-derived,a0de4a124e0a41986185a090fb142c6c8195399e
SLC9A4,Gastric mucus-secreting cells,Ding et al. CellAge author-published marker mapping; HPA-derived,a0de4a124e0a41986185a090fb142c6c8195399e
LIPF,Gastric mucus-secreting cells,Ding et al. CellAge author-published marker mapping; HPA-derived,a0de4a124e0a41986185a090fb142c6c8195399e
H3C13,Gastric mucus-secreting cells,Ding et al. CellAge author-published marker mapping; HPA-derived,a0de4a124e0a41986185a090fb142c6c8195399e
GKN2,Gastric mucus-secreting cells,Ding et al. CellAge author-published marker mapping; HPA-derived,a0de4a124e0a41986185a090fb142c6c8195399e
C6ORF58,Gastric mucus-secreting cells,Ding et al. CellAge author-published marker mapping; HPA-derived,a0de4a124e0a41986185a090fb142c6c8195399e
ATP4B,Gastric mucus-secreting cells,Ding et al. CellAge author-published marker mapping; HPA-derived,a0de4a124e0a41986185a090fb142c6c8195399e
MAGED4B,Gastric mucus-secreting cells,Ding et al. CellAge author-published marker mapping; HPA-derived,a0de4a124e0a41986185a090fb142c6c8195399e
DAZ1,Gastric mucus-secreting cells,Ding et al. CellAge author-published marker mapping; HPA-derived,a0de4a124e0a41986185a090fb142c6c8195399e
IL17REL,Gastric mucus-secreting cells,Ding et al. CellAge author-published marker mapping; HPA-derived,a0de4a124e0a41986185a090fb142c6c8195399e
H3C12,Gastric mucus-secreting cells,Ding et al. CellAge author-published marker mapping; HPA-derived,a0de4a124e0a41986185a090fb142c6c8195399e
SULT1C2,Gastric mucus-secreting cells,Ding et al. CellAge author-published marker mapping; HPA-derived,a0de4a124e0a41986185a090fb142c6c8195399e
CAPN8,Gastric mucus-secreting cells,Ding et al. CellAge author-published marker mapping; HPA-derived,a0de4a124e0a41986185a090fb142c6c8195399e
NPY4R,Gastric mucus-secreting cells,Ding et al. CellAge author-published marker mapping; HPA-derived,a0de4a124e0a41986185a090fb142c6c8195399e
DAZ4,Gastric mucus-secreting cells,Ding et al. CellAge author-published marker mapping; HPA-derived,a0de4a124e0a41986185a090fb142c6c8195399e
DAZ2,Gastric mucus-secreting cells,Ding et al. CellAge author-published marker mapping; HPA-derived,a0de4a124e0a41986185a090fb142c6c8195399e
MUC5AC,Gastric mucus-secreting cells,Ding et al. CellAge author-published marker mapping; HPA-derived,a0de4a124e0a41986185a090fb142c6c8195399e
PGA3,Gastric mucus-secreting cells,Ding et al. CellAge author-published marker mapping; HPA-derived,a0de4a124e0a41986185a090fb142c6c8195399e
KRTAP10-11,Gastric mucus-secreting cells,Ding et al. CellAge author-published marker mapping; HPA-derived,a0de4a124e0a41986185a090fb142c6c8195399e
OMP,Gastric mucus-secreting cells,Ding et al. CellAge author-published marker mapping; HPA-derived,a0de4a124e0a41986185a090fb142c6c8195399e
GALNT4,Gastric mucus-secreting cells,Ding et al. CellAge author-published marker mapping; HPA-derived,a0de4a124e0a41986185a090fb142c6c8195399e
ENSG00000258472,Gastric mucus-secreting cells,Ding et al. CellAge author-published marker mapping; HPA-derived,a0de4a124e0a41986185a090fb142c6c8195399e
ENSG00000259171,Gastric mucus-secreting cells,Ding et al. CellAge author-published marker mapping; HPA-derived,a0de4a124e0a41986185a090fb142c6c8195399e
NPY4R2,Gastric mucus-secreting cells,Ding et al. CellAge author-published marker mapping; HPA-derived,a0de4a124e0a41986185a090fb142c6c8195399e
H3-7,Gastric mucus-secreting cells,Ding et al. CellAge author-published marker mapping; HPA-derived,a0de4a124e0a41986185a090fb142c6c8195399e
H4C13,Gastric mucus-secreting cells,Ding et al. CellAge author-published marker mapping; HPA-derived,a0de4a124e0a41986185a090fb142c6c8195399e
H3C11,Gastric mucus-secreting cells,Ding et al. CellAge author-published marker mapping; HPA-derived,a0de4a124e0a41986185a090fb142c6c8195399e
H3C1,Gastric mucus-secreting cells,Ding et al. CellAge author-published marker mapping; HPA-derived,a0de4a124e0a41986185a090fb142c6c8195399e
H2BC3,Gastric mucus-secreting cells,Ding et al. CellAge author-published marker mapping; HPA-derived,a0de4a124e0a41986185a090fb142c6c8195399e
H4C4,Gastric mucus-secreting cells,Ding et al. CellAge author-published marker mapping; HPA-derived,a0de4a124e0a41986185a090fb142c6c8195399e
H4C1,Gastric mucus-secreting cells,Ding et al. CellAge author-published marker mapping; HPA-derived,a0de4a124e0a41986185a090fb142c6c8195399e
H2AC17,Gastric mucus-secreting cells,Ding et al. CellAge author-published marker mapping; HPA-derived,a0de4a124e0a41986185a090fb142c6c8195399e
H4C2,Gastric mucus-secreting cells,Ding et al. CellAge author-published marker mapping; HPA-derived,a0de4a124e0a41986185a090fb142c6c8195399e
PERCC1,Gastric mucus-secreting cells,Ding et al. CellAge author-published marker mapping; HPA-derived,a0de4a124e0a41986185a090fb142c6c8195399e
SMIM38,Gastric mucus-secreting cells,Ding et al. CellAge author-published marker mapping; HPA-derived,a0de4a124e0a41986185a090fb142c6c8195399e
ENSG00000285188,Gastric mucus-secreting cells,Ding et al. CellAge author-published marker mapping; HPA-derived,a0de4a124e0a41986185a090fb142c6c8195399e
TMEM101,Glandular and luminal cells,Ding et al. CellAge author-published marker mapping; HPA-derived,a0de4a124e0a41986185a090fb142c6c8195399e
GABRP,Glandular and luminal cells,Ding et al. CellAge author-published marker mapping; HPA-derived,a0de4a124e0a41986185a090fb142c6c8195399e
APOL1,Glandular and luminal cells,Ding et al. CellAge author-published marker mapping; HPA-derived,a0de4a124e0a41986185a090fb142c6c8195399e
PAEP,Glandular and luminal cells,Ding et al. CellAge author-published marker mapping; HPA-derived,a0de4a124e0a41986185a090fb142c6c8195399e
SCGB1D2,Glandular and luminal cells,Ding et al. CellAge author-published marker mapping; HPA-derived,a0de4a124e0a41986185a090fb142c6c8195399e
SCGB2A1,Glandular and luminal cells,Ding et al. CellAge author-published marker mapping; HPA-derived,a0de4a124e0a41986185a090fb142c6c8195399e
PAPSS1,Glandular and luminal cells,Ding et al. CellAge author-published marker mapping; HPA-derived,a0de4a124e0a41986185a090fb142c6c8195399e
SLC26A7,Glandular and luminal cells,Ding et al. CellAge author-published marker mapping; HPA-derived,a0de4a124e0a41986185a090fb142c6c8195399e
RCAN1,Glandular and luminal cells,Ding et al. CellAge author-published marker mapping; HPA-derived,a0de4a124e0a41986185a090fb142c6c8195399e
MSX1,Glandular and luminal cells,Ding et al. CellAge author-published marker mapping; HPA-derived,a0de4a124e0a41986185a090fb142c6c8195399e
ARL5B,Glandular and luminal cells,Ding et al. CellAge author-published marker mapping; HPA-derived,a0de4a124e0a41986185a090fb142c6c8195399e
RIMKLB,Glandular and luminal cells,Ding et al. CellAge author-published marker mapping; HPA-derived,a0de4a124e0a41986185a090fb142c6c8195399e
MMP26,Glandular and luminal cells,Ding et al. CellAge author-published marker mapping; HPA-derived,a0de4a124e0a41986185a090fb142c6c8195399e
CDKN2AIP,Glandular and luminal cells,Ding et al. CellAge author-published marker mapping; HPA-derived,a0de4a124e0a41986185a090fb142c6c8195399e
LRATD2,Glandular and luminal cells,Ding et al. CellAge author-published marker mapping; HPA-derived,a0de4a124e0a41986185a090fb142c6c8195399e
STX18,Glandular and luminal cells,Ding et al. CellAge author-published marker mapping; HPA-derived,a0de4a124e0a41986185a090fb142c6c8195399e
OR5AU1,Glandular and luminal cells,Ding et al. CellAge author-published marker mapping; HPA-derived,a0de4a124e0a41986185a090fb142c6c8195399e
KRTAP4-4,Glandular and luminal cells,Ding et al. CellAge author-published marker mapping; HPA-derived,a0de4a124e0a41986185a090fb142c6c8195399e
HAP1,Glandular and luminal cells,Ding et al. CellAge author-published marker mapping; HPA-derived,a0de4a124e0a41986185a090fb142c6c8195399e
CLDN22,Glandular and luminal cells,Ding et al. CellAge author-published marker mapping; HPA-derived,a0de4a124e0a41986185a090fb142c6c8195399e
OLIG3,Glandular and luminal cells,Ding et al. CellAge author-published marker mapping; HPA-derived,a0de4a124e0a41986185a090fb142c6c8195399e
RIPK4,Glandular and luminal cells,Ding et al. CellAge author-published marker mapping; HPA-derived,a0de4a124e0a41986185a090fb142c6c8195399e
IDO2,Glandular and luminal cells,Ding et al. CellAge author-published marker mapping; HPA-derived,a0de4a124e0a41986185a090fb142c6c8195399e
TLE1,Glandular and luminal cells,Ding et al. CellAge author-published marker mapping; HPA-derived,a0de4a124e0a41986185a090fb142c6c8195399e
KRTAP4-6,Glandular and luminal cells,Ding et al. CellAge author-published marker mapping; HPA-derived,a0de4a124e0a41986185a090fb142c6c8195399e
C2CD4A,Glandular and luminal cells,Ding et al. CellAge author-published marker mapping; HPA-derived,a0de4a124e0a41986185a090fb142c6c8195399e
POU5F1,Glandular and luminal cells,Ding et al. CellAge author-published marker mapping; HPA-derived,a0de4a124e0a41986185a090fb142c6c8195399e
KRTAP4-8,Glandular and luminal cells,Ding et al. CellAge author-published marker mapping; HPA-derived,a0de4a124e0a41986185a090fb142c6c8195399e
KRTAP4-9,Glandular and luminal cells,Ding et al. CellAge author-published marker mapping; HPA-derived,a0de4a124e0a41986185a090fb142c6c8195399e
POU5F1B,Glandular and luminal cells,Ding et al. CellAge author-published marker mapping; HPA-derived,a0de4a124e0a41986185a090fb142c6c8195399e
KRTAP4-7,Glandular and luminal cells,Ding et al. CellAge author-published marker mapping; HPA-derived,a0de4a124e0a41986185a090fb142c6c8195399e
PABPC4L,Glandular and luminal cells,Ding et al. CellAge author-published marker mapping; HPA-derived,a0de4a124e0a41986185a090fb142c6c8195399e
DDX52,Glandular and luminal cells,Ding et al. CellAge author-published marker mapping; HPA-derived,a0de4a124e0a41986185a090fb142c6c8195399e
CFH,Hepatocytes,Ding et al. CellAge author-published marker mapping; HPA-derived,a0de4a124e0a41986185a090fb142c6c8195399e
PON1,Hepatocytes,Ding et al. CellAge author-published marker mapping; HPA-derived,a0de4a124e0a41986185a090fb142c6c8195399e
ABCB4,Hepatocytes,Ding et al. CellAge author-published marker mapping; HPA-derived,a0de4a124e0a41986185a090fb142c6c8195399e
FMO3,Hepatocytes,Ding et al. CellAge author-published marker mapping; HPA-derived,a0de4a124e0a41986185a090fb142c6c8195399e
MGST1,Hepatocytes,Ding et al. CellAge author-published marker mapping; HPA-derived,a0de4a124e0a41986185a090fb142c6c8195399e
MASP2,Hepatocytes,Ding et al. CellAge author-published marker mapping; HPA-derived,a0de4a124e0a41986185a090fb142c6c8195399e
MLXIPL,Hepatocytes,Ding et al. CellAge author-published marker mapping; HPA-derived,a0de4a124e0a41986185a090fb142c6c8195399e
NPC1L1,Hepatocytes,Ding et al. CellAge author-published marker mapping; HPA-derived,a0de4a124e0a41986185a090fb142c6c8195399e
CPS1,Hepatocytes,Ding et al. CellAge author-published marker mapping; HPA-derived,a0de4a124e0a41986185a090fb142c6c8195399e
C8B,Hepatocytes,Ding et al. CellAge author-published marker mapping; HPA-derived,a0de4a124e0a41986185a090fb142c6c8195399e
ABCC2,Hepatocytes,Ding et al. CellAge author-published marker mapping; HPA-derived,a0de4a124e0a41986185a090fb142c6c8195399e
HSD17B6,Hepatocytes,Ding et al. CellAge author-published marker mapping; HPA-derived,a0de4a124e0a41986185a090fb142c6c8195399e
C6,Hepatocytes,Ding et al. CellAge author-published marker mapping; HPA-derived,a0de4a124e0a41986185a090fb142c6c8195399e
CP,Hepatocytes,Ding et al. CellAge author-published marker mapping; HPA-derived,a0de4a124e0a41986185a090fb142c6c8195399e
ITIH1,Hepatocytes,Ding et al. CellAge author-published marker mapping; HPA-derived,a0de4a124e0a41986185a090fb142c6c8195399e
F7,Hepatocytes,Ding et al. CellAge author-published marker mapping; HPA-derived,a0de4a124e0a41986185a090fb142c6c8195399e
DNAJC25,Hepatocytes,Ding et al. CellAge author-published marker mapping; HPA-derived,a0de4a124e0a41986185a090fb142c6c8195399e
NTHL1,Hepatocytes,Ding et al. CellAge author-published marker mapping; HPA-derived,a0de4a124e0a41986185a090fb142c6c8195399e
ACSM2B,Hepatocytes,Ding et al. CellAge author-published marker mapping; HPA-derived,a0de4a124e0a41986185a090fb142c6c8195399e
SPP2,Hepatocytes,Ding et al. CellAge author-published marker mapping; HPA-derived,a0de4a124e0a41986185a090fb142c6c8195399e
ABCB11,Hepatocytes,Ding et al. CellAge author-published marker mapping; HPA-derived,a0de4a124e0a41986185a090fb142c6c8195399e
AFM,Hepatocytes,Ding et al. CellAge author-published marker mapping; HPA-derived,a0de4a124e0a41986185a090fb142c6c8195399e
CPB2,Hepatocytes,Ding et al. CellAge author-published marker mapping; HPA-derived,a0de4a124e0a41986185a090fb142c6c8195399e
CFHR2,Hepatocytes,Ding et al. CellAge author-published marker mapping; HPA-derived,a0de4a124e0a41986185a090fb142c6c8195399e
HAL,Hepatocytes,Ding et al. CellAge author-published marker mapping; HPA-derived,a0de4a124e0a41986185a090fb142c6c8195399e
GCKR,Hepatocytes,Ding et al. CellAge author-published marker mapping; HPA-derived,a0de4a124e0a41986185a090fb142c6c8195399e
F11,Hepatocytes,Ding et al. CellAge author-published marker mapping; HPA-derived,a0de4a124e0a41986185a090fb142c6c8195399e
FETUB,Hepatocytes,Ding et al. CellAge author-published marker mapping; HPA-derived,a0de4a124e0a41986185a090fb142c6c8195399e
APOH,Hepatocytes,Ding et al. CellAge author-published marker mapping; HPA-derived,a0de4a124e0a41986185a090fb142c6c8195399e
IGFALS,Hepatocytes,Ding et al. CellAge author-published marker mapping; HPA-derived,a0de4a124e0a41986185a090fb142c6c8195399e
SERPIND1,Hepatocytes,Ding et al. CellAge author-published marker mapping; HPA-derived,a0de4a124e0a41986185a090fb142c6c8195399e
SLC10A1,Hepatocytes,Ding et al. CellAge author-published marker mapping; HPA-derived,a0de4a124e0a41986185a090fb142c6c8195399e
MTHFD1,Hepatocytes,Ding et al. CellAge author-published marker mapping; HPA-derived,a0de4a124e0a41986185a090fb142c6c8195399e
HAO1,Hepatocytes,Ding et al. CellAge author-published marker mapping; HPA-derived,a0de4a124e0a41986185a090fb142c6c8195399e
F9,Hepatocytes,Ding et al. CellAge author-published marker mapping; HPA-derived,a0de4a124e0a41986185a090fb142c6c8195399e
DHODH,Hepatocytes,Ding et al. CellAge author-published marker mapping; HPA-derived,a0de4a124e0a41986185a090fb142c6c8195399e
FGL1,Hepatocytes,Ding et al. CellAge author-published marker mapping; HPA-derived,a0de4a124e0a41986185a090fb142c6c8195399e
SULT2A1,Hepatocytes,Ding et al. CellAge author-published marker mapping; HPA-derived,a0de4a124e0a41986185a090fb142c6c8195399e
FGF21,Hepatocytes,Ding et al. CellAge author-published marker mapping; HPA-derived,a0de4a124e0a41986185a090fb142c6c8195399e
HAMP,Hepatocytes,Ding et al. CellAge author-published marker mapping; HPA-derived,a0de4a124e0a41986185a090fb142c6c8195399e
HPN,Hepatocytes,Ding et al. CellAge author-published marker mapping; HPA-derived,a0de4a124e0a41986185a090fb142c6c8195399e
PON3,Hepatocytes,Ding et al. CellAge author-published marker mapping; HPA-derived,a0de4a124e0a41986185a090fb142c6c8195399e
TFR2,Hepatocytes,Ding et al. CellAge author-published marker mapping; HPA-derived,a0de4a124e0a41986185a090fb142c6c8195399e
RARRES2,Hepatocytes,Ding et al. CellAge author-published marker mapping; HPA-derived,a0de4a124e0a41986185a090fb142c6c8195399e
C5,Hepatocytes,Ding et al. CellAge author-published marker mapping; HPA-derived,a0de4a124e0a41986185a090fb142c6c8195399e
AMBP,Hepatocytes,Ding et al. CellAge author-published marker mapping; HPA-derived,a0de4a124e0a41986185a090fb142c6c8195399e
PNPO,Hepatocytes,Ding et al. CellAge author-published marker mapping; HPA-derived,a0de4a124e0a41986185a090fb142c6c8195399e
VTN,Hepatocytes,Ding et al. CellAge author-published marker mapping; HPA-derived,a0de4a124e0a41986185a090fb142c6c8195399e
UGT2B10,Hepatocytes,Ding et al. CellAge author-published marker mapping; HPA-derived,a0de4a124e0a41986185a090fb142c6c8195399e
SC5D,Hepatocytes,Ding et al. CellAge author-published marker mapping; HPA-derived,a0de4a124e0a41986185a090fb142c6c8195399e
PUS3,Hepatocytes,Ding et al. CellAge author-published marker mapping; HPA-derived,a0de4a124e0a41986185a090fb142c6c8195399e
HPX,Hepatocytes,Ding et al. CellAge author-published marker mapping; HPA-derived,a0de4a124e0a41986185a090fb142c6c8195399e
APOA5,Hepatocytes,Ding et al. CellAge author-published marker mapping; HPA-derived,a0de4a124e0a41986185a090fb142c6c8195399e
APOC3,Hepatocytes,Ding et al. CellAge author-published marker mapping; HPA-derived,a0de4a124e0a41986185a090fb142c6c8195399e
SLCO1B3,Hepatocytes,Ding et al. CellAge author-published marker mapping; HPA-derived,a0de4a124e0a41986185a090fb142c6c8195399e
ALDH5A1,Hepatocytes,Ding et al. CellAge author-published marker mapping; HPA-derived,a0de4a124e0a41986185a090fb142c6c8195399e
SLC17A2,Hepatocytes,Ding et al. CellAge author-published marker mapping; HPA-derived,a0de4a124e0a41986185a090fb142c6c8195399e
ADGRG6,Hepatocytes,Ding et al. CellAge author-published marker mapping; HPA-derived,a0de4a124e0a41986185a090fb142c6c8195399e
C9,Hepatocytes,Ding et al. CellAge author-published marker mapping; HPA-derived,a0de4a124e0a41986185a090fb142c6c8195399e
EHHADH,Hepatocytes,Ding et al. CellAge author-published marker mapping; HPA-derived,a0de4a124e0a41986185a090fb142c6c8195399e
KNG1,Hepatocytes,Ding et al. CellAge author-published marker mapping; HPA-derived,a0de4a124e0a41986185a090fb142c6c8195399e
HRG,Hepatocytes,Ding et al. CellAge author-published marker mapping; HPA-derived,a0de4a124e0a41986185a090fb142c6c8195399e
BCHE,Hepatocytes,Ding et al. CellAge author-published marker mapping; HPA-derived,a0de4a124e0a41986185a090fb142c6c8195399e
HYAL1,Hepatocytes,Ding et al. CellAge author-published marker mapping; HPA-derived,a0de4a124e0a41986185a090fb142c6c8195399e
STEAP3,Hepatocytes,Ding et al. CellAge author-published marker mapping; HPA-derived,a0de4a124e0a41986185a090fb142c6c8195399e
GGCX,Hepatocytes,Ding et al. CellAge author-published marker mapping; HPA-derived,a0de4a124e0a41986185a090fb142c6c8195399e
PROC,Hepatocytes,Ding et al. CellAge author-published marker mapping; HPA-derived,a0de4a124e0a41986185a090fb142c6c8195399e
CTH,Hepatocytes,Ding et al. CellAge author-published marker mapping; HPA-derived,a0de4a124e0a41986185a090fb142c6c8195399e
CFHR3,Hepatocytes,Ding et al. CellAge author-published marker mapping; HPA-derived,a0de4a124e0a41986185a090fb142c6c8195399e
HSD11B1,Hepatocytes,Ding et al. CellAge author-published marker mapping; HPA-derived,a0de4a124e0a41986185a090fb142c6c8195399e
SERPINC1,Hepatocytes,Ding et al. CellAge author-published marker mapping; HPA-derived,a0de4a124e0a41986185a090fb142c6c8195399e
TTR,Hepatocytes,Ding et al. CellAge author-published marker mapping; HPA-derived,a0de4a124e0a41986185a090fb142c6c8195399e
ARG1,Hepatocytes,Ding et al. CellAge author-published marker mapping; HPA-derived,a0de4a124e0a41986185a090fb142c6c8195399e
FCF1,Hepatocytes,Ding et al. CellAge author-published marker mapping; HPA-derived,a0de4a124e0a41986185a090fb142c6c8195399e
CPN1,Hepatocytes,Ding et al. CellAge author-published marker mapping; HPA-derived,a0de4a124e0a41986185a090fb142c6c8195399e
RCL1,Hepatocytes,Ding et al. CellAge author-published marker mapping; HPA-derived,a0de4a124e0a41986185a090fb142c6c8195399e
ECHDC2,Hepatocytes,Ding et al. CellAge author-published marker mapping; HPA-derived,a0de4a124e0a41986185a090fb142c6c8195399e
A1BG,Hepatocytes,Ding et al. CellAge author-published marker mapping; HPA-derived,a0de4a124e0a41986185a090fb142c6c8195399e
PLG,Hepatocytes,Ding et al. CellAge author-published marker mapping; HPA-derived,a0de4a124e0a41986185a090fb142c6c8195399e
SERPINA7,Hepatocytes,Ding et al. CellAge author-published marker mapping; HPA-derived,a0de4a124e0a41986185a090fb142c6c8195399e
C4BPA,Hepatocytes,Ding et al. CellAge author-published marker mapping; HPA-derived,a0de4a124e0a41986185a090fb142c6c8195399e
C4BPB,Hepatocytes,Ding et al. CellAge author-published marker mapping; HPA-derived,a0de4a124e0a41986185a090fb142c6c8195399e
GNMT,Hepatocytes,Ding et al. CellAge author-published marker mapping; HPA-derived,a0de4a124e0a41986185a090fb142c6c8195399e
PLGLB2,Hepatocytes,Ding et al. CellAge author-published marker mapping; HPA-derived,a0de4a124e0a41986185a090fb142c6c8195399e
PROZ,Hepatocytes,Ding et al. CellAge author-published marker mapping; HPA-derived,a0de4a124e0a41986185a090fb142c6c8195399e
LBP,Hepatocytes,Ding et al. CellAge author-published marker mapping; HPA-derived,a0de4a124e0a41986185a090fb142c6c8195399e
ANGPTL8,Hepatocytes,Ding et al. CellAge author-published marker mapping; HPA-derived,a0de4a124e0a41986185a090fb142c6c8195399e
APOC1,Hepatocytes,Ding et al. CellAge author-published marker mapping; HPA-derived,a0de4a124e0a41986185a090fb142c6c8195399e
CYP2E1,Hepatocytes,Ding et al. CellAge author-published marker mapping; HPA-derived,a0de4a124e0a41986185a090fb142c6c8195399e
F12,Hepatocytes,Ding et al. CellAge author-published marker mapping; HPA-derived,a0de4a124e0a41986185a090fb142c6c8195399e
FMO5,Hepatocytes,Ding et al. CellAge author-published marker mapping; HPA-derived,a0de4a124e0a41986185a090fb142c6c8195399e
NR0B2,Hepatocytes,Ding et al. CellAge author-published marker mapping; HPA-derived,a0de4a124e0a41986185a090fb142c6c8195399e
CRP,Hepatocytes,Ding et al. CellAge author-published marker mapping; HPA-derived,a0de4a124e0a41986185a090fb142c6c8195399e
APCS,Hepatocytes,Ding et al. CellAge author-published marker mapping; HPA-derived,a0de4a124e0a41986185a090fb142c6c8195399e
ANGPTL3,Hepatocytes,Ding et al. CellAge author-published marker mapping; HPA-derived,a0de4a124e0a41986185a090fb142c6c8195399e
HMGCS2,Hepatocytes,Ding et al. CellAge author-published marker mapping; HPA-derived,a0de4a124e0a41986185a090fb142c6c8195399e
SAA2,Hepatocytes,Ding et al. CellAge author-published marker mapping; HPA-derived,a0de4a124e0a41986185a090fb142c6c8195399e
CFHR4,Hepatocytes,Ding et al. CellAge author-published marker mapping; HPA-derived,a0de4a124e0a41986185a090fb142c6c8195399e
CFHR5,Hepatocytes,Ding et al. CellAge author-published marker mapping; HPA-derived,a0de4a124e0a41986185a090fb142c6c8195399e
SLCO1B1,Hepatocytes,Ding et al. CellAge author-published marker mapping; HPA-derived,a0de4a124e0a41986185a090fb142c6c8195399e
SDS,Hepatocytes,Ding et al. CellAge author-published marker mapping; HPA-derived,a0de4a124e0a41986185a090fb142c6c8195399e
NMT1,Hepatocytes,Ding et al. CellAge author-published marker mapping; HPA-derived,a0de4a124e0a41986185a090fb142c6c8195399e
BAAT,Hepatocytes,Ding et al. CellAge author-published marker mapping; HPA-derived,a0de4a124e0a41986185a090fb142c6c8195399e
SLC22A7,Hepatocytes,Ding et al. CellAge author-published marker mapping; HPA-derived,a0de4a124e0a41986185a090fb142c6c8195399e
TTPA,Hepatocytes,Ding et al. CellAge author-published marker mapping; HPA-derived,a0de4a124e0a41986185a090fb142c6c8195399e
CYP2C9,Hepatocytes,Ding et al. CellAge author-published marker mapping; HPA-derived,a0de4a124e0a41986185a090fb142c6c8195399e
CYP2C8,Hepatocytes,Ding et al. CellAge author-published marker mapping; HPA-derived,a0de4a124e0a41986185a090fb142c6c8195399e
RBP4,Hepatocytes,Ding et al. CellAge author-published marker mapping; HPA-derived,a0de4a124e0a41986185a090fb142c6c8195399e
AOX1,Hepatocytes,Ding et al. CellAge author-published marker mapping; HPA-derived,a0de4a124e0a41986185a090fb142c6c8195399e
C1RL,Hepatocytes,Ding et al. CellAge author-published marker mapping; HPA-derived,a0de4a124e0a41986185a090fb142c6c8195399e
SLC38A4,Hepatocytes,Ding et al. CellAge author-published marker mapping; HPA-derived,a0de4a124e0a41986185a090fb142c6c8195399e
INHBE,Hepatocytes,Ding et al. CellAge author-published marker mapping; HPA-derived,a0de4a124e0a41986185a090fb142c6c8195399e
AMDHD1,Hepatocytes,Ding et al. CellAge author-published marker mapping; HPA-derived,a0de4a124e0a41986185a090fb142c6c8195399e
RDH16,Hepatocytes,Ding et al. CellAge author-published marker mapping; HPA-derived,a0de4a124e0a41986185a090fb142c6c8195399e
SERPINA10,Hepatocytes,Ding et al. CellAge author-published marker mapping; HPA-derived,a0de4a124e0a41986185a090fb142c6c8195399e
SLC25A47,Hepatocytes,Ding et al. CellAge author-published marker mapping; HPA-derived,a0de4a124e0a41986185a090fb142c6c8195399e
CYP1A2,Hepatocytes,Ding et al. CellAge author-published marker mapping; HPA-derived,a0de4a124e0a41986185a090fb142c6c8195399e
ASGR1,Hepatocytes,Ding et al. CellAge author-published marker mapping; HPA-derived,a0de4a124e0a41986185a090fb142c6c8195399e
NR1I3,Hepatocytes,Ding et al. CellAge author-published marker mapping; HPA-derived,a0de4a124e0a41986185a090fb142c6c8195399e
F13B,Hepatocytes,Ding et al. CellAge author-published marker mapping; HPA-derived,a0de4a124e0a41986185a090fb142c6c8195399e
ALDH1L1,Hepatocytes,Ding et al. CellAge author-published marker mapping; HPA-derived,a0de4a124e0a41986185a090fb142c6c8195399e
AHSG,Hepatocytes,Ding et al. CellAge author-published marker mapping; HPA-derived,a0de4a124e0a41986185a090fb142c6c8195399e
CYP4V2,Hepatocytes,Ding et al. CellAge author-published marker mapping; HPA-derived,a0de4a124e0a41986185a090fb142c6c8195399e
IGFBP1,Hepatocytes,Ding et al. CellAge author-published marker mapping; HPA-derived,a0de4a124e0a41986185a090fb142c6c8195399e
SLC16A2,Hepatocytes,Ding et al. CellAge author-published marker mapping; HPA-derived,a0de4a124e0a41986185a090fb142c6c8195399e
EBP,Hepatocytes,Ding et al. CellAge author-published marker mapping; HPA-derived,a0de4a124e0a41986185a090fb142c6c8195399e
RIPPLY1,Hepatocytes,Ding et al. CellAge author-published marker mapping; HPA-derived,a0de4a124e0a41986185a090fb142c6c8195399e
A1CF,Hepatocytes,Ding et al. CellAge author-published marker mapping; HPA-derived,a0de4a124e0a41986185a090fb142c6c8195399e
SAA4,Hepatocytes,Ding et al. CellAge author-published marker mapping; HPA-derived,a0de4a124e0a41986185a090fb142c6c8195399e
SLC43A1,Hepatocytes,Ding et al. CellAge author-published marker mapping; HPA-derived,a0de4a124e0a41986185a090fb142c6c8195399e
SLC22A9,Hepatocytes,Ding et al. CellAge author-published marker mapping; HPA-derived,a0de4a124e0a41986185a090fb142c6c8195399e
MAT1A,Hepatocytes,Ding et al. CellAge author-published marker mapping; HPA-derived,a0de4a124e0a41986185a090fb142c6c8195399e
THRSP,Hepatocytes,Ding et al. CellAge author-published marker mapping; HPA-derived,a0de4a124e0a41986185a090fb142c6c8195399e
AKR1C2,Hepatocytes,Ding et al. CellAge author-published marker mapping; HPA-derived,a0de4a124e0a41986185a090fb142c6c8195399e
ITIH2,Hepatocytes,Ding et al. CellAge author-published marker mapping; HPA-derived,a0de4a124e0a41986185a090fb142c6c8195399e
TDO2,Hepatocytes,Ding et al. CellAge author-published marker mapping; HPA-derived,a0de4a124e0a41986185a090fb142c6c8195399e
PANK1,Hepatocytes,Ding et al. CellAge author-published marker mapping; HPA-derived,a0de4a124e0a41986185a090fb142c6c8195399e
KDM8,Hepatocytes,Ding et al. CellAge author-published marker mapping; HPA-derived,a0de4a124e0a41986185a090fb142c6c8195399e
UGT2B4,Hepatocytes,Ding et al. CellAge author-published marker mapping; HPA-derived,a0de4a124e0a41986185a090fb142c6c8195399e
C8A,Hepatocytes,Ding et al. CellAge author-published marker mapping; HPA-derived,a0de4a124e0a41986185a090fb142c6c8195399e
PFKFB1,Hepatocytes,Ding et al. CellAge author-published marker mapping; HPA-derived,a0de4a124e0a41986185a090fb142c6c8195399e
APOA2,Hepatocytes,Ding et al. CellAge author-published marker mapping; HPA-derived,a0de4a124e0a41986185a090fb142c6c8195399e
UROC1,Hepatocytes,Ding et al. CellAge author-published marker mapping; HPA-derived,a0de4a124e0a41986185a090fb142c6c8195399e
LRRC3,Hepatocytes,Ding et al. CellAge author-published marker mapping; HPA-derived,a0de4a124e0a41986185a090fb142c6c8195399e
PGLYRP2,Hepatocytes,Ding et al. CellAge author-published marker mapping; HPA-derived,a0de4a124e0a41986185a090fb142c6c8195399e
ASGR2,Hepatocytes,Ding et al. CellAge author-published marker mapping; HPA-derived,a0de4a124e0a41986185a090fb142c6c8195399e
ITIH3,Hepatocytes,Ding et al. CellAge author-published marker mapping; HPA-derived,a0de4a124e0a41986185a090fb142c6c8195399e
CYP4A22,Hepatocytes,Ding et al. CellAge author-published marker mapping; HPA-derived,a0de4a124e0a41986185a090fb142c6c8195399e
SLC2A2,Hepatocytes,Ding et al. CellAge author-published marker mapping; HPA-derived,a0de4a124e0a41986185a090fb142c6c8195399e
ALB,Hepatocytes,Ding et al. CellAge author-published marker mapping; HPA-derived,a0de4a124e0a41986185a090fb142c6c8195399e
RTP3,Hepatocytes,Ding et al. CellAge author-published marker mapping; HPA-derived,a0de4a124e0a41986185a090fb142c6c8195399e
KLKB1,Hepatocytes,Ding et al. CellAge author-published marker mapping; HPA-derived,a0de4a124e0a41986185a090fb142c6c8195399e
LEAP2,Hepatocytes,Ding et al. CellAge author-published marker mapping; HPA-derived,a0de4a124e0a41986185a090fb142c6c8195399e
GPER1,Hepatocytes,Ding et al. CellAge author-published marker mapping; HPA-derived,a0de4a124e0a41986185a090fb142c6c8195399e
MBL2,Hepatocytes,Ding et al. CellAge author-published marker mapping; HPA-derived,a0de4a124e0a41986185a090fb142c6c8195399e
CYP2C19,Hepatocytes,Ding et al. CellAge author-published marker mapping; HPA-derived,a0de4a124e0a41986185a090fb142c6c8195399e
LIPC,Hepatocytes,Ding et al. CellAge author-published marker mapping; HPA-derived,a0de4a124e0a41986185a090fb142c6c8195399e
NNMT,Hepatocytes,Ding et al. CellAge author-published marker mapping; HPA-derived,a0de4a124e0a41986185a090fb142c6c8195399e
PLIN1,Hepatocytes,Ding et al. CellAge author-published marker mapping; HPA-derived,a0de4a124e0a41986185a090fb142c6c8195399e
SERPINF2,Hepatocytes,Ding et al. CellAge author-published marker mapping; HPA-derived,a0de4a124e0a41986185a090fb142c6c8195399e
CYP7A1,Hepatocytes,Ding et al. CellAge author-published marker mapping; HPA-derived,a0de4a124e0a41986185a090fb142c6c8195399e
ACOX2,Hepatocytes,Ding et al. CellAge author-published marker mapping; HPA-derived,a0de4a124e0a41986185a090fb142c6c8195399e
HJV,Hepatocytes,Ding et al. CellAge author-published marker mapping; HPA-derived,a0de4a124e0a41986185a090fb142c6c8195399e
ATF5,Hepatocytes,Ding et al. CellAge author-published marker mapping; HPA-derived,a0de4a124e0a41986185a090fb142c6c8195399e
GJB1,Hepatocytes,Ding et al. CellAge author-published marker mapping; HPA-derived,a0de4a124e0a41986185a090fb142c6c8195399e
MT1B,Hepatocytes,Ding et al. CellAge author-published marker mapping; HPA-derived,a0de4a124e0a41986185a090fb142c6c8195399e
LRG1,Hepatocytes,Ding et al. CellAge author-published marker mapping; HPA-derived,a0de4a124e0a41986185a090fb142c6c8195399e
FGG,Hepatocytes,Ding et al. CellAge author-published marker mapping; HPA-derived,a0de4a124e0a41986185a090fb142c6c8195399e
FGA,Hepatocytes,Ding et al. CellAge author-published marker mapping; HPA-derived,a0de4a124e0a41986185a090fb142c6c8195399e
FGB,Hepatocytes,Ding et al. CellAge author-published marker mapping; HPA-derived,a0de4a124e0a41986185a090fb142c6c8195399e
PAH,Hepatocytes,Ding et al. CellAge author-published marker mapping; HPA-derived,a0de4a124e0a41986185a090fb142c6c8195399e
CYP4F11,Hepatocytes,Ding et al. CellAge author-published marker mapping; HPA-derived,a0de4a124e0a41986185a090fb142c6c8195399e
TTC36,Hepatocytes,Ding et al. CellAge author-published marker mapping; HPA-derived,a0de4a124e0a41986185a090fb142c6c8195399e
AGXT,Hepatocytes,Ding et al. CellAge author-published marker mapping; HPA-derived,a0de4a124e0a41986185a090fb142c6c8195399e
ACOT12,Hepatocytes,Ding et al. CellAge author-published marker mapping; HPA-derived,a0de4a124e0a41986185a090fb142c6c8195399e
ADH6,Hepatocytes,Ding et al. CellAge author-published marker mapping; HPA-derived,a0de4a124e0a41986185a090fb142c6c8195399e
PPP1R3B,Hepatocytes,Ding et al. CellAge author-published marker mapping; HPA-derived,a0de4a124e0a41986185a090fb142c6c8195399e
SAA1,Hepatocytes,Ding et al. CellAge author-published marker mapping; HPA-derived,a0de4a124e0a41986185a090fb142c6c8195399e
MST1,Hepatocytes,Ding et al. CellAge author-published marker mapping; HPA-derived,a0de4a124e0a41986185a090fb142c6c8195399e
PC,Hepatocytes,Ding et al. CellAge author-published marker mapping; HPA-derived,a0de4a124e0a41986185a090fb142c6c8195399e
CA5A,Hepatocytes,Ding et al. CellAge author-published marker mapping; HPA-derived,a0de4a124e0a41986185a090fb142c6c8195399e
SLC22A1,Hepatocytes,Ding et al. CellAge author-published marker mapping; HPA-derived,a0de4a124e0a41986185a090fb142c6c8195399e
INHBC,Hepatocytes,Ding et al. CellAge author-published marker mapping; HPA-derived,a0de4a124e0a41986185a090fb142c6c8195399e
APOF,Hepatocytes,Ding et al. CellAge author-published marker mapping; HPA-derived,a0de4a124e0a41986185a090fb142c6c8195399e
C8G,Hepatocytes,Ding et al. CellAge author-published marker mapping; HPA-derived,a0de4a124e0a41986185a090fb142c6c8195399e
CPN2,Hepatocytes,Ding et al. CellAge author-published marker mapping; HPA-derived,a0de4a124e0a41986185a090fb142c6c8195399e
F2,Hepatocytes,Ding et al. CellAge author-published marker mapping; HPA-derived,a0de4a124e0a41986185a090fb142c6c8195399e
CYP8B1,Hepatocytes,Ding et al. CellAge author-published marker mapping; HPA-derived,a0de4a124e0a41986185a090fb142c6c8195399e
DHTKD1,Hepatocytes,Ding et al. CellAge author-published marker mapping; HPA-derived,a0de4a124e0a41986185a090fb142c6c8195399e
TSKU,Hepatocytes,Ding et al. CellAge author-published marker mapping; HPA-derived,a0de4a124e0a41986185a090fb142c6c8195399e
ABAT,Hepatocytes,Ding et al. CellAge author-published marker mapping; HPA-derived,a0de4a124e0a41986185a090fb142c6c8195399e
PLGLB1,Hepatocytes,Ding et al. CellAge author-published marker mapping; HPA-derived,a0de4a124e0a41986185a090fb142c6c8195399e
ACSM5,Hepatocytes,Ding et al. CellAge author-published marker mapping; HPA-derived,a0de4a124e0a41986185a090fb142c6c8195399e
OR10J5,Hepatocytes,Ding et al. CellAge author-published marker mapping; HPA-derived,a0de4a124e0a41986185a090fb142c6c8195399e
PROS1,Hepatocytes,Ding et al. CellAge author-published marker mapping; HPA-derived,a0de4a124e0a41986185a090fb142c6c8195399e
SLC22A10,Hepatocytes,Ding et al. CellAge author-published marker mapping; HPA-derived,a0de4a124e0a41986185a090fb142c6c8195399e
METTL7A,Hepatocytes,Ding et al. CellAge author-published marker mapping; HPA-derived,a0de4a124e0a41986185a090fb142c6c8195399e
CYP4F3,Hepatocytes,Ding et al. CellAge author-published marker mapping; HPA-derived,a0de4a124e0a41986185a090fb142c6c8195399e
SERPINA11,Hepatocytes,Ding et al. CellAge author-published marker mapping; HPA-derived,a0de4a124e0a41986185a090fb142c6c8195399e
CYP4A11,Hepatocytes,Ding et al. CellAge author-published marker mapping; HPA-derived,a0de4a124e0a41986185a090fb142c6c8195399e
AKR1C1,Hepatocytes,Ding et al. CellAge author-published marker mapping; HPA-derived,a0de4a124e0a41986185a090fb142c6c8195399e
ADH1A,Hepatocytes,Ding et al. CellAge author-published marker mapping; HPA-derived,a0de4a124e0a41986185a090fb142c6c8195399e
ACADSB,Hepatocytes,Ding et al. CellAge author-published marker mapping; HPA-derived,a0de4a124e0a41986185a090fb142c6c8195399e
ADH1B,Hepatocytes,Ding et al. CellAge author-published marker mapping; HPA-derived,a0de4a124e0a41986185a090fb142c6c8195399e
SERPINA1,Hepatocytes,Ding et al. CellAge author-published marker mapping; HPA-derived,a0de4a124e0a41986185a090fb142c6c8195399e
CYP2B6,Hepatocytes,Ding et al. CellAge author-published marker mapping; HPA-derived,a0de4a124e0a41986185a090fb142c6c8195399e
CYP2A7,Hepatocytes,Ding et al. CellAge author-published marker mapping; HPA-derived,a0de4a124e0a41986185a090fb142c6c8195399e
ADH4,Hepatocytes,Ding et al. CellAge author-published marker mapping; HPA-derived,a0de4a124e0a41986185a090fb142c6c8195399e
AKR1C4,Hepatocytes,Ding et al. CellAge author-published marker mapping; HPA-derived,a0de4a124e0a41986185a090fb142c6c8195399e
TAT,Hepatocytes,Ding et al. CellAge author-published marker mapping; HPA-derived,a0de4a124e0a41986185a090fb142c6c8195399e
LPA,Hepatocytes,Ding et al. CellAge author-published marker mapping; HPA-derived,a0de4a124e0a41986185a090fb142c6c8195399e
F5,Hepatocytes,Ding et al. CellAge author-published marker mapping; HPA-derived,a0de4a124e0a41986185a090fb142c6c8195399e
CES1,Hepatocytes,Ding et al. CellAge author-published marker mapping; HPA-derived,a0de4a124e0a41986185a090fb142c6c8195399e
SPRN,Hepatocytes,Ding et al. CellAge author-published marker mapping; HPA-derived,a0de4a124e0a41986185a090fb142c6c8195399e
CFI,Hepatocytes,Ding et al. CellAge author-published marker mapping; HPA-derived,a0de4a124e0a41986185a090fb142c6c8195399e
DEFA1,Hepatocytes,Ding et al. CellAge author-published marker mapping; HPA-derived,a0de4a124e0a41986185a090fb142c6c8195399e
LCAT,Hepatocytes,Ding et al. CellAge author-published marker mapping; HPA-derived,a0de4a124e0a41986185a090fb142c6c8195399e
GBP7,Hepatocytes,Ding et al. CellAge author-published marker mapping; HPA-derived,a0de4a124e0a41986185a090fb142c6c8195399e
ANG,Hepatocytes,Ding et al. CellAge author-published marker mapping; HPA-derived,a0de4a124e0a41986185a090fb142c6c8195399e
KRTAP10-4,Hepatocytes,Ding et al. CellAge author-published marker mapping; HPA-derived,a0de4a124e0a41986185a090fb142c6c8195399e
GCGR,Hepatocytes,Ding et al. CellAge author-published marker mapping; HPA-derived,a0de4a124e0a41986185a090fb142c6c8195399e
APOC4-APOC2,Hepatocytes,Ding et al. CellAge author-published marker mapping; HPA-derived,a0de4a124e0a41986185a090fb142c6c8195399e
ORM2,Hepatocytes,Ding et al. CellAge author-published marker mapping; HPA-derived,a0de4a124e0a41986185a090fb142c6c8195399e
ORM1,Hepatocytes,Ding et al. CellAge author-published marker mapping; HPA-derived,a0de4a124e0a41986185a090fb142c6c8195399e
CYP21A2,Hepatocytes,Ding et al. CellAge author-published marker mapping; HPA-derived,a0de4a124e0a41986185a090fb142c6c8195399e
APOC2,Hepatocytes,Ding et al. CellAge author-published marker mapping; HPA-derived,a0de4a124e0a41986185a090fb142c6c8195399e
UGT1A1,Hepatocytes,Ding et al. CellAge author-published marker mapping; HPA-derived,a0de4a124e0a41986185a090fb142c6c8195399e
CFHR1,Hepatocytes,Ding et al. CellAge author-published marker mapping; HPA-derived,a0de4a124e0a41986185a090fb142c6c8195399e
UGT1A4,Hepatocytes,Ding et al. CellAge author-published marker mapping; HPA-derived,a0de4a124e0a41986185a090fb142c6c8195399e
CYP2A6,Hepatocytes,Ding et al. CellAge author-published marker mapping; HPA-derived,a0de4a124e0a41986185a090fb142c6c8195399e
SMLR1,Hepatocytes,Ding et al. CellAge author-published marker mapping; HPA-derived,a0de4a124e0a41986185a090fb142c6c8195399e
HP,Hepatocytes,Ding et al. CellAge author-published marker mapping; HPA-derived,a0de4a124e0a41986185a090fb142c6c8195399e
HPR,Hepatocytes,Ding et al. CellAge author-published marker mapping; HPA-derived,a0de4a124e0a41986185a090fb142c6c8195399e
APOC4,Hepatocytes,Ding et al. CellAge author-published marker mapping; HPA-derived,a0de4a124e0a41986185a090fb142c6c8195399e
CCL16,Hepatocytes,Ding et al. CellAge author-published marker mapping; HPA-derived,a0de4a124e0a41986185a090fb142c6c8195399e
ENSG00000284779,Hepatocytes,Ding et al. CellAge author-published marker mapping; HPA-derived,a0de4a124e0a41986185a090fb142c6c8195399e
ENSG00000286221,Hepatocytes,Ding et al. CellAge author-published marker mapping; HPA-derived,a0de4a124e0a41986185a090fb142c6c8195399e
MAPK8IP2,Horizontal cells,Ding et al. CellAge author-published marker mapping; HPA-derived,a0de4a124e0a41986185a090fb142c6c8195399e
IGSF9B,Horizontal cells,Ding et al. CellAge author-published marker mapping; HPA-derived,a0de4a124e0a41986185a090fb142c6c8195399e
JPH4,Horizontal cells,Ding et al. CellAge author-published marker mapping; HPA-derived,a0de4a124e0a41986185a090fb142c6c8195399e
NRXN2,Horizontal cells,Ding et al. CellAge author-published marker mapping; HPA-derived,a0de4a124e0a41986185a090fb142c6c8195399e
PRDM13,Horizontal cells,Ding et al. CellAge author-published marker mapping; HPA-derived,a0de4a124e0a41986185a090fb142c6c8195399e
SLC12A7,Horizontal cells,Ding et al. CellAge author-published marker mapping; HPA-derived,a0de4a124e0a41986185a090fb142c6c8195399e
KCNC1,Horizontal cells,Ding et al. CellAge author-published marker mapping; HPA-derived,a0de4a124e0a41986185a090fb142c6c8195399e
C1QL1,Horizontal cells,Ding et al. CellAge author-published marker mapping; HPA-derived,a0de4a124e0a41986185a090fb142c6c8195399e
GJA10,Horizontal cells,Ding et al. CellAge author-published marker mapping; HPA-derived,a0de4a124e0a41986185a090fb142c6c8195399e
CDH24,Horizontal cells,Ding et al. CellAge author-published marker mapping; HPA-derived,a0de4a124e0a41986185a090fb142c6c8195399e
IGLON5,Horizontal cells,Ding et al. CellAge author-published marker mapping; HPA-derived,a0de4a124e0a41986185a090fb142c6c8195399e
BARHL2,Horizontal cells,Ding et al. CellAge author-published marker mapping; HPA-derived,a0de4a124e0a41986185a090fb142c6c8195399e
GPR161,Horizontal cells,Ding et al. CellAge author-published marker mapping; HPA-derived,a0de4a124e0a41986185a090fb142c6c8195399e
C1QL2,Horizontal cells,Ding et al. CellAge author-published marker mapping; HPA-derived,a0de4a124e0a41986185a090fb142c6c8195399e
TAGLN3,Horizontal cells,Ding et al. CellAge author-published marker mapping; HPA-derived,a0de4a124e0a41986185a090fb142c6c8195399e
CHRNB3,Horizontal cells,Ding et al. CellAge author-published marker mapping; HPA-derived,a0de4a124e0a41986185a090fb142c6c8195399e
CHRNA6,Horizontal cells,Ding et al. CellAge author-published marker mapping; HPA-derived,a0de4a124e0a41986185a090fb142c6c8195399e
DRD2,Horizontal cells,Ding et al. CellAge author-published marker mapping; HPA-derived,a0de4a124e0a41986185a090fb142c6c8195399e
POU4F2,Horizontal cells,Ding et al. CellAge author-published marker mapping; HPA-derived,a0de4a124e0a41986185a090fb142c6c8195399e
CARTPT,Horizontal cells,Ding et al. CellAge author-published marker mapping; HPA-derived,a0de4a124e0a41986185a090fb142c6c8195399e
LRTM2,Horizontal cells,Ding et al. CellAge author-published marker mapping; HPA-derived,a0de4a124e0a41986185a090fb142c6c8195399e
CLEC3A,Horizontal cells,Ding et al. CellAge author-published marker mapping; HPA-derived,a0de4a124e0a41986185a090fb142c6c8195399e
NAT16,Horizontal cells,Ding et al. CellAge author-published marker mapping; HPA-derived,a0de4a124e0a41986185a090fb142c6c8195399e
KCNAB3,Horizontal cells,Ding et al. CellAge author-published marker mapping; HPA-derived,a0de4a124e0a41986185a090fb142c6c8195399e
GPR148,Horizontal cells,Ding et al. CellAge author-published marker mapping; HPA-derived,a0de4a124e0a41986185a090fb142c6c8195399e
NPAS4,Horizontal cells,Ding et al. CellAge author-published marker mapping; HPA-derived,a0de4a124e0a41986185a090fb142c6c8195399e
OR2T1,Horizontal cells,Ding et al. CellAge author-published marker mapping; HPA-derived,a0de4a124e0a41986185a090fb142c6c8195399e
GPR88,Horizontal cells,Ding et al. CellAge author-published marker mapping; HPA-derived,a0de4a124e0a41986185a090fb142c6c8195399e
OR52E8,Horizontal cells,Ding et al. CellAge author-published marker mapping; HPA-derived,a0de4a124e0a41986185a090fb142c6c8195399e
MRGPRE,Horizontal cells,Ding et al. CellAge author-published marker mapping; HPA-derived,a0de4a124e0a41986185a090fb142c6c8195399e
PNMA8B,Horizontal cells,Ding et al. CellAge author-published marker mapping; HPA-derived,a0de4a124e0a41986185a090fb142c6c8195399e
ONECUT3,Horizontal cells,Ding et al. CellAge author-published marker mapping; HPA-derived,a0de4a124e0a41986185a090fb142c6c8195399e
TAS2R13,Horizontal cells,Ding et al. CellAge author-published marker mapping; HPA-derived,a0de4a124e0a41986185a090fb142c6c8195399e
NPIPA8,Horizontal cells,Ding et al. CellAge author-published marker mapping; HPA-derived,a0de4a124e0a41986185a090fb142c6c8195399e
SCRT2,Horizontal cells,Ding et al. CellAge author-published marker mapping; HPA-derived,a0de4a124e0a41986185a090fb142c6c8195399e
USP17L2,Horizontal cells,Ding et al. CellAge author-published marker mapping; HPA-derived,a0de4a124e0a41986185a090fb142c6c8195399e
USP17L7,Horizontal cells,Ding et al. CellAge author-published marker mapping; HPA-derived,a0de4a124e0a41986185a090fb142c6c8195399e
PNMA6A,Horizontal cells,Ding et al. CellAge author-published marker mapping; HPA-derived,a0de4a124e0a41986185a090fb142c6c8195399e
TMEM271,Horizontal cells,Ding et al. CellAge author-published marker mapping; HPA-derived,a0de4a124e0a41986185a090fb142c6c8195399e
NEFL,Horizontal cells,Ding et al. CellAge author-published marker mapping; HPA-derived,a0de4a124e0a41986185a090fb142c6c8195399e
CIROP,Horizontal cells,Ding et al. CellAge author-published marker mapping; HPA-derived,a0de4a124e0a41986185a090fb142c6c8195399e
ENSG00000285982,Horizontal cells,Ding et al. CellAge author-published marker mapping; HPA-derived,a0de4a124e0a41986185a090fb142c6c8195399e
FAM246C,Horizontal cells,Ding et al. CellAge author-published marker mapping; HPA-derived,a0de4a124e0a41986185a090fb142c6c8195399e
GLRA2,Inhibitory neurons,Ding et al. CellAge author-published marker mapping; HPA-derived,a0de4a124e0a41986185a090fb142c6c8195399e
PCDH11X,Inhibitory neurons,Ding et al. CellAge author-published marker mapping; HPA-derived,a0de4a124e0a41986185a090fb142c6c8195399e
GRIN2D,Inhibitory neurons,Ding et al. CellAge author-published marker mapping; HPA-derived,a0de4a124e0a41986185a090fb142c6c8195399e
CNTNAP3,Inhibitory neurons,Ding et al. CellAge author-published marker mapping; HPA-derived,a0de4a124e0a41986185a090fb142c6c8195399e
ELAVL2,Inhibitory neurons,Ding et al. CellAge author-published marker mapping; HPA-derived,a0de4a124e0a41986185a090fb142c6c8195399e
PIP5K1B,Inhibitory neurons,Ding et al. CellAge author-published marker mapping; HPA-derived,a0de4a124e0a41986185a090fb142c6c8195399e
INPP4B,Inhibitory neurons,Ding et al. CellAge author-published marker mapping; HPA-derived,a0de4a124e0a41986185a090fb142c6c8195399e
OTOF,Inhibitory neurons,Ding et al. CellAge author-published marker mapping; HPA-derived,a0de4a124e0a41986185a090fb142c6c8195399e
TACR1,Inhibitory neurons,Ding et al. CellAge author-published marker mapping; HPA-derived,a0de4a124e0a41986185a090fb142c6c8195399e
CNR1,Inhibitory neurons,Ding et al. CellAge author-published marker mapping; HPA-derived,a0de4a124e0a41986185a090fb142c6c8195399e
KIAA1217,Inhibitory neurons,Ding et al. CellAge author-published marker mapping; HPA-derived,a0de4a124e0a41986185a090fb142c6c8195399e
GAD1,Inhibitory neurons,Ding et al. CellAge author-published marker mapping; HPA-derived,a0de4a124e0a41986185a090fb142c6c8195399e
FGF13,Inhibitory neurons,Ding et al. CellAge author-published marker mapping; HPA-derived,a0de4a124e0a41986185a090fb142c6c8195399e
TRPC4,Inhibitory neurons,Ding et al. CellAge author-published marker mapping; HPA-derived,a0de4a124e0a41986185a090fb142c6c8195399e
TRPC6,Inhibitory neurons,Ding et al. CellAge author-published marker mapping; HPA-derived,a0de4a124e0a41986185a090fb142c6c8195399e
SEMA6D,Inhibitory neurons,Ding et al. CellAge author-published marker mapping; HPA-derived,a0de4a124e0a41986185a090fb142c6c8195399e
SLC44A5,Inhibitory neurons,Ding et al. CellAge author-published marker mapping; HPA-derived,a0de4a124e0a41986185a090fb142c6c8195399e
CDH13,Inhibitory neurons,Ding et al. CellAge author-published marker mapping; HPA-derived,a0de4a124e0a41986185a090fb142c6c8195399e
HUNK,Inhibitory neurons,Ding et al. CellAge author-published marker mapping; HPA-derived,a0de4a124e0a41986185a090fb142c6c8195399e
NXPH2,Inhibitory neurons,Ding et al. CellAge author-published marker mapping; HPA-derived,a0de4a124e0a41986185a090fb142c6c8195399e
THSD7B,Inhibitory neurons,Ding et al. CellAge author-published marker mapping; HPA-derived,a0de4a124e0a41986185a090fb142c6c8195399e
DLX1,Inhibitory neurons,Ding et al. CellAge author-published marker mapping; HPA-derived,a0de4a124e0a41986185a090fb142c6c8195399e
GRIP2,Inhibitory neurons,Ding et al. CellAge author-published marker mapping; HPA-derived,a0de4a124e0a41986185a090fb142c6c8195399e
SLIT2,Inhibitory neurons,Ding et al. CellAge author-published marker mapping; HPA-derived,a0de4a124e0a41986185a090fb142c6c8195399e
ECE2,Inhibitory neurons,Ding et al. CellAge author-published marker mapping; HPA-derived,a0de4a124e0a41986185a090fb142c6c8195399e
VIP,Inhibitory neurons,Ding et al. CellAge author-published marker mapping; HPA-derived,a0de4a124e0a41986185a090fb142c6c8195399e
SDK1,Inhibitory neurons,Ding et al. CellAge author-published marker mapping; HPA-derived,a0de4a124e0a41986185a090fb142c6c8195399e
SYTL5,Inhibitory neurons,Ding et al. CellAge author-published marker mapping; HPA-derived,a0de4a124e0a41986185a090fb142c6c8195399e
HTR2C,Inhibitory neurons,Ding et al. CellAge author-published marker mapping; HPA-derived,a0de4a124e0a41986185a090fb142c6c8195399e
HTR7,Inhibitory neurons,Ding et al. CellAge author-published marker mapping; HPA-derived,a0de4a124e0a41986185a090fb142c6c8195399e
VAX1,Inhibitory neurons,Ding et al. CellAge author-published marker mapping; HPA-derived,a0de4a124e0a41986185a090fb142c6c8195399e
CNTN5,Inhibitory neurons,Ding et al. CellAge author-published marker mapping; HPA-derived,a0de4a124e0a41986185a090fb142c6c8195399e
ABTB3,Inhibitory neurons,Ding et al. CellAge author-published marker mapping; HPA-derived,a0de4a124e0a41986185a090fb142c6c8195399e
ZNF385D,Inhibitory neurons,Ding et al. CellAge author-published marker mapping; HPA-derived,a0de4a124e0a41986185a090fb142c6c8195399e
SLC35F4,Inhibitory neurons,Ding et al. CellAge author-published marker mapping; HPA-derived,a0de4a124e0a41986185a090fb142c6c8195399e
MEPE,Inhibitory neurons,Ding et al. CellAge author-published marker mapping; HPA-derived,a0de4a124e0a41986185a090fb142c6c8195399e
RAB3C,Inhibitory neurons,Ding et al. CellAge author-published marker mapping; HPA-derived,a0de4a124e0a41986185a090fb142c6c8195399e
LGI2,Inhibitory neurons,Ding et al. CellAge author-published marker mapping; HPA-derived,a0de4a124e0a41986185a090fb142c6c8195399e
CNTNAP3B,Inhibitory neurons,Ding et al. CellAge author-published marker mapping; HPA-derived,a0de4a124e0a41986185a090fb142c6c8195399e
AFF2,Inhibitory neurons,Ding et al. CellAge author-published marker mapping; HPA-derived,a0de4a124e0a41986185a090fb142c6c8195399e
GRIP1,Inhibitory neurons,Ding et al. CellAge author-published marker mapping; HPA-derived,a0de4a124e0a41986185a090fb142c6c8195399e
TIAM1,Inhibitory neurons,Ding et al. CellAge author-published marker mapping; HPA-derived,a0de4a124e0a41986185a090fb142c6c8195399e
LRP8,Inhibitory neurons,Ding et al. CellAge author-published marker mapping; HPA-derived,a0de4a124e0a41986185a090fb142c6c8195399e
GALNT14,Inhibitory neurons,Ding et al. CellAge author-published marker mapping; HPA-derived,a0de4a124e0a41986185a090fb142c6c8195399e
SYNPR,Inhibitory neurons,Ding et al. CellAge author-published marker mapping; HPA-derived,a0de4a124e0a41986185a090fb142c6c8195399e
ZMAT4,Inhibitory neurons,Ding et al. CellAge author-published marker mapping; HPA-derived,a0de4a124e0a41986185a090fb142c6c8195399e
C8ORF34,Inhibitory neurons,Ding et al. CellAge author-published marker mapping; HPA-derived,a0de4a124e0a41986185a090fb142c6c8195399e
KCNC2,Inhibitory neurons,Ding et al. CellAge author-published marker mapping; HPA-derived,a0de4a124e0a41986185a090fb142c6c8195399e
CHRFAM7A,Inhibitory neurons,Ding et al. CellAge author-published marker mapping; HPA-derived,a0de4a124e0a41986185a090fb142c6c8195399e
ENTPD3,Inhibitory neurons,Ding et al. CellAge author-published marker mapping; HPA-derived,a0de4a124e0a41986185a090fb142c6c8195399e
KCNAB1,Inhibitory neurons,Ding et al. CellAge author-published marker mapping; HPA-derived,a0de4a124e0a41986185a090fb142c6c8195399e
ROBO1,Inhibitory neurons,Ding et al. CellAge author-published marker mapping; HPA-derived,a0de4a124e0a41986185a090fb142c6c8195399e
ZNF804A,Inhibitory neurons,Ding et al. CellAge author-published marker mapping; HPA-derived,a0de4a124e0a41986185a090fb142c6c8195399e
GRIK1,Inhibitory neurons,Ding et al. CellAge author-published marker mapping; HPA-derived,a0de4a124e0a41986185a090fb142c6c8195399e
PTPRM,Inhibitory neurons,Ding et al. CellAge author-published marker mapping; HPA-derived,a0de4a124e0a41986185a090fb142c6c8195399e
CNTNAP2,Inhibitory neurons,Ding et al. CellAge author-published marker mapping; HPA-derived,a0de4a124e0a41986185a090fb142c6c8195399e
GALNTL6,Inhibitory neurons,Ding et al. CellAge author-published marker mapping; HPA-derived,a0de4a124e0a41986185a090fb142c6c8195399e
GPR149,Inhibitory neurons,Ding et al. CellAge author-published marker mapping; HPA-derived,a0de4a124e0a41986185a090fb142c6c8195399e
PROP1,Inhibitory neurons,Ding et al. CellAge author-published marker mapping; HPA-derived,a0de4a124e0a41986185a090fb142c6c8195399e
ERBB4,Inhibitory neurons,Ding et al. CellAge author-published marker mapping; HPA-derived,a0de4a124e0a41986185a090fb142c6c8195399e
RXFP3,Inhibitory neurons,Ding et al. CellAge author-published marker mapping; HPA-derived,a0de4a124e0a41986185a090fb142c6c8195399e
ADARB2,Inhibitory neurons,Ding et al. CellAge author-published marker mapping; HPA-derived,a0de4a124e0a41986185a090fb142c6c8195399e
PRELID2,Inhibitory neurons,Ding et al. CellAge author-published marker mapping; HPA-derived,a0de4a124e0a41986185a090fb142c6c8195399e
NHS,Inhibitory neurons,Ding et al. CellAge author-published marker mapping; HPA-derived,a0de4a124e0a41986185a090fb142c6c8195399e
COL25A1,Inhibitory neurons,Ding et al. CellAge author-published marker mapping; HPA-derived,a0de4a124e0a41986185a090fb142c6c8195399e
VWC2,Inhibitory neurons,Ding et al. CellAge author-published marker mapping; HPA-derived,a0de4a124e0a41986185a090fb142c6c8195399e
SHISA6,Inhibitory neurons,Ding et al. CellAge author-published marker mapping; HPA-derived,a0de4a124e0a41986185a090fb142c6c8195399e
RELN,Inhibitory neurons,Ding et al. CellAge author-published marker mapping; HPA-derived,a0de4a124e0a41986185a090fb142c6c8195399e
KAZN,Inhibitory neurons,Ding et al. CellAge author-published marker mapping; HPA-derived,a0de4a124e0a41986185a090fb142c6c8195399e
GRIN3A,Inhibitory neurons,Ding et al. CellAge author-published marker mapping; HPA-derived,a0de4a124e0a41986185a090fb142c6c8195399e
SAMD5,Inhibitory neurons,Ding et al. CellAge author-published marker mapping; HPA-derived,a0de4a124e0a41986185a090fb142c6c8195399e
PRAMEF20,Inhibitory neurons,Ding et al. CellAge author-published marker mapping; HPA-derived,a0de4a124e0a41986185a090fb142c6c8195399e
CPLX3,Inhibitory neurons,Ding et al. CellAge author-published marker mapping; HPA-derived,a0de4a124e0a41986185a090fb142c6c8195399e
SIAH3,Inhibitory neurons,Ding et al. CellAge author-published marker mapping; HPA-derived,a0de4a124e0a41986185a090fb142c6c8195399e
SP9,Inhibitory neurons,Ding et al. CellAge author-published marker mapping; HPA-derived,a0de4a124e0a41986185a090fb142c6c8195399e
TENM3,Inhibitory neurons,Ding et al. CellAge author-published marker mapping; HPA-derived,a0de4a124e0a41986185a090fb142c6c8195399e
DEFB131B,Inhibitory neurons,Ding et al. CellAge author-published marker mapping; HPA-derived,a0de4a124e0a41986185a090fb142c6c8195399e
PLSCR5,Inhibitory neurons,Ding et al. CellAge author-published marker mapping; HPA-derived,a0de4a124e0a41986185a090fb142c6c8195399e
AKAIN1,Inhibitory neurons,Ding et al. CellAge author-published marker mapping; HPA-derived,a0de4a124e0a41986185a090fb142c6c8195399e
PTCHD4,Inhibitory neurons,Ding et al. CellAge author-published marker mapping; HPA-derived,a0de4a124e0a41986185a090fb142c6c8195399e
OR4N4C,Inhibitory neurons,Ding et al. CellAge author-published marker mapping; HPA-derived,a0de4a124e0a41986185a090fb142c6c8195399e
CNTNAP3C,Inhibitory neurons,Ding et al. CellAge author-published marker mapping; HPA-derived,a0de4a124e0a41986185a090fb142c6c8195399e
CLCA1,Intestinal goblet cells,Ding et al. CellAge author-published marker mapping; HPA-derived,a0de4a124e0a41986185a090fb142c6c8195399e
BEST2,Intestinal goblet cells,Ding et al. CellAge author-published marker mapping; HPA-derived,a0de4a124e0a41986185a090fb142c6c8195399e
RAB27A,Intestinal goblet cells,Ding et al. CellAge author-published marker mapping; HPA-derived,a0de4a124e0a41986185a090fb142c6c8195399e
ST6GALNAC1,Intestinal goblet cells,Ding et al. CellAge author-published marker mapping; HPA-derived,a0de4a124e0a41986185a090fb142c6c8195399e
CCL24,Intestinal goblet cells,Ding et al. CellAge author-published marker mapping; HPA-derived,a0de4a124e0a41986185a090fb142c6c8195399e
AGR2,Intestinal goblet cells,Ding et al. CellAge author-published marker mapping; HPA-derived,a0de4a124e0a41986185a090fb142c6c8195399e
LRRC31,Intestinal goblet cells,Ding et al. CellAge author-published marker mapping; HPA-derived,a0de4a124e0a41986185a090fb142c6c8195399e
TPSG1,Intestinal goblet cells,Ding et al. CellAge author-published marker mapping; HPA-derived,a0de4a124e0a41986185a090fb142c6c8195399e
SPINK4,Intestinal goblet cells,Ding et al. CellAge author-published marker mapping; HPA-derived,a0de4a124e0a41986185a090fb142c6c8195399e
CHAD,Intestinal goblet cells,Ding et al. CellAge author-published marker mapping; HPA-derived,a0de4a124e0a41986185a090fb142c6c8195399e
CREB3L1,Intestinal goblet cells,Ding et al. CellAge author-published marker mapping; HPA-derived,a0de4a124e0a41986185a090fb142c6c8195399e
TFF3,Intestinal goblet cells,Ding et al. CellAge author-published marker mapping; HPA-derived,a0de4a124e0a41986185a090fb142c6c8195399e
RETNLB,Intestinal goblet cells,Ding et al. CellAge author-published marker mapping; HPA-derived,a0de4a124e0a41986185a090fb142c6c8195399e
PRIMPOL,Intestinal goblet cells,Ding et al. CellAge author-published marker mapping; HPA-derived,a0de4a124e0a41986185a090fb142c6c8195399e
KLK1,Intestinal goblet cells,Ding et al. CellAge author-published marker mapping; HPA-derived,a0de4a124e0a41986185a090fb142c6c8195399e
TBX10,Intestinal goblet cells,Ding et al. CellAge author-published marker mapping; HPA-derived,a0de4a124e0a41986185a090fb142c6c8195399e
ATOH1,Intestinal goblet cells,Ding et al. CellAge author-published marker mapping; HPA-derived,a0de4a124e0a41986185a090fb142c6c8195399e
REP15,Intestinal goblet cells,Ding et al. CellAge author-published marker mapping; HPA-derived,a0de4a124e0a41986185a090fb142c6c8195399e
KLK15,Intestinal goblet cells,Ding et al. CellAge author-published marker mapping; HPA-derived,a0de4a124e0a41986185a090fb142c6c8195399e
ZG16,Intestinal goblet cells,Ding et al. CellAge author-published marker mapping; HPA-derived,a0de4a124e0a41986185a090fb142c6c8195399e
LRRC26,Intestinal goblet cells,Ding et al. CellAge author-published marker mapping; HPA-derived,a0de4a124e0a41986185a090fb142c6c8195399e
FFAR4,Intestinal goblet cells,Ding et al. CellAge author-published marker mapping; HPA-derived,a0de4a124e0a41986185a090fb142c6c8195399e
P2RY4,Intestinal goblet cells,Ding et al. CellAge author-published marker mapping; HPA-derived,a0de4a124e0a41986185a090fb142c6c8195399e
C9ORF152,Intestinal goblet cells,Ding et al. CellAge author-published marker mapping; HPA-derived,a0de4a124e0a41986185a090fb142c6c8195399e
FAM177B,Intestinal goblet cells,Ding et al. CellAge author-published marker mapping; HPA-derived,a0de4a124e0a41986185a090fb142c6c8195399e
KRTAP4-1,Intestinal goblet cells,Ding et al. CellAge author-published marker mapping; HPA-derived,a0de4a124e0a41986185a090fb142c6c8195399e
B3GNT6,Intestinal goblet cells,Ding et al. CellAge author-published marker mapping; HPA-derived,a0de4a124e0a41986185a090fb142c6c8195399e
MUC2,Intestinal goblet cells,Ding et al. CellAge author-published marker mapping; HPA-derived,a0de4a124e0a41986185a090fb142c6c8195399e
FCGBP,Intestinal goblet cells,Ding et al. CellAge author-published marker mapping; HPA-derived,a0de4a124e0a41986185a090fb142c6c8195399e
SMIM33,Intestinal goblet cells,Ding et al. CellAge author-published marker mapping; HPA-derived,a0de4a124e0a41986185a090fb142c6c8195399e
CALCA,Ionocytes,Ding et al. CellAge author-published marker mapping; HPA-derived,a0de4a124e0a41986185a090fb142c6c8195399e
IL37,Ionocytes,Ding et al. CellAge author-published marker mapping; HPA-derived,a0de4a124e0a41986185a090fb142c6c8195399e
IL1F10,Ionocytes,Ding et al. CellAge author-published marker mapping; HPA-derived,a0de4a124e0a41986185a090fb142c6c8195399e
IL19,Ionocytes,Ding et al. CellAge author-published marker mapping; HPA-derived,a0de4a124e0a41986185a090fb142c6c8195399e
LIPH,Ionocytes,Ding et al. CellAge author-published marker mapping; HPA-derived,a0de4a124e0a41986185a090fb142c6c8195399e
CXCL17,Ionocytes,Ding et al. CellAge author-published marker mapping; HPA-derived,a0de4a124e0a41986185a090fb142c6c8195399e
LYPD2,Ionocytes,Ding et al. CellAge author-published marker mapping; HPA-derived,a0de4a124e0a41986185a090fb142c6c8195399e
CLDN25,Ionocytes,Ding et al. CellAge author-published marker mapping; HPA-derived,a0de4a124e0a41986185a090fb142c6c8195399e
ENSG00000288695,Ionocytes,Ding et al. CellAge author-published marker mapping; HPA-derived,a0de4a124e0a41986185a090fb142c6c8195399e
FLT4,Lymphatic endothelial cells,Ding et al. CellAge author-published marker mapping; HPA-derived,a0de4a124e0a41986185a090fb142c6c8195399e
ANGPT2,Lymphatic endothelial cells,Ding et al. CellAge author-published marker mapping; HPA-derived,a0de4a124e0a41986185a090fb142c6c8195399e
PPFIBP1,Lymphatic endothelial cells,Ding et al. CellAge author-published marker mapping; HPA-derived,a0de4a124e0a41986185a090fb142c6c8195399e
ELK3,Lymphatic endothelial cells,Ding et al. CellAge author-published marker mapping; HPA-derived,a0de4a124e0a41986185a090fb142c6c8195399e
EFCC1,Lymphatic endothelial cells,Ding et al. CellAge author-published marker mapping; HPA-derived,a0de4a124e0a41986185a090fb142c6c8195399e
NRP2,Lymphatic endothelial cells,Ding et al. CellAge author-published marker mapping; HPA-derived,a0de4a124e0a41986185a090fb142c6c8195399e
AKAP12,Lymphatic endothelial cells,Ding et al. CellAge author-published marker mapping; HPA-derived,a0de4a124e0a41986185a090fb142c6c8195399e
STAB2,Lymphatic endothelial cells,Ding et al. CellAge author-published marker mapping; HPA-derived,a0de4a124e0a41986185a090fb142c6c8195399e
CCL21,Lymphatic endothelial cells,Ding et al. CellAge author-published marker mapping; HPA-derived,a0de4a124e0a41986185a090fb142c6c8195399e
MMRN1,Lymphatic endothelial cells,Ding et al. CellAge author-published marker mapping; HPA-derived,a0de4a124e0a41986185a090fb142c6c8195399e
GRAP,Lymphatic endothelial cells,Ding et al. CellAge author-published marker mapping; HPA-derived,a0de4a124e0a41986185a090fb142c6c8195399e
SHC1,Lymphatic endothelial cells,Ding et al. CellAge author-published marker mapping; HPA-derived,a0de4a124e0a41986185a090fb142c6c8195399e
MEGF6,Lymphatic endothelial cells,Ding et al. CellAge author-published marker mapping; HPA-derived,a0de4a124e0a41986185a090fb142c6c8195399e
LRRC15,Lymphatic endothelial cells,Ding et al. CellAge author-published marker mapping; HPA-derived,a0de4a124e0a41986185a090fb142c6c8195399e
OR5A1,Lymphatic endothelial cells,Ding et al. CellAge author-published marker mapping; HPA-derived,a0de4a124e0a41986185a090fb142c6c8195399e
ADGRG3,Lymphatic endothelial cells,Ding et al. CellAge author-published marker mapping; HPA-derived,a0de4a124e0a41986185a090fb142c6c8195399e
GJD3,Lymphatic endothelial cells,Ding et al. CellAge author-published marker mapping; HPA-derived,a0de4a124e0a41986185a090fb142c6c8195399e
GDF3,Lymphatic endothelial cells,Ding et al. CellAge author-published marker mapping; HPA-derived,a0de4a124e0a41986185a090fb142c6c8195399e
LRRC70,Lymphatic endothelial cells,Ding et al. CellAge author-published marker mapping; HPA-derived,a0de4a124e0a41986185a090fb142c6c8195399e
C20ORF204,Lymphatic endothelial cells,Ding et al. CellAge author-published marker mapping; HPA-derived,a0de4a124e0a41986185a090fb142c6c8195399e
GJC2,Lymphatic endothelial cells,Ding et al. CellAge author-published marker mapping; HPA-derived,a0de4a124e0a41986185a090fb142c6c8195399e
LAYN,Lymphatic endothelial cells,Ding et al. CellAge author-published marker mapping; HPA-derived,a0de4a124e0a41986185a090fb142c6c8195399e
CYB5RL,Lymphatic endothelial cells,Ding et al. CellAge author-published marker mapping; HPA-derived,a0de4a124e0a41986185a090fb142c6c8195399e
ENSG00000241489,Lymphatic endothelial cells,Ding et al. CellAge author-published marker mapping; HPA-derived,a0de4a124e0a41986185a090fb142c6c8195399e
ENSG00000250349,Lymphatic endothelial cells,Ding et al. CellAge author-published marker mapping; HPA-derived,a0de4a124e0a41986185a090fb142c6c8195399e
PCDHGB4,Lymphatic endothelial cells,Ding et al. CellAge author-published marker mapping; HPA-derived,a0de4a124e0a41986185a090fb142c6c8195399e
ZNF625,Lymphatic endothelial cells,Ding et al. CellAge author-published marker mapping; HPA-derived,a0de4a124e0a41986185a090fb142c6c8195399e
MARCO,Macrophages,Ding et al. CellAge author-published marker mapping; HPA-derived,a0de4a124e0a41986185a090fb142c6c8195399e
IBSP,Macrophages,Ding et al. CellAge author-published marker mapping; HPA-derived,a0de4a124e0a41986185a090fb142c6c8195399e
TRAF1,Macrophages,Ding et al. CellAge author-published marker mapping; HPA-derived,a0de4a124e0a41986185a090fb142c6c8195399e
CD5L,Macrophages,Ding et al. CellAge author-published marker mapping; HPA-derived,a0de4a124e0a41986185a090fb142c6c8195399e
SIGLEC1,Macrophages,Ding et al. CellAge author-published marker mapping; HPA-derived,a0de4a124e0a41986185a090fb142c6c8195399e
CD209,Macrophages,Ding et al. CellAge author-published marker mapping; HPA-derived,a0de4a124e0a41986185a090fb142c6c8195399e
CEBPE,Macrophages,Ding et al. CellAge author-published marker mapping; HPA-derived,a0de4a124e0a41986185a090fb142c6c8195399e
TREM2,Macrophages,Ding et al. CellAge author-published marker mapping; HPA-derived,a0de4a124e0a41986185a090fb142c6c8195399e
CRYBB1,Macrophages,Ding et al. CellAge author-published marker mapping; HPA-derived,a0de4a124e0a41986185a090fb142c6c8195399e
MMP9,Macrophages,Ding et al. CellAge author-published marker mapping; HPA-derived,a0de4a124e0a41986185a090fb142c6c8195399e
CCL22,Macrophages,Ding et al. CellAge author-published marker mapping; HPA-derived,a0de4a124e0a41986185a090fb142c6c8195399e
LILRB5,Macrophages,Ding et al. CellAge author-published marker mapping; HPA-derived,a0de4a124e0a41986185a090fb142c6c8195399e
LIPA,Macrophages,Ding et al. CellAge author-published marker mapping; HPA-derived,a0de4a124e0a41986185a090fb142c6c8195399e
CLEC4A,Macrophages,Ding et al. CellAge author-published marker mapping; HPA-derived,a0de4a124e0a41986185a090fb142c6c8195399e
CD207,Macrophages,Ding et al. CellAge author-published marker mapping; HPA-derived,a0de4a124e0a41986185a090fb142c6c8195399e
F13A1,Macrophages,Ding et al. CellAge author-published marker mapping; HPA-derived,a0de4a124e0a41986185a090fb142c6c8195399e
SIGLEC9,Macrophages,Ding et al. CellAge author-published marker mapping; HPA-derived,a0de4a124e0a41986185a090fb142c6c8195399e
CLEC10A,Macrophages,Ding et al. CellAge author-published marker mapping; HPA-derived,a0de4a124e0a41986185a090fb142c6c8195399e
ADAMDEC1,Macrophages,Ding et al. CellAge author-published marker mapping; HPA-derived,a0de4a124e0a41986185a090fb142c6c8195399e
GPAT3,Macrophages,Ding et al. CellAge author-published marker mapping; HPA-derived,a0de4a124e0a41986185a090fb142c6c8195399e
IGSF6,Macrophages,Ding et al. CellAge author-published marker mapping; HPA-derived,a0de4a124e0a41986185a090fb142c6c8195399e
CREG1,Macrophages,Ding et al. CellAge author-published marker mapping; HPA-derived,a0de4a124e0a41986185a090fb142c6c8195399e
LY96,Macrophages,Ding et al. CellAge author-published marker mapping; HPA-derived,a0de4a124e0a41986185a090fb142c6c8195399e
VSIG4,Macrophages,Ding et al. CellAge author-published marker mapping; HPA-derived,a0de4a124e0a41986185a090fb142c6c8195399e
CD1A,Macrophages,Ding et al. CellAge author-published marker mapping; HPA-derived,a0de4a124e0a41986185a090fb142c6c8195399e
CD1C,Macrophages,Ding et al. CellAge author-published marker mapping; HPA-derived,a0de4a124e0a41986185a090fb142c6c8195399e
CD1B,Macrophages,Ding et al. CellAge author-published marker mapping; HPA-derived,a0de4a124e0a41986185a090fb142c6c8195399e
CD1E,Macrophages,Ding et al. CellAge author-published marker mapping; HPA-derived,a0de4a124e0a41986185a090fb142c6c8195399e
C1QC,Macrophages,Ding et al. CellAge author-published marker mapping; HPA-derived,a0de4a124e0a41986185a090fb142c6c8195399e
S100A12,Macrophages,Ding et al. CellAge author-published marker mapping; HPA-derived,a0de4a124e0a41986185a090fb142c6c8195399e
MNDA,Macrophages,Ding et al. CellAge author-published marker mapping; HPA-derived,a0de4a124e0a41986185a090fb142c6c8195399e
CTSB,Macrophages,Ding et al. CellAge author-published marker mapping; HPA-derived,a0de4a124e0a41986185a090fb142c6c8195399e
DEFA4,Macrophages,Ding et al. CellAge author-published marker mapping; HPA-derived,a0de4a124e0a41986185a090fb142c6c8195399e
DCSTAMP,Macrophages,Ding et al. CellAge author-published marker mapping; HPA-derived,a0de4a124e0a41986185a090fb142c6c8195399e
FOLR2,Macrophages,Ding et al. CellAge author-published marker mapping; HPA-derived,a0de4a124e0a41986185a090fb142c6c8195399e
SPIC,Macrophages,Ding et al. CellAge author-published marker mapping; HPA-derived,a0de4a124e0a41986185a090fb142c6c8195399e
CLEC4D,Macrophages,Ding et al. CellAge author-published marker mapping; HPA-derived,a0de4a124e0a41986185a090fb142c6c8195399e
RNASE2,Macrophages,Ding et al. CellAge author-published marker mapping; HPA-derived,a0de4a124e0a41986185a090fb142c6c8195399e
OR7G2,Macrophages,Ding et al. CellAge author-published marker mapping; HPA-derived,a0de4a124e0a41986185a090fb142c6c8195399e
GPR34,Macrophages,Ding et al. CellAge author-published marker mapping; HPA-derived,a0de4a124e0a41986185a090fb142c6c8195399e
IFNB1,Macrophages,Ding et al. CellAge author-published marker mapping; HPA-derived,a0de4a124e0a41986185a090fb142c6c8195399e
C1QB,Macrophages,Ding et al. CellAge author-published marker mapping; HPA-derived,a0de4a124e0a41986185a090fb142c6c8195399e
C1QA,Macrophages,Ding et al. CellAge author-published marker mapping; HPA-derived,a0de4a124e0a41986185a090fb142c6c8195399e
OR4B1,Macrophages,Ding et al. CellAge author-published marker mapping; HPA-derived,a0de4a124e0a41986185a090fb142c6c8195399e
CD163,Macrophages,Ding et al. CellAge author-published marker mapping; HPA-derived,a0de4a124e0a41986185a090fb142c6c8195399e
FCER1A,Macrophages,Ding et al. CellAge author-published marker mapping; HPA-derived,a0de4a124e0a41986185a090fb142c6c8195399e
CCL13,Macrophages,Ding et al. CellAge author-published marker mapping; HPA-derived,a0de4a124e0a41986185a090fb142c6c8195399e
MCEMP1,Macrophages,Ding et al. CellAge author-published marker mapping; HPA-derived,a0de4a124e0a41986185a090fb142c6c8195399e
INSIG1,Macrophages,Ding et al. CellAge author-published marker mapping; HPA-derived,a0de4a124e0a41986185a090fb142c6c8195399e
FPR3,Macrophages,Ding et al. CellAge author-published marker mapping; HPA-derived,a0de4a124e0a41986185a090fb142c6c8195399e
RAB42,Macrophages,Ding et al. CellAge author-published marker mapping; HPA-derived,a0de4a124e0a41986185a090fb142c6c8195399e
OR4Q2,Macrophages,Ding et al. CellAge author-published marker mapping; HPA-derived,a0de4a124e0a41986185a090fb142c6c8195399e
OR8B8,Macrophages,Ding et al. CellAge author-published marker mapping; HPA-derived,a0de4a124e0a41986185a090fb142c6c8195399e
TRAJ4,Macrophages,Ding et al. CellAge author-published marker mapping; HPA-derived,a0de4a124e0a41986185a090fb142c6c8195399e
IFNA14,Macrophages,Ding et al. CellAge author-published marker mapping; HPA-derived,a0de4a124e0a41986185a090fb142c6c8195399e
HLA-DQB2,Macrophages,Ding et al. CellAge author-published marker mapping; HPA-derived,a0de4a124e0a41986185a090fb142c6c8195399e
AK4P3,Macrophages,Ding et al. CellAge author-published marker mapping; HPA-derived,a0de4a124e0a41986185a090fb142c6c8195399e
TNFSF12-TNFSF13,Macrophages,Ding et al. CellAge author-published marker mapping; HPA-derived,a0de4a124e0a41986185a090fb142c6c8195399e
CLEC5A,Macrophages,Ding et al. CellAge author-published marker mapping; HPA-derived,a0de4a124e0a41986185a090fb142c6c8195399e
ENSG00000269711,Macrophages,Ding et al. CellAge author-published marker mapping; HPA-derived,a0de4a124e0a41986185a090fb142c6c8195399e
CCL18,Macrophages,Ding et al. CellAge author-published marker mapping; HPA-derived,a0de4a124e0a41986185a090fb142c6c8195399e
CCL3L1,Macrophages,Ding et al. CellAge author-published marker mapping; HPA-derived,a0de4a124e0a41986185a090fb142c6c8195399e
SCYGR10,Macrophages,Ding et al. CellAge author-published marker mapping; HPA-derived,a0de4a124e0a41986185a090fb142c6c8195399e
MCOLN3,Melanocytes,Ding et al. CellAge author-published marker mapping; HPA-derived,a0de4a124e0a41986185a090fb142c6c8195399e
TYR,Melanocytes,Ding et al. CellAge author-published marker mapping; HPA-derived,a0de4a124e0a41986185a090fb142c6c8195399e
DCT,Melanocytes,Ding et al. CellAge author-published marker mapping; HPA-derived,a0de4a124e0a41986185a090fb142c6c8195399e
OSTM1,Melanocytes,Ding et al. CellAge author-published marker mapping; HPA-derived,a0de4a124e0a41986185a090fb142c6c8195399e
GPR143,Melanocytes,Ding et al. CellAge author-published marker mapping; HPA-derived,a0de4a124e0a41986185a090fb142c6c8195399e
TYRP1,Melanocytes,Ding et al. CellAge author-published marker mapping; HPA-derived,a0de4a124e0a41986185a090fb142c6c8195399e
CEP72,Melanocytes,Ding et al. CellAge author-published marker mapping; HPA-derived,a0de4a124e0a41986185a090fb142c6c8195399e
QPCT,Melanocytes,Ding et al. CellAge author-published marker mapping; HPA-derived,a0de4a124e0a41986185a090fb142c6c8195399e
MLANA,Melanocytes,Ding et al. CellAge author-published marker mapping; HPA-derived,a0de4a124e0a41986185a090fb142c6c8195399e
HOXC12,Melanocytes,Ding et al. CellAge author-published marker mapping; HPA-derived,a0de4a124e0a41986185a090fb142c6c8195399e
DSTYK,Melanocytes,Ding et al. CellAge author-published marker mapping; HPA-derived,a0de4a124e0a41986185a090fb142c6c8195399e
IRS4,Melanocytes,Ding et al. CellAge author-published marker mapping; HPA-derived,a0de4a124e0a41986185a090fb142c6c8195399e
GPNMB,Melanocytes,Ding et al. CellAge author-published marker mapping; HPA-derived,a0de4a124e0a41986185a090fb142c6c8195399e
TRIM48,Melanocytes,Ding et al. CellAge author-published marker mapping; HPA-derived,a0de4a124e0a41986185a090fb142c6c8195399e
MAGED4,Melanocytes,Ding et al. CellAge author-published marker mapping; HPA-derived,a0de4a124e0a41986185a090fb142c6c8195399e
DCD,Melanocytes,Ding et al. CellAge author-published marker mapping; HPA-derived,a0de4a124e0a41986185a090fb142c6c8195399e
EN1,Melanocytes,Ding et al. CellAge author-published marker mapping; HPA-derived,a0de4a124e0a41986185a090fb142c6c8195399e
SLC45A2,Melanocytes,Ding et al. CellAge author-published marker mapping; HPA-derived,a0de4a124e0a41986185a090fb142c6c8195399e
GNG8,Melanocytes,Ding et al. CellAge author-published marker mapping; HPA-derived,a0de4a124e0a41986185a090fb142c6c8195399e
KRT27,Melanocytes,Ding et al. CellAge author-published marker mapping; HPA-derived,a0de4a124e0a41986185a090fb142c6c8195399e
ALX1,Melanocytes,Ding et al. CellAge author-published marker mapping; HPA-derived,a0de4a124e0a41986185a090fb142c6c8195399e
SOX1,Melanocytes,Ding et al. CellAge author-published marker mapping; HPA-derived,a0de4a124e0a41986185a090fb142c6c8195399e
PMEL,Melanocytes,Ding et al. CellAge author-published marker mapping; HPA-derived,a0de4a124e0a41986185a090fb142c6c8195399e
SMIM29,Melanocytes,Ding et al. CellAge author-published marker mapping; HPA-derived,a0de4a124e0a41986185a090fb142c6c8195399e
MITF,Melanocytes,Ding et al. CellAge author-published marker mapping; HPA-derived,a0de4a124e0a41986185a090fb142c6c8195399e
OR7A5,Melanocytes,Ding et al. CellAge author-published marker mapping; HPA-derived,a0de4a124e0a41986185a090fb142c6c8195399e
SLC24A5,Melanocytes,Ding et al. CellAge author-published marker mapping; HPA-derived,a0de4a124e0a41986185a090fb142c6c8195399e
KRTAP9-6,Melanocytes,Ding et al. CellAge author-published marker mapping; HPA-derived,a0de4a124e0a41986185a090fb142c6c8195399e
TDGF1P3,Melanocytes,Ding et al. CellAge author-published marker mapping; HPA-derived,a0de4a124e0a41986185a090fb142c6c8195399e
SPDYE21,Melanocytes,Ding et al. CellAge author-published marker mapping; HPA-derived,a0de4a124e0a41986185a090fb142c6c8195399e
CNTF,Melanocytes,Ding et al. CellAge author-published marker mapping; HPA-derived,a0de4a124e0a41986185a090fb142c6c8195399e
CLEC12B,Melanocytes,Ding et al. CellAge author-published marker mapping; HPA-derived,a0de4a124e0a41986185a090fb142c6c8195399e
MC1R,Melanocytes,Ding et al. CellAge author-published marker mapping; HPA-derived,a0de4a124e0a41986185a090fb142c6c8195399e
CCER2,Melanocytes,Ding et al. CellAge author-published marker mapping; HPA-derived,a0de4a124e0a41986185a090fb142c6c8195399e
PROCR,Mesothelial cells,Ding et al. CellAge author-published marker mapping; HPA-derived,a0de4a124e0a41986185a090fb142c6c8195399e
HAS1,Mesothelial cells,Ding et al. CellAge author-published marker mapping; HPA-derived,a0de4a124e0a41986185a090fb142c6c8195399e
OGN,Mesothelial cells,Ding et al. CellAge author-published marker mapping; HPA-derived,a0de4a124e0a41986185a090fb142c6c8195399e
PRG4,Mesothelial cells,Ding et al. CellAge author-published marker mapping; HPA-derived,a0de4a124e0a41986185a090fb142c6c8195399e
PTGIS,Mesothelial cells,Ding et al. CellAge author-published marker mapping; HPA-derived,a0de4a124e0a41986185a090fb142c6c8195399e
CHAC1,Mesothelial cells,Ding et al. CellAge author-published marker mapping; HPA-derived,a0de4a124e0a41986185a090fb142c6c8195399e
ITLN2,Mesothelial cells,Ding et al. CellAge author-published marker mapping; HPA-derived,a0de4a124e0a41986185a090fb142c6c8195399e
SSTR5,Mesothelial cells,Ding et al. CellAge author-published marker mapping; HPA-derived,a0de4a124e0a41986185a090fb142c6c8195399e
OR10A4,Mesothelial cells,Ding et al. CellAge author-published marker mapping; HPA-derived,a0de4a124e0a41986185a090fb142c6c8195399e
CALB2,Mesothelial cells,Ding et al. CellAge author-published marker mapping; HPA-derived,a0de4a124e0a41986185a090fb142c6c8195399e
LIPM,Mesothelial cells,Ding et al. CellAge author-published marker mapping; HPA-derived,a0de4a124e0a41986185a090fb142c6c8195399e
OR4K13,Mesothelial cells,Ding et al. CellAge author-published marker mapping; HPA-derived,a0de4a124e0a41986185a090fb142c6c8195399e
ITLN1,Mesothelial cells,Ding et al. CellAge author-published marker mapping; HPA-derived,a0de4a124e0a41986185a090fb142c6c8195399e
SERTM1,Mesothelial cells,Ding et al. CellAge author-published marker mapping; HPA-derived,a0de4a124e0a41986185a090fb142c6c8195399e
ZSCAN5C,Mesothelial cells,Ding et al. CellAge author-published marker mapping; HPA-derived,a0de4a124e0a41986185a090fb142c6c8195399e
OR5K1,Mesothelial cells,Ding et al. CellAge author-published marker mapping; HPA-derived,a0de4a124e0a41986185a090fb142c6c8195399e
PCDHAC2,Mesothelial cells,Ding et al. CellAge author-published marker mapping; HPA-derived,a0de4a124e0a41986185a090fb142c6c8195399e
UPK3B,Mesothelial cells,Ding et al. CellAge author-published marker mapping; HPA-derived,a0de4a124e0a41986185a090fb142c6c8195399e
ENSG00000248235,Mesothelial cells,Ding et al. CellAge author-published marker mapping; HPA-derived,a0de4a124e0a41986185a090fb142c6c8195399e
ENSG00000257921,Mesothelial cells,Ding et al. CellAge author-published marker mapping; HPA-derived,a0de4a124e0a41986185a090fb142c6c8195399e
ENSG00000268790,Mesothelial cells,Ding et al. CellAge author-published marker mapping; HPA-derived,a0de4a124e0a41986185a090fb142c6c8195399e
ENSG00000284776,Mesothelial cells,Ding et al. CellAge author-published marker mapping; HPA-derived,a0de4a124e0a41986185a090fb142c6c8195399e
ENSG00000285446,Mesothelial cells,Ding et al. CellAge author-published marker mapping; HPA-derived,a0de4a124e0a41986185a090fb142c6c8195399e
ENSG00000286165,Mesothelial cells,Ding et al. CellAge author-published marker mapping; HPA-derived,a0de4a124e0a41986185a090fb142c6c8195399e
PRDM11,Microglial cells,Ding et al. CellAge author-published marker mapping; HPA-derived,a0de4a124e0a41986185a090fb142c6c8195399e
TBC1D22A,Microglial cells,Ding et al. CellAge author-published marker mapping; HPA-derived,a0de4a124e0a41986185a090fb142c6c8195399e
ANKRD44,Microglial cells,Ding et al. CellAge author-published marker mapping; HPA-derived,a0de4a124e0a41986185a090fb142c6c8195399e
MEF2A,Microglial cells,Ding et al. CellAge author-published marker mapping; HPA-derived,a0de4a124e0a41986185a090fb142c6c8195399e
ALPK1,Microglial cells,Ding et al. CellAge author-published marker mapping; HPA-derived,a0de4a124e0a41986185a090fb142c6c8195399e
IPCEF1,Microglial cells,Ding et al. CellAge author-published marker mapping; HPA-derived,a0de4a124e0a41986185a090fb142c6c8195399e
APBB1IP,Microglial cells,Ding et al. CellAge author-published marker mapping; HPA-derived,a0de4a124e0a41986185a090fb142c6c8195399e
FGF20,Microglial cells,Ding et al. CellAge author-published marker mapping; HPA-derived,a0de4a124e0a41986185a090fb142c6c8195399e
ABCB1,Microglial cells,Ding et al. CellAge author-published marker mapping; HPA-derived,a0de4a124e0a41986185a090fb142c6c8195399e
R3HDML,Microglial cells,Ding et al. CellAge author-published marker mapping; HPA-derived,a0de4a124e0a41986185a090fb142c6c8195399e
SYNDIG1,Microglial cells,Ding et al. CellAge author-published marker mapping; HPA-derived,a0de4a124e0a41986185a090fb142c6c8195399e
ATP8B4,Microglial cells,Ding et al. CellAge author-published marker mapping; HPA-derived,a0de4a124e0a41986185a090fb142c6c8195399e
CPED1,Microglial cells,Ding et al. CellAge author-published marker mapping; HPA-derived,a0de4a124e0a41986185a090fb142c6c8195399e
DOCK8,Microglial cells,Ding et al. CellAge author-published marker mapping; HPA-derived,a0de4a124e0a41986185a090fb142c6c8195399e
PALD1,Microglial cells,Ding et al. CellAge author-published marker mapping; HPA-derived,a0de4a124e0a41986185a090fb142c6c8195399e
TBX18,Microglial cells,Ding et al. CellAge author-published marker mapping; HPA-derived,a0de4a124e0a41986185a090fb142c6c8195399e
HAVCR1,Microglial cells,Ding et al. CellAge author-published marker mapping; HPA-derived,a0de4a124e0a41986185a090fb142c6c8195399e
ACVR1,Microglial cells,Ding et al. CellAge author-published marker mapping; HPA-derived,a0de4a124e0a41986185a090fb142c6c8195399e
LOXL3,Microglial cells,Ding et al. CellAge author-published marker mapping; HPA-derived,a0de4a124e0a41986185a090fb142c6c8195399e
PLXDC2,Microglial cells,Ding et al. CellAge author-published marker mapping; HPA-derived,a0de4a124e0a41986185a090fb142c6c8195399e
ABCC4,Microglial cells,Ding et al. CellAge author-published marker mapping; HPA-derived,a0de4a124e0a41986185a090fb142c6c8195399e
ART1,Microglial cells,Ding et al. CellAge author-published marker mapping; HPA-derived,a0de4a124e0a41986185a090fb142c6c8195399e
AOAH,Microglial cells,Ding et al. CellAge author-published marker mapping; HPA-derived,a0de4a124e0a41986185a090fb142c6c8195399e
FOXF2,Microglial cells,Ding et al. CellAge author-published marker mapping; HPA-derived,a0de4a124e0a41986185a090fb142c6c8195399e
LHCGR,Microglial cells,Ding et al. CellAge author-published marker mapping; HPA-derived,a0de4a124e0a41986185a090fb142c6c8195399e
ENTPD1,Microglial cells,Ding et al. CellAge author-published marker mapping; HPA-derived,a0de4a124e0a41986185a090fb142c6c8195399e
ZNF710,Microglial cells,Ding et al. CellAge author-published marker mapping; HPA-derived,a0de4a124e0a41986185a090fb142c6c8195399e
LHFPL2,Microglial cells,Ding et al. CellAge author-published marker mapping; HPA-derived,a0de4a124e0a41986185a090fb142c6c8195399e
RASGEF1C,Microglial cells,Ding et al. CellAge author-published marker mapping; HPA-derived,a0de4a124e0a41986185a090fb142c6c8195399e
USP6NL,Microglial cells,Ding et al. CellAge author-published marker mapping; HPA-derived,a0de4a124e0a41986185a090fb142c6c8195399e
ST8SIA6,Microglial cells,Ding et al. CellAge author-published marker mapping; HPA-derived,a0de4a124e0a41986185a090fb142c6c8195399e
LRMDA,Microglial cells,Ding et al. CellAge author-published marker mapping; HPA-derived,a0de4a124e0a41986185a090fb142c6c8195399e
ADAMTS12,Microglial cells,Ding et al. CellAge author-published marker mapping; HPA-derived,a0de4a124e0a41986185a090fb142c6c8195399e
FLI1,Microglial cells,Ding et al. CellAge author-published marker mapping; HPA-derived,a0de4a124e0a41986185a090fb142c6c8195399e
KCNK13,Microglial cells,Ding et al. CellAge author-published marker mapping; HPA-derived,a0de4a124e0a41986185a090fb142c6c8195399e
ZIC1,Microglial cells,Ding et al. CellAge author-published marker mapping; HPA-derived,a0de4a124e0a41986185a090fb142c6c8195399e
ABCA9,Microglial cells,Ding et al. CellAge author-published marker mapping; HPA-derived,a0de4a124e0a41986185a090fb142c6c8195399e
TREML1,Microglial cells,Ding et al. CellAge author-published marker mapping; HPA-derived,a0de4a124e0a41986185a090fb142c6c8195399e
SLC16A14,Microglial cells,Ding et al. CellAge author-published marker mapping; HPA-derived,a0de4a124e0a41986185a090fb142c6c8195399e
ELOVL7,Microglial cells,Ding et al. CellAge author-published marker mapping; HPA-derived,a0de4a124e0a41986185a090fb142c6c8195399e
P2RY12,Microglial cells,Ding et al. CellAge author-published marker mapping; HPA-derived,a0de4a124e0a41986185a090fb142c6c8195399e
SRGAP2C,Microglial cells,Ding et al. CellAge author-published marker mapping; HPA-derived,a0de4a124e0a41986185a090fb142c6c8195399e
BNC2,Microglial cells,Ding et al. CellAge author-published marker mapping; HPA-derived,a0de4a124e0a41986185a090fb142c6c8195399e
ZNF366,Microglial cells,Ding et al. CellAge author-published marker mapping; HPA-derived,a0de4a124e0a41986185a090fb142c6c8195399e
AMBN,Microglial cells,Ding et al. CellAge author-published marker mapping; HPA-derived,a0de4a124e0a41986185a090fb142c6c8195399e
RAB39A,Microglial cells,Ding et al. CellAge author-published marker mapping; HPA-derived,a0de4a124e0a41986185a090fb142c6c8195399e
OR3A1,Microglial cells,Ding et al. CellAge author-published marker mapping; HPA-derived,a0de4a124e0a41986185a090fb142c6c8195399e
ZNRF2,Microglial cells,Ding et al. CellAge author-published marker mapping; HPA-derived,a0de4a124e0a41986185a090fb142c6c8195399e
MAML3,Microglial cells,Ding et al. CellAge author-published marker mapping; HPA-derived,a0de4a124e0a41986185a090fb142c6c8195399e
SLC39A10,Microglial cells,Ding et al. CellAge author-published marker mapping; HPA-derived,a0de4a124e0a41986185a090fb142c6c8195399e
SFMBT2,Microglial cells,Ding et al. CellAge author-published marker mapping; HPA-derived,a0de4a124e0a41986185a090fb142c6c8195399e
ATP10A,Microglial cells,Ding et al. CellAge author-published marker mapping; HPA-derived,a0de4a124e0a41986185a090fb142c6c8195399e
LY75-CD302,Microglial cells,Ding et al. CellAge author-published marker mapping; HPA-derived,a0de4a124e0a41986185a090fb142c6c8195399e
LINC02218,Microglial cells,Ding et al. CellAge author-published marker mapping; HPA-derived,a0de4a124e0a41986185a090fb142c6c8195399e
SMIM35,Microglial cells,Ding et al. CellAge author-published marker mapping; HPA-derived,a0de4a124e0a41986185a090fb142c6c8195399e
CLEC19A,Microglial cells,Ding et al. CellAge author-published marker mapping; HPA-derived,a0de4a124e0a41986185a090fb142c6c8195399e
MUC22,Microglial cells,Ding et al. CellAge author-published marker mapping; HPA-derived,a0de4a124e0a41986185a090fb142c6c8195399e
SRGAP2,Microglial cells,Ding et al. CellAge author-published marker mapping; HPA-derived,a0de4a124e0a41986185a090fb142c6c8195399e
CYFIP1,Microglial cells,Ding et al. CellAge author-published marker mapping; HPA-derived,a0de4a124e0a41986185a090fb142c6c8195399e
GIMAP1-GIMAP5,Microglial cells,Ding et al. CellAge author-published marker mapping; HPA-derived,a0de4a124e0a41986185a090fb142c6c8195399e
ODAM,Mucus glandular cells,Ding et al. CellAge author-published marker mapping; HPA-derived,a0de4a124e0a41986185a090fb142c6c8195399e
DSPP,Mucus glandular cells,Ding et al. CellAge author-published marker mapping; HPA-derived,a0de4a124e0a41986185a090fb142c6c8195399e
KLK7,Mucus glandular cells,Ding et al. CellAge author-published marker mapping; HPA-derived,a0de4a124e0a41986185a090fb142c6c8195399e
KRT83,Mucus glandular cells,Ding et al. CellAge author-published marker mapping; HPA-derived,a0de4a124e0a41986185a090fb142c6c8195399e
MUC7,Mucus glandular cells,Ding et al. CellAge author-published marker mapping; HPA-derived,a0de4a124e0a41986185a090fb142c6c8195399e
OR10K2,Mucus glandular cells,Ding et al. CellAge author-published marker mapping; HPA-derived,a0de4a124e0a41986185a090fb142c6c8195399e
FDCSP,Mucus glandular cells,Ding et al. CellAge author-published marker mapping; HPA-derived,a0de4a124e0a41986185a090fb142c6c8195399e
ALDH1A3,Mucus glandular cells,Ding et al. CellAge author-published marker mapping; HPA-derived,a0de4a124e0a41986185a090fb142c6c8195399e
PCDHGC5,Mucus glandular cells,Ding et al. CellAge author-published marker mapping; HPA-derived,a0de4a124e0a41986185a090fb142c6c8195399e
OR2A7,Mucus glandular cells,Ding et al. CellAge author-published marker mapping; HPA-derived,a0de4a124e0a41986185a090fb142c6c8195399e
SOX8,Muller glia cells,Ding et al. CellAge author-published marker mapping; HPA-derived,a0de4a124e0a41986185a090fb142c6c8195399e
COL9A2,Muller glia cells,Ding et al. CellAge author-published marker mapping; HPA-derived,a0de4a124e0a41986185a090fb142c6c8195399e
DKK3,Muller glia cells,Ding et al. CellAge author-published marker mapping; HPA-derived,a0de4a124e0a41986185a090fb142c6c8195399e
COL23A1,Muller glia cells,Ding et al. CellAge author-published marker mapping; HPA-derived,a0de4a124e0a41986185a090fb142c6c8195399e
GATB,Muller glia cells,Ding et al. CellAge author-published marker mapping; HPA-derived,a0de4a124e0a41986185a090fb142c6c8195399e
MT3,Muller glia cells,Ding et al. CellAge author-published marker mapping; HPA-derived,a0de4a124e0a41986185a090fb142c6c8195399e
SEC14L3,Muller glia cells,Ding et al. CellAge author-published marker mapping; HPA-derived,a0de4a124e0a41986185a090fb142c6c8195399e
FGF9,Muller glia cells,Ding et al. CellAge author-published marker mapping; HPA-derived,a0de4a124e0a41986185a090fb142c6c8195399e
METRN,Muller glia cells,Ding et al. CellAge author-published marker mapping; HPA-derived,a0de4a124e0a41986185a090fb142c6c8195399e
CRYM,Muller glia cells,Ding et al. CellAge author-published marker mapping; HPA-derived,a0de4a124e0a41986185a090fb142c6c8195399e
NPVF,Muller glia cells,Ding et al. CellAge author-published marker mapping; HPA-derived,a0de4a124e0a41986185a090fb142c6c8195399e
LHX2,Muller glia cells,Ding et al. CellAge author-published marker mapping; HPA-derived,a0de4a124e0a41986185a090fb142c6c8195399e
RTN4,Muller glia cells,Ding et al. CellAge author-published marker mapping; HPA-derived,a0de4a124e0a41986185a090fb142c6c8195399e
CA14,Muller glia cells,Ding et al. CellAge author-published marker mapping; HPA-derived,a0de4a124e0a41986185a090fb142c6c8195399e
FGFRL1,Muller glia cells,Ding et al. CellAge author-published marker mapping; HPA-derived,a0de4a124e0a41986185a090fb142c6c8195399e
ABHD12B,Muller glia cells,Ding et al. CellAge author-published marker mapping; HPA-derived,a0de4a124e0a41986185a090fb142c6c8195399e
CNMD,Muller glia cells,Ding et al. CellAge author-published marker mapping; HPA-derived,a0de4a124e0a41986185a090fb142c6c8195399e
OR1L4,Muller glia cells,Ding et al. CellAge author-published marker mapping; HPA-derived,a0de4a124e0a41986185a090fb142c6c8195399e
TUBB2B,Muller glia cells,Ding et al. CellAge author-published marker mapping; HPA-derived,a0de4a124e0a41986185a090fb142c6c8195399e
MGARP,Muller glia cells,Ding et al. CellAge author-published marker mapping; HPA-derived,a0de4a124e0a41986185a090fb142c6c8195399e
RLBP1,Muller glia cells,Ding et al. CellAge author-published marker mapping; HPA-derived,a0de4a124e0a41986185a090fb142c6c8195399e
STAC2,Muller glia cells,Ding et al. CellAge author-published marker mapping; HPA-derived,a0de4a124e0a41986185a090fb142c6c8195399e
KLHL8,Muller glia cells,Ding et al. CellAge author-published marker mapping; HPA-derived,a0de4a124e0a41986185a090fb142c6c8195399e
LIX1,Muller glia cells,Ding et al. CellAge author-published marker mapping; HPA-derived,a0de4a124e0a41986185a090fb142c6c8195399e
PRSS35,Muller glia cells,Ding et al. CellAge author-published marker mapping; HPA-derived,a0de4a124e0a41986185a090fb142c6c8195399e
RGR,Muller glia cells,Ding et al. CellAge author-published marker mapping; HPA-derived,a0de4a124e0a41986185a090fb142c6c8195399e
WIF1,Muller glia cells,Ding et al. CellAge author-published marker mapping; HPA-derived,a0de4a124e0a41986185a090fb142c6c8195399e
HKDC1,Muller glia cells,Ding et al. CellAge author-published marker mapping; HPA-derived,a0de4a124e0a41986185a090fb142c6c8195399e
CRYAA,Muller glia cells,Ding et al. CellAge author-published marker mapping; HPA-derived,a0de4a124e0a41986185a090fb142c6c8195399e
FAM171A2,Muller glia cells,Ding et al. CellAge author-published marker mapping; HPA-derived,a0de4a124e0a41986185a090fb142c6c8195399e
FRZB,Muller glia cells,Ding et al. CellAge author-published marker mapping; HPA-derived,a0de4a124e0a41986185a090fb142c6c8195399e
LENEP,Muller glia cells,Ding et al. CellAge author-published marker mapping; HPA-derived,a0de4a124e0a41986185a090fb142c6c8195399e
CLRN1,Muller glia cells,Ding et al. CellAge author-published marker mapping; HPA-derived,a0de4a124e0a41986185a090fb142c6c8195399e
FABP7,Muller glia cells,Ding et al. CellAge author-published marker mapping; HPA-derived,a0de4a124e0a41986185a090fb142c6c8195399e
CRABP1,Muller glia cells,Ding et al. CellAge author-published marker mapping; HPA-derived,a0de4a124e0a41986185a090fb142c6c8195399e
TSC22D4,Muller glia cells,Ding et al. CellAge author-published marker mapping; HPA-derived,a0de4a124e0a41986185a090fb142c6c8195399e
TTYH1,Muller glia cells,Ding et al. CellAge author-published marker mapping; HPA-derived,a0de4a124e0a41986185a090fb142c6c8195399e
PGM2,Muller glia cells,Ding et al. CellAge author-published marker mapping; HPA-derived,a0de4a124e0a41986185a090fb142c6c8195399e
ZPLD1,Muller glia cells,Ding et al. CellAge author-published marker mapping; HPA-derived,a0de4a124e0a41986185a090fb142c6c8195399e
TRH,Muller glia cells,Ding et al. CellAge author-published marker mapping; HPA-derived,a0de4a124e0a41986185a090fb142c6c8195399e
MSANTD4,Muller glia cells,Ding et al. CellAge author-published marker mapping; HPA-derived,a0de4a124e0a41986185a090fb142c6c8195399e
ECEL1,Muller glia cells,Ding et al. CellAge author-published marker mapping; HPA-derived,a0de4a124e0a41986185a090fb142c6c8195399e
CDC42EP4,Muller glia cells,Ding et al. CellAge author-published marker mapping; HPA-derived,a0de4a124e0a41986185a090fb142c6c8195399e
RRH,Muller glia cells,Ding et al. CellAge author-published marker mapping; HPA-derived,a0de4a124e0a41986185a090fb142c6c8195399e
SRY,Muller glia cells,Ding et al. CellAge author-published marker mapping; HPA-derived,a0de4a124e0a41986185a090fb142c6c8195399e
SLITRK2,Muller glia cells,Ding et al. CellAge author-published marker mapping; HPA-derived,a0de4a124e0a41986185a090fb142c6c8195399e
DIPK1C,Muller glia cells,Ding et al. CellAge author-published marker mapping; HPA-derived,a0de4a124e0a41986185a090fb142c6c8195399e
KRT39,Muller glia cells,Ding et al. CellAge author-published marker mapping; HPA-derived,a0de4a124e0a41986185a090fb142c6c8195399e
KRT40,Muller glia cells,Ding et al. CellAge author-published marker mapping; HPA-derived,a0de4a124e0a41986185a090fb142c6c8195399e
OR51A4,Muller glia cells,Ding et al. CellAge author-published marker mapping; HPA-derived,a0de4a124e0a41986185a090fb142c6c8195399e
MINDY4B,Muller glia cells,Ding et al. CellAge author-published marker mapping; HPA-derived,a0de4a124e0a41986185a090fb142c6c8195399e
HMX1,Muller glia cells,Ding et al. CellAge author-published marker mapping; HPA-derived,a0de4a124e0a41986185a090fb142c6c8195399e
PRSS56,Muller glia cells,Ding et al. CellAge author-published marker mapping; HPA-derived,a0de4a124e0a41986185a090fb142c6c8195399e
SCGB1C2,Muller glia cells,Ding et al. CellAge author-published marker mapping; HPA-derived,a0de4a124e0a41986185a090fb142c6c8195399e
FAM237B,Muller glia cells,Ding et al. CellAge author-published marker mapping; HPA-derived,a0de4a124e0a41986185a090fb142c6c8195399e
MATK,NK-cells,Ding et al. CellAge author-published marker mapping; HPA-derived,a0de4a124e0a41986185a090fb142c6c8195399e
OSBPL5,NK-cells,Ding et al. CellAge author-published marker mapping; HPA-derived,a0de4a124e0a41986185a090fb142c6c8195399e
SH2D2A,NK-cells,Ding et al. CellAge author-published marker mapping; HPA-derived,a0de4a124e0a41986185a090fb142c6c8195399e
UTS2,NK-cells,Ding et al. CellAge author-published marker mapping; HPA-derived,a0de4a124e0a41986185a090fb142c6c8195399e
TBX21,NK-cells,Ding et al. CellAge author-published marker mapping; HPA-derived,a0de4a124e0a41986185a090fb142c6c8195399e
TXK,NK-cells,Ding et al. CellAge author-published marker mapping; HPA-derived,a0de4a124e0a41986185a090fb142c6c8195399e
CST7,NK-cells,Ding et al. CellAge author-published marker mapping; HPA-derived,a0de4a124e0a41986185a090fb142c6c8195399e
IL2RB,NK-cells,Ding et al. CellAge author-published marker mapping; HPA-derived,a0de4a124e0a41986185a090fb142c6c8195399e
GZMH,NK-cells,Ding et al. CellAge author-published marker mapping; HPA-derived,a0de4a124e0a41986185a090fb142c6c8195399e
SLA2,NK-cells,Ding et al. CellAge author-published marker mapping; HPA-derived,a0de4a124e0a41986185a090fb142c6c8195399e
RNF125,NK-cells,Ding et al. CellAge author-published marker mapping; HPA-derived,a0de4a124e0a41986185a090fb142c6c8195399e
LIM2,NK-cells,Ding et al. CellAge author-published marker mapping; HPA-derived,a0de4a124e0a41986185a090fb142c6c8195399e
NKG7,NK-cells,Ding et al. CellAge author-published marker mapping; HPA-derived,a0de4a124e0a41986185a090fb142c6c8195399e
AKNA,NK-cells,Ding et al. CellAge author-published marker mapping; HPA-derived,a0de4a124e0a41986185a090fb142c6c8195399e
BIN2,NK-cells,Ding et al. CellAge author-published marker mapping; HPA-derived,a0de4a124e0a41986185a090fb142c6c8195399e
GNLY,NK-cells,Ding et al. CellAge author-published marker mapping; HPA-derived,a0de4a124e0a41986185a090fb142c6c8195399e
IL18RAP,NK-cells,Ding et al. CellAge author-published marker mapping; HPA-derived,a0de4a124e0a41986185a090fb142c6c8195399e
CD160,NK-cells,Ding et al. CellAge author-published marker mapping; HPA-derived,a0de4a124e0a41986185a090fb142c6c8195399e
FASLG,NK-cells,Ding et al. CellAge author-published marker mapping; HPA-derived,a0de4a124e0a41986185a090fb142c6c8195399e
CD244,NK-cells,Ding et al. CellAge author-published marker mapping; HPA-derived,a0de4a124e0a41986185a090fb142c6c8195399e
KIR2DL1,NK-cells,Ding et al. CellAge author-published marker mapping; HPA-derived,a0de4a124e0a41986185a090fb142c6c8195399e
ABHD17A,NK-cells,Ding et al. CellAge author-published marker mapping; HPA-derived,a0de4a124e0a41986185a090fb142c6c8195399e
KLRD1,NK-cells,Ding et al. CellAge author-published marker mapping; HPA-derived,a0de4a124e0a41986185a090fb142c6c8195399e
KLRC1,NK-cells,Ding et al. CellAge author-published marker mapping; HPA-derived,a0de4a124e0a41986185a090fb142c6c8195399e
CEMIP2,NK-cells,Ding et al. CellAge author-published marker mapping; HPA-derived,a0de4a124e0a41986185a090fb142c6c8195399e
CHST12,NK-cells,Ding et al. CellAge author-published marker mapping; HPA-derived,a0de4a124e0a41986185a090fb142c6c8195399e
FGFBP2,NK-cells,Ding et al. CellAge author-published marker mapping; HPA-derived,a0de4a124e0a41986185a090fb142c6c8195399e
OR4D1,NK-cells,Ding et al. CellAge author-published marker mapping; HPA-derived,a0de4a124e0a41986185a090fb142c6c8195399e
MYO1F,NK-cells,Ding et al. CellAge author-published marker mapping; HPA-derived,a0de4a124e0a41986185a090fb142c6c8195399e
XCL2,NK-cells,Ding et al. CellAge author-published marker mapping; HPA-derived,a0de4a124e0a41986185a090fb142c6c8195399e
CEP78,NK-cells,Ding et al. CellAge author-published marker mapping; HPA-derived,a0de4a124e0a41986185a090fb142c6c8195399e
KLRF1,NK-cells,Ding et al. CellAge author-published marker mapping; HPA-derived,a0de4a124e0a41986185a090fb142c6c8195399e
ZNF276,NK-cells,Ding et al. CellAge author-published marker mapping; HPA-derived,a0de4a124e0a41986185a090fb142c6c8195399e
SPON2,NK-cells,Ding et al. CellAge author-published marker mapping; HPA-derived,a0de4a124e0a41986185a090fb142c6c8195399e
PRMT2,NK-cells,Ding et al. CellAge author-published marker mapping; HPA-derived,a0de4a124e0a41986185a090fb142c6c8195399e
JAK1,NK-cells,Ding et al. CellAge author-published marker mapping; HPA-derived,a0de4a124e0a41986185a090fb142c6c8195399e
EOMES,NK-cells,Ding et al. CellAge author-published marker mapping; HPA-derived,a0de4a124e0a41986185a090fb142c6c8195399e
PYHIN1,NK-cells,Ding et al. CellAge author-published marker mapping; HPA-derived,a0de4a124e0a41986185a090fb142c6c8195399e
PPBP,NK-cells,Ding et al. CellAge author-published marker mapping; HPA-derived,a0de4a124e0a41986185a090fb142c6c8195399e
SAMD3,NK-cells,Ding et al. CellAge author-published marker mapping; HPA-derived,a0de4a124e0a41986185a090fb142c6c8195399e
KIR3DL1,NK-cells,Ding et al. CellAge author-published marker mapping; HPA-derived,a0de4a124e0a41986185a090fb142c6c8195399e
PTGDR,NK-cells,Ding et al. CellAge author-published marker mapping; HPA-derived,a0de4a124e0a41986185a090fb142c6c8195399e
CTSW,NK-cells,Ding et al. CellAge author-published marker mapping; HPA-derived,a0de4a124e0a41986185a090fb142c6c8195399e
CD7,NK-cells,Ding et al. CellAge author-published marker mapping; HPA-derived,a0de4a124e0a41986185a090fb142c6c8195399e
PRF1,NK-cells,Ding et al. CellAge author-published marker mapping; HPA-derived,a0de4a124e0a41986185a090fb142c6c8195399e
S1PR5,NK-cells,Ding et al. CellAge author-published marker mapping; HPA-derived,a0de4a124e0a41986185a090fb142c6c8195399e
FCRL6,NK-cells,Ding et al. CellAge author-published marker mapping; HPA-derived,a0de4a124e0a41986185a090fb142c6c8195399e
IFNL1,NK-cells,Ding et al. CellAge author-published marker mapping; HPA-derived,a0de4a124e0a41986185a090fb142c6c8195399e
MYBL1,NK-cells,Ding et al. CellAge author-published marker mapping; HPA-derived,a0de4a124e0a41986185a090fb142c6c8195399e
KRT73,NK-cells,Ding et al. CellAge author-published marker mapping; HPA-derived,a0de4a124e0a41986185a090fb142c6c8195399e
CMC1,NK-cells,Ding et al. CellAge author-published marker mapping; HPA-derived,a0de4a124e0a41986185a090fb142c6c8195399e
ZNF600,NK-cells,Ding et al. CellAge author-published marker mapping; HPA-derived,a0de4a124e0a41986185a090fb142c6c8195399e
NCR1,NK-cells,Ding et al. CellAge author-published marker mapping; HPA-derived,a0de4a124e0a41986185a090fb142c6c8195399e
GZMM,NK-cells,Ding et al. CellAge author-published marker mapping; HPA-derived,a0de4a124e0a41986185a090fb142c6c8195399e
SH2D1B,NK-cells,Ding et al. CellAge author-published marker mapping; HPA-derived,a0de4a124e0a41986185a090fb142c6c8195399e
CD247,NK-cells,Ding et al. CellAge author-published marker mapping; HPA-derived,a0de4a124e0a41986185a090fb142c6c8195399e
NCR3,NK-cells,Ding et al. CellAge author-published marker mapping; HPA-derived,a0de4a124e0a41986185a090fb142c6c8195399e
SLFN12L,NK-cells,Ding et al. CellAge author-published marker mapping; HPA-derived,a0de4a124e0a41986185a090fb142c6c8195399e
TRDC,NK-cells,Ding et al. CellAge author-published marker mapping; HPA-derived,a0de4a124e0a41986185a090fb142c6c8195399e
OR2A25,NK-cells,Ding et al. CellAge author-published marker mapping; HPA-derived,a0de4a124e0a41986185a090fb142c6c8195399e
OR2A14,NK-cells,Ding et al. CellAge author-published marker mapping; HPA-derived,a0de4a124e0a41986185a090fb142c6c8195399e
KIR2DS4,NK-cells,Ding et al. CellAge author-published marker mapping; HPA-derived,a0de4a124e0a41986185a090fb142c6c8195399e
KIR3DL2,NK-cells,Ding et al. CellAge author-published marker mapping; HPA-derived,a0de4a124e0a41986185a090fb142c6c8195399e
KIR2DL3,NK-cells,Ding et al. CellAge author-published marker mapping; HPA-derived,a0de4a124e0a41986185a090fb142c6c8195399e
ENSG00000255641,NK-cells,Ding et al. CellAge author-published marker mapping; HPA-derived,a0de4a124e0a41986185a090fb142c6c8195399e
ENSG00000255730,NK-cells,Ding et al. CellAge author-published marker mapping; HPA-derived,a0de4a124e0a41986185a090fb142c6c8195399e
CFAP298-TCP10L,NK-cells,Ding et al. CellAge author-published marker mapping; HPA-derived,a0de4a124e0a41986185a090fb142c6c8195399e
DGKK,NK-cells,Ding et al. CellAge author-published marker mapping; HPA-derived,a0de4a124e0a41986185a090fb142c6c8195399e
KLHL13,Oligodendrocyte precursor cells,Ding et al. CellAge author-published marker mapping; HPA-derived,a0de4a124e0a41986185a090fb142c6c8195399e
MAMLD1,Oligodendrocyte precursor cells,Ding et al. CellAge author-published marker mapping; HPA-derived,a0de4a124e0a41986185a090fb142c6c8195399e
TLL1,Oligodendrocyte precursor cells,Ding et al. CellAge author-published marker mapping; HPA-derived,a0de4a124e0a41986185a090fb142c6c8195399e
COL11A1,Oligodendrocyte precursor cells,Ding et al. CellAge author-published marker mapping; HPA-derived,a0de4a124e0a41986185a090fb142c6c8195399e
TNK2,Oligodendrocyte precursor cells,Ding et al. CellAge author-published marker mapping; HPA-derived,a0de4a124e0a41986185a090fb142c6c8195399e
MPPED2,Oligodendrocyte precursor cells,Ding et al. CellAge author-published marker mapping; HPA-derived,a0de4a124e0a41986185a090fb142c6c8195399e
EPN2,Oligodendrocyte precursor cells,Ding et al. CellAge author-published marker mapping; HPA-derived,a0de4a124e0a41986185a090fb142c6c8195399e
CACNG4,Oligodendrocyte precursor cells,Ding et al. CellAge author-published marker mapping; HPA-derived,a0de4a124e0a41986185a090fb142c6c8195399e
EBF4,Oligodendrocyte precursor cells,Ding et al. CellAge author-published marker mapping; HPA-derived,a0de4a124e0a41986185a090fb142c6c8195399e
SEZ6L,Oligodendrocyte precursor cells,Ding et al. CellAge author-published marker mapping; HPA-derived,a0de4a124e0a41986185a090fb142c6c8195399e
COL20A1,Oligodendrocyte precursor cells,Ding et al. CellAge author-published marker mapping; HPA-derived,a0de4a124e0a41986185a090fb142c6c8195399e
FERMT1,Oligodendrocyte precursor cells,Ding et al. CellAge author-published marker mapping; HPA-derived,a0de4a124e0a41986185a090fb142c6c8195399e
XYLT1,Oligodendrocyte precursor cells,Ding et al. CellAge author-published marker mapping; HPA-derived,a0de4a124e0a41986185a090fb142c6c8195399e
PTPRZ1,Oligodendrocyte precursor cells,Ding et al. CellAge author-published marker mapping; HPA-derived,a0de4a124e0a41986185a090fb142c6c8195399e
ACTR3C,Oligodendrocyte precursor cells,Ding et al. CellAge author-published marker mapping; HPA-derived,a0de4a124e0a41986185a090fb142c6c8195399e
SOX6,Oligodendrocyte precursor cells,Ding et al. CellAge author-published marker mapping; HPA-derived,a0de4a124e0a41986185a090fb142c6c8195399e
ASIC1,Oligodendrocyte precursor cells,Ding et al. CellAge author-published marker mapping; HPA-derived,a0de4a124e0a41986185a090fb142c6c8195399e
UST,Oligodendrocyte precursor cells,Ding et al. CellAge author-published marker mapping; HPA-derived,a0de4a124e0a41986185a090fb142c6c8195399e
COL9A1,Oligodendrocyte precursor cells,Ding et al. CellAge author-published marker mapping; HPA-derived,a0de4a124e0a41986185a090fb142c6c8195399e
SEMA5A,Oligodendrocyte precursor cells,Ding et al. CellAge author-published marker mapping; HPA-derived,a0de4a124e0a41986185a090fb142c6c8195399e
KAT2B,Oligodendrocyte precursor cells,Ding et al. CellAge author-published marker mapping; HPA-derived,a0de4a124e0a41986185a090fb142c6c8195399e
CSPG5,Oligodendrocyte precursor cells,Ding et al. CellAge author-published marker mapping; HPA-derived,a0de4a124e0a41986185a090fb142c6c8195399e
TNR,Oligodendrocyte precursor cells,Ding et al. CellAge author-published marker mapping; HPA-derived,a0de4a124e0a41986185a090fb142c6c8195399e
MROH9,Oligodendrocyte precursor cells,Ding et al. CellAge author-published marker mapping; HPA-derived,a0de4a124e0a41986185a090fb142c6c8195399e
TMEM255A,Oligodendrocyte precursor cells,Ding et al. CellAge author-published marker mapping; HPA-derived,a0de4a124e0a41986185a090fb142c6c8195399e
DACH2,Oligodendrocyte precursor cells,Ding et al. CellAge author-published marker mapping; HPA-derived,a0de4a124e0a41986185a090fb142c6c8195399e
EPB41L4A,Oligodendrocyte precursor cells,Ding et al. CellAge author-published marker mapping; HPA-derived,a0de4a124e0a41986185a090fb142c6c8195399e
PDZD2,Oligodendrocyte precursor cells,Ding et al. CellAge author-published marker mapping; HPA-derived,a0de4a124e0a41986185a090fb142c6c8195399e
CHL1,Oligodendrocyte precursor cells,Ding et al. CellAge author-published marker mapping; HPA-derived,a0de4a124e0a41986185a090fb142c6c8195399e
NAV1,Oligodendrocyte precursor cells,Ding et al. CellAge author-published marker mapping; HPA-derived,a0de4a124e0a41986185a090fb142c6c8195399e
ASCL1,Oligodendrocyte precursor cells,Ding et al. CellAge author-published marker mapping; HPA-derived,a0de4a124e0a41986185a090fb142c6c8195399e
NOVA1,Oligodendrocyte precursor cells,Ding et al. CellAge author-published marker mapping; HPA-derived,a0de4a124e0a41986185a090fb142c6c8195399e
FBN3,Oligodendrocyte precursor cells,Ding et al. CellAge author-published marker mapping; HPA-derived,a0de4a124e0a41986185a090fb142c6c8195399e
GPR17,Oligodendrocyte precursor cells,Ding et al. CellAge author-published marker mapping; HPA-derived,a0de4a124e0a41986185a090fb142c6c8195399e
GALNT13,Oligodendrocyte precursor cells,Ding et al. CellAge author-published marker mapping; HPA-derived,a0de4a124e0a41986185a090fb142c6c8195399e
PDGFC,Oligodendrocyte precursor cells,Ding et al. CellAge author-published marker mapping; HPA-derived,a0de4a124e0a41986185a090fb142c6c8195399e
NLGN4X,Oligodendrocyte precursor cells,Ding et al. CellAge author-published marker mapping; HPA-derived,a0de4a124e0a41986185a090fb142c6c8195399e
CASK,Oligodendrocyte precursor cells,Ding et al. CellAge author-published marker mapping; HPA-derived,a0de4a124e0a41986185a090fb142c6c8195399e
PLPPR1,Oligodendrocyte precursor cells,Ding et al. CellAge author-published marker mapping; HPA-derived,a0de4a124e0a41986185a090fb142c6c8195399e
ZNF462,Oligodendrocyte precursor cells,Ding et al. CellAge author-published marker mapping; HPA-derived,a0de4a124e0a41986185a090fb142c6c8195399e
LCN9,Oligodendrocyte precursor cells,Ding et al. CellAge author-published marker mapping; HPA-derived,a0de4a124e0a41986185a090fb142c6c8195399e
LRRC4C,Oligodendrocyte precursor cells,Ding et al. CellAge author-published marker mapping; HPA-derived,a0de4a124e0a41986185a090fb142c6c8195399e
PCDH15,Oligodendrocyte precursor cells,Ding et al. CellAge author-published marker mapping; HPA-derived,a0de4a124e0a41986185a090fb142c6c8195399e
KLHL1,Oligodendrocyte precursor cells,Ding et al. CellAge author-published marker mapping; HPA-derived,a0de4a124e0a41986185a090fb142c6c8195399e
GRID2,Oligodendrocyte precursor cells,Ding et al. CellAge author-published marker mapping; HPA-derived,a0de4a124e0a41986185a090fb142c6c8195399e
PID1,Oligodendrocyte precursor cells,Ding et al. CellAge author-published marker mapping; HPA-derived,a0de4a124e0a41986185a090fb142c6c8195399e
CA10,Oligodendrocyte precursor cells,Ding et al. CellAge author-published marker mapping; HPA-derived,a0de4a124e0a41986185a090fb142c6c8195399e
MMP16,Oligodendrocyte precursor cells,Ding et al. CellAge author-published marker mapping; HPA-derived,a0de4a124e0a41986185a090fb142c6c8195399e
GDF6,Oligodendrocyte precursor cells,Ding et al. CellAge author-published marker mapping; HPA-derived,a0de4a124e0a41986185a090fb142c6c8195399e
MEGF11,Oligodendrocyte precursor cells,Ding et al. CellAge author-published marker mapping; HPA-derived,a0de4a124e0a41986185a090fb142c6c8195399e
USP24,Oligodendrocyte precursor cells,Ding et al. CellAge author-published marker mapping; HPA-derived,a0de4a124e0a41986185a090fb142c6c8195399e
NTNG1,Oligodendrocyte precursor cells,Ding et al. CellAge author-published marker mapping; HPA-derived,a0de4a124e0a41986185a090fb142c6c8195399e
BRINP3,Oligodendrocyte precursor cells,Ding et al. CellAge author-published marker mapping; HPA-derived,a0de4a124e0a41986185a090fb142c6c8195399e
ARHGAP42,Oligodendrocyte precursor cells,Ding et al. CellAge author-published marker mapping; HPA-derived,a0de4a124e0a41986185a090fb142c6c8195399e
STXBP4,Oligodendrocyte precursor cells,Ding et al. CellAge author-published marker mapping; HPA-derived,a0de4a124e0a41986185a090fb142c6c8195399e
TGM6,Oligodendrocyte precursor cells,Ding et al. CellAge author-published marker mapping; HPA-derived,a0de4a124e0a41986185a090fb142c6c8195399e
GSG1L,Oligodendrocyte precursor cells,Ding et al. CellAge author-published marker mapping; HPA-derived,a0de4a124e0a41986185a090fb142c6c8195399e
STK32A,Oligodendrocyte precursor cells,Ding et al. CellAge author-published marker mapping; HPA-derived,a0de4a124e0a41986185a090fb142c6c8195399e
NLGN1,Oligodendrocyte precursor cells,Ding et al. CellAge author-published marker mapping; HPA-derived,a0de4a124e0a41986185a090fb142c6c8195399e
SEMA3E,Oligodendrocyte precursor cells,Ding et al. CellAge author-published marker mapping; HPA-derived,a0de4a124e0a41986185a090fb142c6c8195399e
CHST11,Oligodendrocyte precursor cells,Ding et al. CellAge author-published marker mapping; HPA-derived,a0de4a124e0a41986185a090fb142c6c8195399e
DSCAM,Oligodendrocyte precursor cells,Ding et al. CellAge author-published marker mapping; HPA-derived,a0de4a124e0a41986185a090fb142c6c8195399e
OR10AD1,Oligodendrocyte precursor cells,Ding et al. CellAge author-published marker mapping; HPA-derived,a0de4a124e0a41986185a090fb142c6c8195399e
SPSB4,Oligodendrocyte precursor cells,Ding et al. CellAge author-published marker mapping; HPA-derived,a0de4a124e0a41986185a090fb142c6c8195399e
LRRN1,Oligodendrocyte precursor cells,Ding et al. CellAge author-published marker mapping; HPA-derived,a0de4a124e0a41986185a090fb142c6c8195399e
GPR139,Oligodendrocyte precursor cells,Ding et al. CellAge author-published marker mapping; HPA-derived,a0de4a124e0a41986185a090fb142c6c8195399e
TMEM132C,Oligodendrocyte precursor cells,Ding et al. CellAge author-published marker mapping; HPA-derived,a0de4a124e0a41986185a090fb142c6c8195399e
OLIG1,Oligodendrocyte precursor cells,Ding et al. CellAge author-published marker mapping; HPA-derived,a0de4a124e0a41986185a090fb142c6c8195399e
HTR3E,Oligodendrocyte precursor cells,Ding et al. CellAge author-published marker mapping; HPA-derived,a0de4a124e0a41986185a090fb142c6c8195399e
SAPCD2,Oligodendrocyte precursor cells,Ding et al. CellAge author-published marker mapping; HPA-derived,a0de4a124e0a41986185a090fb142c6c8195399e
C3ORF70,Oligodendrocyte precursor cells,Ding et al. CellAge author-published marker mapping; HPA-derived,a0de4a124e0a41986185a090fb142c6c8195399e
DCC,Oligodendrocyte precursor cells,Ding et al. CellAge author-published marker mapping; HPA-derived,a0de4a124e0a41986185a090fb142c6c8195399e
LUZP2,Oligodendrocyte precursor cells,Ding et al. CellAge author-published marker mapping; HPA-derived,a0de4a124e0a41986185a090fb142c6c8195399e
LHFPL3,Oligodendrocyte precursor cells,Ding et al. CellAge author-published marker mapping; HPA-derived,a0de4a124e0a41986185a090fb142c6c8195399e
RTP5,Oligodendrocyte precursor cells,Ding et al. CellAge author-published marker mapping; HPA-derived,a0de4a124e0a41986185a090fb142c6c8195399e
RUFY4,Oligodendrocyte precursor cells,Ding et al. CellAge author-published marker mapping; HPA-derived,a0de4a124e0a41986185a090fb142c6c8195399e
MYT1,Oligodendrocyte precursor cells,Ding et al. CellAge author-published marker mapping; HPA-derived,a0de4a124e0a41986185a090fb142c6c8195399e
NLGN3,Oligodendrocyte precursor cells,Ding et al. CellAge author-published marker mapping; HPA-derived,a0de4a124e0a41986185a090fb142c6c8195399e
SLC35F1,Oligodendrocyte precursor cells,Ding et al. CellAge author-published marker mapping; HPA-derived,a0de4a124e0a41986185a090fb142c6c8195399e
KCNMB2,Oligodendrocyte precursor cells,Ding et al. CellAge author-published marker mapping; HPA-derived,a0de4a124e0a41986185a090fb142c6c8195399e
SMOC1,Oligodendrocyte precursor cells,Ding et al. CellAge author-published marker mapping; HPA-derived,a0de4a124e0a41986185a090fb142c6c8195399e
PLPP4,Oligodendrocyte precursor cells,Ding et al. CellAge author-published marker mapping; HPA-derived,a0de4a124e0a41986185a090fb142c6c8195399e
OLIG2,Oligodendrocyte precursor cells,Ding et al. CellAge author-published marker mapping; HPA-derived,a0de4a124e0a41986185a090fb142c6c8195399e
IFITM10,Oligodendrocyte precursor cells,Ding et al. CellAge author-published marker mapping; HPA-derived,a0de4a124e0a41986185a090fb142c6c8195399e
COMMD3-BMI1,Oligodendrocyte precursor cells,Ding et al. CellAge author-published marker mapping; HPA-derived,a0de4a124e0a41986185a090fb142c6c8195399e
PCDH20,Oligodendrocyte precursor cells,Ding et al. CellAge author-published marker mapping; HPA-derived,a0de4a124e0a41986185a090fb142c6c8195399e
TMEM272,Oligodendrocyte precursor cells,Ding et al. CellAge author-published marker mapping; HPA-derived,a0de4a124e0a41986185a090fb142c6c8195399e
ANKIB1,Oligodendrocytes,Ding et al. CellAge author-published marker mapping; HPA-derived,a0de4a124e0a41986185a090fb142c6c8195399e
SLC25A13,Oligodendrocytes,Ding et al. CellAge author-published marker mapping; HPA-derived,a0de4a124e0a41986185a090fb142c6c8195399e
ADIPOR2,Oligodendrocytes,Ding et al. CellAge author-published marker mapping; HPA-derived,a0de4a124e0a41986185a090fb142c6c8195399e
MAP4K5,Oligodendrocytes,Ding et al. CellAge author-published marker mapping; HPA-derived,a0de4a124e0a41986185a090fb142c6c8195399e
STMN4,Oligodendrocytes,Ding et al. CellAge author-published marker mapping; HPA-derived,a0de4a124e0a41986185a090fb142c6c8195399e
PHLDB1,Oligodendrocytes,Ding et al. CellAge author-published marker mapping; HPA-derived,a0de4a124e0a41986185a090fb142c6c8195399e
AGPAT4,Oligodendrocytes,Ding et al. CellAge author-published marker mapping; HPA-derived,a0de4a124e0a41986185a090fb142c6c8195399e
VRK2,Oligodendrocytes,Ding et al. CellAge author-published marker mapping; HPA-derived,a0de4a124e0a41986185a090fb142c6c8195399e
FUT8,Oligodendrocytes,Ding et al. CellAge author-published marker mapping; HPA-derived,a0de4a124e0a41986185a090fb142c6c8195399e
GAB2,Oligodendrocytes,Ding et al. CellAge author-published marker mapping; HPA-derived,a0de4a124e0a41986185a090fb142c6c8195399e
ZFYVE16,Oligodendrocytes,Ding et al. CellAge author-published marker mapping; HPA-derived,a0de4a124e0a41986185a090fb142c6c8195399e
ARAP2,Oligodendrocytes,Ding et al. CellAge author-published marker mapping; HPA-derived,a0de4a124e0a41986185a090fb142c6c8195399e
PLEKHH1,Oligodendrocytes,Ding et al. CellAge author-published marker mapping; HPA-derived,a0de4a124e0a41986185a090fb142c6c8195399e
CDK17,Oligodendrocytes,Ding et al. CellAge author-published marker mapping; HPA-derived,a0de4a124e0a41986185a090fb142c6c8195399e
DIP2B,Oligodendrocytes,Ding et al. CellAge author-published marker mapping; HPA-derived,a0de4a124e0a41986185a090fb142c6c8195399e
FGFR2,Oligodendrocytes,Ding et al. CellAge author-published marker mapping; HPA-derived,a0de4a124e0a41986185a090fb142c6c8195399e
IFT80,Oligodendrocytes,Ding et al. CellAge author-published marker mapping; HPA-derived,a0de4a124e0a41986185a090fb142c6c8195399e
SLC44A1,Oligodendrocytes,Ding et al. CellAge author-published marker mapping; HPA-derived,a0de4a124e0a41986185a090fb142c6c8195399e
TESK2,Oligodendrocytes,Ding et al. CellAge author-published marker mapping; HPA-derived,a0de4a124e0a41986185a090fb142c6c8195399e
MAP4K4,Oligodendrocytes,Ding et al. CellAge author-published marker mapping; HPA-derived,a0de4a124e0a41986185a090fb142c6c8195399e
PDE8A,Oligodendrocytes,Ding et al. CellAge author-published marker mapping; HPA-derived,a0de4a124e0a41986185a090fb142c6c8195399e
WNT8B,Oligodendrocytes,Ding et al. CellAge author-published marker mapping; HPA-derived,a0de4a124e0a41986185a090fb142c6c8195399e
FRYL,Oligodendrocytes,Ding et al. CellAge author-published marker mapping; HPA-derived,a0de4a124e0a41986185a090fb142c6c8195399e
PLD1,Oligodendrocytes,Ding et al. CellAge author-published marker mapping; HPA-derived,a0de4a124e0a41986185a090fb142c6c8195399e
DLG1,Oligodendrocytes,Ding et al. CellAge author-published marker mapping; HPA-derived,a0de4a124e0a41986185a090fb142c6c8195399e
SYNJ2,Oligodendrocytes,Ding et al. CellAge author-published marker mapping; HPA-derived,a0de4a124e0a41986185a090fb142c6c8195399e
CLDND1,Oligodendrocytes,Ding et al. CellAge author-published marker mapping; HPA-derived,a0de4a124e0a41986185a090fb142c6c8195399e
PHLPP1,Oligodendrocytes,Ding et al. CellAge author-published marker mapping; HPA-derived,a0de4a124e0a41986185a090fb142c6c8195399e
SLCO1A2,Oligodendrocytes,Ding et al. CellAge author-published marker mapping; HPA-derived,a0de4a124e0a41986185a090fb142c6c8195399e
NKAIN1,Oligodendrocytes,Ding et al. CellAge author-published marker mapping; HPA-derived,a0de4a124e0a41986185a090fb142c6c8195399e
DICER1,Oligodendrocytes,Ding et al. CellAge author-published marker mapping; HPA-derived,a0de4a124e0a41986185a090fb142c6c8195399e
KLHL4,Oligodendrocytes,Ding et al. CellAge author-published marker mapping; HPA-derived,a0de4a124e0a41986185a090fb142c6c8195399e
FA2H,Oligodendrocytes,Ding et al. CellAge author-published marker mapping; HPA-derived,a0de4a124e0a41986185a090fb142c6c8195399e
SEC14L5,Oligodendrocytes,Ding et al. CellAge author-published marker mapping; HPA-derived,a0de4a124e0a41986185a090fb142c6c8195399e
USP31,Oligodendrocytes,Ding et al. CellAge author-published marker mapping; HPA-derived,a0de4a124e0a41986185a090fb142c6c8195399e
CORO7-PAM16,Oligodendrocytes,Ding et al. CellAge author-published marker mapping; HPA-derived,a0de4a124e0a41986185a090fb142c6c8195399e
TJP1,Oligodendrocytes,Ding et al. CellAge author-published marker mapping; HPA-derived,a0de4a124e0a41986185a090fb142c6c8195399e
TUBB4A,Oligodendrocytes,Ding et al. CellAge author-published marker mapping; HPA-derived,a0de4a124e0a41986185a090fb142c6c8195399e
APLP1,Oligodendrocytes,Ding et al. CellAge author-published marker mapping; HPA-derived,a0de4a124e0a41986185a090fb142c6c8195399e
WDR83OS,Oligodendrocytes,Ding et al. CellAge author-published marker mapping; HPA-derived,a0de4a124e0a41986185a090fb142c6c8195399e
MAG,Oligodendrocytes,Ding et al. CellAge author-published marker mapping; HPA-derived,a0de4a124e0a41986185a090fb142c6c8195399e
STEAP1B,Oligodendrocytes,Ding et al. CellAge author-published marker mapping; HPA-derived,a0de4a124e0a41986185a090fb142c6c8195399e
PRUNE2,Oligodendrocytes,Ding et al. CellAge author-published marker mapping; HPA-derived,a0de4a124e0a41986185a090fb142c6c8195399e
ABCA2,Oligodendrocytes,Ding et al. CellAge author-published marker mapping; HPA-derived,a0de4a124e0a41986185a090fb142c6c8195399e
ABHD17B,Oligodendrocytes,Ding et al. CellAge author-published marker mapping; HPA-derived,a0de4a124e0a41986185a090fb142c6c8195399e
ARHGAP21,Oligodendrocytes,Ding et al. CellAge author-published marker mapping; HPA-derived,a0de4a124e0a41986185a090fb142c6c8195399e
TBC1D12,Oligodendrocytes,Ding et al. CellAge author-published marker mapping; HPA-derived,a0de4a124e0a41986185a090fb142c6c8195399e
ASPA,Oligodendrocytes,Ding et al. CellAge author-published marker mapping; HPA-derived,a0de4a124e0a41986185a090fb142c6c8195399e
GAB1,Oligodendrocytes,Ding et al. CellAge author-published marker mapping; HPA-derived,a0de4a124e0a41986185a090fb142c6c8195399e
TRIM2,Oligodendrocytes,Ding et al. CellAge author-published marker mapping; HPA-derived,a0de4a124e0a41986185a090fb142c6c8195399e
PPM1H,Oligodendrocytes,Ding et al. CellAge author-published marker mapping; HPA-derived,a0de4a124e0a41986185a090fb142c6c8195399e
DUSP16,Oligodendrocytes,Ding et al. CellAge author-published marker mapping; HPA-derived,a0de4a124e0a41986185a090fb142c6c8195399e
HBS1L,Oligodendrocytes,Ding et al. CellAge author-published marker mapping; HPA-derived,a0de4a124e0a41986185a090fb142c6c8195399e
QKI,Oligodendrocytes,Ding et al. CellAge author-published marker mapping; HPA-derived,a0de4a124e0a41986185a090fb142c6c8195399e
ERBIN,Oligodendrocytes,Ding et al. CellAge author-published marker mapping; HPA-derived,a0de4a124e0a41986185a090fb142c6c8195399e
MAN2A1,Oligodendrocytes,Ding et al. CellAge author-published marker mapping; HPA-derived,a0de4a124e0a41986185a090fb142c6c8195399e
FRMD4B,Oligodendrocytes,Ding et al. CellAge author-published marker mapping; HPA-derived,a0de4a124e0a41986185a090fb142c6c8195399e
PEX5L,Oligodendrocytes,Ding et al. CellAge author-published marker mapping; HPA-derived,a0de4a124e0a41986185a090fb142c6c8195399e
LANCL1,Oligodendrocytes,Ding et al. CellAge author-published marker mapping; HPA-derived,a0de4a124e0a41986185a090fb142c6c8195399e
FANCL,Oligodendrocytes,Ding et al. CellAge author-published marker mapping; HPA-derived,a0de4a124e0a41986185a090fb142c6c8195399e
NEU2,Oligodendrocytes,Ding et al. CellAge author-published marker mapping; HPA-derived,a0de4a124e0a41986185a090fb142c6c8195399e
STRN,Oligodendrocytes,Ding et al. CellAge author-published marker mapping; HPA-derived,a0de4a124e0a41986185a090fb142c6c8195399e
DCAF17,Oligodendrocytes,Ding et al. CellAge author-published marker mapping; HPA-derived,a0de4a124e0a41986185a090fb142c6c8195399e
PLCL1,Oligodendrocytes,Ding et al. CellAge author-published marker mapping; HPA-derived,a0de4a124e0a41986185a090fb142c6c8195399e
DNAJC6,Oligodendrocytes,Ding et al. CellAge author-published marker mapping; HPA-derived,a0de4a124e0a41986185a090fb142c6c8195399e
PRAMEF12,Oligodendrocytes,Ding et al. CellAge author-published marker mapping; HPA-derived,a0de4a124e0a41986185a090fb142c6c8195399e
CDK18,Oligodendrocytes,Ding et al. CellAge author-published marker mapping; HPA-derived,a0de4a124e0a41986185a090fb142c6c8195399e
PTBP2,Oligodendrocytes,Ding et al. CellAge author-published marker mapping; HPA-derived,a0de4a124e0a41986185a090fb142c6c8195399e
MOB3B,Oligodendrocytes,Ding et al. CellAge author-published marker mapping; HPA-derived,a0de4a124e0a41986185a090fb142c6c8195399e
MND1,Oligodendrocytes,Ding et al. CellAge author-published marker mapping; HPA-derived,a0de4a124e0a41986185a090fb142c6c8195399e
SEPTIN7,Oligodendrocytes,Ding et al. CellAge author-published marker mapping; HPA-derived,a0de4a124e0a41986185a090fb142c6c8195399e
PLP1,Oligodendrocytes,Ding et al. CellAge author-published marker mapping; HPA-derived,a0de4a124e0a41986185a090fb142c6c8195399e
KCNJ2,Oligodendrocytes,Ding et al. CellAge author-published marker mapping; HPA-derived,a0de4a124e0a41986185a090fb142c6c8195399e
ATP8A1,Oligodendrocytes,Ding et al. CellAge author-published marker mapping; HPA-derived,a0de4a124e0a41986185a090fb142c6c8195399e
MYRF,Oligodendrocytes,Ding et al. CellAge author-published marker mapping; HPA-derived,a0de4a124e0a41986185a090fb142c6c8195399e
TMTC4,Oligodendrocytes,Ding et al. CellAge author-published marker mapping; HPA-derived,a0de4a124e0a41986185a090fb142c6c8195399e
ATG4C,Oligodendrocytes,Ding et al. CellAge author-published marker mapping; HPA-derived,a0de4a124e0a41986185a090fb142c6c8195399e
TRPV5,Oligodendrocytes,Ding et al. CellAge author-published marker mapping; HPA-derived,a0de4a124e0a41986185a090fb142c6c8195399e
GNAI1,Oligodendrocytes,Ding et al. CellAge author-published marker mapping; HPA-derived,a0de4a124e0a41986185a090fb142c6c8195399e
MOSPD2,Oligodendrocytes,Ding et al. CellAge author-published marker mapping; HPA-derived,a0de4a124e0a41986185a090fb142c6c8195399e
TULP4,Oligodendrocytes,Ding et al. CellAge author-published marker mapping; HPA-derived,a0de4a124e0a41986185a090fb142c6c8195399e
FCHO1,Oligodendrocytes,Ding et al. CellAge author-published marker mapping; HPA-derived,a0de4a124e0a41986185a090fb142c6c8195399e
HSD17B3,Oligodendrocytes,Ding et al. CellAge author-published marker mapping; HPA-derived,a0de4a124e0a41986185a090fb142c6c8195399e
PRRG1,Oligodendrocytes,Ding et al. CellAge author-published marker mapping; HPA-derived,a0de4a124e0a41986185a090fb142c6c8195399e
WDR44,Oligodendrocytes,Ding et al. CellAge author-published marker mapping; HPA-derived,a0de4a124e0a41986185a090fb142c6c8195399e
HAPLN2,Oligodendrocytes,Ding et al. CellAge author-published marker mapping; HPA-derived,a0de4a124e0a41986185a090fb142c6c8195399e
NMUR2,Oligodendrocytes,Ding et al. CellAge author-published marker mapping; HPA-derived,a0de4a124e0a41986185a090fb142c6c8195399e
PIK3C2B,Oligodendrocytes,Ding et al. CellAge author-published marker mapping; HPA-derived,a0de4a124e0a41986185a090fb142c6c8195399e
STARD13,Oligodendrocytes,Ding et al. CellAge author-published marker mapping; HPA-derived,a0de4a124e0a41986185a090fb142c6c8195399e
AMPD3,Oligodendrocytes,Ding et al. CellAge author-published marker mapping; HPA-derived,a0de4a124e0a41986185a090fb142c6c8195399e
SORT1,Oligodendrocytes,Ding et al. CellAge author-published marker mapping; HPA-derived,a0de4a124e0a41986185a090fb142c6c8195399e
TMEM165,Oligodendrocytes,Ding et al. CellAge author-published marker mapping; HPA-derived,a0de4a124e0a41986185a090fb142c6c8195399e
AGTPBP1,Oligodendrocytes,Ding et al. CellAge author-published marker mapping; HPA-derived,a0de4a124e0a41986185a090fb142c6c8195399e
PRR5L,Oligodendrocytes,Ding et al. CellAge author-published marker mapping; HPA-derived,a0de4a124e0a41986185a090fb142c6c8195399e
MAP7,Oligodendrocytes,Ding et al. CellAge author-published marker mapping; HPA-derived,a0de4a124e0a41986185a090fb142c6c8195399e
DOCK10,Oligodendrocytes,Ding et al. CellAge author-published marker mapping; HPA-derived,a0de4a124e0a41986185a090fb142c6c8195399e
ERMN,Oligodendrocytes,Ding et al. CellAge author-published marker mapping; HPA-derived,a0de4a124e0a41986185a090fb142c6c8195399e
ZNF189,Oligodendrocytes,Ding et al. CellAge author-published marker mapping; HPA-derived,a0de4a124e0a41986185a090fb142c6c8195399e
ENPP2,Oligodendrocytes,Ding et al. CellAge author-published marker mapping; HPA-derived,a0de4a124e0a41986185a090fb142c6c8195399e
TJAP1,Oligodendrocytes,Ding et al. CellAge author-published marker mapping; HPA-derived,a0de4a124e0a41986185a090fb142c6c8195399e
CPEB2,Oligodendrocytes,Ding et al. CellAge author-published marker mapping; HPA-derived,a0de4a124e0a41986185a090fb142c6c8195399e
ADAM10,Oligodendrocytes,Ding et al. CellAge author-published marker mapping; HPA-derived,a0de4a124e0a41986185a090fb142c6c8195399e
TTLL7,Oligodendrocytes,Ding et al. CellAge author-published marker mapping; HPA-derived,a0de4a124e0a41986185a090fb142c6c8195399e
ADAMTS14,Oligodendrocytes,Ding et al. CellAge author-published marker mapping; HPA-derived,a0de4a124e0a41986185a090fb142c6c8195399e
WDFY2,Oligodendrocytes,Ding et al. CellAge author-published marker mapping; HPA-derived,a0de4a124e0a41986185a090fb142c6c8195399e
SLAIN1,Oligodendrocytes,Ding et al. CellAge author-published marker mapping; HPA-derived,a0de4a124e0a41986185a090fb142c6c8195399e
MBNL2,Oligodendrocytes,Ding et al. CellAge author-published marker mapping; HPA-derived,a0de4a124e0a41986185a090fb142c6c8195399e
TCF12,Oligodendrocytes,Ding et al. CellAge author-published marker mapping; HPA-derived,a0de4a124e0a41986185a090fb142c6c8195399e
PCSK6,Oligodendrocytes,Ding et al. CellAge author-published marker mapping; HPA-derived,a0de4a124e0a41986185a090fb142c6c8195399e
CRTC3,Oligodendrocytes,Ding et al. CellAge author-published marker mapping; HPA-derived,a0de4a124e0a41986185a090fb142c6c8195399e
OSBPL1A,Oligodendrocytes,Ding et al. CellAge author-published marker mapping; HPA-derived,a0de4a124e0a41986185a090fb142c6c8195399e
GREB1L,Oligodendrocytes,Ding et al. CellAge author-published marker mapping; HPA-derived,a0de4a124e0a41986185a090fb142c6c8195399e
NPC1,Oligodendrocytes,Ding et al. CellAge author-published marker mapping; HPA-derived,a0de4a124e0a41986185a090fb142c6c8195399e
TTYH2,Oligodendrocytes,Ding et al. CellAge author-published marker mapping; HPA-derived,a0de4a124e0a41986185a090fb142c6c8195399e
POGZ,Oligodendrocytes,Ding et al. CellAge author-published marker mapping; HPA-derived,a0de4a124e0a41986185a090fb142c6c8195399e
EXOC6B,Oligodendrocytes,Ding et al. CellAge author-published marker mapping; HPA-derived,a0de4a124e0a41986185a090fb142c6c8195399e
PKP4,Oligodendrocytes,Ding et al. CellAge author-published marker mapping; HPA-derived,a0de4a124e0a41986185a090fb142c6c8195399e
TMEFF2,Oligodendrocytes,Ding et al. CellAge author-published marker mapping; HPA-derived,a0de4a124e0a41986185a090fb142c6c8195399e
NXPE3,Oligodendrocytes,Ding et al. CellAge author-published marker mapping; HPA-derived,a0de4a124e0a41986185a090fb142c6c8195399e
CREB5,Oligodendrocytes,Ding et al. CellAge author-published marker mapping; HPA-derived,a0de4a124e0a41986185a090fb142c6c8195399e
KDM6A,Oligodendrocytes,Ding et al. CellAge author-published marker mapping; HPA-derived,a0de4a124e0a41986185a090fb142c6c8195399e
DOCK5,Oligodendrocytes,Ding et al. CellAge author-published marker mapping; HPA-derived,a0de4a124e0a41986185a090fb142c6c8195399e
ST18,Oligodendrocytes,Ding et al. CellAge author-published marker mapping; HPA-derived,a0de4a124e0a41986185a090fb142c6c8195399e
FAM13C,Oligodendrocytes,Ding et al. CellAge author-published marker mapping; HPA-derived,a0de4a124e0a41986185a090fb142c6c8195399e
FAM124A,Oligodendrocytes,Ding et al. CellAge author-published marker mapping; HPA-derived,a0de4a124e0a41986185a090fb142c6c8195399e
CNDP1,Oligodendrocytes,Ding et al. CellAge author-published marker mapping; HPA-derived,a0de4a124e0a41986185a090fb142c6c8195399e
PIP4K2A,Oligodendrocytes,Ding et al. CellAge author-published marker mapping; HPA-derived,a0de4a124e0a41986185a090fb142c6c8195399e
CCDC122,Oligodendrocytes,Ding et al. CellAge author-published marker mapping; HPA-derived,a0de4a124e0a41986185a090fb142c6c8195399e
MGAT5,Oligodendrocytes,Ding et al. CellAge author-published marker mapping; HPA-derived,a0de4a124e0a41986185a090fb142c6c8195399e
PTH,Oligodendrocytes,Ding et al. CellAge author-published marker mapping; HPA-derived,a0de4a124e0a41986185a090fb142c6c8195399e
SPOCK1,Oligodendrocytes,Ding et al. CellAge author-published marker mapping; HPA-derived,a0de4a124e0a41986185a090fb142c6c8195399e
CNTNAP4,Oligodendrocytes,Ding et al. CellAge author-published marker mapping; HPA-derived,a0de4a124e0a41986185a090fb142c6c8195399e
C10ORF90,Oligodendrocytes,Ding et al. CellAge author-published marker mapping; HPA-derived,a0de4a124e0a41986185a090fb142c6c8195399e
PDE1C,Oligodendrocytes,Ding et al. CellAge author-published marker mapping; HPA-derived,a0de4a124e0a41986185a090fb142c6c8195399e
PIEZO2,Oligodendrocytes,Ding et al. CellAge author-published marker mapping; HPA-derived,a0de4a124e0a41986185a090fb142c6c8195399e
CDK19,Oligodendrocytes,Ding et al. CellAge author-published marker mapping; HPA-derived,a0de4a124e0a41986185a090fb142c6c8195399e
C9ORF85,Oligodendrocytes,Ding et al. CellAge author-published marker mapping; HPA-derived,a0de4a124e0a41986185a090fb142c6c8195399e
ELMO1,Oligodendrocytes,Ding et al. CellAge author-published marker mapping; HPA-derived,a0de4a124e0a41986185a090fb142c6c8195399e
SLC24A2,Oligodendrocytes,Ding et al. CellAge author-published marker mapping; HPA-derived,a0de4a124e0a41986185a090fb142c6c8195399e
PPP2R2B,Oligodendrocytes,Ding et al. CellAge author-published marker mapping; HPA-derived,a0de4a124e0a41986185a090fb142c6c8195399e
NSMCE2,Oligodendrocytes,Ding et al. CellAge author-published marker mapping; HPA-derived,a0de4a124e0a41986185a090fb142c6c8195399e
MYO1E,Oligodendrocytes,Ding et al. CellAge author-published marker mapping; HPA-derived,a0de4a124e0a41986185a090fb142c6c8195399e
FMNL2,Oligodendrocytes,Ding et al. CellAge author-published marker mapping; HPA-derived,a0de4a124e0a41986185a090fb142c6c8195399e
DPYSL5,Oligodendrocytes,Ding et al. CellAge author-published marker mapping; HPA-derived,a0de4a124e0a41986185a090fb142c6c8195399e
PTPDC1,Oligodendrocytes,Ding et al. CellAge author-published marker mapping; HPA-derived,a0de4a124e0a41986185a090fb142c6c8195399e
SHROOM4,Oligodendrocytes,Ding et al. CellAge author-published marker mapping; HPA-derived,a0de4a124e0a41986185a090fb142c6c8195399e
SLC5A11,Oligodendrocytes,Ding et al. CellAge author-published marker mapping; HPA-derived,a0de4a124e0a41986185a090fb142c6c8195399e
SIK3,Oligodendrocytes,Ding et al. CellAge author-published marker mapping; HPA-derived,a0de4a124e0a41986185a090fb142c6c8195399e
OMA1,Oligodendrocytes,Ding et al. CellAge author-published marker mapping; HPA-derived,a0de4a124e0a41986185a090fb142c6c8195399e
SLC22A15,Oligodendrocytes,Ding et al. CellAge author-published marker mapping; HPA-derived,a0de4a124e0a41986185a090fb142c6c8195399e
TMEM144,Oligodendrocytes,Ding et al. CellAge author-published marker mapping; HPA-derived,a0de4a124e0a41986185a090fb142c6c8195399e
EDIL3,Oligodendrocytes,Ding et al. CellAge author-published marker mapping; HPA-derived,a0de4a124e0a41986185a090fb142c6c8195399e
ENPP6,Oligodendrocytes,Ding et al. CellAge author-published marker mapping; HPA-derived,a0de4a124e0a41986185a090fb142c6c8195399e
KIF6,Oligodendrocytes,Ding et al. CellAge author-published marker mapping; HPA-derived,a0de4a124e0a41986185a090fb142c6c8195399e
ELAPOR2,Oligodendrocytes,Ding et al. CellAge author-published marker mapping; HPA-derived,a0de4a124e0a41986185a090fb142c6c8195399e
DLC1,Oligodendrocytes,Ding et al. CellAge author-published marker mapping; HPA-derived,a0de4a124e0a41986185a090fb142c6c8195399e
WASHC5,Oligodendrocytes,Ding et al. CellAge author-published marker mapping; HPA-derived,a0de4a124e0a41986185a090fb142c6c8195399e
MAGEC3,Oligodendrocytes,Ding et al. CellAge author-published marker mapping; HPA-derived,a0de4a124e0a41986185a090fb142c6c8195399e
ENOX2,Oligodendrocytes,Ding et al. CellAge author-published marker mapping; HPA-derived,a0de4a124e0a41986185a090fb142c6c8195399e
ABTB2,Oligodendrocytes,Ding et al. CellAge author-published marker mapping; HPA-derived,a0de4a124e0a41986185a090fb142c6c8195399e
TCP11L2,Oligodendrocytes,Ding et al. CellAge author-published marker mapping; HPA-derived,a0de4a124e0a41986185a090fb142c6c8195399e
JAM3,Oligodendrocytes,Ding et al. CellAge author-published marker mapping; HPA-derived,a0de4a124e0a41986185a090fb142c6c8195399e
APBB1,Oligodendrocytes,Ding et al. CellAge author-published marker mapping; HPA-derived,a0de4a124e0a41986185a090fb142c6c8195399e
USP54,Oligodendrocytes,Ding et al. CellAge author-published marker mapping; HPA-derived,a0de4a124e0a41986185a090fb142c6c8195399e
MAPRE2,Oligodendrocytes,Ding et al. CellAge author-published marker mapping; HPA-derived,a0de4a124e0a41986185a090fb142c6c8195399e
CERCAM,Oligodendrocytes,Ding et al. CellAge author-published marker mapping; HPA-derived,a0de4a124e0a41986185a090fb142c6c8195399e
PXK,Oligodendrocytes,Ding et al. CellAge author-published marker mapping; HPA-derived,a0de4a124e0a41986185a090fb142c6c8195399e
MOBP,Oligodendrocytes,Ding et al. CellAge author-published marker mapping; HPA-derived,a0de4a124e0a41986185a090fb142c6c8195399e
SH3TC2,Oligodendrocytes,Ding et al. CellAge author-published marker mapping; HPA-derived,a0de4a124e0a41986185a090fb142c6c8195399e
IL1RAPL1,Oligodendrocytes,Ding et al. CellAge author-published marker mapping; HPA-derived,a0de4a124e0a41986185a090fb142c6c8195399e
PWWP2A,Oligodendrocytes,Ding et al. CellAge author-published marker mapping; HPA-derived,a0de4a124e0a41986185a090fb142c6c8195399e
FAXDC2,Oligodendrocytes,Ding et al. CellAge author-published marker mapping; HPA-derived,a0de4a124e0a41986185a090fb142c6c8195399e
SYT9,Oligodendrocytes,Ding et al. CellAge author-published marker mapping; HPA-derived,a0de4a124e0a41986185a090fb142c6c8195399e
OR2K2,Oligodendrocytes,Ding et al. CellAge author-published marker mapping; HPA-derived,a0de4a124e0a41986185a090fb142c6c8195399e
TPPP,Oligodendrocytes,Ding et al. CellAge author-published marker mapping; HPA-derived,a0de4a124e0a41986185a090fb142c6c8195399e
OR1L6,Oligodendrocytes,Ding et al. CellAge author-published marker mapping; HPA-derived,a0de4a124e0a41986185a090fb142c6c8195399e
LRRC8D,Oligodendrocytes,Ding et al. CellAge author-published marker mapping; HPA-derived,a0de4a124e0a41986185a090fb142c6c8195399e
NHLH1,Oligodendrocytes,Ding et al. CellAge author-published marker mapping; HPA-derived,a0de4a124e0a41986185a090fb142c6c8195399e
NINJ2,Oligodendrocytes,Ding et al. CellAge author-published marker mapping; HPA-derived,a0de4a124e0a41986185a090fb142c6c8195399e
FRMD5,Oligodendrocytes,Ding et al. CellAge author-published marker mapping; HPA-derived,a0de4a124e0a41986185a090fb142c6c8195399e
CARNS1,Oligodendrocytes,Ding et al. CellAge author-published marker mapping; HPA-derived,a0de4a124e0a41986185a090fb142c6c8195399e
MAB21L3,Oligodendrocytes,Ding et al. CellAge author-published marker mapping; HPA-derived,a0de4a124e0a41986185a090fb142c6c8195399e
CNP,Oligodendrocytes,Ding et al. CellAge author-published marker mapping; HPA-derived,a0de4a124e0a41986185a090fb142c6c8195399e
LRRC63,Oligodendrocytes,Ding et al. CellAge author-published marker mapping; HPA-derived,a0de4a124e0a41986185a090fb142c6c8195399e
C12ORF76,Oligodendrocytes,Ding et al. CellAge author-published marker mapping; HPA-derived,a0de4a124e0a41986185a090fb142c6c8195399e
UGT8,Oligodendrocytes,Ding et al. CellAge author-published marker mapping; HPA-derived,a0de4a124e0a41986185a090fb142c6c8195399e
PRR18,Oligodendrocytes,Ding et al. CellAge author-published marker mapping; HPA-derived,a0de4a124e0a41986185a090fb142c6c8195399e
SLCO3A1,Oligodendrocytes,Ding et al. CellAge author-published marker mapping; HPA-derived,a0de4a124e0a41986185a090fb142c6c8195399e
MYO1D,Oligodendrocytes,Ding et al. CellAge author-published marker mapping; HPA-derived,a0de4a124e0a41986185a090fb142c6c8195399e
NCKAP5,Oligodendrocytes,Ding et al. CellAge author-published marker mapping; HPA-derived,a0de4a124e0a41986185a090fb142c6c8195399e
SAMD12,Oligodendrocytes,Ding et al. CellAge author-published marker mapping; HPA-derived,a0de4a124e0a41986185a090fb142c6c8195399e
NT5DC1,Oligodendrocytes,Ding et al. CellAge author-published marker mapping; HPA-derived,a0de4a124e0a41986185a090fb142c6c8195399e
TMTC2,Oligodendrocytes,Ding et al. CellAge author-published marker mapping; HPA-derived,a0de4a124e0a41986185a090fb142c6c8195399e
TMEM151A,Oligodendrocytes,Ding et al. CellAge author-published marker mapping; HPA-derived,a0de4a124e0a41986185a090fb142c6c8195399e
OR9A2,Oligodendrocytes,Ding et al. CellAge author-published marker mapping; HPA-derived,a0de4a124e0a41986185a090fb142c6c8195399e
ANKRD18A,Oligodendrocytes,Ding et al. CellAge author-published marker mapping; HPA-derived,a0de4a124e0a41986185a090fb142c6c8195399e
ZDHHC20,Oligodendrocytes,Ding et al. CellAge author-published marker mapping; HPA-derived,a0de4a124e0a41986185a090fb142c6c8195399e
MAP6D1,Oligodendrocytes,Ding et al. CellAge author-published marker mapping; HPA-derived,a0de4a124e0a41986185a090fb142c6c8195399e
GPR62,Oligodendrocytes,Ding et al. CellAge author-published marker mapping; HPA-derived,a0de4a124e0a41986185a090fb142c6c8195399e
AATK,Oligodendrocytes,Ding et al. CellAge author-published marker mapping; HPA-derived,a0de4a124e0a41986185a090fb142c6c8195399e
FANCB,Oligodendrocytes,Ding et al. CellAge author-published marker mapping; HPA-derived,a0de4a124e0a41986185a090fb142c6c8195399e
ZNF708,Oligodendrocytes,Ding et al. CellAge author-published marker mapping; HPA-derived,a0de4a124e0a41986185a090fb142c6c8195399e
UNC5C,Oligodendrocytes,Ding et al. CellAge author-published marker mapping; HPA-derived,a0de4a124e0a41986185a090fb142c6c8195399e
SPNS2,Oligodendrocytes,Ding et al. CellAge author-published marker mapping; HPA-derived,a0de4a124e0a41986185a090fb142c6c8195399e
CTNNA3,Oligodendrocytes,Ding et al. CellAge author-published marker mapping; HPA-derived,a0de4a124e0a41986185a090fb142c6c8195399e
ACP7,Oligodendrocytes,Ding et al. CellAge author-published marker mapping; HPA-derived,a0de4a124e0a41986185a090fb142c6c8195399e
KCNH8,Oligodendrocytes,Ding et al. CellAge author-published marker mapping; HPA-derived,a0de4a124e0a41986185a090fb142c6c8195399e
CNTN2,Oligodendrocytes,Ding et al. CellAge author-published marker mapping; HPA-derived,a0de4a124e0a41986185a090fb142c6c8195399e
PCDH9,Oligodendrocytes,Ding et al. CellAge author-published marker mapping; HPA-derived,a0de4a124e0a41986185a090fb142c6c8195399e
PDE4B,Oligodendrocytes,Ding et al. CellAge author-published marker mapping; HPA-derived,a0de4a124e0a41986185a090fb142c6c8195399e
CHRM5,Oligodendrocytes,Ding et al. CellAge author-published marker mapping; HPA-derived,a0de4a124e0a41986185a090fb142c6c8195399e
KLHL32,Oligodendrocytes,Ding et al. CellAge author-published marker mapping; HPA-derived,a0de4a124e0a41986185a090fb142c6c8195399e
GLDN,Oligodendrocytes,Ding et al. CellAge author-published marker mapping; HPA-derived,a0de4a124e0a41986185a090fb142c6c8195399e
VSTM2B,Oligodendrocytes,Ding et al. CellAge author-published marker mapping; HPA-derived,a0de4a124e0a41986185a090fb142c6c8195399e
RNF220,Oligodendrocytes,Ding et al. CellAge author-published marker mapping; HPA-derived,a0de4a124e0a41986185a090fb142c6c8195399e
SHTN1,Oligodendrocytes,Ding et al. CellAge author-published marker mapping; HPA-derived,a0de4a124e0a41986185a090fb142c6c8195399e
SEMA4D,Oligodendrocytes,Ding et al. CellAge author-published marker mapping; HPA-derived,a0de4a124e0a41986185a090fb142c6c8195399e
RTL4,Oligodendrocytes,Ding et al. CellAge author-published marker mapping; HPA-derived,a0de4a124e0a41986185a090fb142c6c8195399e
COL4A5,Oligodendrocytes,Ding et al. CellAge author-published marker mapping; HPA-derived,a0de4a124e0a41986185a090fb142c6c8195399e
ENO4,Oligodendrocytes,Ding et al. CellAge author-published marker mapping; HPA-derived,a0de4a124e0a41986185a090fb142c6c8195399e
IFNA2,Oligodendrocytes,Ding et al. CellAge author-published marker mapping; HPA-derived,a0de4a124e0a41986185a090fb142c6c8195399e
JAKMIP3,Oligodendrocytes,Ding et al. CellAge author-published marker mapping; HPA-derived,a0de4a124e0a41986185a090fb142c6c8195399e
DPYD,Oligodendrocytes,Ding et al. CellAge author-published marker mapping; HPA-derived,a0de4a124e0a41986185a090fb142c6c8195399e
PLET1,Oligodendrocytes,Ding et al. CellAge author-published marker mapping; HPA-derived,a0de4a124e0a41986185a090fb142c6c8195399e
TMEM63A,Oligodendrocytes,Ding et al. CellAge author-published marker mapping; HPA-derived,a0de4a124e0a41986185a090fb142c6c8195399e
TECPR2,Oligodendrocytes,Ding et al. CellAge author-published marker mapping; HPA-derived,a0de4a124e0a41986185a090fb142c6c8195399e
MVB12B,Oligodendrocytes,Ding et al. CellAge author-published marker mapping; HPA-derived,a0de4a124e0a41986185a090fb142c6c8195399e
OPALIN,Oligodendrocytes,Ding et al. CellAge author-published marker mapping; HPA-derived,a0de4a124e0a41986185a090fb142c6c8195399e
PIGN,Oligodendrocytes,Ding et al. CellAge author-published marker mapping; HPA-derived,a0de4a124e0a41986185a090fb142c6c8195399e
FAR1,Oligodendrocytes,Ding et al. CellAge author-published marker mapping; HPA-derived,a0de4a124e0a41986185a090fb142c6c8195399e
KIF13B,Oligodendrocytes,Ding et al. CellAge author-published marker mapping; HPA-derived,a0de4a124e0a41986185a090fb142c6c8195399e
DNM3,Oligodendrocytes,Ding et al. CellAge author-published marker mapping; HPA-derived,a0de4a124e0a41986185a090fb142c6c8195399e
MBP,Oligodendrocytes,Ding et al. CellAge author-published marker mapping; HPA-derived,a0de4a124e0a41986185a090fb142c6c8195399e
LPAR1,Oligodendrocytes,Ding et al. CellAge author-published marker mapping; HPA-derived,a0de4a124e0a41986185a090fb142c6c8195399e
NCOA6,Oligodendrocytes,Ding et al. CellAge author-published marker mapping; HPA-derived,a0de4a124e0a41986185a090fb142c6c8195399e
STK39,Oligodendrocytes,Ding et al. CellAge author-published marker mapping; HPA-derived,a0de4a124e0a41986185a090fb142c6c8195399e
SMURF1,Oligodendrocytes,Ding et al. CellAge author-published marker mapping; HPA-derived,a0de4a124e0a41986185a090fb142c6c8195399e
COLGALT2,Oligodendrocytes,Ding et al. CellAge author-published marker mapping; HPA-derived,a0de4a124e0a41986185a090fb142c6c8195399e
GRM3,Oligodendrocytes,Ding et al. CellAge author-published marker mapping; HPA-derived,a0de4a124e0a41986185a090fb142c6c8195399e
AWAT1,Oligodendrocytes,Ding et al. CellAge author-published marker mapping; HPA-derived,a0de4a124e0a41986185a090fb142c6c8195399e
TMEM235,Oligodendrocytes,Ding et al. CellAge author-published marker mapping; HPA-derived,a0de4a124e0a41986185a090fb142c6c8195399e
MOG,Oligodendrocytes,Ding et al. CellAge author-published marker mapping; HPA-derived,a0de4a124e0a41986185a090fb142c6c8195399e
INSYN2B,Oligodendrocytes,Ding et al. CellAge author-published marker mapping; HPA-derived,a0de4a124e0a41986185a090fb142c6c8195399e
TMEM88B,Oligodendrocytes,Ding et al. CellAge author-published marker mapping; HPA-derived,a0de4a124e0a41986185a090fb142c6c8195399e
SLC48A1,Oligodendrocytes,Ding et al. CellAge author-published marker mapping; HPA-derived,a0de4a124e0a41986185a090fb142c6c8195399e
TRIM59,Oligodendrocytes,Ding et al. CellAge author-published marker mapping; HPA-derived,a0de4a124e0a41986185a090fb142c6c8195399e
GANC,Oligodendrocytes,Ding et al. CellAge author-published marker mapping; HPA-derived,a0de4a124e0a41986185a090fb142c6c8195399e
FNIP1,Oligodendrocytes,Ding et al. CellAge author-published marker mapping; HPA-derived,a0de4a124e0a41986185a090fb142c6c8195399e
RAB6C,Oligodendrocytes,Ding et al. CellAge author-published marker mapping; HPA-derived,a0de4a124e0a41986185a090fb142c6c8195399e
FTCDNL1,Oligodendrocytes,Ding et al. CellAge author-published marker mapping; HPA-derived,a0de4a124e0a41986185a090fb142c6c8195399e
HS3ST5,Oligodendrocytes,Ding et al. CellAge author-published marker mapping; HPA-derived,a0de4a124e0a41986185a090fb142c6c8195399e
ARHGAP23,Oligodendrocytes,Ding et al. CellAge author-published marker mapping; HPA-derived,a0de4a124e0a41986185a090fb142c6c8195399e
SRCIN1,Oligodendrocytes,Ding et al. CellAge author-published marker mapping; HPA-derived,a0de4a124e0a41986185a090fb142c6c8195399e
ACTL10,Oligodendrocytes,Ding et al. CellAge author-published marker mapping; HPA-derived,a0de4a124e0a41986185a090fb142c6c8195399e
IL11,Pancreatic endocrine cells,Ding et al. CellAge author-published marker mapping; HPA-derived,a0de4a124e0a41986185a090fb142c6c8195399e
KCNK16,Pancreatic endocrine cells,Ding et al. CellAge author-published marker mapping; HPA-derived,a0de4a124e0a41986185a090fb142c6c8195399e
BRS3,Pancreatic endocrine cells,Ding et al. CellAge author-published marker mapping; HPA-derived,a0de4a124e0a41986185a090fb142c6c8195399e
CCL17,Pancreatic endocrine cells,Ding et al. CellAge author-published marker mapping; HPA-derived,a0de4a124e0a41986185a090fb142c6c8195399e
PPY,Pancreatic endocrine cells,Ding et al. CellAge author-published marker mapping; HPA-derived,a0de4a124e0a41986185a090fb142c6c8195399e
TGFBI,Pancreatic endocrine cells,Ding et al. CellAge author-published marker mapping; HPA-derived,a0de4a124e0a41986185a090fb142c6c8195399e
IAPP,Pancreatic endocrine cells,Ding et al. CellAge author-published marker mapping; HPA-derived,a0de4a124e0a41986185a090fb142c6c8195399e
TSPAN2,Pancreatic endocrine cells,Ding et al. CellAge author-published marker mapping; HPA-derived,a0de4a124e0a41986185a090fb142c6c8195399e
GAD2,Pancreatic endocrine cells,Ding et al. CellAge author-published marker mapping; HPA-derived,a0de4a124e0a41986185a090fb142c6c8195399e
SHISAL2B,Pancreatic endocrine cells,Ding et al. CellAge author-published marker mapping; HPA-derived,a0de4a124e0a41986185a090fb142c6c8195399e
SLC30A8,Pancreatic endocrine cells,Ding et al. CellAge author-published marker mapping; HPA-derived,a0de4a124e0a41986185a090fb142c6c8195399e
SCG5,Pancreatic endocrine cells,Ding et al. CellAge author-published marker mapping; HPA-derived,a0de4a124e0a41986185a090fb142c6c8195399e
NR0B1,Pancreatic endocrine cells,Ding et al. CellAge author-published marker mapping; HPA-derived,a0de4a124e0a41986185a090fb142c6c8195399e
KRT81,Pancreatic endocrine cells,Ding et al. CellAge author-published marker mapping; HPA-derived,a0de4a124e0a41986185a090fb142c6c8195399e
INS,Pancreatic endocrine cells,Ding et al. CellAge author-published marker mapping; HPA-derived,a0de4a124e0a41986185a090fb142c6c8195399e
SPEGNB,Pancreatic endocrine cells,Ding et al. CellAge author-published marker mapping; HPA-derived,a0de4a124e0a41986185a090fb142c6c8195399e
GUCA2B,Paneth cells,Ding et al. CellAge author-published marker mapping; HPA-derived,a0de4a124e0a41986185a090fb142c6c8195399e
POLD1,Paneth cells,Ding et al. CellAge author-published marker mapping; HPA-derived,a0de4a124e0a41986185a090fb142c6c8195399e
CEACAM8,Paneth cells,Ding et al. CellAge author-published marker mapping; HPA-derived,a0de4a124e0a41986185a090fb142c6c8195399e
BEST4,Paneth cells,Ding et al. CellAge author-published marker mapping; HPA-derived,a0de4a124e0a41986185a090fb142c6c8195399e
FRMD1,Paneth cells,Ding et al. CellAge author-published marker mapping; HPA-derived,a0de4a124e0a41986185a090fb142c6c8195399e
NTN3,Paneth cells,Ding et al. CellAge author-published marker mapping; HPA-derived,a0de4a124e0a41986185a090fb142c6c8195399e
CA4,Paneth cells,Ding et al. CellAge author-published marker mapping; HPA-derived,a0de4a124e0a41986185a090fb142c6c8195399e
CA7,Paneth cells,Ding et al. CellAge author-published marker mapping; HPA-derived,a0de4a124e0a41986185a090fb142c6c8195399e
CEACAM3,Paneth cells,Ding et al. CellAge author-published marker mapping; HPA-derived,a0de4a124e0a41986185a090fb142c6c8195399e
GJD4,Paneth cells,Ding et al. CellAge author-published marker mapping; HPA-derived,a0de4a124e0a41986185a090fb142c6c8195399e
OTOP3,Paneth cells,Ding et al. CellAge author-published marker mapping; HPA-derived,a0de4a124e0a41986185a090fb142c6c8195399e
OTOP2,Paneth cells,Ding et al. CellAge author-published marker mapping; HPA-derived,a0de4a124e0a41986185a090fb142c6c8195399e
OR9Q2,Paneth cells,Ding et al. CellAge author-published marker mapping; HPA-derived,a0de4a124e0a41986185a090fb142c6c8195399e
EXD3,Paneth cells,Ding et al. CellAge author-published marker mapping; HPA-derived,a0de4a124e0a41986185a090fb142c6c8195399e
SULT1A4,Paneth cells,Ding et al. CellAge author-published marker mapping; HPA-derived,a0de4a124e0a41986185a090fb142c6c8195399e
LYPD8,Paneth cells,Ding et al. CellAge author-published marker mapping; HPA-derived,a0de4a124e0a41986185a090fb142c6c8195399e
SPIB,Paneth cells,Ding et al. CellAge author-published marker mapping; HPA-derived,a0de4a124e0a41986185a090fb142c6c8195399e
CD38,Plasma cells,Ding et al. CellAge author-published marker mapping; HPA-derived,a0de4a124e0a41986185a090fb142c6c8195399e
SLAMF7,Plasma cells,Ding et al. CellAge author-published marker mapping; HPA-derived,a0de4a124e0a41986185a090fb142c6c8195399e
TNFRSF17,Plasma cells,Ding et al. CellAge author-published marker mapping; HPA-derived,a0de4a124e0a41986185a090fb142c6c8195399e
PRDM1,Plasma cells,Ding et al. CellAge author-published marker mapping; HPA-derived,a0de4a124e0a41986185a090fb142c6c8195399e
ERLEC1,Plasma cells,Ding et al. CellAge author-published marker mapping; HPA-derived,a0de4a124e0a41986185a090fb142c6c8195399e
SEL1L,Plasma cells,Ding et al. CellAge author-published marker mapping; HPA-derived,a0de4a124e0a41986185a090fb142c6c8195399e
DERL3,Plasma cells,Ding et al. CellAge author-published marker mapping; HPA-derived,a0de4a124e0a41986185a090fb142c6c8195399e
TM9SF1,Plasma cells,Ding et al. CellAge author-published marker mapping; HPA-derived,a0de4a124e0a41986185a090fb142c6c8195399e
PIM2,Plasma cells,Ding et al. CellAge author-published marker mapping; HPA-derived,a0de4a124e0a41986185a090fb142c6c8195399e
POU2AF1,Plasma cells,Ding et al. CellAge author-published marker mapping; HPA-derived,a0de4a124e0a41986185a090fb142c6c8195399e
GPRC5D,Plasma cells,Ding et al. CellAge author-published marker mapping; HPA-derived,a0de4a124e0a41986185a090fb142c6c8195399e
TXNDC15,Plasma cells,Ding et al. CellAge author-published marker mapping; HPA-derived,a0de4a124e0a41986185a090fb142c6c8195399e
SRM,Plasma cells,Ding et al. CellAge author-published marker mapping; HPA-derived,a0de4a124e0a41986185a090fb142c6c8195399e
PLA2G2D,Plasma cells,Ding et al. CellAge author-published marker mapping; HPA-derived,a0de4a124e0a41986185a090fb142c6c8195399e
ZBP1,Plasma cells,Ding et al. CellAge author-published marker mapping; HPA-derived,a0de4a124e0a41986185a090fb142c6c8195399e
CPNE5,Plasma cells,Ding et al. CellAge author-published marker mapping; HPA-derived,a0de4a124e0a41986185a090fb142c6c8195399e
SPCS3,Plasma cells,Ding et al. CellAge author-published marker mapping; HPA-derived,a0de4a124e0a41986185a090fb142c6c8195399e
JCHAIN,Plasma cells,Ding et al. CellAge author-published marker mapping; HPA-derived,a0de4a124e0a41986185a090fb142c6c8195399e
FKBP11,Plasma cells,Ding et al. CellAge author-published marker mapping; HPA-derived,a0de4a124e0a41986185a090fb142c6c8195399e
DERL1,Plasma cells,Ding et al. CellAge author-published marker mapping; HPA-derived,a0de4a124e0a41986185a090fb142c6c8195399e
CD27,Plasma cells,Ding et al. CellAge author-published marker mapping; HPA-derived,a0de4a124e0a41986185a090fb142c6c8195399e
FCRL5,Plasma cells,Ding et al. CellAge author-published marker mapping; HPA-derived,a0de4a124e0a41986185a090fb142c6c8195399e
ABCB9,Plasma cells,Ding et al. CellAge author-published marker mapping; HPA-derived,a0de4a124e0a41986185a090fb142c6c8195399e
TXNDC11,Plasma cells,Ding et al. CellAge author-published marker mapping; HPA-derived,a0de4a124e0a41986185a090fb142c6c8195399e
SYVN1,Plasma cells,Ding et al. CellAge author-published marker mapping; HPA-derived,a0de4a124e0a41986185a090fb142c6c8195399e
GPR101,Plasma cells,Ding et al. CellAge author-published marker mapping; HPA-derived,a0de4a124e0a41986185a090fb142c6c8195399e
HSP90B1,Plasma cells,Ding et al. CellAge author-published marker mapping; HPA-derived,a0de4a124e0a41986185a090fb142c6c8195399e
H1-4,Plasma cells,Ding et al. CellAge author-published marker mapping; HPA-derived,a0de4a124e0a41986185a090fb142c6c8195399e
NPIPB12,Plasma cells,Ding et al. CellAge author-published marker mapping; HPA-derived,a0de4a124e0a41986185a090fb142c6c8195399e
TAS1R3,Plasma cells,Ding et al. CellAge author-published marker mapping; HPA-derived,a0de4a124e0a41986185a090fb142c6c8195399e
MZB1,Plasma cells,Ding et al. CellAge author-published marker mapping; HPA-derived,a0de4a124e0a41986185a090fb142c6c8195399e
BFSP2,Plasma cells,Ding et al. CellAge author-published marker mapping; HPA-derived,a0de4a124e0a41986185a090fb142c6c8195399e
MANEA,Plasma cells,Ding et al. CellAge author-published marker mapping; HPA-derived,a0de4a124e0a41986185a090fb142c6c8195399e
FKBP2,Plasma cells,Ding et al. CellAge author-published marker mapping; HPA-derived,a0de4a124e0a41986185a090fb142c6c8195399e
CHRM4,Plasma cells,Ding et al. CellAge author-published marker mapping; HPA-derived,a0de4a124e0a41986185a090fb142c6c8195399e
SSR4,Plasma cells,Ding et al. CellAge author-published marker mapping; HPA-derived,a0de4a124e0a41986185a090fb142c6c8195399e
CRELD2,Plasma cells,Ding et al. CellAge author-published marker mapping; HPA-derived,a0de4a124e0a41986185a090fb142c6c8195399e
CCR10,Plasma cells,Ding et al. CellAge author-published marker mapping; HPA-derived,a0de4a124e0a41986185a090fb142c6c8195399e
H1-10,Plasma cells,Ding et al. CellAge author-published marker mapping; HPA-derived,a0de4a124e0a41986185a090fb142c6c8195399e
NOMO2,Plasma cells,Ding et al. CellAge author-published marker mapping; HPA-derived,a0de4a124e0a41986185a090fb142c6c8195399e
IGHV1OR15-9,Plasma cells,Ding et al. CellAge author-published marker mapping; HPA-derived,a0de4a124e0a41986185a090fb142c6c8195399e
NUGGC,Plasma cells,Ding et al. CellAge author-published marker mapping; HPA-derived,a0de4a124e0a41986185a090fb142c6c8195399e
LIME1,Plasma cells,Ding et al. CellAge author-published marker mapping; HPA-derived,a0de4a124e0a41986185a090fb142c6c8195399e
IGKC,Plasma cells,Ding et al. CellAge author-published marker mapping; HPA-derived,a0de4a124e0a41986185a090fb142c6c8195399e
IGKJ5,Plasma cells,Ding et al. CellAge author-published marker mapping; HPA-derived,a0de4a124e0a41986185a090fb142c6c8195399e
IGKJ4,Plasma cells,Ding et al. CellAge author-published marker mapping; HPA-derived,a0de4a124e0a41986185a090fb142c6c8195399e
IGKJ3,Plasma cells,Ding et al. CellAge author-published marker mapping; HPA-derived,a0de4a124e0a41986185a090fb142c6c8195399e
IGKJ1,Plasma cells,Ding et al. CellAge author-published marker mapping; HPA-derived,a0de4a124e0a41986185a090fb142c6c8195399e
IGKV4-1,Plasma cells,Ding et al. CellAge author-published marker mapping; HPA-derived,a0de4a124e0a41986185a090fb142c6c8195399e
IGKV5-2,Plasma cells,Ding et al. CellAge author-published marker mapping; HPA-derived,a0de4a124e0a41986185a090fb142c6c8195399e
IGKV6-21,Plasma cells,Ding et al. CellAge author-published marker mapping; HPA-derived,a0de4a124e0a41986185a090fb142c6c8195399e
IGKV2D-26,Plasma cells,Ding et al. CellAge author-published marker mapping; HPA-derived,a0de4a124e0a41986185a090fb142c6c8195399e
IGKV3D-20,Plasma cells,Ding et al. CellAge author-published marker mapping; HPA-derived,a0de4a124e0a41986185a090fb142c6c8195399e
IGKV6D-41,Plasma cells,Ding et al. CellAge author-published marker mapping; HPA-derived,a0de4a124e0a41986185a090fb142c6c8195399e
IGKV3D-11,Plasma cells,Ding et al. CellAge author-published marker mapping; HPA-derived,a0de4a124e0a41986185a090fb142c6c8195399e
IGKV1D-42,Plasma cells,Ding et al. CellAge author-published marker mapping; HPA-derived,a0de4a124e0a41986185a090fb142c6c8195399e
IGLV4-69,Plasma cells,Ding et al. CellAge author-published marker mapping; HPA-derived,a0de4a124e0a41986185a090fb142c6c8195399e
IGLV4-60,Plasma cells,Ding et al. CellAge author-published marker mapping; HPA-derived,a0de4a124e0a41986185a090fb142c6c8195399e
IGLV6-57,Plasma cells,Ding et al. CellAge author-published marker mapping; HPA-derived,a0de4a124e0a41986185a090fb142c6c8195399e
IGLV10-54,Plasma cells,Ding et al. CellAge author-published marker mapping; HPA-derived,a0de4a124e0a41986185a090fb142c6c8195399e
IGLV5-52,Plasma cells,Ding et al. CellAge author-published marker mapping; HPA-derived,a0de4a124e0a41986185a090fb142c6c8195399e
IGLV1-51,Plasma cells,Ding et al. CellAge author-published marker mapping; HPA-derived,a0de4a124e0a41986185a090fb142c6c8195399e
IGLV1-50,Plasma cells,Ding et al. CellAge author-published marker mapping; HPA-derived,a0de4a124e0a41986185a090fb142c6c8195399e
IGLV5-48,Plasma cells,Ding et al. CellAge author-published marker mapping; HPA-derived,a0de4a124e0a41986185a090fb142c6c8195399e
IGLV1-47,Plasma cells,Ding et al. CellAge author-published marker mapping; HPA-derived,a0de4a124e0a41986185a090fb142c6c8195399e
IGLV7-46,Plasma cells,Ding et al. CellAge author-published marker mapping; HPA-derived,a0de4a124e0a41986185a090fb142c6c8195399e
IGLV5-45,Plasma cells,Ding et al. CellAge author-published marker mapping; HPA-derived,a0de4a124e0a41986185a090fb142c6c8195399e
IGLV1-44,Plasma cells,Ding et al. CellAge author-published marker mapping; HPA-derived,a0de4a124e0a41986185a090fb142c6c8195399e
IGLV7-43,Plasma cells,Ding et al. CellAge author-published marker mapping; HPA-derived,a0de4a124e0a41986185a090fb142c6c8195399e
IGLV1-40,Plasma cells,Ding et al. CellAge author-published marker mapping; HPA-derived,a0de4a124e0a41986185a090fb142c6c8195399e
IGLV5-37,Plasma cells,Ding et al. CellAge author-published marker mapping; HPA-derived,a0de4a124e0a41986185a090fb142c6c8195399e
IGLV1-36,Plasma cells,Ding et al. CellAge author-published marker mapping; HPA-derived,a0de4a124e0a41986185a090fb142c6c8195399e
IGLV2-33,Plasma cells,Ding et al. CellAge author-published marker mapping; HPA-derived,a0de4a124e0a41986185a090fb142c6c8195399e
IGLV3-27,Plasma cells,Ding et al. CellAge author-published marker mapping; HPA-derived,a0de4a124e0a41986185a090fb142c6c8195399e
IGLV3-25,Plasma cells,Ding et al. CellAge author-published marker mapping; HPA-derived,a0de4a124e0a41986185a090fb142c6c8195399e
IGLV2-23,Plasma cells,Ding et al. CellAge author-published marker mapping; HPA-derived,a0de4a124e0a41986185a090fb142c6c8195399e
IGLV3-22,Plasma cells,Ding et al. CellAge author-published marker mapping; HPA-derived,a0de4a124e0a41986185a090fb142c6c8195399e
IGLV3-21,Plasma cells,Ding et al. CellAge author-published marker mapping; HPA-derived,a0de4a124e0a41986185a090fb142c6c8195399e
IGLV3-19,Plasma cells,Ding et al. CellAge author-published marker mapping; HPA-derived,a0de4a124e0a41986185a090fb142c6c8195399e
IGLV2-18,Plasma cells,Ding et al. CellAge author-published marker mapping; HPA-derived,a0de4a124e0a41986185a090fb142c6c8195399e
IGLV3-16,Plasma cells,Ding et al. CellAge author-published marker mapping; HPA-derived,a0de4a124e0a41986185a090fb142c6c8195399e
IGLV2-14,Plasma cells,Ding et al. CellAge author-published marker mapping; HPA-derived,a0de4a124e0a41986185a090fb142c6c8195399e
IGLV2-11,Plasma cells,Ding et al. CellAge author-published marker mapping; HPA-derived,a0de4a124e0a41986185a090fb142c6c8195399e
IGLV3-10,Plasma cells,Ding et al. CellAge author-published marker mapping; HPA-derived,a0de4a124e0a41986185a090fb142c6c8195399e
IGLV3-9,Plasma cells,Ding et al. CellAge author-published marker mapping; HPA-derived,a0de4a124e0a41986185a090fb142c6c8195399e
IGLV4-3,Plasma cells,Ding et al. CellAge author-published marker mapping; HPA-derived,a0de4a124e0a41986185a090fb142c6c8195399e
IGLV3-1,Plasma cells,Ding et al. CellAge author-published marker mapping; HPA-derived,a0de4a124e0a41986185a090fb142c6c8195399e
IGLJ2,Plasma cells,Ding et al. CellAge author-published marker mapping; HPA-derived,a0de4a124e0a41986185a090fb142c6c8195399e
IGLC2,Plasma cells,Ding et al. CellAge author-published marker mapping; HPA-derived,a0de4a124e0a41986185a090fb142c6c8195399e
IGLC3,Plasma cells,Ding et al. CellAge author-published marker mapping; HPA-derived,a0de4a124e0a41986185a090fb142c6c8195399e
IGLC7,Plasma cells,Ding et al. CellAge author-published marker mapping; HPA-derived,a0de4a124e0a41986185a090fb142c6c8195399e
IGHA2,Plasma cells,Ding et al. CellAge author-published marker mapping; HPA-derived,a0de4a124e0a41986185a090fb142c6c8195399e
IGHG2,Plasma cells,Ding et al. CellAge author-published marker mapping; HPA-derived,a0de4a124e0a41986185a090fb142c6c8195399e
IGHA1,Plasma cells,Ding et al. CellAge author-published marker mapping; HPA-derived,a0de4a124e0a41986185a090fb142c6c8195399e
IGHG1,Plasma cells,Ding et al. CellAge author-published marker mapping; HPA-derived,a0de4a124e0a41986185a090fb142c6c8195399e
IGHG3,Plasma cells,Ding et al. CellAge author-published marker mapping; HPA-derived,a0de4a124e0a41986185a090fb142c6c8195399e
IGHD,Plasma cells,Ding et al. CellAge author-published marker mapping; HPA-derived,a0de4a124e0a41986185a090fb142c6c8195399e
IGHM,Plasma cells,Ding et al. CellAge author-published marker mapping; HPA-derived,a0de4a124e0a41986185a090fb142c6c8195399e
IGHJ6,Plasma cells,Ding et al. CellAge author-published marker mapping; HPA-derived,a0de4a124e0a41986185a090fb142c6c8195399e
IGHJ2,Plasma cells,Ding et al. CellAge author-published marker mapping; HPA-derived,a0de4a124e0a41986185a090fb142c6c8195399e
IGHJ1,Plasma cells,Ding et al. CellAge author-published marker mapping; HPA-derived,a0de4a124e0a41986185a090fb142c6c8195399e
IGHV6-1,Plasma cells,Ding et al. CellAge author-published marker mapping; HPA-derived,a0de4a124e0a41986185a090fb142c6c8195399e
IGHV1-2,Plasma cells,Ding et al. CellAge author-published marker mapping; HPA-derived,a0de4a124e0a41986185a090fb142c6c8195399e
IGHV1-3,Plasma cells,Ding et al. CellAge author-published marker mapping; HPA-derived,a0de4a124e0a41986185a090fb142c6c8195399e
IGHV2-5,Plasma cells,Ding et al. CellAge author-published marker mapping; HPA-derived,a0de4a124e0a41986185a090fb142c6c8195399e
IGHV3-7,Plasma cells,Ding et al. CellAge author-published marker mapping; HPA-derived,a0de4a124e0a41986185a090fb142c6c8195399e
IGHV3-11,Plasma cells,Ding et al. CellAge author-published marker mapping; HPA-derived,a0de4a124e0a41986185a090fb142c6c8195399e
IGHV3-13,Plasma cells,Ding et al. CellAge author-published marker mapping; HPA-derived,a0de4a124e0a41986185a090fb142c6c8195399e
IGHV3-15,Plasma cells,Ding et al. CellAge author-published marker mapping; HPA-derived,a0de4a124e0a41986185a090fb142c6c8195399e
IGHV3-16,Plasma cells,Ding et al. CellAge author-published marker mapping; HPA-derived,a0de4a124e0a41986185a090fb142c6c8195399e
IGHV1-18,Plasma cells,Ding et al. CellAge author-published marker mapping; HPA-derived,a0de4a124e0a41986185a090fb142c6c8195399e
IGHV3-20,Plasma cells,Ding et al. CellAge author-published marker mapping; HPA-derived,a0de4a124e0a41986185a090fb142c6c8195399e
IGHV3-21,Plasma cells,Ding et al. CellAge author-published marker mapping; HPA-derived,a0de4a124e0a41986185a090fb142c6c8195399e
IGHV3-23,Plasma cells,Ding et al. CellAge author-published marker mapping; HPA-derived,a0de4a124e0a41986185a090fb142c6c8195399e
IGHV1-24,Plasma cells,Ding et al. CellAge author-published marker mapping; HPA-derived,a0de4a124e0a41986185a090fb142c6c8195399e
IGHV2-26,Plasma cells,Ding et al. CellAge author-published marker mapping; HPA-derived,a0de4a124e0a41986185a090fb142c6c8195399e
IGHV4-28,Plasma cells,Ding et al. CellAge author-published marker mapping; HPA-derived,a0de4a124e0a41986185a090fb142c6c8195399e
IGHV3-33,Plasma cells,Ding et al. CellAge author-published marker mapping; HPA-derived,a0de4a124e0a41986185a090fb142c6c8195399e
IGHV4-34,Plasma cells,Ding et al. CellAge author-published marker mapping; HPA-derived,a0de4a124e0a41986185a090fb142c6c8195399e
IGHV3-35,Plasma cells,Ding et al. CellAge author-published marker mapping; HPA-derived,a0de4a124e0a41986185a090fb142c6c8195399e
IGHV3-38,Plasma cells,Ding et al. CellAge author-published marker mapping; HPA-derived,a0de4a124e0a41986185a090fb142c6c8195399e
IGHV4-39,Plasma cells,Ding et al. CellAge author-published marker mapping; HPA-derived,a0de4a124e0a41986185a090fb142c6c8195399e
IGHV1-45,Plasma cells,Ding et al. CellAge author-published marker mapping; HPA-derived,a0de4a124e0a41986185a090fb142c6c8195399e
IGHV1-46,Plasma cells,Ding et al. CellAge author-published marker mapping; HPA-derived,a0de4a124e0a41986185a090fb142c6c8195399e
IGHV3-48,Plasma cells,Ding et al. CellAge author-published marker mapping; HPA-derived,a0de4a124e0a41986185a090fb142c6c8195399e
IGHV3-49,Plasma cells,Ding et al. CellAge author-published marker mapping; HPA-derived,a0de4a124e0a41986185a090fb142c6c8195399e
IGHV5-51,Plasma cells,Ding et al. CellAge author-published marker mapping; HPA-derived,a0de4a124e0a41986185a090fb142c6c8195399e
IGHV3-53,Plasma cells,Ding et al. CellAge author-published marker mapping; HPA-derived,a0de4a124e0a41986185a090fb142c6c8195399e
IGHV1-58,Plasma cells,Ding et al. CellAge author-published marker mapping; HPA-derived,a0de4a124e0a41986185a090fb142c6c8195399e
IGHV4-61,Plasma cells,Ding et al. CellAge author-published marker mapping; HPA-derived,a0de4a124e0a41986185a090fb142c6c8195399e
IGHV3-66,Plasma cells,Ding et al. CellAge author-published marker mapping; HPA-derived,a0de4a124e0a41986185a090fb142c6c8195399e
IGHV1-69,Plasma cells,Ding et al. CellAge author-published marker mapping; HPA-derived,a0de4a124e0a41986185a090fb142c6c8195399e
IGHV2-70D,Plasma cells,Ding et al. CellAge author-published marker mapping; HPA-derived,a0de4a124e0a41986185a090fb142c6c8195399e
IGHV3-73,Plasma cells,Ding et al. CellAge author-published marker mapping; HPA-derived,a0de4a124e0a41986185a090fb142c6c8195399e
MEF2B,Plasma cells,Ding et al. CellAge author-published marker mapping; HPA-derived,a0de4a124e0a41986185a090fb142c6c8195399e
IGLV9-49,Plasma cells,Ding et al. CellAge author-published marker mapping; HPA-derived,a0de4a124e0a41986185a090fb142c6c8195399e
IGHV3-64,Plasma cells,Ding et al. CellAge author-published marker mapping; HPA-derived,a0de4a124e0a41986185a090fb142c6c8195399e
IGKV3D-15,Plasma cells,Ding et al. CellAge author-published marker mapping; HPA-derived,a0de4a124e0a41986185a090fb142c6c8195399e
IGHV4-59,Plasma cells,Ding et al. CellAge author-published marker mapping; HPA-derived,a0de4a124e0a41986185a090fb142c6c8195399e
IGHV3-74,Plasma cells,Ding et al. CellAge author-published marker mapping; HPA-derived,a0de4a124e0a41986185a090fb142c6c8195399e
IGKV6D-21,Plasma cells,Ding et al. CellAge author-published marker mapping; HPA-derived,a0de4a124e0a41986185a090fb142c6c8195399e
IGHV3-72,Plasma cells,Ding et al. CellAge author-published marker mapping; HPA-derived,a0de4a124e0a41986185a090fb142c6c8195399e
IGKV3D-7,Plasma cells,Ding et al. CellAge author-published marker mapping; HPA-derived,a0de4a124e0a41986185a090fb142c6c8195399e
IGKV1OR2-108,Plasma cells,Ding et al. CellAge author-published marker mapping; HPA-derived,a0de4a124e0a41986185a090fb142c6c8195399e
IGHV4-31,Plasma cells,Ding et al. CellAge author-published marker mapping; HPA-derived,a0de4a124e0a41986185a090fb142c6c8195399e
IGHV3-43,Plasma cells,Ding et al. CellAge author-published marker mapping; HPA-derived,a0de4a124e0a41986185a090fb142c6c8195399e
IGKV3OR2-268,Plasma cells,Ding et al. CellAge author-published marker mapping; HPA-derived,a0de4a124e0a41986185a090fb142c6c8195399e
TXNDC5,Plasma cells,Ding et al. CellAge author-published marker mapping; HPA-derived,a0de4a124e0a41986185a090fb142c6c8195399e
IGKV2D-30,Plasma cells,Ding et al. CellAge author-published marker mapping; HPA-derived,a0de4a124e0a41986185a090fb142c6c8195399e
IGKV1D-8,Plasma cells,Ding et al. CellAge author-published marker mapping; HPA-derived,a0de4a124e0a41986185a090fb142c6c8195399e
IGKV1-6,Plasma cells,Ding et al. CellAge author-published marker mapping; HPA-derived,a0de4a124e0a41986185a090fb142c6c8195399e
IGKV1-37,Plasma cells,Ding et al. CellAge author-published marker mapping; HPA-derived,a0de4a124e0a41986185a090fb142c6c8195399e
IGKV3-20,Plasma cells,Ding et al. CellAge author-published marker mapping; HPA-derived,a0de4a124e0a41986185a090fb142c6c8195399e
IGKV1D-33,Plasma cells,Ding et al. CellAge author-published marker mapping; HPA-derived,a0de4a124e0a41986185a090fb142c6c8195399e
IGHJ4,Plasma cells,Ding et al. CellAge author-published marker mapping; HPA-derived,a0de4a124e0a41986185a090fb142c6c8195399e
IGKV1-17,Plasma cells,Ding et al. CellAge author-published marker mapping; HPA-derived,a0de4a124e0a41986185a090fb142c6c8195399e
IGKV1-8,Plasma cells,Ding et al. CellAge author-published marker mapping; HPA-derived,a0de4a124e0a41986185a090fb142c6c8195399e
IGKV1-16,Plasma cells,Ding et al. CellAge author-published marker mapping; HPA-derived,a0de4a124e0a41986185a090fb142c6c8195399e
IGKV1D-16,Plasma cells,Ding et al. CellAge author-published marker mapping; HPA-derived,a0de4a124e0a41986185a090fb142c6c8195399e
IGKV2-24,Plasma cells,Ding et al. CellAge author-published marker mapping; HPA-derived,a0de4a124e0a41986185a090fb142c6c8195399e
IGKV3-11,Plasma cells,Ding et al. CellAge author-published marker mapping; HPA-derived,a0de4a124e0a41986185a090fb142c6c8195399e
IGKV2D-24,Plasma cells,Ding et al. CellAge author-published marker mapping; HPA-derived,a0de4a124e0a41986185a090fb142c6c8195399e
IGKV1-9,Plasma cells,Ding et al. CellAge author-published marker mapping; HPA-derived,a0de4a124e0a41986185a090fb142c6c8195399e
IGKV1-33,Plasma cells,Ding et al. CellAge author-published marker mapping; HPA-derived,a0de4a124e0a41986185a090fb142c6c8195399e
IGKV1-39,Plasma cells,Ding et al. CellAge author-published marker mapping; HPA-derived,a0de4a124e0a41986185a090fb142c6c8195399e
IGHJ5,Plasma cells,Ding et al. CellAge author-published marker mapping; HPA-derived,a0de4a124e0a41986185a090fb142c6c8195399e
IGKV2D-28,Plasma cells,Ding et al. CellAge author-published marker mapping; HPA-derived,a0de4a124e0a41986185a090fb142c6c8195399e
IGKV1D-43,Plasma cells,Ding et al. CellAge author-published marker mapping; HPA-derived,a0de4a124e0a41986185a090fb142c6c8195399e
IGKV1D-17,Plasma cells,Ding et al. CellAge author-published marker mapping; HPA-derived,a0de4a124e0a41986185a090fb142c6c8195399e
IGHJ3,Plasma cells,Ding et al. CellAge author-published marker mapping; HPA-derived,a0de4a124e0a41986185a090fb142c6c8195399e
IGKV3-7,Plasma cells,Ding et al. CellAge author-published marker mapping; HPA-derived,a0de4a124e0a41986185a090fb142c6c8195399e
IGKV2-30,Plasma cells,Ding et al. CellAge author-published marker mapping; HPA-derived,a0de4a124e0a41986185a090fb142c6c8195399e
IGKV2D-29,Plasma cells,Ding et al. CellAge author-published marker mapping; HPA-derived,a0de4a124e0a41986185a090fb142c6c8195399e
IGKV1-12,Plasma cells,Ding et al. CellAge author-published marker mapping; HPA-derived,a0de4a124e0a41986185a090fb142c6c8195399e
IGKV1-5,Plasma cells,Ding et al. CellAge author-published marker mapping; HPA-derived,a0de4a124e0a41986185a090fb142c6c8195399e
IGKV2-28,Plasma cells,Ding et al. CellAge author-published marker mapping; HPA-derived,a0de4a124e0a41986185a090fb142c6c8195399e
IGKV3-15,Plasma cells,Ding et al. CellAge author-published marker mapping; HPA-derived,a0de4a124e0a41986185a090fb142c6c8195399e
IGKV1-27,Plasma cells,Ding et al. CellAge author-published marker mapping; HPA-derived,a0de4a124e0a41986185a090fb142c6c8195399e
IGKV1D-37,Plasma cells,Ding et al. CellAge author-published marker mapping; HPA-derived,a0de4a124e0a41986185a090fb142c6c8195399e
IGKV2D-40,Plasma cells,Ding et al. CellAge author-published marker mapping; HPA-derived,a0de4a124e0a41986185a090fb142c6c8195399e
IGKV1D-39,Plasma cells,Ding et al. CellAge author-published marker mapping; HPA-derived,a0de4a124e0a41986185a090fb142c6c8195399e
IGLL5,Plasma cells,Ding et al. CellAge author-published marker mapping; HPA-derived,a0de4a124e0a41986185a090fb142c6c8195399e
IGHV4OR15-8,Plasma cells,Ding et al. CellAge author-published marker mapping; HPA-derived,a0de4a124e0a41986185a090fb142c6c8195399e
IGHV3OR15-7,Plasma cells,Ding et al. CellAge author-published marker mapping; HPA-derived,a0de4a124e0a41986185a090fb142c6c8195399e
IGHV3OR16-17,Plasma cells,Ding et al. CellAge author-published marker mapping; HPA-derived,a0de4a124e0a41986185a090fb142c6c8195399e
CCPG1,Plasma cells,Ding et al. CellAge author-published marker mapping; HPA-derived,a0de4a124e0a41986185a090fb142c6c8195399e
ENSG00000265118,Plasma cells,Ding et al. CellAge author-published marker mapping; HPA-derived,a0de4a124e0a41986185a090fb142c6c8195399e
IGHV3OR16-12,Plasma cells,Ding et al. CellAge author-published marker mapping; HPA-derived,a0de4a124e0a41986185a090fb142c6c8195399e
IGHV3OR16-9,Plasma cells,Ding et al. CellAge author-published marker mapping; HPA-derived,a0de4a124e0a41986185a090fb142c6c8195399e
IGHV1OR15-1,Plasma cells,Ding et al. CellAge author-published marker mapping; HPA-derived,a0de4a124e0a41986185a090fb142c6c8195399e
IGHV3-30,Plasma cells,Ding et al. CellAge author-published marker mapping; HPA-derived,a0de4a124e0a41986185a090fb142c6c8195399e
IGHV3OR16-8,Plasma cells,Ding et al. CellAge author-published marker mapping; HPA-derived,a0de4a124e0a41986185a090fb142c6c8195399e
IGHV3OR16-13,Plasma cells,Ding et al. CellAge author-published marker mapping; HPA-derived,a0de4a124e0a41986185a090fb142c6c8195399e
IGKV2-40,Plasma cells,Ding et al. CellAge author-published marker mapping; HPA-derived,a0de4a124e0a41986185a090fb142c6c8195399e
H3C8,Plasma cells,Ding et al. CellAge author-published marker mapping; HPA-derived,a0de4a124e0a41986185a090fb142c6c8195399e
IGHV2-70,Plasma cells,Ding et al. CellAge author-published marker mapping; HPA-derived,a0de4a124e0a41986185a090fb142c6c8195399e
ENSG00000275063,Plasma cells,Ding et al. CellAge author-published marker mapping; HPA-derived,a0de4a124e0a41986185a090fb142c6c8195399e
IGKV1D-13,Plasma cells,Ding et al. CellAge author-published marker mapping; HPA-derived,a0de4a124e0a41986185a090fb142c6c8195399e
IGHV4-4,Plasma cells,Ding et al. CellAge author-published marker mapping; HPA-derived,a0de4a124e0a41986185a090fb142c6c8195399e
IGHV1OR21-1,Plasma cells,Ding et al. CellAge author-published marker mapping; HPA-derived,a0de4a124e0a41986185a090fb142c6c8195399e
ENSG00000277836,Plasma cells,Ding et al. CellAge author-published marker mapping; HPA-derived,a0de4a124e0a41986185a090fb142c6c8195399e
ENSG00000277856,Plasma cells,Ding et al. CellAge author-published marker mapping; HPA-derived,a0de4a124e0a41986185a090fb142c6c8195399e
IGLV2-8,Plasma cells,Ding et al. CellAge author-published marker mapping; HPA-derived,a0de4a124e0a41986185a090fb142c6c8195399e
ENSG00000278263,Plasma cells,Ding et al. CellAge author-published marker mapping; HPA-derived,a0de4a124e0a41986185a090fb142c6c8195399e
IGKV1D-12,Plasma cells,Ding et al. CellAge author-published marker mapping; HPA-derived,a0de4a124e0a41986185a090fb142c6c8195399e
IGHV1-69D,Plasma cells,Ding et al. CellAge author-published marker mapping; HPA-derived,a0de4a124e0a41986185a090fb142c6c8195399e
ENSG00000281179,Plasma cells,Ding et al. CellAge author-published marker mapping; HPA-derived,a0de4a124e0a41986185a090fb142c6c8195399e
IGHV1-69-2,Plasma cells,Ding et al. CellAge author-published marker mapping; HPA-derived,a0de4a124e0a41986185a090fb142c6c8195399e
IGHV7-4-1,Plasma cells,Ding et al. CellAge author-published marker mapping; HPA-derived,a0de4a124e0a41986185a090fb142c6c8195399e
IGHV3-64D,Plasma cells,Ding et al. CellAge author-published marker mapping; HPA-derived,a0de4a124e0a41986185a090fb142c6c8195399e
IGHV5-10-1,Plasma cells,Ding et al. CellAge author-published marker mapping; HPA-derived,a0de4a124e0a41986185a090fb142c6c8195399e
H3C2,Plasma cells,Ding et al. CellAge author-published marker mapping; HPA-derived,a0de4a124e0a41986185a090fb142c6c8195399e
AOC1,Proximal enterocytes,Ding et al. CellAge author-published marker mapping; HPA-derived,a0de4a124e0a41986185a090fb142c6c8195399e
USH1C,Proximal enterocytes,Ding et al. CellAge author-published marker mapping; HPA-derived,a0de4a124e0a41986185a090fb142c6c8195399e
SLC13A2,Proximal enterocytes,Ding et al. CellAge author-published marker mapping; HPA-derived,a0de4a124e0a41986185a090fb142c6c8195399e
IYD,Proximal enterocytes,Ding et al. CellAge author-published marker mapping; HPA-derived,a0de4a124e0a41986185a090fb142c6c8195399e
NR1H4,Proximal enterocytes,Ding et al. CellAge author-published marker mapping; HPA-derived,a0de4a124e0a41986185a090fb142c6c8195399e
HEBP1,Proximal enterocytes,Ding et al. CellAge author-published marker mapping; HPA-derived,a0de4a124e0a41986185a090fb142c6c8195399e
DPEP1,Proximal enterocytes,Ding et al. CellAge author-published marker mapping; HPA-derived,a0de4a124e0a41986185a090fb142c6c8195399e
SLC7A9,Proximal enterocytes,Ding et al. CellAge author-published marker mapping; HPA-derived,a0de4a124e0a41986185a090fb142c6c8195399e
CREB3L3,Proximal enterocytes,Ding et al. CellAge author-published marker mapping; HPA-derived,a0de4a124e0a41986185a090fb142c6c8195399e
OAT,Proximal enterocytes,Ding et al. CellAge author-published marker mapping; HPA-derived,a0de4a124e0a41986185a090fb142c6c8195399e
CYBRD1,Proximal enterocytes,Ding et al. CellAge author-published marker mapping; HPA-derived,a0de4a124e0a41986185a090fb142c6c8195399e
SLC15A1,Proximal enterocytes,Ding et al. CellAge author-published marker mapping; HPA-derived,a0de4a124e0a41986185a090fb142c6c8195399e
SI,Proximal enterocytes,Ding et al. CellAge author-published marker mapping; HPA-derived,a0de4a124e0a41986185a090fb142c6c8195399e
SMIM24,Proximal enterocytes,Ding et al. CellAge author-published marker mapping; HPA-derived,a0de4a124e0a41986185a090fb142c6c8195399e
CDHR5,Proximal enterocytes,Ding et al. CellAge author-published marker mapping; HPA-derived,a0de4a124e0a41986185a090fb142c6c8195399e
SLC5A1,Proximal enterocytes,Ding et al. CellAge author-published marker mapping; HPA-derived,a0de4a124e0a41986185a090fb142c6c8195399e
PCK2,Proximal enterocytes,Ding et al. CellAge author-published marker mapping; HPA-derived,a0de4a124e0a41986185a090fb142c6c8195399e
NUCB1,Proximal enterocytes,Ding et al. CellAge author-published marker mapping; HPA-derived,a0de4a124e0a41986185a090fb142c6c8195399e
DHDH,Proximal enterocytes,Ding et al. CellAge author-published marker mapping; HPA-derived,a0de4a124e0a41986185a090fb142c6c8195399e
FCGRT,Proximal enterocytes,Ding et al. CellAge author-published marker mapping; HPA-derived,a0de4a124e0a41986185a090fb142c6c8195399e
CYP3A5,Proximal enterocytes,Ding et al. CellAge author-published marker mapping; HPA-derived,a0de4a124e0a41986185a090fb142c6c8195399e
CLDN15,Proximal enterocytes,Ding et al. CellAge author-published marker mapping; HPA-derived,a0de4a124e0a41986185a090fb142c6c8195399e
BST1,Proximal enterocytes,Ding et al. CellAge author-published marker mapping; HPA-derived,a0de4a124e0a41986185a090fb142c6c8195399e
APOA4,Proximal enterocytes,Ding et al. CellAge author-published marker mapping; HPA-derived,a0de4a124e0a41986185a090fb142c6c8195399e
APOBEC1,Proximal enterocytes,Ding et al. CellAge author-published marker mapping; HPA-derived,a0de4a124e0a41986185a090fb142c6c8195399e
MEP1A,Proximal enterocytes,Ding et al. CellAge author-published marker mapping; HPA-derived,a0de4a124e0a41986185a090fb142c6c8195399e
BTNL8,Proximal enterocytes,Ding et al. CellAge author-published marker mapping; HPA-derived,a0de4a124e0a41986185a090fb142c6c8195399e
RBP2,Proximal enterocytes,Ding et al. CellAge author-published marker mapping; HPA-derived,a0de4a124e0a41986185a090fb142c6c8195399e
ABHD14A-ACY1,Proximal enterocytes,Ding et al. CellAge author-published marker mapping; HPA-derived,a0de4a124e0a41986185a090fb142c6c8195399e
KCNJ13,Proximal enterocytes,Ding et al. CellAge author-published marker mapping; HPA-derived,a0de4a124e0a41986185a090fb142c6c8195399e
SLC5A9,Proximal enterocytes,Ding et al. CellAge author-published marker mapping; HPA-derived,a0de4a124e0a41986185a090fb142c6c8195399e
STBD1,Proximal enterocytes,Ding et al. CellAge author-published marker mapping; HPA-derived,a0de4a124e0a41986185a090fb142c6c8195399e
GDA,Proximal enterocytes,Ding et al. CellAge author-published marker mapping; HPA-derived,a0de4a124e0a41986185a090fb142c6c8195399e
XPNPEP2,Proximal enterocytes,Ding et al. CellAge author-published marker mapping; HPA-derived,a0de4a124e0a41986185a090fb142c6c8195399e
SLC10A2,Proximal enterocytes,Ding et al. CellAge author-published marker mapping; HPA-derived,a0de4a124e0a41986185a090fb142c6c8195399e
GFER,Proximal enterocytes,Ding et al. CellAge author-published marker mapping; HPA-derived,a0de4a124e0a41986185a090fb142c6c8195399e
VIL1,Proximal enterocytes,Ding et al. CellAge author-published marker mapping; HPA-derived,a0de4a124e0a41986185a090fb142c6c8195399e
MPST,Proximal enterocytes,Ding et al. CellAge author-published marker mapping; HPA-derived,a0de4a124e0a41986185a090fb142c6c8195399e
GDPD2,Proximal enterocytes,Ding et al. CellAge author-published marker mapping; HPA-derived,a0de4a124e0a41986185a090fb142c6c8195399e
ACE2,Proximal enterocytes,Ding et al. CellAge author-published marker mapping; HPA-derived,a0de4a124e0a41986185a090fb142c6c8195399e
FAM98C,Proximal enterocytes,Ding et al. CellAge author-published marker mapping; HPA-derived,a0de4a124e0a41986185a090fb142c6c8195399e
RBBP8NL,Proximal enterocytes,Ding et al. CellAge author-published marker mapping; HPA-derived,a0de4a124e0a41986185a090fb142c6c8195399e
CCL25,Proximal enterocytes,Ding et al. CellAge author-published marker mapping; HPA-derived,a0de4a124e0a41986185a090fb142c6c8195399e
SLX1A,Proximal enterocytes,Ding et al. CellAge author-published marker mapping; HPA-derived,a0de4a124e0a41986185a090fb142c6c8195399e
UGT2A3,Proximal enterocytes,Ding et al. CellAge author-published marker mapping; HPA-derived,a0de4a124e0a41986185a090fb142c6c8195399e
ALDOB,Proximal enterocytes,Ding et al. CellAge author-published marker mapping; HPA-derived,a0de4a124e0a41986185a090fb142c6c8195399e
KHK,Proximal enterocytes,Ding et al. CellAge author-published marker mapping; HPA-derived,a0de4a124e0a41986185a090fb142c6c8195399e
ENPEP,Proximal enterocytes,Ding et al. CellAge author-published marker mapping; HPA-derived,a0de4a124e0a41986185a090fb142c6c8195399e
MTTP,Proximal enterocytes,Ding et al. CellAge author-published marker mapping; HPA-derived,a0de4a124e0a41986185a090fb142c6c8195399e
SLC46A3,Proximal enterocytes,Ding et al. CellAge author-published marker mapping; HPA-derived,a0de4a124e0a41986185a090fb142c6c8195399e
SLC39A5,Proximal enterocytes,Ding et al. CellAge author-published marker mapping; HPA-derived,a0de4a124e0a41986185a090fb142c6c8195399e
MEP1B,Proximal enterocytes,Ding et al. CellAge author-published marker mapping; HPA-derived,a0de4a124e0a41986185a090fb142c6c8195399e
TM4SF5,Proximal enterocytes,Ding et al. CellAge author-published marker mapping; HPA-derived,a0de4a124e0a41986185a090fb142c6c8195399e
SLC2A5,Proximal enterocytes,Ding et al. CellAge author-published marker mapping; HPA-derived,a0de4a124e0a41986185a090fb142c6c8195399e
DQX1,Proximal enterocytes,Ding et al. CellAge author-published marker mapping; HPA-derived,a0de4a124e0a41986185a090fb142c6c8195399e
CPO,Proximal enterocytes,Ding et al. CellAge author-published marker mapping; HPA-derived,a0de4a124e0a41986185a090fb142c6c8195399e
FABP2,Proximal enterocytes,Ding et al. CellAge author-published marker mapping; HPA-derived,a0de4a124e0a41986185a090fb142c6c8195399e
ADIRF,Proximal enterocytes,Ding et al. CellAge author-published marker mapping; HPA-derived,a0de4a124e0a41986185a090fb142c6c8195399e
TKFC,Proximal enterocytes,Ding et al. CellAge author-published marker mapping; HPA-derived,a0de4a124e0a41986185a090fb142c6c8195399e
PLCB3,Proximal enterocytes,Ding et al. CellAge author-published marker mapping; HPA-derived,a0de4a124e0a41986185a090fb142c6c8195399e
TMPRSS15,Proximal enterocytes,Ding et al. CellAge author-published marker mapping; HPA-derived,a0de4a124e0a41986185a090fb142c6c8195399e
CBR1,Proximal enterocytes,Ding et al. CellAge author-published marker mapping; HPA-derived,a0de4a124e0a41986185a090fb142c6c8195399e
TONSL,Proximal enterocytes,Ding et al. CellAge author-published marker mapping; HPA-derived,a0de4a124e0a41986185a090fb142c6c8195399e
NAGS,Proximal enterocytes,Ding et al. CellAge author-published marker mapping; HPA-derived,a0de4a124e0a41986185a090fb142c6c8195399e
FAM151A,Proximal enterocytes,Ding et al. CellAge author-published marker mapping; HPA-derived,a0de4a124e0a41986185a090fb142c6c8195399e
TMEM82,Proximal enterocytes,Ding et al. CellAge author-published marker mapping; HPA-derived,a0de4a124e0a41986185a090fb142c6c8195399e
SLC25A34,Proximal enterocytes,Ding et al. CellAge author-published marker mapping; HPA-derived,a0de4a124e0a41986185a090fb142c6c8195399e
OXER1,Proximal enterocytes,Ding et al. CellAge author-published marker mapping; HPA-derived,a0de4a124e0a41986185a090fb142c6c8195399e
ALPI,Proximal enterocytes,Ding et al. CellAge author-published marker mapping; HPA-derived,a0de4a124e0a41986185a090fb142c6c8195399e
ATP1A1,Proximal enterocytes,Ding et al. CellAge author-published marker mapping; HPA-derived,a0de4a124e0a41986185a090fb142c6c8195399e
PLB1,Proximal enterocytes,Ding et al. CellAge author-published marker mapping; HPA-derived,a0de4a124e0a41986185a090fb142c6c8195399e
SLC6A20,Proximal enterocytes,Ding et al. CellAge author-published marker mapping; HPA-derived,a0de4a124e0a41986185a090fb142c6c8195399e
SLC51A,Proximal enterocytes,Ding et al. CellAge author-published marker mapping; HPA-derived,a0de4a124e0a41986185a090fb142c6c8195399e
CMBL,Proximal enterocytes,Ding et al. CellAge author-published marker mapping; HPA-derived,a0de4a124e0a41986185a090fb142c6c8195399e
HNF4G,Proximal enterocytes,Ding et al. CellAge author-published marker mapping; HPA-derived,a0de4a124e0a41986185a090fb142c6c8195399e
DEFA5,Proximal enterocytes,Ding et al. CellAge author-published marker mapping; HPA-derived,a0de4a124e0a41986185a090fb142c6c8195399e
PRAP1,Proximal enterocytes,Ding et al. CellAge author-published marker mapping; HPA-derived,a0de4a124e0a41986185a090fb142c6c8195399e
AMN,Proximal enterocytes,Ding et al. CellAge author-published marker mapping; HPA-derived,a0de4a124e0a41986185a090fb142c6c8195399e
MOGAT2,Proximal enterocytes,Ding et al. CellAge author-published marker mapping; HPA-derived,a0de4a124e0a41986185a090fb142c6c8195399e
ANPEP,Proximal enterocytes,Ding et al. CellAge author-published marker mapping; HPA-derived,a0de4a124e0a41986185a090fb142c6c8195399e
MYO1A,Proximal enterocytes,Ding et al. CellAge author-published marker mapping; HPA-derived,a0de4a124e0a41986185a090fb142c6c8195399e
MS4A8,Proximal enterocytes,Ding et al. CellAge author-published marker mapping; HPA-derived,a0de4a124e0a41986185a090fb142c6c8195399e
TMEM92,Proximal enterocytes,Ding et al. CellAge author-published marker mapping; HPA-derived,a0de4a124e0a41986185a090fb142c6c8195399e
SOAT2,Proximal enterocytes,Ding et al. CellAge author-published marker mapping; HPA-derived,a0de4a124e0a41986185a090fb142c6c8195399e
NAALADL1,Proximal enterocytes,Ding et al. CellAge author-published marker mapping; HPA-derived,a0de4a124e0a41986185a090fb142c6c8195399e
DEGS2,Proximal enterocytes,Ding et al. CellAge author-published marker mapping; HPA-derived,a0de4a124e0a41986185a090fb142c6c8195399e
GSTM4,Proximal enterocytes,Ding et al. CellAge author-published marker mapping; HPA-derived,a0de4a124e0a41986185a090fb142c6c8195399e
TM4SF20,Proximal enterocytes,Ding et al. CellAge author-published marker mapping; HPA-derived,a0de4a124e0a41986185a090fb142c6c8195399e
MUC17,Proximal enterocytes,Ding et al. CellAge author-published marker mapping; HPA-derived,a0de4a124e0a41986185a090fb142c6c8195399e
MUC3A,Proximal enterocytes,Ding et al. CellAge author-published marker mapping; HPA-derived,a0de4a124e0a41986185a090fb142c6c8195399e
FABP6,Proximal enterocytes,Ding et al. CellAge author-published marker mapping; HPA-derived,a0de4a124e0a41986185a090fb142c6c8195399e
METTL7B,Proximal enterocytes,Ding et al. CellAge author-published marker mapping; HPA-derived,a0de4a124e0a41986185a090fb142c6c8195399e
SLC23A1,Proximal enterocytes,Ding et al. CellAge author-published marker mapping; HPA-derived,a0de4a124e0a41986185a090fb142c6c8195399e
TMEM37,Proximal enterocytes,Ding et al. CellAge author-published marker mapping; HPA-derived,a0de4a124e0a41986185a090fb142c6c8195399e
MS4A10,Proximal enterocytes,Ding et al. CellAge author-published marker mapping; HPA-derived,a0de4a124e0a41986185a090fb142c6c8195399e
FADS6,Proximal enterocytes,Ding et al. CellAge author-published marker mapping; HPA-derived,a0de4a124e0a41986185a090fb142c6c8195399e
CES2,Proximal enterocytes,Ding et al. CellAge author-published marker mapping; HPA-derived,a0de4a124e0a41986185a090fb142c6c8195399e
C11ORF86,Proximal enterocytes,Ding et al. CellAge author-published marker mapping; HPA-derived,a0de4a124e0a41986185a090fb142c6c8195399e
SLC6A19,Proximal enterocytes,Ding et al. CellAge author-published marker mapping; HPA-derived,a0de4a124e0a41986185a090fb142c6c8195399e
NLRP6,Proximal enterocytes,Ding et al. CellAge author-published marker mapping; HPA-derived,a0de4a124e0a41986185a090fb142c6c8195399e
ABO,Proximal enterocytes,Ding et al. CellAge author-published marker mapping; HPA-derived,a0de4a124e0a41986185a090fb142c6c8195399e
PRSS36,Proximal enterocytes,Ding et al. CellAge author-published marker mapping; HPA-derived,a0de4a124e0a41986185a090fb142c6c8195399e
SLC17A8,Proximal enterocytes,Ding et al. CellAge author-published marker mapping; HPA-derived,a0de4a124e0a41986185a090fb142c6c8195399e
TMEM150B,Proximal enterocytes,Ding et al. CellAge author-published marker mapping; HPA-derived,a0de4a124e0a41986185a090fb142c6c8195399e
ACBD4,Proximal enterocytes,Ding et al. CellAge author-published marker mapping; HPA-derived,a0de4a124e0a41986185a090fb142c6c8195399e
SLX1B,Proximal enterocytes,Ding et al. CellAge author-published marker mapping; HPA-derived,a0de4a124e0a41986185a090fb142c6c8195399e
TMEM252,Proximal enterocytes,Ding et al. CellAge author-published marker mapping; HPA-derived,a0de4a124e0a41986185a090fb142c6c8195399e
ENPP7,Proximal enterocytes,Ding et al. CellAge author-published marker mapping; HPA-derived,a0de4a124e0a41986185a090fb142c6c8195399e
TMIGD1,Proximal enterocytes,Ding et al. CellAge author-published marker mapping; HPA-derived,a0de4a124e0a41986185a090fb142c6c8195399e
FAM3B,Proximal enterocytes,Ding et al. CellAge author-published marker mapping; HPA-derived,a0de4a124e0a41986185a090fb142c6c8195399e
SDR42E2,Proximal enterocytes,Ding et al. CellAge author-published marker mapping; HPA-derived,a0de4a124e0a41986185a090fb142c6c8195399e
DGAT1,Proximal enterocytes,Ding et al. CellAge author-published marker mapping; HPA-derived,a0de4a124e0a41986185a090fb142c6c8195399e
CA13,Proximal enterocytes,Ding et al. CellAge author-published marker mapping; HPA-derived,a0de4a124e0a41986185a090fb142c6c8195399e
AQP12B,Proximal enterocytes,Ding et al. CellAge author-published marker mapping; HPA-derived,a0de4a124e0a41986185a090fb142c6c8195399e
TCN2,Proximal enterocytes,Ding et al. CellAge author-published marker mapping; HPA-derived,a0de4a124e0a41986185a090fb142c6c8195399e
CIDEC,Proximal enterocytes,Ding et al. CellAge author-published marker mapping; HPA-derived,a0de4a124e0a41986185a090fb142c6c8195399e
OR5W2,Proximal enterocytes,Ding et al. CellAge author-published marker mapping; HPA-derived,a0de4a124e0a41986185a090fb142c6c8195399e
TMEM220,Proximal enterocytes,Ding et al. CellAge author-published marker mapping; HPA-derived,a0de4a124e0a41986185a090fb142c6c8195399e
LRRC66,Proximal enterocytes,Ding et al. CellAge author-published marker mapping; HPA-derived,a0de4a124e0a41986185a090fb142c6c8195399e
SULT1A1,Proximal enterocytes,Ding et al. CellAge author-published marker mapping; HPA-derived,a0de4a124e0a41986185a090fb142c6c8195399e
SULT1A2,Proximal enterocytes,Ding et al. CellAge author-published marker mapping; HPA-derived,a0de4a124e0a41986185a090fb142c6c8195399e
HSD17B11,Proximal enterocytes,Ding et al. CellAge author-published marker mapping; HPA-derived,a0de4a124e0a41986185a090fb142c6c8195399e
SLC34A3,Proximal enterocytes,Ding et al. CellAge author-published marker mapping; HPA-derived,a0de4a124e0a41986185a090fb142c6c8195399e
SOWAHA,Proximal enterocytes,Ding et al. CellAge author-published marker mapping; HPA-derived,a0de4a124e0a41986185a090fb142c6c8195399e
HSD3B2,Proximal enterocytes,Ding et al. CellAge author-published marker mapping; HPA-derived,a0de4a124e0a41986185a090fb142c6c8195399e
ERICH4,Proximal enterocytes,Ding et al. CellAge author-published marker mapping; HPA-derived,a0de4a124e0a41986185a090fb142c6c8195399e
CYP2D7,Proximal enterocytes,Ding et al. CellAge author-published marker mapping; HPA-derived,a0de4a124e0a41986185a090fb142c6c8195399e
CRIP1,Proximal enterocytes,Ding et al. CellAge author-published marker mapping; HPA-derived,a0de4a124e0a41986185a090fb142c6c8195399e
CEACAM18,Proximal enterocytes,Ding et al. CellAge author-published marker mapping; HPA-derived,a0de4a124e0a41986185a090fb142c6c8195399e
SLC23A3,Proximal enterocytes,Ding et al. CellAge author-published marker mapping; HPA-derived,a0de4a124e0a41986185a090fb142c6c8195399e
DNASE1,Proximal enterocytes,Ding et al. CellAge author-published marker mapping; HPA-derived,a0de4a124e0a41986185a090fb142c6c8195399e
TM6SF2,Proximal enterocytes,Ding et al. CellAge author-published marker mapping; HPA-derived,a0de4a124e0a41986185a090fb142c6c8195399e
IGSF23,Proximal enterocytes,Ding et al. CellAge author-published marker mapping; HPA-derived,a0de4a124e0a41986185a090fb142c6c8195399e
TMEM253,Proximal enterocytes,Ding et al. CellAge author-published marker mapping; HPA-derived,a0de4a124e0a41986185a090fb142c6c8195399e
C3ORF85,Proximal enterocytes,Ding et al. CellAge author-published marker mapping; HPA-derived,a0de4a124e0a41986185a090fb142c6c8195399e
ARHGDIG,Proximal enterocytes,Ding et al. CellAge author-published marker mapping; HPA-derived,a0de4a124e0a41986185a090fb142c6c8195399e
GSTA1,Proximal enterocytes,Ding et al. CellAge author-published marker mapping; HPA-derived,a0de4a124e0a41986185a090fb142c6c8195399e
ENSG00000255432,Proximal enterocytes,Ding et al. CellAge author-published marker mapping; HPA-derived,a0de4a124e0a41986185a090fb142c6c8195399e
MGAM,Proximal enterocytes,Ding et al. CellAge author-published marker mapping; HPA-derived,a0de4a124e0a41986185a090fb142c6c8195399e
SULT1A3,Proximal enterocytes,Ding et al. CellAge author-published marker mapping; HPA-derived,a0de4a124e0a41986185a090fb142c6c8195399e
PNLIPRP2,Proximal enterocytes,Ding et al. CellAge author-published marker mapping; HPA-derived,a0de4a124e0a41986185a090fb142c6c8195399e
CEACAM20,Proximal enterocytes,Ding et al. CellAge author-published marker mapping; HPA-derived,a0de4a124e0a41986185a090fb142c6c8195399e
C17ORF78,Proximal enterocytes,Ding et al. CellAge author-published marker mapping; HPA-derived,a0de4a124e0a41986185a090fb142c6c8195399e
ENSG00000285585,Proximal enterocytes,Ding et al. CellAge author-published marker mapping; HPA-derived,a0de4a124e0a41986185a090fb142c6c8195399e
UPP2,Proximal tubular cells,Ding et al. CellAge author-published marker mapping; HPA-derived,a0de4a124e0a41986185a090fb142c6c8195399e
SLC6A13,Proximal tubular cells,Ding et al. CellAge author-published marker mapping; HPA-derived,a0de4a124e0a41986185a090fb142c6c8195399e
FMO4,Proximal tubular cells,Ding et al. CellAge author-published marker mapping; HPA-derived,a0de4a124e0a41986185a090fb142c6c8195399e
SLC13A1,Proximal tubular cells,Ding et al. CellAge author-published marker mapping; HPA-derived,a0de4a124e0a41986185a090fb142c6c8195399e
NOX4,Proximal tubular cells,Ding et al. CellAge author-published marker mapping; HPA-derived,a0de4a124e0a41986185a090fb142c6c8195399e
HSD17B14,Proximal tubular cells,Ding et al. CellAge author-published marker mapping; HPA-derived,a0de4a124e0a41986185a090fb142c6c8195399e
RAB11FIP3,Proximal tubular cells,Ding et al. CellAge author-published marker mapping; HPA-derived,a0de4a124e0a41986185a090fb142c6c8195399e
MIOX,Proximal tubular cells,Ding et al. CellAge author-published marker mapping; HPA-derived,a0de4a124e0a41986185a090fb142c6c8195399e
MCAT,Proximal tubular cells,Ding et al. CellAge author-published marker mapping; HPA-derived,a0de4a124e0a41986185a090fb142c6c8195399e
CCDC198,Proximal tubular cells,Ding et al. CellAge author-published marker mapping; HPA-derived,a0de4a124e0a41986185a090fb142c6c8195399e
NKAIN4,Proximal tubular cells,Ding et al. CellAge author-published marker mapping; HPA-derived,a0de4a124e0a41986185a090fb142c6c8195399e
HCFC1R1,Proximal tubular cells,Ding et al. CellAge author-published marker mapping; HPA-derived,a0de4a124e0a41986185a090fb142c6c8195399e
SLC22A2,Proximal tubular cells,Ding et al. CellAge author-published marker mapping; HPA-derived,a0de4a124e0a41986185a090fb142c6c8195399e
CDH6,Proximal tubular cells,Ding et al. CellAge author-published marker mapping; HPA-derived,a0de4a124e0a41986185a090fb142c6c8195399e
NPR3,Proximal tubular cells,Ding et al. CellAge author-published marker mapping; HPA-derived,a0de4a124e0a41986185a090fb142c6c8195399e
AGXT2,Proximal tubular cells,Ding et al. CellAge author-published marker mapping; HPA-derived,a0de4a124e0a41986185a090fb142c6c8195399e
NIT2,Proximal tubular cells,Ding et al. CellAge author-published marker mapping; HPA-derived,a0de4a124e0a41986185a090fb142c6c8195399e
AGMAT,Proximal tubular cells,Ding et al. CellAge author-published marker mapping; HPA-derived,a0de4a124e0a41986185a090fb142c6c8195399e
CRYZ,Proximal tubular cells,Ding et al. CellAge author-published marker mapping; HPA-derived,a0de4a124e0a41986185a090fb142c6c8195399e
TRIM6,Proximal tubular cells,Ding et al. CellAge author-published marker mapping; HPA-derived,a0de4a124e0a41986185a090fb142c6c8195399e
KIAA1191,Proximal tubular cells,Ding et al. CellAge author-published marker mapping; HPA-derived,a0de4a124e0a41986185a090fb142c6c8195399e
SLC17A3,Proximal tubular cells,Ding et al. CellAge author-published marker mapping; HPA-derived,a0de4a124e0a41986185a090fb142c6c8195399e
SLC17A1,Proximal tubular cells,Ding et al. CellAge author-published marker mapping; HPA-derived,a0de4a124e0a41986185a090fb142c6c8195399e
NQO2,Proximal tubular cells,Ding et al. CellAge author-published marker mapping; HPA-derived,a0de4a124e0a41986185a090fb142c6c8195399e
MT1G,Proximal tubular cells,Ding et al. CellAge author-published marker mapping; HPA-derived,a0de4a124e0a41986185a090fb142c6c8195399e
ADM2,Proximal tubular cells,Ding et al. CellAge author-published marker mapping; HPA-derived,a0de4a124e0a41986185a090fb142c6c8195399e
BBOX1,Proximal tubular cells,Ding et al. CellAge author-published marker mapping; HPA-derived,a0de4a124e0a41986185a090fb142c6c8195399e
AP1M2,Proximal tubular cells,Ding et al. CellAge author-published marker mapping; HPA-derived,a0de4a124e0a41986185a090fb142c6c8195399e
SLC34A1,Proximal tubular cells,Ding et al. CellAge author-published marker mapping; HPA-derived,a0de4a124e0a41986185a090fb142c6c8195399e
KL,Proximal tubular cells,Ding et al. CellAge author-published marker mapping; HPA-derived,a0de4a124e0a41986185a090fb142c6c8195399e
PLAAT4,Proximal tubular cells,Ding et al. CellAge author-published marker mapping; HPA-derived,a0de4a124e0a41986185a090fb142c6c8195399e
LAMTOR5,Proximal tubular cells,Ding et al. CellAge author-published marker mapping; HPA-derived,a0de4a124e0a41986185a090fb142c6c8195399e
SPX,Proximal tubular cells,Ding et al. CellAge author-published marker mapping; HPA-derived,a0de4a124e0a41986185a090fb142c6c8195399e
GGACT,Proximal tubular cells,Ding et al. CellAge author-published marker mapping; HPA-derived,a0de4a124e0a41986185a090fb142c6c8195399e
TINAG,Proximal tubular cells,Ding et al. CellAge author-published marker mapping; HPA-derived,a0de4a124e0a41986185a090fb142c6c8195399e
BPHL,Proximal tubular cells,Ding et al. CellAge author-published marker mapping; HPA-derived,a0de4a124e0a41986185a090fb142c6c8195399e
GIPC2,Proximal tubular cells,Ding et al. CellAge author-published marker mapping; HPA-derived,a0de4a124e0a41986185a090fb142c6c8195399e
RGS3,Proximal tubular cells,Ding et al. CellAge author-published marker mapping; HPA-derived,a0de4a124e0a41986185a090fb142c6c8195399e
RBP5,Proximal tubular cells,Ding et al. CellAge author-published marker mapping; HPA-derived,a0de4a124e0a41986185a090fb142c6c8195399e
CLEC18B,Proximal tubular cells,Ding et al. CellAge author-published marker mapping; HPA-derived,a0de4a124e0a41986185a090fb142c6c8195399e
TPGS1,Proximal tubular cells,Ding et al. CellAge author-published marker mapping; HPA-derived,a0de4a124e0a41986185a090fb142c6c8195399e
LYPLAL1,Proximal tubular cells,Ding et al. CellAge author-published marker mapping; HPA-derived,a0de4a124e0a41986185a090fb142c6c8195399e
NAT8,Proximal tubular cells,Ding et al. CellAge author-published marker mapping; HPA-derived,a0de4a124e0a41986185a090fb142c6c8195399e
LYG1,Proximal tubular cells,Ding et al. CellAge author-published marker mapping; HPA-derived,a0de4a124e0a41986185a090fb142c6c8195399e
CLTRN,Proximal tubular cells,Ding et al. CellAge author-published marker mapping; HPA-derived,a0de4a124e0a41986185a090fb142c6c8195399e
CYP17A1,Proximal tubular cells,Ding et al. CellAge author-published marker mapping; HPA-derived,a0de4a124e0a41986185a090fb142c6c8195399e
GLYAT,Proximal tubular cells,Ding et al. CellAge author-published marker mapping; HPA-derived,a0de4a124e0a41986185a090fb142c6c8195399e
SLC22A8,Proximal tubular cells,Ding et al. CellAge author-published marker mapping; HPA-derived,a0de4a124e0a41986185a090fb142c6c8195399e
ACMSD,Proximal tubular cells,Ding et al. CellAge author-published marker mapping; HPA-derived,a0de4a124e0a41986185a090fb142c6c8195399e
CLEC18A,Proximal tubular cells,Ding et al. CellAge author-published marker mapping; HPA-derived,a0de4a124e0a41986185a090fb142c6c8195399e
DHRS4,Proximal tubular cells,Ding et al. CellAge author-published marker mapping; HPA-derived,a0de4a124e0a41986185a090fb142c6c8195399e
CLEC18C,Proximal tubular cells,Ding et al. CellAge author-published marker mapping; HPA-derived,a0de4a124e0a41986185a090fb142c6c8195399e
S100A1,Proximal tubular cells,Ding et al. CellAge author-published marker mapping; HPA-derived,a0de4a124e0a41986185a090fb142c6c8195399e
PTH1R,Proximal tubular cells,Ding et al. CellAge author-published marker mapping; HPA-derived,a0de4a124e0a41986185a090fb142c6c8195399e
PDZK1IP1,Proximal tubular cells,Ding et al. CellAge author-published marker mapping; HPA-derived,a0de4a124e0a41986185a090fb142c6c8195399e
AK4,Proximal tubular cells,Ding et al. CellAge author-published marker mapping; HPA-derived,a0de4a124e0a41986185a090fb142c6c8195399e
FCAMR,Proximal tubular cells,Ding et al. CellAge author-published marker mapping; HPA-derived,a0de4a124e0a41986185a090fb142c6c8195399e
SUCLG1,Proximal tubular cells,Ding et al. CellAge author-published marker mapping; HPA-derived,a0de4a124e0a41986185a090fb142c6c8195399e
BDH2,Proximal tubular cells,Ding et al. CellAge author-published marker mapping; HPA-derived,a0de4a124e0a41986185a090fb142c6c8195399e
TMEM174,Proximal tubular cells,Ding et al. CellAge author-published marker mapping; HPA-derived,a0de4a124e0a41986185a090fb142c6c8195399e
SLC6A18,Proximal tubular cells,Ding et al. CellAge author-published marker mapping; HPA-derived,a0de4a124e0a41986185a090fb142c6c8195399e
SLC7A13,Proximal tubular cells,Ding et al. CellAge author-published marker mapping; HPA-derived,a0de4a124e0a41986185a090fb142c6c8195399e
SLC16A9,Proximal tubular cells,Ding et al. CellAge author-published marker mapping; HPA-derived,a0de4a124e0a41986185a090fb142c6c8195399e
PTER,Proximal tubular cells,Ding et al. CellAge author-published marker mapping; HPA-derived,a0de4a124e0a41986185a090fb142c6c8195399e
WDR72,Proximal tubular cells,Ding et al. CellAge author-published marker mapping; HPA-derived,a0de4a124e0a41986185a090fb142c6c8195399e
SLC16A4,Proximal tubular cells,Ding et al. CellAge author-published marker mapping; HPA-derived,a0de4a124e0a41986185a090fb142c6c8195399e
UGT2A1,Proximal tubular cells,Ding et al. CellAge author-published marker mapping; HPA-derived,a0de4a124e0a41986185a090fb142c6c8195399e
PDZK1,Proximal tubular cells,Ding et al. CellAge author-published marker mapping; HPA-derived,a0de4a124e0a41986185a090fb142c6c8195399e
PNPLA1,Proximal tubular cells,Ding et al. CellAge author-published marker mapping; HPA-derived,a0de4a124e0a41986185a090fb142c6c8195399e
SLC47A2,Proximal tubular cells,Ding et al. CellAge author-published marker mapping; HPA-derived,a0de4a124e0a41986185a090fb142c6c8195399e
HOXC10,Proximal tubular cells,Ding et al. CellAge author-published marker mapping; HPA-derived,a0de4a124e0a41986185a090fb142c6c8195399e
C11ORF54,Proximal tubular cells,Ding et al. CellAge author-published marker mapping; HPA-derived,a0de4a124e0a41986185a090fb142c6c8195399e
SLC36A2,Proximal tubular cells,Ding et al. CellAge author-published marker mapping; HPA-derived,a0de4a124e0a41986185a090fb142c6c8195399e
SLC22A12,Proximal tubular cells,Ding et al. CellAge author-published marker mapping; HPA-derived,a0de4a124e0a41986185a090fb142c6c8195399e
SLC22A6,Proximal tubular cells,Ding et al. CellAge author-published marker mapping; HPA-derived,a0de4a124e0a41986185a090fb142c6c8195399e
MT1F,Proximal tubular cells,Ding et al. CellAge author-published marker mapping; HPA-derived,a0de4a124e0a41986185a090fb142c6c8195399e
SUCNR1,Proximal tubular cells,Ding et al. CellAge author-published marker mapping; HPA-derived,a0de4a124e0a41986185a090fb142c6c8195399e
STK19,Proximal tubular cells,Ding et al. CellAge author-published marker mapping; HPA-derived,a0de4a124e0a41986185a090fb142c6c8195399e
ASPDH,Proximal tubular cells,Ding et al. CellAge author-published marker mapping; HPA-derived,a0de4a124e0a41986185a090fb142c6c8195399e
CTXN3,Proximal tubular cells,Ding et al. CellAge author-published marker mapping; HPA-derived,a0de4a124e0a41986185a090fb142c6c8195399e
MT1H,Proximal tubular cells,Ding et al. CellAge author-published marker mapping; HPA-derived,a0de4a124e0a41986185a090fb142c6c8195399e
GPX3,Proximal tubular cells,Ding et al. CellAge author-published marker mapping; HPA-derived,a0de4a124e0a41986185a090fb142c6c8195399e
HOGA1,Proximal tubular cells,Ding et al. CellAge author-published marker mapping; HPA-derived,a0de4a124e0a41986185a090fb142c6c8195399e
AMACR,Proximal tubular cells,Ding et al. CellAge author-published marker mapping; HPA-derived,a0de4a124e0a41986185a090fb142c6c8195399e
MT1HL1,Proximal tubular cells,Ding et al. CellAge author-published marker mapping; HPA-derived,a0de4a124e0a41986185a090fb142c6c8195399e
PRODH2,Proximal tubular cells,Ding et al. CellAge author-published marker mapping; HPA-derived,a0de4a124e0a41986185a090fb142c6c8195399e
FIGNL2,Proximal tubular cells,Ding et al. CellAge author-published marker mapping; HPA-derived,a0de4a124e0a41986185a090fb142c6c8195399e
FDX2,Proximal tubular cells,Ding et al. CellAge author-published marker mapping; HPA-derived,a0de4a124e0a41986185a090fb142c6c8195399e
TRABD2B,Proximal tubular cells,Ding et al. CellAge author-published marker mapping; HPA-derived,a0de4a124e0a41986185a090fb142c6c8195399e
SMIM32,Proximal tubular cells,Ding et al. CellAge author-published marker mapping; HPA-derived,a0de4a124e0a41986185a090fb142c6c8195399e
ENSG00000275163,Proximal tubular cells,Ding et al. CellAge author-published marker mapping; HPA-derived,a0de4a124e0a41986185a090fb142c6c8195399e
ATP6V0A1,Rod photoreceptor cells,Ding et al. CellAge author-published marker mapping; HPA-derived,a0de4a124e0a41986185a090fb142c6c8195399e
CROCC,Rod photoreceptor cells,Ding et al. CellAge author-published marker mapping; HPA-derived,a0de4a124e0a41986185a090fb142c6c8195399e
GLP2R,Rod photoreceptor cells,Ding et al. CellAge author-published marker mapping; HPA-derived,a0de4a124e0a41986185a090fb142c6c8195399e
MYO9A,Rod photoreceptor cells,Ding et al. CellAge author-published marker mapping; HPA-derived,a0de4a124e0a41986185a090fb142c6c8195399e
CNGB1,Rod photoreceptor cells,Ding et al. CellAge author-published marker mapping; HPA-derived,a0de4a124e0a41986185a090fb142c6c8195399e
ZFYVE26,Rod photoreceptor cells,Ding et al. CellAge author-published marker mapping; HPA-derived,a0de4a124e0a41986185a090fb142c6c8195399e
GNB1,Rod photoreceptor cells,Ding et al. CellAge author-published marker mapping; HPA-derived,a0de4a124e0a41986185a090fb142c6c8195399e
CLUL1,Rod photoreceptor cells,Ding et al. CellAge author-published marker mapping; HPA-derived,a0de4a124e0a41986185a090fb142c6c8195399e
EPB41L2,Rod photoreceptor cells,Ding et al. CellAge author-published marker mapping; HPA-derived,a0de4a124e0a41986185a090fb142c6c8195399e
RDH8,Rod photoreceptor cells,Ding et al. CellAge author-published marker mapping; HPA-derived,a0de4a124e0a41986185a090fb142c6c8195399e
MOK,Rod photoreceptor cells,Ding et al. CellAge author-published marker mapping; HPA-derived,a0de4a124e0a41986185a090fb142c6c8195399e
IGSF9,Rod photoreceptor cells,Ding et al. CellAge author-published marker mapping; HPA-derived,a0de4a124e0a41986185a090fb142c6c8195399e
SYDE2,Rod photoreceptor cells,Ding et al. CellAge author-published marker mapping; HPA-derived,a0de4a124e0a41986185a090fb142c6c8195399e
GUCY2F,Rod photoreceptor cells,Ding et al. CellAge author-published marker mapping; HPA-derived,a0de4a124e0a41986185a090fb142c6c8195399e
RP1,Rod photoreceptor cells,Ding et al. CellAge author-published marker mapping; HPA-derived,a0de4a124e0a41986185a090fb142c6c8195399e
EZH1,Rod photoreceptor cells,Ding et al. CellAge author-published marker mapping; HPA-derived,a0de4a124e0a41986185a090fb142c6c8195399e
ZBTB24,Rod photoreceptor cells,Ding et al. CellAge author-published marker mapping; HPA-derived,a0de4a124e0a41986185a090fb142c6c8195399e
GNAT1,Rod photoreceptor cells,Ding et al. CellAge author-published marker mapping; HPA-derived,a0de4a124e0a41986185a090fb142c6c8195399e
GON4L,Rod photoreceptor cells,Ding et al. CellAge author-published marker mapping; HPA-derived,a0de4a124e0a41986185a090fb142c6c8195399e
KDM5B,Rod photoreceptor cells,Ding et al. CellAge author-published marker mapping; HPA-derived,a0de4a124e0a41986185a090fb142c6c8195399e
GNGT1,Rod photoreceptor cells,Ding et al. CellAge author-published marker mapping; HPA-derived,a0de4a124e0a41986185a090fb142c6c8195399e
NRL,Rod photoreceptor cells,Ding et al. CellAge author-published marker mapping; HPA-derived,a0de4a124e0a41986185a090fb142c6c8195399e
SAG,Rod photoreceptor cells,Ding et al. CellAge author-published marker mapping; HPA-derived,a0de4a124e0a41986185a090fb142c6c8195399e
CASZ1,Rod photoreceptor cells,Ding et al. CellAge author-published marker mapping; HPA-derived,a0de4a124e0a41986185a090fb142c6c8195399e
PDE6A,Rod photoreceptor cells,Ding et al. CellAge author-published marker mapping; HPA-derived,a0de4a124e0a41986185a090fb142c6c8195399e
PDE6B,Rod photoreceptor cells,Ding et al. CellAge author-published marker mapping; HPA-derived,a0de4a124e0a41986185a090fb142c6c8195399e
RDH5,Rod photoreceptor cells,Ding et al. CellAge author-published marker mapping; HPA-derived,a0de4a124e0a41986185a090fb142c6c8195399e
MIP,Rod photoreceptor cells,Ding et al. CellAge author-published marker mapping; HPA-derived,a0de4a124e0a41986185a090fb142c6c8195399e
AHI1,Rod photoreceptor cells,Ding et al. CellAge author-published marker mapping; HPA-derived,a0de4a124e0a41986185a090fb142c6c8195399e
OR1J1,Rod photoreceptor cells,Ding et al. CellAge author-published marker mapping; HPA-derived,a0de4a124e0a41986185a090fb142c6c8195399e
SPTBN5,Rod photoreceptor cells,Ding et al. CellAge author-published marker mapping; HPA-derived,a0de4a124e0a41986185a090fb142c6c8195399e
MAP3K12,Rod photoreceptor cells,Ding et al. CellAge author-published marker mapping; HPA-derived,a0de4a124e0a41986185a090fb142c6c8195399e
SCAPER,Rod photoreceptor cells,Ding et al. CellAge author-published marker mapping; HPA-derived,a0de4a124e0a41986185a090fb142c6c8195399e
MBTPS1,Rod photoreceptor cells,Ding et al. CellAge author-published marker mapping; HPA-derived,a0de4a124e0a41986185a090fb142c6c8195399e
ARSG,Rod photoreceptor cells,Ding et al. CellAge author-published marker mapping; HPA-derived,a0de4a124e0a41986185a090fb142c6c8195399e
GLB1L2,Rod photoreceptor cells,Ding et al. CellAge author-published marker mapping; HPA-derived,a0de4a124e0a41986185a090fb142c6c8195399e
TMEM138,Rod photoreceptor cells,Ding et al. CellAge author-published marker mapping; HPA-derived,a0de4a124e0a41986185a090fb142c6c8195399e
ROM1,Rod photoreceptor cells,Ding et al. CellAge author-published marker mapping; HPA-derived,a0de4a124e0a41986185a090fb142c6c8195399e
SPINT4,Rod photoreceptor cells,Ding et al. CellAge author-published marker mapping; HPA-derived,a0de4a124e0a41986185a090fb142c6c8195399e
TMEM237,Rod photoreceptor cells,Ding et al. CellAge author-published marker mapping; HPA-derived,a0de4a124e0a41986185a090fb142c6c8195399e
PPEF2,Rod photoreceptor cells,Ding et al. CellAge author-published marker mapping; HPA-derived,a0de4a124e0a41986185a090fb142c6c8195399e
ZNF326,Rod photoreceptor cells,Ding et al. CellAge author-published marker mapping; HPA-derived,a0de4a124e0a41986185a090fb142c6c8195399e
DISC1,Rod photoreceptor cells,Ding et al. CellAge author-published marker mapping; HPA-derived,a0de4a124e0a41986185a090fb142c6c8195399e
RHO,Rod photoreceptor cells,Ding et al. CellAge author-published marker mapping; HPA-derived,a0de4a124e0a41986185a090fb142c6c8195399e
UNCX,Rod photoreceptor cells,Ding et al. CellAge author-published marker mapping; HPA-derived,a0de4a124e0a41986185a090fb142c6c8195399e
ZMYND19,Rod photoreceptor cells,Ding et al. CellAge author-published marker mapping; HPA-derived,a0de4a124e0a41986185a090fb142c6c8195399e
DENND2B,Rod photoreceptor cells,Ding et al. CellAge author-published marker mapping; HPA-derived,a0de4a124e0a41986185a090fb142c6c8195399e
CATSPER2,Rod photoreceptor cells,Ding et al. CellAge author-published marker mapping; HPA-derived,a0de4a124e0a41986185a090fb142c6c8195399e
LENG8,Rod photoreceptor cells,Ding et al. CellAge author-published marker mapping; HPA-derived,a0de4a124e0a41986185a090fb142c6c8195399e
ZNF283,Rod photoreceptor cells,Ding et al. CellAge author-published marker mapping; HPA-derived,a0de4a124e0a41986185a090fb142c6c8195399e
ANKS3,Rod photoreceptor cells,Ding et al. CellAge author-published marker mapping; HPA-derived,a0de4a124e0a41986185a090fb142c6c8195399e
ARL13B,Rod photoreceptor cells,Ding et al. CellAge author-published marker mapping; HPA-derived,a0de4a124e0a41986185a090fb142c6c8195399e
ELSPBP1,Rod photoreceptor cells,Ding et al. CellAge author-published marker mapping; HPA-derived,a0de4a124e0a41986185a090fb142c6c8195399e
NRTN,Rod photoreceptor cells,Ding et al. CellAge author-published marker mapping; HPA-derived,a0de4a124e0a41986185a090fb142c6c8195399e
OR1N2,Rod photoreceptor cells,Ding et al. CellAge author-published marker mapping; HPA-derived,a0de4a124e0a41986185a090fb142c6c8195399e
PRPF8,Rod photoreceptor cells,Ding et al. CellAge author-published marker mapping; HPA-derived,a0de4a124e0a41986185a090fb142c6c8195399e
YPEL2,Rod photoreceptor cells,Ding et al. CellAge author-published marker mapping; HPA-derived,a0de4a124e0a41986185a090fb142c6c8195399e
GAL3ST3,Rod photoreceptor cells,Ding et al. CellAge author-published marker mapping; HPA-derived,a0de4a124e0a41986185a090fb142c6c8195399e
SYNE3,Rod photoreceptor cells,Ding et al. CellAge author-published marker mapping; HPA-derived,a0de4a124e0a41986185a090fb142c6c8195399e
GVQW3,Rod photoreceptor cells,Ding et al. CellAge author-published marker mapping; HPA-derived,a0de4a124e0a41986185a090fb142c6c8195399e
KCNJ14,Rod photoreceptor cells,Ding et al. CellAge author-published marker mapping; HPA-derived,a0de4a124e0a41986185a090fb142c6c8195399e
OR5P3,Rod photoreceptor cells,Ding et al. CellAge author-published marker mapping; HPA-derived,a0de4a124e0a41986185a090fb142c6c8195399e
OR2V2,Rod photoreceptor cells,Ding et al. CellAge author-published marker mapping; HPA-derived,a0de4a124e0a41986185a090fb142c6c8195399e
OR5P2,Rod photoreceptor cells,Ding et al. CellAge author-published marker mapping; HPA-derived,a0de4a124e0a41986185a090fb142c6c8195399e
OVCH2,Rod photoreceptor cells,Ding et al. CellAge author-published marker mapping; HPA-derived,a0de4a124e0a41986185a090fb142c6c8195399e
DNAH2,Rod photoreceptor cells,Ding et al. CellAge author-published marker mapping; HPA-derived,a0de4a124e0a41986185a090fb142c6c8195399e
KRBA2,Rod photoreceptor cells,Ding et al. CellAge author-published marker mapping; HPA-derived,a0de4a124e0a41986185a090fb142c6c8195399e
PDE6G,Rod photoreceptor cells,Ding et al. CellAge author-published marker mapping; HPA-derived,a0de4a124e0a41986185a090fb142c6c8195399e
KLHL34,Rod photoreceptor cells,Ding et al. CellAge author-published marker mapping; HPA-derived,a0de4a124e0a41986185a090fb142c6c8195399e
GRK1,Rod photoreceptor cells,Ding et al. CellAge author-published marker mapping; HPA-derived,a0de4a124e0a41986185a090fb142c6c8195399e
SAMD11,Rod photoreceptor cells,Ding et al. CellAge author-published marker mapping; HPA-derived,a0de4a124e0a41986185a090fb142c6c8195399e
OR2L5,Rod photoreceptor cells,Ding et al. CellAge author-published marker mapping; HPA-derived,a0de4a124e0a41986185a090fb142c6c8195399e
HRNR,Rod photoreceptor cells,Ding et al. CellAge author-published marker mapping; HPA-derived,a0de4a124e0a41986185a090fb142c6c8195399e
CNGA1,Rod photoreceptor cells,Ding et al. CellAge author-published marker mapping; HPA-derived,a0de4a124e0a41986185a090fb142c6c8195399e
LRIT2,Rod photoreceptor cells,Ding et al. CellAge author-published marker mapping; HPA-derived,a0de4a124e0a41986185a090fb142c6c8195399e
IGFL4,Rod photoreceptor cells,Ding et al. CellAge author-published marker mapping; HPA-derived,a0de4a124e0a41986185a090fb142c6c8195399e
RPEL1,Rod photoreceptor cells,Ding et al. CellAge author-published marker mapping; HPA-derived,a0de4a124e0a41986185a090fb142c6c8195399e
OR52B2,Rod photoreceptor cells,Ding et al. CellAge author-published marker mapping; HPA-derived,a0de4a124e0a41986185a090fb142c6c8195399e
ZNF432,Rod photoreceptor cells,Ding et al. CellAge author-published marker mapping; HPA-derived,a0de4a124e0a41986185a090fb142c6c8195399e
ENSG00000258881,Rod photoreceptor cells,Ding et al. CellAge author-published marker mapping; HPA-derived,a0de4a124e0a41986185a090fb142c6c8195399e
NR2E3,Rod photoreceptor cells,Ding et al. CellAge author-published marker mapping; HPA-derived,a0de4a124e0a41986185a090fb142c6c8195399e
OR1B1,Rod photoreceptor cells,Ding et al. CellAge author-published marker mapping; HPA-derived,a0de4a124e0a41986185a090fb142c6c8195399e
ENSG00000286235,Rod photoreceptor cells,Ding et al. CellAge author-published marker mapping; HPA-derived,a0de4a124e0a41986185a090fb142c6c8195399e
SMIM40,Rod photoreceptor cells,Ding et al. CellAge author-published marker mapping; HPA-derived,a0de4a124e0a41986185a090fb142c6c8195399e
TFCP2L1,Salivary duct cells,Ding et al. CellAge author-published marker mapping; HPA-derived,a0de4a124e0a41986185a090fb142c6c8195399e
NKX2-3,Salivary duct cells,Ding et al. CellAge author-published marker mapping; HPA-derived,a0de4a124e0a41986185a090fb142c6c8195399e
SIX2,Salivary duct cells,Ding et al. CellAge author-published marker mapping; HPA-derived,a0de4a124e0a41986185a090fb142c6c8195399e
GPRC6A,Salivary duct cells,Ding et al. CellAge author-published marker mapping; HPA-derived,a0de4a124e0a41986185a090fb142c6c8195399e
TAS1R2,Salivary duct cells,Ding et al. CellAge author-published marker mapping; HPA-derived,a0de4a124e0a41986185a090fb142c6c8195399e
SLCO1B3-SLCO1B7,Salivary duct cells,Ding et al. CellAge author-published marker mapping; HPA-derived,a0de4a124e0a41986185a090fb142c6c8195399e
ENSG00000261793,Salivary duct cells,Ding et al. CellAge author-published marker mapping; HPA-derived,a0de4a124e0a41986185a090fb142c6c8195399e
CDH19,Schwann cells,Ding et al. CellAge author-published marker mapping; HPA-derived,a0de4a124e0a41986185a090fb142c6c8195399e
CPNE3,Schwann cells,Ding et al. CellAge author-published marker mapping; HPA-derived,a0de4a124e0a41986185a090fb142c6c8195399e
SAMHD1,Schwann cells,Ding et al. CellAge author-published marker mapping; HPA-derived,a0de4a124e0a41986185a090fb142c6c8195399e
CPVL,Schwann cells,Ding et al. CellAge author-published marker mapping; HPA-derived,a0de4a124e0a41986185a090fb142c6c8195399e
PHOX2B,Schwann cells,Ding et al. CellAge author-published marker mapping; HPA-derived,a0de4a124e0a41986185a090fb142c6c8195399e
C1ORF54,Schwann cells,Ding et al. CellAge author-published marker mapping; HPA-derived,a0de4a124e0a41986185a090fb142c6c8195399e
GPR31,Schwann cells,Ding et al. CellAge author-published marker mapping; HPA-derived,a0de4a124e0a41986185a090fb142c6c8195399e
WDFY4,Schwann cells,Ding et al. CellAge author-published marker mapping; HPA-derived,a0de4a124e0a41986185a090fb142c6c8195399e
SCN7A,Schwann cells,Ding et al. CellAge author-published marker mapping; HPA-derived,a0de4a124e0a41986185a090fb142c6c8195399e
CXCL9,Schwann cells,Ding et al. CellAge author-published marker mapping; HPA-derived,a0de4a124e0a41986185a090fb142c6c8195399e
GAS2L3,Schwann cells,Ding et al. CellAge author-published marker mapping; HPA-derived,a0de4a124e0a41986185a090fb142c6c8195399e
GFRA3,Schwann cells,Ding et al. CellAge author-published marker mapping; HPA-derived,a0de4a124e0a41986185a090fb142c6c8195399e
LGI4,Schwann cells,Ding et al. CellAge author-published marker mapping; HPA-derived,a0de4a124e0a41986185a090fb142c6c8195399e
MPZ,Schwann cells,Ding et al. CellAge author-published marker mapping; HPA-derived,a0de4a124e0a41986185a090fb142c6c8195399e
S100B,Schwann cells,Ding et al. CellAge author-published marker mapping; HPA-derived,a0de4a124e0a41986185a090fb142c6c8195399e
LRRTM1,Schwann cells,Ding et al. CellAge author-published marker mapping; HPA-derived,a0de4a124e0a41986185a090fb142c6c8195399e
ANGPTL7,Schwann cells,Ding et al. CellAge author-published marker mapping; HPA-derived,a0de4a124e0a41986185a090fb142c6c8195399e
XCR1,Schwann cells,Ding et al. CellAge author-published marker mapping; HPA-derived,a0de4a124e0a41986185a090fb142c6c8195399e
PRIMA1,Schwann cells,Ding et al. CellAge author-published marker mapping; HPA-derived,a0de4a124e0a41986185a090fb142c6c8195399e
FOXD3,Schwann cells,Ding et al. CellAge author-published marker mapping; HPA-derived,a0de4a124e0a41986185a090fb142c6c8195399e
CLEC9A,Schwann cells,Ding et al. CellAge author-published marker mapping; HPA-derived,a0de4a124e0a41986185a090fb142c6c8195399e
L1CAM,Schwann cells,Ding et al. CellAge author-published marker mapping; HPA-derived,a0de4a124e0a41986185a090fb142c6c8195399e
COL28A1,Schwann cells,Ding et al. CellAge author-published marker mapping; HPA-derived,a0de4a124e0a41986185a090fb142c6c8195399e
EGFL8,Schwann cells,Ding et al. CellAge author-published marker mapping; HPA-derived,a0de4a124e0a41986185a090fb142c6c8195399e
TMEFF1,Schwann cells,Ding et al. CellAge author-published marker mapping; HPA-derived,a0de4a124e0a41986185a090fb142c6c8195399e
FXYD1,Schwann cells,Ding et al. CellAge author-published marker mapping; HPA-derived,a0de4a124e0a41986185a090fb142c6c8195399e
RAB7B,Schwann cells,Ding et al. CellAge author-published marker mapping; HPA-derived,a0de4a124e0a41986185a090fb142c6c8195399e
OVGP1,Secretory cells,Ding et al. CellAge author-published marker mapping; HPA-derived,a0de4a124e0a41986185a090fb142c6c8195399e
PRSS33,Secretory cells,Ding et al. CellAge author-published marker mapping; HPA-derived,a0de4a124e0a41986185a090fb142c6c8195399e
OBP2A,Secretory cells,Ding et al. CellAge author-published marker mapping; HPA-derived,a0de4a124e0a41986185a090fb142c6c8195399e
KCNK15,Secretory cells,Ding et al. CellAge author-published marker mapping; HPA-derived,a0de4a124e0a41986185a090fb142c6c8195399e
NXNL2,Secretory cells,Ding et al. CellAge author-published marker mapping; HPA-derived,a0de4a124e0a41986185a090fb142c6c8195399e
SOX3,Secretory cells,Ding et al. CellAge author-published marker mapping; HPA-derived,a0de4a124e0a41986185a090fb142c6c8195399e
LYPD1,Secretory cells,Ding et al. CellAge author-published marker mapping; HPA-derived,a0de4a124e0a41986185a090fb142c6c8195399e
LCN1,Secretory cells,Ding et al. CellAge author-published marker mapping; HPA-derived,a0de4a124e0a41986185a090fb142c6c8195399e
SPAG11B,Secretory cells,Ding et al. CellAge author-published marker mapping; HPA-derived,a0de4a124e0a41986185a090fb142c6c8195399e
SCGB1D1,Secretory cells,Ding et al. CellAge author-published marker mapping; HPA-derived,a0de4a124e0a41986185a090fb142c6c8195399e
CXCL11,Secretory cells,Ding et al. CellAge author-published marker mapping; HPA-derived,a0de4a124e0a41986185a090fb142c6c8195399e
AGFG2,Serous glandular cells,Ding et al. CellAge author-published marker mapping; HPA-derived,a0de4a124e0a41986185a090fb142c6c8195399e
SMR3A,Serous glandular cells,Ding et al. CellAge author-published marker mapping; HPA-derived,a0de4a124e0a41986185a090fb142c6c8195399e
PRR4,Serous glandular cells,Ding et al. CellAge author-published marker mapping; HPA-derived,a0de4a124e0a41986185a090fb142c6c8195399e
PRB2,Serous glandular cells,Ding et al. CellAge author-published marker mapping; HPA-derived,a0de4a124e0a41986185a090fb142c6c8195399e
STATH,Serous glandular cells,Ding et al. CellAge author-published marker mapping; HPA-derived,a0de4a124e0a41986185a090fb142c6c8195399e
HTN1,Serous glandular cells,Ding et al. CellAge author-published marker mapping; HPA-derived,a0de4a124e0a41986185a090fb142c6c8195399e
BPIFA2,Serous glandular cells,Ding et al. CellAge author-published marker mapping; HPA-derived,a0de4a124e0a41986185a090fb142c6c8195399e
CA6,Serous glandular cells,Ding et al. CellAge author-published marker mapping; HPA-derived,a0de4a124e0a41986185a090fb142c6c8195399e
PRH2,Serous glandular cells,Ding et al. CellAge author-published marker mapping; HPA-derived,a0de4a124e0a41986185a090fb142c6c8195399e
IL36A,Serous glandular cells,Ding et al. CellAge author-published marker mapping; HPA-derived,a0de4a124e0a41986185a090fb142c6c8195399e
DNASE2B,Serous glandular cells,Ding et al. CellAge author-published marker mapping; HPA-derived,a0de4a124e0a41986185a090fb142c6c8195399e
PLA2R1,Serous glandular cells,Ding et al. CellAge author-published marker mapping; HPA-derived,a0de4a124e0a41986185a090fb142c6c8195399e
ZG16B,Serous glandular cells,Ding et al. CellAge author-published marker mapping; HPA-derived,a0de4a124e0a41986185a090fb142c6c8195399e
FCGR3B,Serous glandular cells,Ding et al. CellAge author-published marker mapping; HPA-derived,a0de4a124e0a41986185a090fb142c6c8195399e
CAMP,Serous glandular cells,Ding et al. CellAge author-published marker mapping; HPA-derived,a0de4a124e0a41986185a090fb142c6c8195399e
NDRG2,Serous glandular cells,Ding et al. CellAge author-published marker mapping; HPA-derived,a0de4a124e0a41986185a090fb142c6c8195399e
TMED3,Serous glandular cells,Ding et al. CellAge author-published marker mapping; HPA-derived,a0de4a124e0a41986185a090fb142c6c8195399e
LPO,Serous glandular cells,Ding et al. CellAge author-published marker mapping; HPA-derived,a0de4a124e0a41986185a090fb142c6c8195399e
CST5,Serous glandular cells,Ding et al. CellAge author-published marker mapping; HPA-derived,a0de4a124e0a41986185a090fb142c6c8195399e
CST2,Serous glandular cells,Ding et al. CellAge author-published marker mapping; HPA-derived,a0de4a124e0a41986185a090fb142c6c8195399e
SMR3B,Serous glandular cells,Ding et al. CellAge author-published marker mapping; HPA-derived,a0de4a124e0a41986185a090fb142c6c8195399e
RNASE8,Serous glandular cells,Ding et al. CellAge author-published marker mapping; HPA-derived,a0de4a124e0a41986185a090fb142c6c8195399e
AMY1B,Serous glandular cells,Ding et al. CellAge author-published marker mapping; HPA-derived,a0de4a124e0a41986185a090fb142c6c8195399e
PRR27,Serous glandular cells,Ding et al. CellAge author-published marker mapping; HPA-derived,a0de4a124e0a41986185a090fb142c6c8195399e
AMY1C,Serous glandular cells,Ding et al. CellAge author-published marker mapping; HPA-derived,a0de4a124e0a41986185a090fb142c6c8195399e
PRB3,Serous glandular cells,Ding et al. CellAge author-published marker mapping; HPA-derived,a0de4a124e0a41986185a090fb142c6c8195399e
NXPE2,Serous glandular cells,Ding et al. CellAge author-published marker mapping; HPA-derived,a0de4a124e0a41986185a090fb142c6c8195399e
HTN3,Serous glandular cells,Ding et al. CellAge author-published marker mapping; HPA-derived,a0de4a124e0a41986185a090fb142c6c8195399e
PRB4,Serous glandular cells,Ding et al. CellAge author-published marker mapping; HPA-derived,a0de4a124e0a41986185a090fb142c6c8195399e
PRH1,Serous glandular cells,Ding et al. CellAge author-published marker mapping; HPA-derived,a0de4a124e0a41986185a090fb142c6c8195399e
AMY1A,Serous glandular cells,Ding et al. CellAge author-published marker mapping; HPA-derived,a0de4a124e0a41986185a090fb142c6c8195399e
AMY2B,Serous glandular cells,Ding et al. CellAge author-published marker mapping; HPA-derived,a0de4a124e0a41986185a090fb142c6c8195399e
OR5G3,Serous glandular cells,Ding et al. CellAge author-published marker mapping; HPA-derived,a0de4a124e0a41986185a090fb142c6c8195399e
PRB1,Serous glandular cells,Ding et al. CellAge author-published marker mapping; HPA-derived,a0de4a124e0a41986185a090fb142c6c8195399e
ENSG00000267748,Serous glandular cells,Ding et al. CellAge author-published marker mapping; HPA-derived,a0de4a124e0a41986185a090fb142c6c8195399e
PAX7,Skeletal myocytes,Ding et al. CellAge author-published marker mapping; HPA-derived,a0de4a124e0a41986185a090fb142c6c8195399e
YBX3,Skeletal myocytes,Ding et al. CellAge author-published marker mapping; HPA-derived,a0de4a124e0a41986185a090fb142c6c8195399e
CACNB1,Skeletal myocytes,Ding et al. CellAge author-published marker mapping; HPA-derived,a0de4a124e0a41986185a090fb142c6c8195399e
PYGM,Skeletal myocytes,Ding et al. CellAge author-published marker mapping; HPA-derived,a0de4a124e0a41986185a090fb142c6c8195399e
SPTB,Skeletal myocytes,Ding et al. CellAge author-published marker mapping; HPA-derived,a0de4a124e0a41986185a090fb142c6c8195399e
CACNA1S,Skeletal myocytes,Ding et al. CellAge author-published marker mapping; HPA-derived,a0de4a124e0a41986185a090fb142c6c8195399e
MYBPC2,Skeletal myocytes,Ding et al. CellAge author-published marker mapping; HPA-derived,a0de4a124e0a41986185a090fb142c6c8195399e
POU4F3,Skeletal myocytes,Ding et al. CellAge author-published marker mapping; HPA-derived,a0de4a124e0a41986185a090fb142c6c8195399e
TBX15,Skeletal myocytes,Ding et al. CellAge author-published marker mapping; HPA-derived,a0de4a124e0a41986185a090fb142c6c8195399e
ASB2,Skeletal myocytes,Ding et al. CellAge author-published marker mapping; HPA-derived,a0de4a124e0a41986185a090fb142c6c8195399e
EEF1A2,Skeletal myocytes,Ding et al. CellAge author-published marker mapping; HPA-derived,a0de4a124e0a41986185a090fb142c6c8195399e
MYLK2,Skeletal myocytes,Ding et al. CellAge author-published marker mapping; HPA-derived,a0de4a124e0a41986185a090fb142c6c8195399e
TNNC2,Skeletal myocytes,Ding et al. CellAge author-published marker mapping; HPA-derived,a0de4a124e0a41986185a090fb142c6c8195399e
ATP1B4,Skeletal myocytes,Ding et al. CellAge author-published marker mapping; HPA-derived,a0de4a124e0a41986185a090fb142c6c8195399e
KCNA7,Skeletal myocytes,Ding et al. CellAge author-published marker mapping; HPA-derived,a0de4a124e0a41986185a090fb142c6c8195399e
TNNT1,Skeletal myocytes,Ding et al. CellAge author-published marker mapping; HPA-derived,a0de4a124e0a41986185a090fb142c6c8195399e
SCN1B,Skeletal myocytes,Ding et al. CellAge author-published marker mapping; HPA-derived,a0de4a124e0a41986185a090fb142c6c8195399e
MYL10,Skeletal myocytes,Ding et al. CellAge author-published marker mapping; HPA-derived,a0de4a124e0a41986185a090fb142c6c8195399e
PITX3,Skeletal myocytes,Ding et al. CellAge author-published marker mapping; HPA-derived,a0de4a124e0a41986185a090fb142c6c8195399e
ENO3,Skeletal myocytes,Ding et al. CellAge author-published marker mapping; HPA-derived,a0de4a124e0a41986185a090fb142c6c8195399e
CACNG1,Skeletal myocytes,Ding et al. CellAge author-published marker mapping; HPA-derived,a0de4a124e0a41986185a090fb142c6c8195399e
MYH1,Skeletal myocytes,Ding et al. CellAge author-published marker mapping; HPA-derived,a0de4a124e0a41986185a090fb142c6c8195399e
MYF6,Skeletal myocytes,Ding et al. CellAge author-published marker mapping; HPA-derived,a0de4a124e0a41986185a090fb142c6c8195399e
MYF5,Skeletal myocytes,Ding et al. CellAge author-published marker mapping; HPA-derived,a0de4a124e0a41986185a090fb142c6c8195399e
FGF6,Skeletal myocytes,Ding et al. CellAge author-published marker mapping; HPA-derived,a0de4a124e0a41986185a090fb142c6c8195399e
TNNC1,Skeletal myocytes,Ding et al. CellAge author-published marker mapping; HPA-derived,a0de4a124e0a41986185a090fb142c6c8195399e
PRKAG3,Skeletal myocytes,Ding et al. CellAge author-published marker mapping; HPA-derived,a0de4a124e0a41986185a090fb142c6c8195399e
AMPD1,Skeletal myocytes,Ding et al. CellAge author-published marker mapping; HPA-derived,a0de4a124e0a41986185a090fb142c6c8195399e
MYOT,Skeletal myocytes,Ding et al. CellAge author-published marker mapping; HPA-derived,a0de4a124e0a41986185a090fb142c6c8195399e
MYOG,Skeletal myocytes,Ding et al. CellAge author-published marker mapping; HPA-derived,a0de4a124e0a41986185a090fb142c6c8195399e
APOBEC2,Skeletal myocytes,Ding et al. CellAge author-published marker mapping; HPA-derived,a0de4a124e0a41986185a090fb142c6c8195399e
MYH2,Skeletal myocytes,Ding et al. CellAge author-published marker mapping; HPA-derived,a0de4a124e0a41986185a090fb142c6c8195399e
BEST3,Skeletal myocytes,Ding et al. CellAge author-published marker mapping; HPA-derived,a0de4a124e0a41986185a090fb142c6c8195399e
MYOD1,Skeletal myocytes,Ding et al. CellAge author-published marker mapping; HPA-derived,a0de4a124e0a41986185a090fb142c6c8195399e
CDH15,Skeletal myocytes,Ding et al. CellAge author-published marker mapping; HPA-derived,a0de4a124e0a41986185a090fb142c6c8195399e
CACNG6,Skeletal myocytes,Ding et al. CellAge author-published marker mapping; HPA-derived,a0de4a124e0a41986185a090fb142c6c8195399e
TNNT3,Skeletal myocytes,Ding et al. CellAge author-published marker mapping; HPA-derived,a0de4a124e0a41986185a090fb142c6c8195399e
TNNI2,Skeletal myocytes,Ding et al. CellAge author-published marker mapping; HPA-derived,a0de4a124e0a41986185a090fb142c6c8195399e
FBP2,Skeletal myocytes,Ding et al. CellAge author-published marker mapping; HPA-derived,a0de4a124e0a41986185a090fb142c6c8195399e
EDA2R,Skeletal myocytes,Ding et al. CellAge author-published marker mapping; HPA-derived,a0de4a124e0a41986185a090fb142c6c8195399e
MYH8,Skeletal myocytes,Ding et al. CellAge author-published marker mapping; HPA-derived,a0de4a124e0a41986185a090fb142c6c8195399e
MYBPH,Skeletal myocytes,Ding et al. CellAge author-published marker mapping; HPA-derived,a0de4a124e0a41986185a090fb142c6c8195399e
FST,Skeletal myocytes,Ding et al. CellAge author-published marker mapping; HPA-derived,a0de4a124e0a41986185a090fb142c6c8195399e
KCP,Skeletal myocytes,Ding et al. CellAge author-published marker mapping; HPA-derived,a0de4a124e0a41986185a090fb142c6c8195399e
CHRND,Skeletal myocytes,Ding et al. CellAge author-published marker mapping; HPA-derived,a0de4a124e0a41986185a090fb142c6c8195399e
ALPK3,Skeletal myocytes,Ding et al. CellAge author-published marker mapping; HPA-derived,a0de4a124e0a41986185a090fb142c6c8195399e
BIN1,Skeletal myocytes,Ding et al. CellAge author-published marker mapping; HPA-derived,a0de4a124e0a41986185a090fb142c6c8195399e
LBX1,Skeletal myocytes,Ding et al. CellAge author-published marker mapping; HPA-derived,a0de4a124e0a41986185a090fb142c6c8195399e
CHRNA1,Skeletal myocytes,Ding et al. CellAge author-published marker mapping; HPA-derived,a0de4a124e0a41986185a090fb142c6c8195399e
EGF,Skeletal myocytes,Ding et al. CellAge author-published marker mapping; HPA-derived,a0de4a124e0a41986185a090fb142c6c8195399e
FEM1A,Skeletal myocytes,Ding et al. CellAge author-published marker mapping; HPA-derived,a0de4a124e0a41986185a090fb142c6c8195399e
SYPL2,Skeletal myocytes,Ding et al. CellAge author-published marker mapping; HPA-derived,a0de4a124e0a41986185a090fb142c6c8195399e
CASQ1,Skeletal myocytes,Ding et al. CellAge author-published marker mapping; HPA-derived,a0de4a124e0a41986185a090fb142c6c8195399e
SEMA6C,Skeletal myocytes,Ding et al. CellAge author-published marker mapping; HPA-derived,a0de4a124e0a41986185a090fb142c6c8195399e
ACTA1,Skeletal myocytes,Ding et al. CellAge author-published marker mapping; HPA-derived,a0de4a124e0a41986185a090fb142c6c8195399e
GADL1,Skeletal myocytes,Ding et al. CellAge author-published marker mapping; HPA-derived,a0de4a124e0a41986185a090fb142c6c8195399e
DDIT4L,Skeletal myocytes,Ding et al. CellAge author-published marker mapping; HPA-derived,a0de4a124e0a41986185a090fb142c6c8195399e
ASB10,Skeletal myocytes,Ding et al. CellAge author-published marker mapping; HPA-derived,a0de4a124e0a41986185a090fb142c6c8195399e
ARHGAP36,Skeletal myocytes,Ding et al. CellAge author-published marker mapping; HPA-derived,a0de4a124e0a41986185a090fb142c6c8195399e
IDI2,Skeletal myocytes,Ding et al. CellAge author-published marker mapping; HPA-derived,a0de4a124e0a41986185a090fb142c6c8195399e
OBSCN,Skeletal myocytes,Ding et al. CellAge author-published marker mapping; HPA-derived,a0de4a124e0a41986185a090fb142c6c8195399e
PDLIM3,Skeletal myocytes,Ding et al. CellAge author-published marker mapping; HPA-derived,a0de4a124e0a41986185a090fb142c6c8195399e
MAP3K7CL,Skeletal myocytes,Ding et al. CellAge author-published marker mapping; HPA-derived,a0de4a124e0a41986185a090fb142c6c8195399e
KLHL40,Skeletal myocytes,Ding et al. CellAge author-published marker mapping; HPA-derived,a0de4a124e0a41986185a090fb142c6c8195399e
TRIM63,Skeletal myocytes,Ding et al. CellAge author-published marker mapping; HPA-derived,a0de4a124e0a41986185a090fb142c6c8195399e
TNNI1,Skeletal myocytes,Ding et al. CellAge author-published marker mapping; HPA-derived,a0de4a124e0a41986185a090fb142c6c8195399e
PCNT,Skeletal myocytes,Ding et al. CellAge author-published marker mapping; HPA-derived,a0de4a124e0a41986185a090fb142c6c8195399e
EMC10,Skeletal myocytes,Ding et al. CellAge author-published marker mapping; HPA-derived,a0de4a124e0a41986185a090fb142c6c8195399e
IP6K3,Skeletal myocytes,Ding et al. CellAge author-published marker mapping; HPA-derived,a0de4a124e0a41986185a090fb142c6c8195399e
ANKRD23,Skeletal myocytes,Ding et al. CellAge author-published marker mapping; HPA-derived,a0de4a124e0a41986185a090fb142c6c8195399e
TMOD4,Skeletal myocytes,Ding et al. CellAge author-published marker mapping; HPA-derived,a0de4a124e0a41986185a090fb142c6c8195399e
IGFN1,Skeletal myocytes,Ding et al. CellAge author-published marker mapping; HPA-derived,a0de4a124e0a41986185a090fb142c6c8195399e
PHKG1,Skeletal myocytes,Ding et al. CellAge author-published marker mapping; HPA-derived,a0de4a124e0a41986185a090fb142c6c8195399e
CA3,Skeletal myocytes,Ding et al. CellAge author-published marker mapping; HPA-derived,a0de4a124e0a41986185a090fb142c6c8195399e
OTUD1,Skeletal myocytes,Ding et al. CellAge author-published marker mapping; HPA-derived,a0de4a124e0a41986185a090fb142c6c8195399e
RAPSN,Skeletal myocytes,Ding et al. CellAge author-published marker mapping; HPA-derived,a0de4a124e0a41986185a090fb142c6c8195399e
MSS51,Skeletal myocytes,Ding et al. CellAge author-published marker mapping; HPA-derived,a0de4a124e0a41986185a090fb142c6c8195399e
RRAD,Skeletal myocytes,Ding et al. CellAge author-published marker mapping; HPA-derived,a0de4a124e0a41986185a090fb142c6c8195399e
CORO6,Skeletal myocytes,Ding et al. CellAge author-published marker mapping; HPA-derived,a0de4a124e0a41986185a090fb142c6c8195399e
PPDPFL,Skeletal myocytes,Ding et al. CellAge author-published marker mapping; HPA-derived,a0de4a124e0a41986185a090fb142c6c8195399e
MYL1,Skeletal myocytes,Ding et al. CellAge author-published marker mapping; HPA-derived,a0de4a124e0a41986185a090fb142c6c8195399e
GDNF,Skeletal myocytes,Ding et al. CellAge author-published marker mapping; HPA-derived,a0de4a124e0a41986185a090fb142c6c8195399e
CALML6,Skeletal myocytes,Ding et al. CellAge author-published marker mapping; HPA-derived,a0de4a124e0a41986185a090fb142c6c8195399e
VGLL2,Skeletal myocytes,Ding et al. CellAge author-published marker mapping; HPA-derived,a0de4a124e0a41986185a090fb142c6c8195399e
SLN,Skeletal myocytes,Ding et al. CellAge author-published marker mapping; HPA-derived,a0de4a124e0a41986185a090fb142c6c8195399e
TCAP,Skeletal myocytes,Ding et al. CellAge author-published marker mapping; HPA-derived,a0de4a124e0a41986185a090fb142c6c8195399e
DES,Skeletal myocytes,Ding et al. CellAge author-published marker mapping; HPA-derived,a0de4a124e0a41986185a090fb142c6c8195399e
UCP3,Skeletal myocytes,Ding et al. CellAge author-published marker mapping; HPA-derived,a0de4a124e0a41986185a090fb142c6c8195399e
KLHL38,Skeletal myocytes,Ding et al. CellAge author-published marker mapping; HPA-derived,a0de4a124e0a41986185a090fb142c6c8195399e
TRIM72,Skeletal myocytes,Ding et al. CellAge author-published marker mapping; HPA-derived,a0de4a124e0a41986185a090fb142c6c8195399e
NHLH2,Skeletal myocytes,Ding et al. CellAge author-published marker mapping; HPA-derived,a0de4a124e0a41986185a090fb142c6c8195399e
YIPF7,Skeletal myocytes,Ding et al. CellAge author-published marker mapping; HPA-derived,a0de4a124e0a41986185a090fb142c6c8195399e
MYOZ1,Skeletal myocytes,Ding et al. CellAge author-published marker mapping; HPA-derived,a0de4a124e0a41986185a090fb142c6c8195399e
TMEM52,Skeletal myocytes,Ding et al. CellAge author-published marker mapping; HPA-derived,a0de4a124e0a41986185a090fb142c6c8195399e
MYL11,Skeletal myocytes,Ding et al. CellAge author-published marker mapping; HPA-derived,a0de4a124e0a41986185a090fb142c6c8195399e
CAV3,Skeletal myocytes,Ding et al. CellAge author-published marker mapping; HPA-derived,a0de4a124e0a41986185a090fb142c6c8195399e
PPP1R27,Skeletal myocytes,Ding et al. CellAge author-published marker mapping; HPA-derived,a0de4a124e0a41986185a090fb142c6c8195399e
MAFA,Skeletal myocytes,Ding et al. CellAge author-published marker mapping; HPA-derived,a0de4a124e0a41986185a090fb142c6c8195399e
NEB,Skeletal myocytes,Ding et al. CellAge author-published marker mapping; HPA-derived,a0de4a124e0a41986185a090fb142c6c8195399e
FHL3,Skeletal myocytes,Ding et al. CellAge author-published marker mapping; HPA-derived,a0de4a124e0a41986185a090fb142c6c8195399e
PGPEP1L,Skeletal myocytes,Ding et al. CellAge author-published marker mapping; HPA-derived,a0de4a124e0a41986185a090fb142c6c8195399e
SRPK3,Skeletal myocytes,Ding et al. CellAge author-published marker mapping; HPA-derived,a0de4a124e0a41986185a090fb142c6c8195399e
MYADML2,Skeletal myocytes,Ding et al. CellAge author-published marker mapping; HPA-derived,a0de4a124e0a41986185a090fb142c6c8195399e
KLHL33,Skeletal myocytes,Ding et al. CellAge author-published marker mapping; HPA-derived,a0de4a124e0a41986185a090fb142c6c8195399e
STAC3,Skeletal myocytes,Ding et al. CellAge author-published marker mapping; HPA-derived,a0de4a124e0a41986185a090fb142c6c8195399e
SMYD4,Skeletal myocytes,Ding et al. CellAge author-published marker mapping; HPA-derived,a0de4a124e0a41986185a090fb142c6c8195399e
FOXD4L3,Skeletal myocytes,Ding et al. CellAge author-published marker mapping; HPA-derived,a0de4a124e0a41986185a090fb142c6c8195399e
SMTNL2,Skeletal myocytes,Ding et al. CellAge author-published marker mapping; HPA-derived,a0de4a124e0a41986185a090fb142c6c8195399e
DUSP29,Skeletal myocytes,Ding et al. CellAge author-published marker mapping; HPA-derived,a0de4a124e0a41986185a090fb142c6c8195399e
MYBPC1,Skeletal myocytes,Ding et al. CellAge author-published marker mapping; HPA-derived,a0de4a124e0a41986185a090fb142c6c8195399e
RYR1,Skeletal myocytes,Ding et al. CellAge author-published marker mapping; HPA-derived,a0de4a124e0a41986185a090fb142c6c8195399e
ATP2A1,Skeletal myocytes,Ding et al. CellAge author-published marker mapping; HPA-derived,a0de4a124e0a41986185a090fb142c6c8195399e
CHRNG,Skeletal myocytes,Ding et al. CellAge author-published marker mapping; HPA-derived,a0de4a124e0a41986185a090fb142c6c8195399e
OR14J1,Skeletal myocytes,Ding et al. CellAge author-published marker mapping; HPA-derived,a0de4a124e0a41986185a090fb142c6c8195399e
PCDHGA1,Skeletal myocytes,Ding et al. CellAge author-published marker mapping; HPA-derived,a0de4a124e0a41986185a090fb142c6c8195399e
SMTNL1,Skeletal myocytes,Ding et al. CellAge author-published marker mapping; HPA-derived,a0de4a124e0a41986185a090fb142c6c8195399e
TIGD1,Skeletal myocytes,Ding et al. CellAge author-published marker mapping; HPA-derived,a0de4a124e0a41986185a090fb142c6c8195399e
PGAM4,Skeletal myocytes,Ding et al. CellAge author-published marker mapping; HPA-derived,a0de4a124e0a41986185a090fb142c6c8195399e
KLHL41,Skeletal myocytes,Ding et al. CellAge author-published marker mapping; HPA-derived,a0de4a124e0a41986185a090fb142c6c8195399e
STRIT1,Skeletal myocytes,Ding et al. CellAge author-published marker mapping; HPA-derived,a0de4a124e0a41986185a090fb142c6c8195399e
C4ORF54,Skeletal myocytes,Ding et al. CellAge author-published marker mapping; HPA-derived,a0de4a124e0a41986185a090fb142c6c8195399e
ACTN3,Skeletal myocytes,Ding et al. CellAge author-published marker mapping; HPA-derived,a0de4a124e0a41986185a090fb142c6c8195399e
PCDHGB6,Skeletal myocytes,Ding et al. CellAge author-published marker mapping; HPA-derived,a0de4a124e0a41986185a090fb142c6c8195399e
PCDHGA5,Skeletal myocytes,Ding et al. CellAge author-published marker mapping; HPA-derived,a0de4a124e0a41986185a090fb142c6c8195399e
PCDHGA7,Skeletal myocytes,Ding et al. CellAge author-published marker mapping; HPA-derived,a0de4a124e0a41986185a090fb142c6c8195399e
PCDHGA6,Skeletal myocytes,Ding et al. CellAge author-published marker mapping; HPA-derived,a0de4a124e0a41986185a090fb142c6c8195399e
PCDHGA8,Skeletal myocytes,Ding et al. CellAge author-published marker mapping; HPA-derived,a0de4a124e0a41986185a090fb142c6c8195399e
PCDHGA10,Skeletal myocytes,Ding et al. CellAge author-published marker mapping; HPA-derived,a0de4a124e0a41986185a090fb142c6c8195399e
PCDHGA11,Skeletal myocytes,Ding et al. CellAge author-published marker mapping; HPA-derived,a0de4a124e0a41986185a090fb142c6c8195399e
PCDHGA9,Skeletal myocytes,Ding et al. CellAge author-published marker mapping; HPA-derived,a0de4a124e0a41986185a090fb142c6c8195399e
PCDHGA4,Skeletal myocytes,Ding et al. CellAge author-published marker mapping; HPA-derived,a0de4a124e0a41986185a090fb142c6c8195399e
MYH4,Skeletal myocytes,Ding et al. CellAge author-published marker mapping; HPA-derived,a0de4a124e0a41986185a090fb142c6c8195399e
ENSG00000267561,Skeletal myocytes,Ding et al. CellAge author-published marker mapping; HPA-derived,a0de4a124e0a41986185a090fb142c6c8195399e
PRR33,Skeletal myocytes,Ding et al. CellAge author-published marker mapping; HPA-derived,a0de4a124e0a41986185a090fb142c6c8195399e
ENSG00000286224,Skeletal myocytes,Ding et al. CellAge author-published marker mapping; HPA-derived,a0de4a124e0a41986185a090fb142c6c8195399e
HGF,Smooth muscle cells,Ding et al. CellAge author-published marker mapping; HPA-derived,a0de4a124e0a41986185a090fb142c6c8195399e
NRIP2,Smooth muscle cells,Ding et al. CellAge author-published marker mapping; HPA-derived,a0de4a124e0a41986185a090fb142c6c8195399e
MCAM,Smooth muscle cells,Ding et al. CellAge author-published marker mapping; HPA-derived,a0de4a124e0a41986185a090fb142c6c8195399e
CCL8,Smooth muscle cells,Ding et al. CellAge author-published marker mapping; HPA-derived,a0de4a124e0a41986185a090fb142c6c8195399e
RERGL,Smooth muscle cells,Ding et al. CellAge author-published marker mapping; HPA-derived,a0de4a124e0a41986185a090fb142c6c8195399e
TNN,Smooth muscle cells,Ding et al. CellAge author-published marker mapping; HPA-derived,a0de4a124e0a41986185a090fb142c6c8195399e
RASL11A,Smooth muscle cells,Ding et al. CellAge author-published marker mapping; HPA-derived,a0de4a124e0a41986185a090fb142c6c8195399e
HAPLN1,Smooth muscle cells,Ding et al. CellAge author-published marker mapping; HPA-derived,a0de4a124e0a41986185a090fb142c6c8195399e
TAGLN,Smooth muscle cells,Ding et al. CellAge author-published marker mapping; HPA-derived,a0de4a124e0a41986185a090fb142c6c8195399e
AVPR1A,Smooth muscle cells,Ding et al. CellAge author-published marker mapping; HPA-derived,a0de4a124e0a41986185a090fb142c6c8195399e
CCL19,Smooth muscle cells,Ding et al. CellAge author-published marker mapping; HPA-derived,a0de4a124e0a41986185a090fb142c6c8195399e
C1QTNF1,Smooth muscle cells,Ding et al. CellAge author-published marker mapping; HPA-derived,a0de4a124e0a41986185a090fb142c6c8195399e
FAM162B,Smooth muscle cells,Ding et al. CellAge author-published marker mapping; HPA-derived,a0de4a124e0a41986185a090fb142c6c8195399e
C11ORF96,Smooth muscle cells,Ding et al. CellAge author-published marker mapping; HPA-derived,a0de4a124e0a41986185a090fb142c6c8195399e
SLC18A3,Smooth muscle cells,Ding et al. CellAge author-published marker mapping; HPA-derived,a0de4a124e0a41986185a090fb142c6c8195399e
GPR21,Smooth muscle cells,Ding et al. CellAge author-published marker mapping; HPA-derived,a0de4a124e0a41986185a090fb142c6c8195399e
EGFL6,Smooth muscle cells,Ding et al. CellAge author-published marker mapping; HPA-derived,a0de4a124e0a41986185a090fb142c6c8195399e
SAPCD1,Smooth muscle cells,Ding et al. CellAge author-published marker mapping; HPA-derived,a0de4a124e0a41986185a090fb142c6c8195399e
STIMATE-MUSTN1,Smooth muscle cells,Ding et al. CellAge author-published marker mapping; HPA-derived,a0de4a124e0a41986185a090fb142c6c8195399e
ENSG00000279983,Smooth muscle cells,Ding et al. CellAge author-published marker mapping; HPA-derived,a0de4a124e0a41986185a090fb142c6c8195399e
KRT33A,Squamous epithelial cells,Ding et al. CellAge author-published marker mapping; HPA-derived,a0de4a124e0a41986185a090fb142c6c8195399e
PGLYRP3,Squamous epithelial cells,Ding et al. CellAge author-published marker mapping; HPA-derived,a0de4a124e0a41986185a090fb142c6c8195399e
DEFB104B,Squamous epithelial cells,Ding et al. CellAge author-published marker mapping; HPA-derived,a0de4a124e0a41986185a090fb142c6c8195399e
SEPTIN5,Squamous epithelial cells,Ding et al. CellAge author-published marker mapping; HPA-derived,a0de4a124e0a41986185a090fb142c6c8195399e
ENSG00000198211,Squamous epithelial cells,Ding et al. CellAge author-published marker mapping; HPA-derived,a0de4a124e0a41986185a090fb142c6c8195399e
KLK9,Squamous epithelial cells,Ding et al. CellAge author-published marker mapping; HPA-derived,a0de4a124e0a41986185a090fb142c6c8195399e
UGT1A7,Squamous epithelial cells,Ding et al. CellAge author-published marker mapping; HPA-derived,a0de4a124e0a41986185a090fb142c6c8195399e
EFNA4-EFNA3,Squamous epithelial cells,Ding et al. CellAge author-published marker mapping; HPA-derived,a0de4a124e0a41986185a090fb142c6c8195399e
ENSG00000255439,Squamous epithelial cells,Ding et al. CellAge author-published marker mapping; HPA-derived,a0de4a124e0a41986185a090fb142c6c8195399e
ANXA8L1,Squamous epithelial cells,Ding et al. CellAge author-published marker mapping; HPA-derived,a0de4a124e0a41986185a090fb142c6c8195399e
ENSG00000268870,Squamous epithelial cells,Ding et al. CellAge author-published marker mapping; HPA-derived,a0de4a124e0a41986185a090fb142c6c8195399e
RNF225,Squamous epithelial cells,Ding et al. CellAge author-published marker mapping; HPA-derived,a0de4a124e0a41986185a090fb142c6c8195399e
ENSG00000272772,Squamous epithelial cells,Ding et al. CellAge author-published marker mapping; HPA-derived,a0de4a124e0a41986185a090fb142c6c8195399e
SSU72P5,Squamous epithelial cells,Ding et al. CellAge author-published marker mapping; HPA-derived,a0de4a124e0a41986185a090fb142c6c8195399e
SSU72P2,Squamous epithelial cells,Ding et al. CellAge author-published marker mapping; HPA-derived,a0de4a124e0a41986185a090fb142c6c8195399e
SCYGR2,Squamous epithelial cells,Ding et al. CellAge author-published marker mapping; HPA-derived,a0de4a124e0a41986185a090fb142c6c8195399e
ENSG00000285625,Squamous epithelial cells,Ding et al. CellAge author-published marker mapping; HPA-derived,a0de4a124e0a41986185a090fb142c6c8195399e
TMEM217B,Squamous epithelial cells,Ding et al. CellAge author-published marker mapping; HPA-derived,a0de4a124e0a41986185a090fb142c6c8195399e
PKP1,Suprabasal keratinocytes,Ding et al. CellAge author-published marker mapping; HPA-derived,a0de4a124e0a41986185a090fb142c6c8195399e
RAB10,Suprabasal keratinocytes,Ding et al. CellAge author-published marker mapping; HPA-derived,a0de4a124e0a41986185a090fb142c6c8195399e
SULT2B1,Suprabasal keratinocytes,Ding et al. CellAge author-published marker mapping; HPA-derived,a0de4a124e0a41986185a090fb142c6c8195399e
TGM1,Suprabasal keratinocytes,Ding et al. CellAge author-published marker mapping; HPA-derived,a0de4a124e0a41986185a090fb142c6c8195399e
DSP,Suprabasal keratinocytes,Ding et al. CellAge author-published marker mapping; HPA-derived,a0de4a124e0a41986185a090fb142c6c8195399e
CASP14,Suprabasal keratinocytes,Ding et al. CellAge author-published marker mapping; HPA-derived,a0de4a124e0a41986185a090fb142c6c8195399e
CNFN,Suprabasal keratinocytes,Ding et al. CellAge author-published marker mapping; HPA-derived,a0de4a124e0a41986185a090fb142c6c8195399e
ALOX12,Suprabasal keratinocytes,Ding et al. CellAge author-published marker mapping; HPA-derived,a0de4a124e0a41986185a090fb142c6c8195399e
PPL,Suprabasal keratinocytes,Ding et al. CellAge author-published marker mapping; HPA-derived,a0de4a124e0a41986185a090fb142c6c8195399e
CSTA,Suprabasal keratinocytes,Ding et al. CellAge author-published marker mapping; HPA-derived,a0de4a124e0a41986185a090fb142c6c8195399e
GJB6,Suprabasal keratinocytes,Ding et al. CellAge author-published marker mapping; HPA-derived,a0de4a124e0a41986185a090fb142c6c8195399e
LYPD3,Suprabasal keratinocytes,Ding et al. CellAge author-published marker mapping; HPA-derived,a0de4a124e0a41986185a090fb142c6c8195399e
TGM3,Suprabasal keratinocytes,Ding et al. CellAge author-published marker mapping; HPA-derived,a0de4a124e0a41986185a090fb142c6c8195399e
FAM83C,Suprabasal keratinocytes,Ding et al. CellAge author-published marker mapping; HPA-derived,a0de4a124e0a41986185a090fb142c6c8195399e
SLURP1,Suprabasal keratinocytes,Ding et al. CellAge author-published marker mapping; HPA-derived,a0de4a124e0a41986185a090fb142c6c8195399e
SPINK5,Suprabasal keratinocytes,Ding et al. CellAge author-published marker mapping; HPA-derived,a0de4a124e0a41986185a090fb142c6c8195399e
DSG1,Suprabasal keratinocytes,Ding et al. CellAge author-published marker mapping; HPA-derived,a0de4a124e0a41986185a090fb142c6c8195399e
DSC1,Suprabasal keratinocytes,Ding et al. CellAge author-published marker mapping; HPA-derived,a0de4a124e0a41986185a090fb142c6c8195399e
IL1RN,Suprabasal keratinocytes,Ding et al. CellAge author-published marker mapping; HPA-derived,a0de4a124e0a41986185a090fb142c6c8195399e
GLTP,Suprabasal keratinocytes,Ding et al. CellAge author-published marker mapping; HPA-derived,a0de4a124e0a41986185a090fb142c6c8195399e
RHCG,Suprabasal keratinocytes,Ding et al. CellAge author-published marker mapping; HPA-derived,a0de4a124e0a41986185a090fb142c6c8195399e
FLG2,Suprabasal keratinocytes,Ding et al. CellAge author-published marker mapping; HPA-derived,a0de4a124e0a41986185a090fb142c6c8195399e
CRNN,Suprabasal keratinocytes,Ding et al. CellAge author-published marker mapping; HPA-derived,a0de4a124e0a41986185a090fb142c6c8195399e
S100A8,Suprabasal keratinocytes,Ding et al. CellAge author-published marker mapping; HPA-derived,a0de4a124e0a41986185a090fb142c6c8195399e
FLG,Suprabasal keratinocytes,Ding et al. CellAge author-published marker mapping; HPA-derived,a0de4a124e0a41986185a090fb142c6c8195399e
ABCA12,Suprabasal keratinocytes,Ding et al. CellAge author-published marker mapping; HPA-derived,a0de4a124e0a41986185a090fb142c6c8195399e
SPINK7,Suprabasal keratinocytes,Ding et al. CellAge author-published marker mapping; HPA-derived,a0de4a124e0a41986185a090fb142c6c8195399e
ANKRD22,Suprabasal keratinocytes,Ding et al. CellAge author-published marker mapping; HPA-derived,a0de4a124e0a41986185a090fb142c6c8195399e
TMPRSS11D,Suprabasal keratinocytes,Ding et al. CellAge author-published marker mapping; HPA-derived,a0de4a124e0a41986185a090fb142c6c8195399e
RAET1L,Suprabasal keratinocytes,Ding et al. CellAge author-published marker mapping; HPA-derived,a0de4a124e0a41986185a090fb142c6c8195399e
PLA2G4D,Suprabasal keratinocytes,Ding et al. CellAge author-published marker mapping; HPA-derived,a0de4a124e0a41986185a090fb142c6c8195399e
LCE2B,Suprabasal keratinocytes,Ding et al. CellAge author-published marker mapping; HPA-derived,a0de4a124e0a41986185a090fb142c6c8195399e
CSTB,Suprabasal keratinocytes,Ding et al. CellAge author-published marker mapping; HPA-derived,a0de4a124e0a41986185a090fb142c6c8195399e
NLRX1,Suprabasal keratinocytes,Ding et al. CellAge author-published marker mapping; HPA-derived,a0de4a124e0a41986185a090fb142c6c8195399e
DMKN,Suprabasal keratinocytes,Ding et al. CellAge author-published marker mapping; HPA-derived,a0de4a124e0a41986185a090fb142c6c8195399e
KRT84,Suprabasal keratinocytes,Ding et al. CellAge author-published marker mapping; HPA-derived,a0de4a124e0a41986185a090fb142c6c8195399e
LCE3D,Suprabasal keratinocytes,Ding et al. CellAge author-published marker mapping; HPA-derived,a0de4a124e0a41986185a090fb142c6c8195399e
IVL,Suprabasal keratinocytes,Ding et al. CellAge author-published marker mapping; HPA-derived,a0de4a124e0a41986185a090fb142c6c8195399e
SPRR3,Suprabasal keratinocytes,Ding et al. CellAge author-published marker mapping; HPA-derived,a0de4a124e0a41986185a090fb142c6c8195399e
S100A9,Suprabasal keratinocytes,Ding et al. CellAge author-published marker mapping; HPA-derived,a0de4a124e0a41986185a090fb142c6c8195399e
TMEM79,Suprabasal keratinocytes,Ding et al. CellAge author-published marker mapping; HPA-derived,a0de4a124e0a41986185a090fb142c6c8195399e
RAET1E,Suprabasal keratinocytes,Ding et al. CellAge author-published marker mapping; HPA-derived,a0de4a124e0a41986185a090fb142c6c8195399e
GJB2,Suprabasal keratinocytes,Ding et al. CellAge author-published marker mapping; HPA-derived,a0de4a124e0a41986185a090fb142c6c8195399e
SERPINA12,Suprabasal keratinocytes,Ding et al. CellAge author-published marker mapping; HPA-derived,a0de4a124e0a41986185a090fb142c6c8195399e
A2ML1,Suprabasal keratinocytes,Ding et al. CellAge author-published marker mapping; HPA-derived,a0de4a124e0a41986185a090fb142c6c8195399e
LY6D,Suprabasal keratinocytes,Ding et al. CellAge author-published marker mapping; HPA-derived,a0de4a124e0a41986185a090fb142c6c8195399e
KRT1,Suprabasal keratinocytes,Ding et al. CellAge author-published marker mapping; HPA-derived,a0de4a124e0a41986185a090fb142c6c8195399e
ACER1,Suprabasal keratinocytes,Ding et al. CellAge author-published marker mapping; HPA-derived,a0de4a124e0a41986185a090fb142c6c8195399e
SPRR1B,Suprabasal keratinocytes,Ding et al. CellAge author-published marker mapping; HPA-derived,a0de4a124e0a41986185a090fb142c6c8195399e
SPRR1A,Suprabasal keratinocytes,Ding et al. CellAge author-published marker mapping; HPA-derived,a0de4a124e0a41986185a090fb142c6c8195399e
CRCT1,Suprabasal keratinocytes,Ding et al. CellAge author-published marker mapping; HPA-derived,a0de4a124e0a41986185a090fb142c6c8195399e
TMEM154,Suprabasal keratinocytes,Ding et al. CellAge author-published marker mapping; HPA-derived,a0de4a124e0a41986185a090fb142c6c8195399e
KRT78,Suprabasal keratinocytes,Ding et al. CellAge author-published marker mapping; HPA-derived,a0de4a124e0a41986185a090fb142c6c8195399e
SDR9C7,Suprabasal keratinocytes,Ding et al. CellAge author-published marker mapping; HPA-derived,a0de4a124e0a41986185a090fb142c6c8195399e
KRT6C,Suprabasal keratinocytes,Ding et al. CellAge author-published marker mapping; HPA-derived,a0de4a124e0a41986185a090fb142c6c8195399e
KRT4,Suprabasal keratinocytes,Ding et al. CellAge author-published marker mapping; HPA-derived,a0de4a124e0a41986185a090fb142c6c8195399e
KRT13,Suprabasal keratinocytes,Ding et al. CellAge author-published marker mapping; HPA-derived,a0de4a124e0a41986185a090fb142c6c8195399e
MAL,Suprabasal keratinocytes,Ding et al. CellAge author-published marker mapping; HPA-derived,a0de4a124e0a41986185a090fb142c6c8195399e
LCE1D,Suprabasal keratinocytes,Ding et al. CellAge author-published marker mapping; HPA-derived,a0de4a124e0a41986185a090fb142c6c8195399e
PRSS27,Suprabasal keratinocytes,Ding et al. CellAge author-published marker mapping; HPA-derived,a0de4a124e0a41986185a090fb142c6c8195399e
KRT2,Suprabasal keratinocytes,Ding et al. CellAge author-published marker mapping; HPA-derived,a0de4a124e0a41986185a090fb142c6c8195399e
RHOD,Suprabasal keratinocytes,Ding et al. CellAge author-published marker mapping; HPA-derived,a0de4a124e0a41986185a090fb142c6c8195399e
KCNK7,Suprabasal keratinocytes,Ding et al. CellAge author-published marker mapping; HPA-derived,a0de4a124e0a41986185a090fb142c6c8195399e
JUP,Suprabasal keratinocytes,Ding et al. CellAge author-published marker mapping; HPA-derived,a0de4a124e0a41986185a090fb142c6c8195399e
DEFB103B,Suprabasal keratinocytes,Ding et al. CellAge author-published marker mapping; HPA-derived,a0de4a124e0a41986185a090fb142c6c8195399e
CTNNBIP1,Suprabasal keratinocytes,Ding et al. CellAge author-published marker mapping; HPA-derived,a0de4a124e0a41986185a090fb142c6c8195399e
DYNAP,Suprabasal keratinocytes,Ding et al. CellAge author-published marker mapping; HPA-derived,a0de4a124e0a41986185a090fb142c6c8195399e
LGALS7B,Suprabasal keratinocytes,Ding et al. CellAge author-published marker mapping; HPA-derived,a0de4a124e0a41986185a090fb142c6c8195399e
ALOX12B,Suprabasal keratinocytes,Ding et al. CellAge author-published marker mapping; HPA-derived,a0de4a124e0a41986185a090fb142c6c8195399e
KRT76,Suprabasal keratinocytes,Ding et al. CellAge author-published marker mapping; HPA-derived,a0de4a124e0a41986185a090fb142c6c8195399e
KRT6B,Suprabasal keratinocytes,Ding et al. CellAge author-published marker mapping; HPA-derived,a0de4a124e0a41986185a090fb142c6c8195399e
TMPRSS11B,Suprabasal keratinocytes,Ding et al. CellAge author-published marker mapping; HPA-derived,a0de4a124e0a41986185a090fb142c6c8195399e
LCE3E,Suprabasal keratinocytes,Ding et al. CellAge author-published marker mapping; HPA-derived,a0de4a124e0a41986185a090fb142c6c8195399e
LCE1E,Suprabasal keratinocytes,Ding et al. CellAge author-published marker mapping; HPA-derived,a0de4a124e0a41986185a090fb142c6c8195399e
KRT10,Suprabasal keratinocytes,Ding et al. CellAge author-published marker mapping; HPA-derived,a0de4a124e0a41986185a090fb142c6c8195399e
KRT3,Suprabasal keratinocytes,Ding et al. CellAge author-published marker mapping; HPA-derived,a0de4a124e0a41986185a090fb142c6c8195399e
KLK12,Suprabasal keratinocytes,Ding et al. CellAge author-published marker mapping; HPA-derived,a0de4a124e0a41986185a090fb142c6c8195399e
VSIG10L,Suprabasal keratinocytes,Ding et al. CellAge author-published marker mapping; HPA-derived,a0de4a124e0a41986185a090fb142c6c8195399e
LCE1A,Suprabasal keratinocytes,Ding et al. CellAge author-published marker mapping; HPA-derived,a0de4a124e0a41986185a090fb142c6c8195399e
KRTAP6-2,Suprabasal keratinocytes,Ding et al. CellAge author-published marker mapping; HPA-derived,a0de4a124e0a41986185a090fb142c6c8195399e
LCE2C,Suprabasal keratinocytes,Ding et al. CellAge author-published marker mapping; HPA-derived,a0de4a124e0a41986185a090fb142c6c8195399e
LCE2D,Suprabasal keratinocytes,Ding et al. CellAge author-published marker mapping; HPA-derived,a0de4a124e0a41986185a090fb142c6c8195399e
FAM25A,Suprabasal keratinocytes,Ding et al. CellAge author-published marker mapping; HPA-derived,a0de4a124e0a41986185a090fb142c6c8195399e
IGFL1,Suprabasal keratinocytes,Ding et al. CellAge author-published marker mapping; HPA-derived,a0de4a124e0a41986185a090fb142c6c8195399e
CLEC2A,Suprabasal keratinocytes,Ding et al. CellAge author-published marker mapping; HPA-derived,a0de4a124e0a41986185a090fb142c6c8195399e
NCCRP1,Suprabasal keratinocytes,Ding et al. CellAge author-published marker mapping; HPA-derived,a0de4a124e0a41986185a090fb142c6c8195399e
KRTDAP,Suprabasal keratinocytes,Ding et al. CellAge author-published marker mapping; HPA-derived,a0de4a124e0a41986185a090fb142c6c8195399e
IGFL3,Suprabasal keratinocytes,Ding et al. CellAge author-published marker mapping; HPA-derived,a0de4a124e0a41986185a090fb142c6c8195399e
S100A16,Suprabasal keratinocytes,Ding et al. CellAge author-published marker mapping; HPA-derived,a0de4a124e0a41986185a090fb142c6c8195399e
SBSN,Suprabasal keratinocytes,Ding et al. CellAge author-published marker mapping; HPA-derived,a0de4a124e0a41986185a090fb142c6c8195399e
RNF222,Suprabasal keratinocytes,Ding et al. CellAge author-published marker mapping; HPA-derived,a0de4a124e0a41986185a090fb142c6c8195399e
SF3B3,Suprabasal keratinocytes,Ding et al. CellAge author-published marker mapping; HPA-derived,a0de4a124e0a41986185a090fb142c6c8195399e
KRT77,Suprabasal keratinocytes,Ding et al. CellAge author-published marker mapping; HPA-derived,a0de4a124e0a41986185a090fb142c6c8195399e
THEM5,Suprabasal keratinocytes,Ding et al. CellAge author-published marker mapping; HPA-derived,a0de4a124e0a41986185a090fb142c6c8195399e
LCE1B,Suprabasal keratinocytes,Ding et al. CellAge author-published marker mapping; HPA-derived,a0de4a124e0a41986185a090fb142c6c8195399e
LCE1C,Suprabasal keratinocytes,Ding et al. CellAge author-published marker mapping; HPA-derived,a0de4a124e0a41986185a090fb142c6c8195399e
CYSRT1,Suprabasal keratinocytes,Ding et al. CellAge author-published marker mapping; HPA-derived,a0de4a124e0a41986185a090fb142c6c8195399e
SERPINB13,Suprabasal keratinocytes,Ding et al. CellAge author-published marker mapping; HPA-derived,a0de4a124e0a41986185a090fb142c6c8195399e
AADACL2,Suprabasal keratinocytes,Ding et al. CellAge author-published marker mapping; HPA-derived,a0de4a124e0a41986185a090fb142c6c8195399e
KRTAP13-1,Suprabasal keratinocytes,Ding et al. CellAge author-published marker mapping; HPA-derived,a0de4a124e0a41986185a090fb142c6c8195399e
C1ORF68,Suprabasal keratinocytes,Ding et al. CellAge author-published marker mapping; HPA-derived,a0de4a124e0a41986185a090fb142c6c8195399e
LORICRIN,Suprabasal keratinocytes,Ding et al. CellAge author-published marker mapping; HPA-derived,a0de4a124e0a41986185a090fb142c6c8195399e
KPRP,Suprabasal keratinocytes,Ding et al. CellAge author-published marker mapping; HPA-derived,a0de4a124e0a41986185a090fb142c6c8195399e
LY6G6C,Suprabasal keratinocytes,Ding et al. CellAge author-published marker mapping; HPA-derived,a0de4a124e0a41986185a090fb142c6c8195399e
MUC21,Suprabasal keratinocytes,Ding et al. CellAge author-published marker mapping; HPA-derived,a0de4a124e0a41986185a090fb142c6c8195399e
SPINK9,Suprabasal keratinocytes,Ding et al. CellAge author-published marker mapping; HPA-derived,a0de4a124e0a41986185a090fb142c6c8195399e
KRT6A,Suprabasal keratinocytes,Ding et al. CellAge author-published marker mapping; HPA-derived,a0de4a124e0a41986185a090fb142c6c8195399e
RPTN,Suprabasal keratinocytes,Ding et al. CellAge author-published marker mapping; HPA-derived,a0de4a124e0a41986185a090fb142c6c8195399e
LCE6A,Suprabasal keratinocytes,Ding et al. CellAge author-published marker mapping; HPA-derived,a0de4a124e0a41986185a090fb142c6c8195399e
LCE1F,Suprabasal keratinocytes,Ding et al. CellAge author-published marker mapping; HPA-derived,a0de4a124e0a41986185a090fb142c6c8195399e
VSIG8,Suprabasal keratinocytes,Ding et al. CellAge author-published marker mapping; HPA-derived,a0de4a124e0a41986185a090fb142c6c8195399e
FAM25C,Suprabasal keratinocytes,Ding et al. CellAge author-published marker mapping; HPA-derived,a0de4a124e0a41986185a090fb142c6c8195399e
SPRR5,Suprabasal keratinocytes,Ding et al. CellAge author-published marker mapping; HPA-derived,a0de4a124e0a41986185a090fb142c6c8195399e
LCE7A,Suprabasal keratinocytes,Ding et al. CellAge author-published marker mapping; HPA-derived,a0de4a124e0a41986185a090fb142c6c8195399e
CD6,T-cells,Ding et al. CellAge author-published marker mapping; HPA-derived,a0de4a124e0a41986185a090fb142c6c8195399e
FOXP3,T-cells,Ding et al. CellAge author-published marker mapping; HPA-derived,a0de4a124e0a41986185a090fb142c6c8195399e
TCF7,T-cells,Ding et al. CellAge author-published marker mapping; HPA-derived,a0de4a124e0a41986185a090fb142c6c8195399e
FLT3LG,T-cells,Ding et al. CellAge author-published marker mapping; HPA-derived,a0de4a124e0a41986185a090fb142c6c8195399e
NCR2,T-cells,Ding et al. CellAge author-published marker mapping; HPA-derived,a0de4a124e0a41986185a090fb142c6c8195399e
APOBEC3H,T-cells,Ding et al. CellAge author-published marker mapping; HPA-derived,a0de4a124e0a41986185a090fb142c6c8195399e
CD40LG,T-cells,Ding et al. CellAge author-published marker mapping; HPA-derived,a0de4a124e0a41986185a090fb142c6c8195399e
IL2,T-cells,Ding et al. CellAge author-published marker mapping; HPA-derived,a0de4a124e0a41986185a090fb142c6c8195399e
CD5,T-cells,Ding et al. CellAge author-published marker mapping; HPA-derived,a0de4a124e0a41986185a090fb142c6c8195399e
IL26,T-cells,Ding et al. CellAge author-published marker mapping; HPA-derived,a0de4a124e0a41986185a090fb142c6c8195399e
IFNG,T-cells,Ding et al. CellAge author-published marker mapping; HPA-derived,a0de4a124e0a41986185a090fb142c6c8195399e
IL17A,T-cells,Ding et al. CellAge author-published marker mapping; HPA-derived,a0de4a124e0a41986185a090fb142c6c8195399e
IL17F,T-cells,Ding et al. CellAge author-published marker mapping; HPA-derived,a0de4a124e0a41986185a090fb142c6c8195399e
IL4,T-cells,Ding et al. CellAge author-published marker mapping; HPA-derived,a0de4a124e0a41986185a090fb142c6c8195399e
CD2,T-cells,Ding et al. CellAge author-published marker mapping; HPA-derived,a0de4a124e0a41986185a090fb142c6c8195399e
BCL11B,T-cells,Ding et al. CellAge author-published marker mapping; HPA-derived,a0de4a124e0a41986185a090fb142c6c8195399e
IL22,T-cells,Ding et al. CellAge author-published marker mapping; HPA-derived,a0de4a124e0a41986185a090fb142c6c8195399e
GPR55,T-cells,Ding et al. CellAge author-published marker mapping; HPA-derived,a0de4a124e0a41986185a090fb142c6c8195399e
GPR174,T-cells,Ding et al. CellAge author-published marker mapping; HPA-derived,a0de4a124e0a41986185a090fb142c6c8195399e
CD8A,T-cells,Ding et al. CellAge author-published marker mapping; HPA-derived,a0de4a124e0a41986185a090fb142c6c8195399e
UBASH3A,T-cells,Ding et al. CellAge author-published marker mapping; HPA-derived,a0de4a124e0a41986185a090fb142c6c8195399e
CD3G,T-cells,Ding et al. CellAge author-published marker mapping; HPA-derived,a0de4a124e0a41986185a090fb142c6c8195399e
TRAT1,T-cells,Ding et al. CellAge author-published marker mapping; HPA-derived,a0de4a124e0a41986185a090fb142c6c8195399e
CTLA4,T-cells,Ding et al. CellAge author-published marker mapping; HPA-derived,a0de4a124e0a41986185a090fb142c6c8195399e
ICOS,T-cells,Ding et al. CellAge author-published marker mapping; HPA-derived,a0de4a124e0a41986185a090fb142c6c8195399e
CD3D,T-cells,Ding et al. CellAge author-published marker mapping; HPA-derived,a0de4a124e0a41986185a090fb142c6c8195399e
IL7R,T-cells,Ding et al. CellAge author-published marker mapping; HPA-derived,a0de4a124e0a41986185a090fb142c6c8195399e
CD8B,T-cells,Ding et al. CellAge author-published marker mapping; HPA-derived,a0de4a124e0a41986185a090fb142c6c8195399e
CCR9,T-cells,Ding et al. CellAge author-published marker mapping; HPA-derived,a0de4a124e0a41986185a090fb142c6c8195399e
GPR171,T-cells,Ding et al. CellAge author-published marker mapping; HPA-derived,a0de4a124e0a41986185a090fb142c6c8195399e
CD28,T-cells,Ding et al. CellAge author-published marker mapping; HPA-derived,a0de4a124e0a41986185a090fb142c6c8195399e
CCR8,T-cells,Ding et al. CellAge author-published marker mapping; HPA-derived,a0de4a124e0a41986185a090fb142c6c8195399e
PMCH,T-cells,Ding et al. CellAge author-published marker mapping; HPA-derived,a0de4a124e0a41986185a090fb142c6c8195399e
CCR4,T-cells,Ding et al. CellAge author-published marker mapping; HPA-derived,a0de4a124e0a41986185a090fb142c6c8195399e
TAS2R60,T-cells,Ding et al. CellAge author-published marker mapping; HPA-derived,a0de4a124e0a41986185a090fb142c6c8195399e
PDCD1,T-cells,Ding et al. CellAge author-published marker mapping; HPA-derived,a0de4a124e0a41986185a090fb142c6c8195399e
ASTL,T-cells,Ding et al. CellAge author-published marker mapping; HPA-derived,a0de4a124e0a41986185a090fb142c6c8195399e
KRTAP4-3,T-cells,Ding et al. CellAge author-published marker mapping; HPA-derived,a0de4a124e0a41986185a090fb142c6c8195399e
CD3E,T-cells,Ding et al. CellAge author-published marker mapping; HPA-derived,a0de4a124e0a41986185a090fb142c6c8195399e
TRGV11,T-cells,Ding et al. CellAge author-published marker mapping; HPA-derived,a0de4a124e0a41986185a090fb142c6c8195399e
TRGV10,T-cells,Ding et al. CellAge author-published marker mapping; HPA-derived,a0de4a124e0a41986185a090fb142c6c8195399e
TRGV8,T-cells,Ding et al. CellAge author-published marker mapping; HPA-derived,a0de4a124e0a41986185a090fb142c6c8195399e
TRGV5,T-cells,Ding et al. CellAge author-published marker mapping; HPA-derived,a0de4a124e0a41986185a090fb142c6c8195399e
TRGV4,T-cells,Ding et al. CellAge author-published marker mapping; HPA-derived,a0de4a124e0a41986185a090fb142c6c8195399e
TRGV3,T-cells,Ding et al. CellAge author-published marker mapping; HPA-derived,a0de4a124e0a41986185a090fb142c6c8195399e
TRGV1,T-cells,Ding et al. CellAge author-published marker mapping; HPA-derived,a0de4a124e0a41986185a090fb142c6c8195399e
TRBV6-1,T-cells,Ding et al. CellAge author-published marker mapping; HPA-derived,a0de4a124e0a41986185a090fb142c6c8195399e
TRBV4-1,T-cells,Ding et al. CellAge author-published marker mapping; HPA-derived,a0de4a124e0a41986185a090fb142c6c8195399e
TRBV6-4,T-cells,Ding et al. CellAge author-published marker mapping; HPA-derived,a0de4a124e0a41986185a090fb142c6c8195399e
TRBV5-3,T-cells,Ding et al. CellAge author-published marker mapping; HPA-derived,a0de4a124e0a41986185a090fb142c6c8195399e
TRBV10-1,T-cells,Ding et al. CellAge author-published marker mapping; HPA-derived,a0de4a124e0a41986185a090fb142c6c8195399e
TRBV11-1,T-cells,Ding et al. CellAge author-published marker mapping; HPA-derived,a0de4a124e0a41986185a090fb142c6c8195399e
TRBV6-5,T-cells,Ding et al. CellAge author-published marker mapping; HPA-derived,a0de4a124e0a41986185a090fb142c6c8195399e
TRBV6-6,T-cells,Ding et al. CellAge author-published marker mapping; HPA-derived,a0de4a124e0a41986185a090fb142c6c8195399e
TRBV5-5,T-cells,Ding et al. CellAge author-published marker mapping; HPA-derived,a0de4a124e0a41986185a090fb142c6c8195399e
TRBV5-1,T-cells,Ding et al. CellAge author-published marker mapping; HPA-derived,a0de4a124e0a41986185a090fb142c6c8195399e
TRBV4-2,T-cells,Ding et al. CellAge author-published marker mapping; HPA-derived,a0de4a124e0a41986185a090fb142c6c8195399e
TRBV19,T-cells,Ding et al. CellAge author-published marker mapping; HPA-derived,a0de4a124e0a41986185a090fb142c6c8195399e
TRBV20-1,T-cells,Ding et al. CellAge author-published marker mapping; HPA-derived,a0de4a124e0a41986185a090fb142c6c8195399e
TRBV23-1,T-cells,Ding et al. CellAge author-published marker mapping; HPA-derived,a0de4a124e0a41986185a090fb142c6c8195399e
TRBV24-1,T-cells,Ding et al. CellAge author-published marker mapping; HPA-derived,a0de4a124e0a41986185a090fb142c6c8195399e
TRBV27,T-cells,Ding et al. CellAge author-published marker mapping; HPA-derived,a0de4a124e0a41986185a090fb142c6c8195399e
TRBV28,T-cells,Ding et al. CellAge author-published marker mapping; HPA-derived,a0de4a124e0a41986185a090fb142c6c8195399e
TRBJ2-1,T-cells,Ding et al. CellAge author-published marker mapping; HPA-derived,a0de4a124e0a41986185a090fb142c6c8195399e
TRBJ2-2,T-cells,Ding et al. CellAge author-published marker mapping; HPA-derived,a0de4a124e0a41986185a090fb142c6c8195399e
TRBJ2-3,T-cells,Ding et al. CellAge author-published marker mapping; HPA-derived,a0de4a124e0a41986185a090fb142c6c8195399e
TRBJ2-5,T-cells,Ding et al. CellAge author-published marker mapping; HPA-derived,a0de4a124e0a41986185a090fb142c6c8195399e
TRBJ2-7,T-cells,Ding et al. CellAge author-published marker mapping; HPA-derived,a0de4a124e0a41986185a090fb142c6c8195399e
TRBC2,T-cells,Ding et al. CellAge author-published marker mapping; HPA-derived,a0de4a124e0a41986185a090fb142c6c8195399e
TRAV2,T-cells,Ding et al. CellAge author-published marker mapping; HPA-derived,a0de4a124e0a41986185a090fb142c6c8195399e
TRAV3,T-cells,Ding et al. CellAge author-published marker mapping; HPA-derived,a0de4a124e0a41986185a090fb142c6c8195399e
TRAV4,T-cells,Ding et al. CellAge author-published marker mapping; HPA-derived,a0de4a124e0a41986185a090fb142c6c8195399e
TRAV5,T-cells,Ding et al. CellAge author-published marker mapping; HPA-derived,a0de4a124e0a41986185a090fb142c6c8195399e
TRAV6,T-cells,Ding et al. CellAge author-published marker mapping; HPA-derived,a0de4a124e0a41986185a090fb142c6c8195399e
TRAV8-1,T-cells,Ding et al. CellAge author-published marker mapping; HPA-derived,a0de4a124e0a41986185a090fb142c6c8195399e
TRAV12-1,T-cells,Ding et al. CellAge author-published marker mapping; HPA-derived,a0de4a124e0a41986185a090fb142c6c8195399e
TRAV8-2,T-cells,Ding et al. CellAge author-published marker mapping; HPA-derived,a0de4a124e0a41986185a090fb142c6c8195399e
TRAV8-3,T-cells,Ding et al. CellAge author-published marker mapping; HPA-derived,a0de4a124e0a41986185a090fb142c6c8195399e
TRAV13-1,T-cells,Ding et al. CellAge author-published marker mapping; HPA-derived,a0de4a124e0a41986185a090fb142c6c8195399e
TRAV12-2,T-cells,Ding et al. CellAge author-published marker mapping; HPA-derived,a0de4a124e0a41986185a090fb142c6c8195399e
TRAV8-4,T-cells,Ding et al. CellAge author-published marker mapping; HPA-derived,a0de4a124e0a41986185a090fb142c6c8195399e
TRAV13-2,T-cells,Ding et al. CellAge author-published marker mapping; HPA-derived,a0de4a124e0a41986185a090fb142c6c8195399e
TRAV14DV4,T-cells,Ding et al. CellAge author-published marker mapping; HPA-derived,a0de4a124e0a41986185a090fb142c6c8195399e
TRAV9-2,T-cells,Ding et al. CellAge author-published marker mapping; HPA-derived,a0de4a124e0a41986185a090fb142c6c8195399e
TRAV12-3,T-cells,Ding et al. CellAge author-published marker mapping; HPA-derived,a0de4a124e0a41986185a090fb142c6c8195399e
TRAV16,T-cells,Ding et al. CellAge author-published marker mapping; HPA-derived,a0de4a124e0a41986185a090fb142c6c8195399e
TRAV17,T-cells,Ding et al. CellAge author-published marker mapping; HPA-derived,a0de4a124e0a41986185a090fb142c6c8195399e
TRAV18,T-cells,Ding et al. CellAge author-published marker mapping; HPA-derived,a0de4a124e0a41986185a090fb142c6c8195399e
TRAV19,T-cells,Ding et al. CellAge author-published marker mapping; HPA-derived,a0de4a124e0a41986185a090fb142c6c8195399e
TRAV20,T-cells,Ding et al. CellAge author-published marker mapping; HPA-derived,a0de4a124e0a41986185a090fb142c6c8195399e
TRAV21,T-cells,Ding et al. CellAge author-published marker mapping; HPA-derived,a0de4a124e0a41986185a090fb142c6c8195399e
TRAV22,T-cells,Ding et al. CellAge author-published marker mapping; HPA-derived,a0de4a124e0a41986185a090fb142c6c8195399e
TRAV23DV6,T-cells,Ding et al. CellAge author-published marker mapping; HPA-derived,a0de4a124e0a41986185a090fb142c6c8195399e
TRDV1,T-cells,Ding et al. CellAge author-published marker mapping; HPA-derived,a0de4a124e0a41986185a090fb142c6c8195399e
TRAV24,T-cells,Ding et al. CellAge author-published marker mapping; HPA-derived,a0de4a124e0a41986185a090fb142c6c8195399e
TRAV25,T-cells,Ding et al. CellAge author-published marker mapping; HPA-derived,a0de4a124e0a41986185a090fb142c6c8195399e
TRAV26-1,T-cells,Ding et al. CellAge author-published marker mapping; HPA-derived,a0de4a124e0a41986185a090fb142c6c8195399e
TRAV27,T-cells,Ding et al. CellAge author-published marker mapping; HPA-derived,a0de4a124e0a41986185a090fb142c6c8195399e
TRAV29DV5,T-cells,Ding et al. CellAge author-published marker mapping; HPA-derived,a0de4a124e0a41986185a090fb142c6c8195399e
TRAV26-2,T-cells,Ding et al. CellAge author-published marker mapping; HPA-derived,a0de4a124e0a41986185a090fb142c6c8195399e
TRAV34,T-cells,Ding et al. CellAge author-published marker mapping; HPA-derived,a0de4a124e0a41986185a090fb142c6c8195399e
TRAV36DV7,T-cells,Ding et al. CellAge author-published marker mapping; HPA-derived,a0de4a124e0a41986185a090fb142c6c8195399e
TRAV38-1,T-cells,Ding et al. CellAge author-published marker mapping; HPA-derived,a0de4a124e0a41986185a090fb142c6c8195399e
TRAV39,T-cells,Ding et al. CellAge author-published marker mapping; HPA-derived,a0de4a124e0a41986185a090fb142c6c8195399e
TRAV40,T-cells,Ding et al. CellAge author-published marker mapping; HPA-derived,a0de4a124e0a41986185a090fb142c6c8195399e
TRAV41,T-cells,Ding et al. CellAge author-published marker mapping; HPA-derived,a0de4a124e0a41986185a090fb142c6c8195399e
TRDV2,T-cells,Ding et al. CellAge author-published marker mapping; HPA-derived,a0de4a124e0a41986185a090fb142c6c8195399e
TRAJ43,T-cells,Ding et al. CellAge author-published marker mapping; HPA-derived,a0de4a124e0a41986185a090fb142c6c8195399e
TRAJ42,T-cells,Ding et al. CellAge author-published marker mapping; HPA-derived,a0de4a124e0a41986185a090fb142c6c8195399e
TRAJ39,T-cells,Ding et al. CellAge author-published marker mapping; HPA-derived,a0de4a124e0a41986185a090fb142c6c8195399e
TRAJ34,T-cells,Ding et al. CellAge author-published marker mapping; HPA-derived,a0de4a124e0a41986185a090fb142c6c8195399e
KRTAP16-1,T-cells,Ding et al. CellAge author-published marker mapping; HPA-derived,a0de4a124e0a41986185a090fb142c6c8195399e
TRBV10-2,T-cells,Ding et al. CellAge author-published marker mapping; HPA-derived,a0de4a124e0a41986185a090fb142c6c8195399e
TRBV29-1,T-cells,Ding et al. CellAge author-published marker mapping; HPA-derived,a0de4a124e0a41986185a090fb142c6c8195399e
TRGV2,T-cells,Ding et al. CellAge author-published marker mapping; HPA-derived,a0de4a124e0a41986185a090fb142c6c8195399e
TRBV30,T-cells,Ding et al. CellAge author-published marker mapping; HPA-derived,a0de4a124e0a41986185a090fb142c6c8195399e
TRBV7-7,T-cells,Ding et al. CellAge author-published marker mapping; HPA-derived,a0de4a124e0a41986185a090fb142c6c8195399e
TRBV7-4,T-cells,Ding et al. CellAge author-published marker mapping; HPA-derived,a0de4a124e0a41986185a090fb142c6c8195399e
TRAV1-1,T-cells,Ding et al. CellAge author-published marker mapping; HPA-derived,a0de4a124e0a41986185a090fb142c6c8195399e
TRAV1-2,T-cells,Ding et al. CellAge author-published marker mapping; HPA-derived,a0de4a124e0a41986185a090fb142c6c8195399e
TRDV3,T-cells,Ding et al. CellAge author-published marker mapping; HPA-derived,a0de4a124e0a41986185a090fb142c6c8195399e
TRAV30,T-cells,Ding et al. CellAge author-published marker mapping; HPA-derived,a0de4a124e0a41986185a090fb142c6c8195399e
PPIAL4H,T-cells,Ding et al. CellAge author-published marker mapping; HPA-derived,a0de4a124e0a41986185a090fb142c6c8195399e
TRBV12-3,T-cells,Ding et al. CellAge author-published marker mapping; HPA-derived,a0de4a124e0a41986185a090fb142c6c8195399e
TRBV12-5,T-cells,Ding et al. CellAge author-published marker mapping; HPA-derived,a0de4a124e0a41986185a090fb142c6c8195399e
TRBV14,T-cells,Ding et al. CellAge author-published marker mapping; HPA-derived,a0de4a124e0a41986185a090fb142c6c8195399e
TRBV10-3,T-cells,Ding et al. CellAge author-published marker mapping; HPA-derived,a0de4a124e0a41986185a090fb142c6c8195399e
TRBV13,T-cells,Ding et al. CellAge author-published marker mapping; HPA-derived,a0de4a124e0a41986185a090fb142c6c8195399e
TRBV18,T-cells,Ding et al. CellAge author-published marker mapping; HPA-derived,a0de4a124e0a41986185a090fb142c6c8195399e
TRBV11-3,T-cells,Ding et al. CellAge author-published marker mapping; HPA-derived,a0de4a124e0a41986185a090fb142c6c8195399e
TRBV15,T-cells,Ding et al. CellAge author-published marker mapping; HPA-derived,a0de4a124e0a41986185a090fb142c6c8195399e
TRBV12-4,T-cells,Ding et al. CellAge author-published marker mapping; HPA-derived,a0de4a124e0a41986185a090fb142c6c8195399e
TRAC,T-cells,Ding et al. CellAge author-published marker mapping; HPA-derived,a0de4a124e0a41986185a090fb142c6c8195399e
TRBV7-9,T-cells,Ding et al. CellAge author-published marker mapping; HPA-derived,a0de4a124e0a41986185a090fb142c6c8195399e
TRAJ37,T-cells,Ding et al. CellAge author-published marker mapping; HPA-derived,a0de4a124e0a41986185a090fb142c6c8195399e
TRBJ1-5,T-cells,Ding et al. CellAge author-published marker mapping; HPA-derived,a0de4a124e0a41986185a090fb142c6c8195399e
TRBJ1-1,T-cells,Ding et al. CellAge author-published marker mapping; HPA-derived,a0de4a124e0a41986185a090fb142c6c8195399e
TRBJ1-2,T-cells,Ding et al. CellAge author-published marker mapping; HPA-derived,a0de4a124e0a41986185a090fb142c6c8195399e
TRBV25-1,T-cells,Ding et al. CellAge author-published marker mapping; HPA-derived,a0de4a124e0a41986185a090fb142c6c8195399e
TRBV7-2,T-cells,Ding et al. CellAge author-published marker mapping; HPA-derived,a0de4a124e0a41986185a090fb142c6c8195399e
TRBV6-2,T-cells,Ding et al. CellAge author-published marker mapping; HPA-derived,a0de4a124e0a41986185a090fb142c6c8195399e
GNA15,dendritic cells,Ding et al. CellAge author-published marker mapping; HPA-derived,a0de4a124e0a41986185a090fb142c6c8195399e
SLC12A3,dendritic cells,Ding et al. CellAge author-published marker mapping; HPA-derived,a0de4a124e0a41986185a090fb142c6c8195399e
N4BP2,dendritic cells,Ding et al. CellAge author-published marker mapping; HPA-derived,a0de4a124e0a41986185a090fb142c6c8195399e
SEPHS1,dendritic cells,Ding et al. CellAge author-published marker mapping; HPA-derived,a0de4a124e0a41986185a090fb142c6c8195399e
PHEX,dendritic cells,Ding et al. CellAge author-published marker mapping; HPA-derived,a0de4a124e0a41986185a090fb142c6c8195399e
SMPD3,dendritic cells,Ding et al. CellAge author-published marker mapping; HPA-derived,a0de4a124e0a41986185a090fb142c6c8195399e
SLC7A5,dendritic cells,Ding et al. CellAge author-published marker mapping; HPA-derived,a0de4a124e0a41986185a090fb142c6c8195399e
CORO1C,dendritic cells,Ding et al. CellAge author-published marker mapping; HPA-derived,a0de4a124e0a41986185a090fb142c6c8195399e
TENT4A,dendritic cells,Ding et al. CellAge author-published marker mapping; HPA-derived,a0de4a124e0a41986185a090fb142c6c8195399e
NR3C1,dendritic cells,Ding et al. CellAge author-published marker mapping; HPA-derived,a0de4a124e0a41986185a090fb142c6c8195399e
BCL11A,dendritic cells,Ding et al. CellAge author-published marker mapping; HPA-derived,a0de4a124e0a41986185a090fb142c6c8195399e
FYTTD1,dendritic cells,Ding et al. CellAge author-published marker mapping; HPA-derived,a0de4a124e0a41986185a090fb142c6c8195399e
MIF4GD,dendritic cells,Ding et al. CellAge author-published marker mapping; HPA-derived,a0de4a124e0a41986185a090fb142c6c8195399e
SLC35E1,dendritic cells,Ding et al. CellAge author-published marker mapping; HPA-derived,a0de4a124e0a41986185a090fb142c6c8195399e
EGLN3,dendritic cells,Ding et al. CellAge author-published marker mapping; HPA-derived,a0de4a124e0a41986185a090fb142c6c8195399e
IRF4,dendritic cells,Ding et al. CellAge author-published marker mapping; HPA-derived,a0de4a124e0a41986185a090fb142c6c8195399e
SLC15A4,dendritic cells,Ding et al. CellAge author-published marker mapping; HPA-derived,a0de4a124e0a41986185a090fb142c6c8195399e
N4BP2L1,dendritic cells,Ding et al. CellAge author-published marker mapping; HPA-derived,a0de4a124e0a41986185a090fb142c6c8195399e
KRT71,dendritic cells,Ding et al. CellAge author-published marker mapping; HPA-derived,a0de4a124e0a41986185a090fb142c6c8195399e
IRF8,dendritic cells,Ding et al. CellAge author-published marker mapping; HPA-derived,a0de4a124e0a41986185a090fb142c6c8195399e
RUBCN,dendritic cells,Ding et al. CellAge author-published marker mapping; HPA-derived,a0de4a124e0a41986185a090fb142c6c8195399e
BCL2L11,dendritic cells,Ding et al. CellAge author-published marker mapping; HPA-derived,a0de4a124e0a41986185a090fb142c6c8195399e
ST3GAL2,dendritic cells,Ding et al. CellAge author-published marker mapping; HPA-derived,a0de4a124e0a41986185a090fb142c6c8195399e
MAPKAPK2,dendritic cells,Ding et al. CellAge author-published marker mapping; HPA-derived,a0de4a124e0a41986185a090fb142c6c8195399e
PLD4,dendritic cells,Ding et al. CellAge author-published marker mapping; HPA-derived,a0de4a124e0a41986185a090fb142c6c8195399e
ANKRD11,dendritic cells,Ding et al. CellAge author-published marker mapping; HPA-derived,a0de4a124e0a41986185a090fb142c6c8195399e
IRF2BP2,dendritic cells,Ding et al. CellAge author-published marker mapping; HPA-derived,a0de4a124e0a41986185a090fb142c6c8195399e
ABHD15,dendritic cells,Ding et al. CellAge author-published marker mapping; HPA-derived,a0de4a124e0a41986185a090fb142c6c8195399e
GPR183,dendritic cells,Ding et al. CellAge author-published marker mapping; HPA-derived,a0de4a124e0a41986185a090fb142c6c8195399e
PTCRA,dendritic cells,Ding et al. CellAge author-published marker mapping; HPA-derived,a0de4a124e0a41986185a090fb142c6c8195399e
OR5A2,dendritic cells,Ding et al. CellAge author-published marker mapping; HPA-derived,a0de4a124e0a41986185a090fb142c6c8195399e
MOB1B,dendritic cells,Ding et al. CellAge author-published marker mapping; HPA-derived,a0de4a124e0a41986185a090fb142c6c8195399e
P2RY14,dendritic cells,Ding et al. CellAge author-published marker mapping; HPA-derived,a0de4a124e0a41986185a090fb142c6c8195399e
HNRNPCL1,dendritic cells,Ding et al. CellAge author-published marker mapping; HPA-derived,a0de4a124e0a41986185a090fb142c6c8195399e
FUT7,dendritic cells,Ding et al. CellAge author-published marker mapping; HPA-derived,a0de4a124e0a41986185a090fb142c6c8195399e
CLN8,dendritic cells,Ding et al. CellAge author-published marker mapping; HPA-derived,a0de4a124e0a41986185a090fb142c6c8195399e
IL3RA,dendritic cells,Ding et al. CellAge author-published marker mapping; HPA-derived,a0de4a124e0a41986185a090fb142c6c8195399e
IRF7,dendritic cells,Ding et al. CellAge author-published marker mapping; HPA-derived,a0de4a124e0a41986185a090fb142c6c8195399e
NUDT17,dendritic cells,Ding et al. CellAge author-published marker mapping; HPA-derived,a0de4a124e0a41986185a090fb142c6c8195399e
CXCR3,dendritic cells,Ding et al. CellAge author-published marker mapping; HPA-derived,a0de4a124e0a41986185a090fb142c6c8195399e
LILRB4,dendritic cells,Ding et al. CellAge author-published marker mapping; HPA-derived,a0de4a124e0a41986185a090fb142c6c8195399e
TTC24,dendritic cells,Ding et al. CellAge author-published marker mapping; HPA-derived,a0de4a124e0a41986185a090fb142c6c8195399e
TLR7,dendritic cells,Ding et al. CellAge author-published marker mapping; HPA-derived,a0de4a124e0a41986185a090fb142c6c8195399e
ENTPD7,dendritic cells,Ding et al. CellAge author-published marker mapping; HPA-derived,a0de4a124e0a41986185a090fb142c6c8195399e
CLEC4C,dendritic cells,Ding et al. CellAge author-published marker mapping; HPA-derived,a0de4a124e0a41986185a090fb142c6c8195399e
OR5B21,dendritic cells,Ding et al. CellAge author-published marker mapping; HPA-derived,a0de4a124e0a41986185a090fb142c6c8195399e
LILRA4,dendritic cells,Ding et al. CellAge author-published marker mapping; HPA-derived,a0de4a124e0a41986185a090fb142c6c8195399e
NPIPB5,dendritic cells,Ding et al. CellAge author-published marker mapping; HPA-derived,a0de4a124e0a41986185a090fb142c6c8195399e
SMIM3,dendritic cells,Ding et al. CellAge author-published marker mapping; HPA-derived,a0de4a124e0a41986185a090fb142c6c8195399e
ENSG00000288684,dendritic cells,Ding et al. CellAge author-published marker mapping; HPA-derived,a0de4a124e0a41986185a090fb142c6c8195399e
ALOX5,granulocytes,Ding et al. CellAge author-published marker mapping; HPA-derived,a0de4a124e0a41986185a090fb142c6c8195399e
TNFRSF9,granulocytes,Ding et al. CellAge author-published marker mapping; HPA-derived,a0de4a124e0a41986185a090fb142c6c8195399e
GALC,granulocytes,Ding et al. CellAge author-published marker mapping; HPA-derived,a0de4a124e0a41986185a090fb142c6c8195399e
NOX3,granulocytes,Ding et al. CellAge author-published marker mapping; HPA-derived,a0de4a124e0a41986185a090fb142c6c8195399e
CMA1,granulocytes,Ding et al. CellAge author-published marker mapping; HPA-derived,a0de4a124e0a41986185a090fb142c6c8195399e
TPSD1,granulocytes,Ding et al. CellAge author-published marker mapping; HPA-derived,a0de4a124e0a41986185a090fb142c6c8195399e
GRAP2,granulocytes,Ding et al. CellAge author-published marker mapping; HPA-derived,a0de4a124e0a41986185a090fb142c6c8195399e
CTSG,granulocytes,Ding et al. CellAge author-published marker mapping; HPA-derived,a0de4a124e0a41986185a090fb142c6c8195399e
SIGLEC8,granulocytes,Ding et al. CellAge author-published marker mapping; HPA-derived,a0de4a124e0a41986185a090fb142c6c8195399e
VWA5A,granulocytes,Ding et al. CellAge author-published marker mapping; HPA-derived,a0de4a124e0a41986185a090fb142c6c8195399e
CD69,granulocytes,Ding et al. CellAge author-published marker mapping; HPA-derived,a0de4a124e0a41986185a090fb142c6c8195399e
OR12D3,granulocytes,Ding et al. CellAge author-published marker mapping; HPA-derived,a0de4a124e0a41986185a090fb142c6c8195399e
IL1RL1,granulocytes,Ding et al. CellAge author-published marker mapping; HPA-derived,a0de4a124e0a41986185a090fb142c6c8195399e
IL18R1,granulocytes,Ding et al. CellAge author-published marker mapping; HPA-derived,a0de4a124e0a41986185a090fb142c6c8195399e
LAX1,granulocytes,Ding et al. CellAge author-published marker mapping; HPA-derived,a0de4a124e0a41986185a090fb142c6c8195399e
BTN2A2,granulocytes,Ding et al. CellAge author-published marker mapping; HPA-derived,a0de4a124e0a41986185a090fb142c6c8195399e
RGS13,granulocytes,Ding et al. CellAge author-published marker mapping; HPA-derived,a0de4a124e0a41986185a090fb142c6c8195399e
ARHGEF6,granulocytes,Ding et al. CellAge author-published marker mapping; HPA-derived,a0de4a124e0a41986185a090fb142c6c8195399e
LGALS12,granulocytes,Ding et al. CellAge author-published marker mapping; HPA-derived,a0de4a124e0a41986185a090fb142c6c8195399e
HRH4,granulocytes,Ding et al. CellAge author-published marker mapping; HPA-derived,a0de4a124e0a41986185a090fb142c6c8195399e
HDC,granulocytes,Ding et al. CellAge author-published marker mapping; HPA-derived,a0de4a124e0a41986185a090fb142c6c8195399e
ADCYAP1,granulocytes,Ding et al. CellAge author-published marker mapping; HPA-derived,a0de4a124e0a41986185a090fb142c6c8195399e
TMEM44,granulocytes,Ding et al. CellAge author-published marker mapping; HPA-derived,a0de4a124e0a41986185a090fb142c6c8195399e
ARHGAP18,granulocytes,Ding et al. CellAge author-published marker mapping; HPA-derived,a0de4a124e0a41986185a090fb142c6c8195399e
MS4A2,granulocytes,Ding et al. CellAge author-published marker mapping; HPA-derived,a0de4a124e0a41986185a090fb142c6c8195399e
BATF,granulocytes,Ding et al. CellAge author-published marker mapping; HPA-derived,a0de4a124e0a41986185a090fb142c6c8195399e
KIT,granulocytes,Ding et al. CellAge author-published marker mapping; HPA-derived,a0de4a124e0a41986185a090fb142c6c8195399e
LMNA,granulocytes,Ding et al. CellAge author-published marker mapping; HPA-derived,a0de4a124e0a41986185a090fb142c6c8195399e
HPGDS,granulocytes,Ding et al. CellAge author-published marker mapping; HPA-derived,a0de4a124e0a41986185a090fb142c6c8195399e
CPA3,granulocytes,Ding et al. CellAge author-published marker mapping; HPA-derived,a0de4a124e0a41986185a090fb142c6c8195399e
SLC18A2,granulocytes,Ding et al. CellAge author-published marker mapping; HPA-derived,a0de4a124e0a41986185a090fb142c6c8195399e
LEO1,granulocytes,Ding et al. CellAge author-published marker mapping; HPA-derived,a0de4a124e0a41986185a090fb142c6c8195399e
GCSAML,granulocytes,Ding et al. CellAge author-published marker mapping; HPA-derived,a0de4a124e0a41986185a090fb142c6c8195399e
TPSAB1,granulocytes,Ding et al. CellAge author-published marker mapping; HPA-derived,a0de4a124e0a41986185a090fb142c6c8195399e
GATA2,granulocytes,Ding et al. CellAge author-published marker mapping; HPA-derived,a0de4a124e0a41986185a090fb142c6c8195399e
MRGPRX2,granulocytes,Ding et al. CellAge author-published marker mapping; HPA-derived,a0de4a124e0a41986185a090fb142c6c8195399e
CSF1,granulocytes,Ding et al. CellAge author-published marker mapping; HPA-derived,a0de4a124e0a41986185a090fb142c6c8195399e
SOCS1,granulocytes,Ding et al. CellAge author-published marker mapping; HPA-derived,a0de4a124e0a41986185a090fb142c6c8195399e
ATP6V0A2,granulocytes,Ding et al. CellAge author-published marker mapping; HPA-derived,a0de4a124e0a41986185a090fb142c6c8195399e
TPSB2,granulocytes,Ding et al. CellAge author-published marker mapping; HPA-derived,a0de4a124e0a41986185a090fb142c6c8195399e
COL13A1,granulocytes,Ding et al. CellAge author-published marker mapping; HPA-derived,a0de4a124e0a41986185a090fb142c6c8195399e
MAS1L,granulocytes,Ding et al. CellAge author-published marker mapping; HPA-derived,a0de4a124e0a41986185a090fb142c6c8195399e
KRTAP12-3,granulocytes,Ding et al. CellAge author-published marker mapping; HPA-derived,a0de4a124e0a41986185a090fb142c6c8195399e
CRLF2,granulocytes,Ding et al. CellAge author-published marker mapping; HPA-derived,a0de4a124e0a41986185a090fb142c6c8195399e
LTC4S,granulocytes,Ding et al. CellAge author-published marker mapping; HPA-derived,a0de4a124e0a41986185a090fb142c6c8195399e
MS4A4E,granulocytes,Ding et al. CellAge author-published marker mapping; HPA-derived,a0de4a124e0a41986185a090fb142c6c8195399e
ENSG00000225528,granulocytes,Ding et al. CellAge author-published marker mapping; HPA-derived,a0de4a124e0a41986185a090fb142c6c8195399e
RAB44,granulocytes,Ding et al. CellAge author-published marker mapping; HPA-derived,a0de4a124e0a41986185a090fb142c6c8195399e
RHEX,granulocytes,Ding et al. CellAge author-published marker mapping; HPA-derived,a0de4a124e0a41986185a090fb142c6c8195399e
OR8D2,granulocytes,Ding et al. CellAge author-published marker mapping; HPA-derived,a0de4a124e0a41986185a090fb142c6c8195399e
FGR,monocytes,Ding et al. CellAge author-published marker mapping; HPA-derived,a0de4a124e0a41986185a090fb142c6c8195399e
ZFX,monocytes,Ding et al. CellAge author-published marker mapping; HPA-derived,a0de4a124e0a41986185a090fb142c6c8195399e
PLAUR,monocytes,Ding et al. CellAge author-published marker mapping; HPA-derived,a0de4a124e0a41986185a090fb142c6c8195399e
WAS,monocytes,Ding et al. CellAge author-published marker mapping; HPA-derived,a0de4a124e0a41986185a090fb142c6c8195399e
SLC11A1,monocytes,Ding et al. CellAge author-published marker mapping; HPA-derived,a0de4a124e0a41986185a090fb142c6c8195399e
TNFRSF1B,monocytes,Ding et al. CellAge author-published marker mapping; HPA-derived,a0de4a124e0a41986185a090fb142c6c8195399e
LCP2,monocytes,Ding et al. CellAge author-published marker mapping; HPA-derived,a0de4a124e0a41986185a090fb142c6c8195399e
RRP12,monocytes,Ding et al. CellAge author-published marker mapping; HPA-derived,a0de4a124e0a41986185a090fb142c6c8195399e
RELT,monocytes,Ding et al. CellAge author-published marker mapping; HPA-derived,a0de4a124e0a41986185a090fb142c6c8195399e
KCNAB2,monocytes,Ding et al. CellAge author-published marker mapping; HPA-derived,a0de4a124e0a41986185a090fb142c6c8195399e
ATP1B3,monocytes,Ding et al. CellAge author-published marker mapping; HPA-derived,a0de4a124e0a41986185a090fb142c6c8195399e
PAG1,monocytes,Ding et al. CellAge author-published marker mapping; HPA-derived,a0de4a124e0a41986185a090fb142c6c8195399e
STXBP2,monocytes,Ding et al. CellAge author-published marker mapping; HPA-derived,a0de4a124e0a41986185a090fb142c6c8195399e
SMAP2,monocytes,Ding et al. CellAge author-published marker mapping; HPA-derived,a0de4a124e0a41986185a090fb142c6c8195399e
FCN1,monocytes,Ding et al. CellAge author-published marker mapping; HPA-derived,a0de4a124e0a41986185a090fb142c6c8195399e
PILRA,monocytes,Ding et al. CellAge author-published marker mapping; HPA-derived,a0de4a124e0a41986185a090fb142c6c8195399e
SH3BP2,monocytes,Ding et al. CellAge author-published marker mapping; HPA-derived,a0de4a124e0a41986185a090fb142c6c8195399e
ARHGAP4,monocytes,Ding et al. CellAge author-published marker mapping; HPA-derived,a0de4a124e0a41986185a090fb142c6c8195399e
IRAK3,monocytes,Ding et al. CellAge author-published marker mapping; HPA-derived,a0de4a124e0a41986185a090fb142c6c8195399e
PABPC4,monocytes,Ding et al. CellAge author-published marker mapping; HPA-derived,a0de4a124e0a41986185a090fb142c6c8195399e
NLRC4,monocytes,Ding et al. CellAge author-published marker mapping; HPA-derived,a0de4a124e0a41986185a090fb142c6c8195399e
CMTM6,monocytes,Ding et al. CellAge author-published marker mapping; HPA-derived,a0de4a124e0a41986185a090fb142c6c8195399e
WAC,monocytes,Ding et al. CellAge author-published marker mapping; HPA-derived,a0de4a124e0a41986185a090fb142c6c8195399e
PPM1F,monocytes,Ding et al. CellAge author-published marker mapping; HPA-derived,a0de4a124e0a41986185a090fb142c6c8195399e
RIN3,monocytes,Ding et al. CellAge author-published marker mapping; HPA-derived,a0de4a124e0a41986185a090fb142c6c8195399e
TLR8,monocytes,Ding et al. CellAge author-published marker mapping; HPA-derived,a0de4a124e0a41986185a090fb142c6c8195399e
RP2,monocytes,Ding et al. CellAge author-published marker mapping; HPA-derived,a0de4a124e0a41986185a090fb142c6c8195399e
TNFSF13B,monocytes,Ding et al. CellAge author-published marker mapping; HPA-derived,a0de4a124e0a41986185a090fb142c6c8195399e
ACOD1,monocytes,Ding et al. CellAge author-published marker mapping; HPA-derived,a0de4a124e0a41986185a090fb142c6c8195399e
COTL1,monocytes,Ding et al. CellAge author-published marker mapping; HPA-derived,a0de4a124e0a41986185a090fb142c6c8195399e
MEFV,monocytes,Ding et al. CellAge author-published marker mapping; HPA-derived,a0de4a124e0a41986185a090fb142c6c8195399e
RIPK2,monocytes,Ding et al. CellAge author-published marker mapping; HPA-derived,a0de4a124e0a41986185a090fb142c6c8195399e
NBN,monocytes,Ding et al. CellAge author-published marker mapping; HPA-derived,a0de4a124e0a41986185a090fb142c6c8195399e
LILRB1,monocytes,Ding et al. CellAge author-published marker mapping; HPA-derived,a0de4a124e0a41986185a090fb142c6c8195399e
LILRA1,monocytes,Ding et al. CellAge author-published marker mapping; HPA-derived,a0de4a124e0a41986185a090fb142c6c8195399e
NAMPT,monocytes,Ding et al. CellAge author-published marker mapping; HPA-derived,a0de4a124e0a41986185a090fb142c6c8195399e
POLR1F,monocytes,Ding et al. CellAge author-published marker mapping; HPA-derived,a0de4a124e0a41986185a090fb142c6c8195399e
MTPN,monocytes,Ding et al. CellAge author-published marker mapping; HPA-derived,a0de4a124e0a41986185a090fb142c6c8195399e
LFNG,monocytes,Ding et al. CellAge author-published marker mapping; HPA-derived,a0de4a124e0a41986185a090fb142c6c8195399e
ZFAND5,monocytes,Ding et al. CellAge author-published marker mapping; HPA-derived,a0de4a124e0a41986185a090fb142c6c8195399e
DNMBP,monocytes,Ding et al. CellAge author-published marker mapping; HPA-derived,a0de4a124e0a41986185a090fb142c6c8195399e
HECA,monocytes,Ding et al. CellAge author-published marker mapping; HPA-derived,a0de4a124e0a41986185a090fb142c6c8195399e
CD86,monocytes,Ding et al. CellAge author-published marker mapping; HPA-derived,a0de4a124e0a41986185a090fb142c6c8195399e
IL1A,monocytes,Ding et al. CellAge author-published marker mapping; HPA-derived,a0de4a124e0a41986185a090fb142c6c8195399e
CYTIP,monocytes,Ding et al. CellAge author-published marker mapping; HPA-derived,a0de4a124e0a41986185a090fb142c6c8195399e
PLEK,monocytes,Ding et al. CellAge author-published marker mapping; HPA-derived,a0de4a124e0a41986185a090fb142c6c8195399e
AMPD2,monocytes,Ding et al. CellAge author-published marker mapping; HPA-derived,a0de4a124e0a41986185a090fb142c6c8195399e
RNF19B,monocytes,Ding et al. CellAge author-published marker mapping; HPA-derived,a0de4a124e0a41986185a090fb142c6c8195399e
CD48,monocytes,Ding et al. CellAge author-published marker mapping; HPA-derived,a0de4a124e0a41986185a090fb142c6c8195399e
DUSP1,monocytes,Ding et al. CellAge author-published marker mapping; HPA-derived,a0de4a124e0a41986185a090fb142c6c8195399e
ELF1,monocytes,Ding et al. CellAge author-published marker mapping; HPA-derived,a0de4a124e0a41986185a090fb142c6c8195399e
CD80,monocytes,Ding et al. CellAge author-published marker mapping; HPA-derived,a0de4a124e0a41986185a090fb142c6c8195399e
CCRL2,monocytes,Ding et al. CellAge author-published marker mapping; HPA-derived,a0de4a124e0a41986185a090fb142c6c8195399e
ACOT9,monocytes,Ding et al. CellAge author-published marker mapping; HPA-derived,a0de4a124e0a41986185a090fb142c6c8195399e
PKN1,monocytes,Ding et al. CellAge author-published marker mapping; HPA-derived,a0de4a124e0a41986185a090fb142c6c8195399e
G0S2,monocytes,Ding et al. CellAge author-published marker mapping; HPA-derived,a0de4a124e0a41986185a090fb142c6c8195399e
TREM1,monocytes,Ding et al. CellAge author-published marker mapping; HPA-derived,a0de4a124e0a41986185a090fb142c6c8195399e
LRRFIP1,monocytes,Ding et al. CellAge author-published marker mapping; HPA-derived,a0de4a124e0a41986185a090fb142c6c8195399e
EREG,monocytes,Ding et al. CellAge author-published marker mapping; HPA-derived,a0de4a124e0a41986185a090fb142c6c8195399e
IL1B,monocytes,Ding et al. CellAge author-published marker mapping; HPA-derived,a0de4a124e0a41986185a090fb142c6c8195399e
FFAR2,monocytes,Ding et al. CellAge author-published marker mapping; HPA-derived,a0de4a124e0a41986185a090fb142c6c8195399e
ADGRE2,monocytes,Ding et al. CellAge author-published marker mapping; HPA-derived,a0de4a124e0a41986185a090fb142c6c8195399e
FGL2,monocytes,Ding et al. CellAge author-published marker mapping; HPA-derived,a0de4a124e0a41986185a090fb142c6c8195399e
APOBEC3A,monocytes,Ding et al. CellAge author-published marker mapping; HPA-derived,a0de4a124e0a41986185a090fb142c6c8195399e
MIS18BP1,monocytes,Ding et al. CellAge author-published marker mapping; HPA-derived,a0de4a124e0a41986185a090fb142c6c8195399e
LILRB2,monocytes,Ding et al. CellAge author-published marker mapping; HPA-derived,a0de4a124e0a41986185a090fb142c6c8195399e
ADGRE3,monocytes,Ding et al. CellAge author-published marker mapping; HPA-derived,a0de4a124e0a41986185a090fb142c6c8195399e
RARA,monocytes,Ding et al. CellAge author-published marker mapping; HPA-derived,a0de4a124e0a41986185a090fb142c6c8195399e
CHSY1,monocytes,Ding et al. CellAge author-published marker mapping; HPA-derived,a0de4a124e0a41986185a090fb142c6c8195399e
GCH1,monocytes,Ding et al. CellAge author-published marker mapping; HPA-derived,a0de4a124e0a41986185a090fb142c6c8195399e
MBD2,monocytes,Ding et al. CellAge author-published marker mapping; HPA-derived,a0de4a124e0a41986185a090fb142c6c8195399e
CD101,monocytes,Ding et al. CellAge author-published marker mapping; HPA-derived,a0de4a124e0a41986185a090fb142c6c8195399e
C5AR2,monocytes,Ding et al. CellAge author-published marker mapping; HPA-derived,a0de4a124e0a41986185a090fb142c6c8195399e
AKIRIN2,monocytes,Ding et al. CellAge author-published marker mapping; HPA-derived,a0de4a124e0a41986185a090fb142c6c8195399e
STX11,monocytes,Ding et al. CellAge author-published marker mapping; HPA-derived,a0de4a124e0a41986185a090fb142c6c8195399e
GNS,monocytes,Ding et al. CellAge author-published marker mapping; HPA-derived,a0de4a124e0a41986185a090fb142c6c8195399e
MYO1G,monocytes,Ding et al. CellAge author-published marker mapping; HPA-derived,a0de4a124e0a41986185a090fb142c6c8195399e
SKIL,monocytes,Ding et al. CellAge author-published marker mapping; HPA-derived,a0de4a124e0a41986185a090fb142c6c8195399e
TOR1B,monocytes,Ding et al. CellAge author-published marker mapping; HPA-derived,a0de4a124e0a41986185a090fb142c6c8195399e
TLR4,monocytes,Ding et al. CellAge author-published marker mapping; HPA-derived,a0de4a124e0a41986185a090fb142c6c8195399e
RNF144B,monocytes,Ding et al. CellAge author-published marker mapping; HPA-derived,a0de4a124e0a41986185a090fb142c6c8195399e
TLR2,monocytes,Ding et al. CellAge author-published marker mapping; HPA-derived,a0de4a124e0a41986185a090fb142c6c8195399e
THBS1,monocytes,Ding et al. CellAge author-published marker mapping; HPA-derived,a0de4a124e0a41986185a090fb142c6c8195399e
ACTR2,monocytes,Ding et al. CellAge author-published marker mapping; HPA-derived,a0de4a124e0a41986185a090fb142c6c8195399e
CH25H,monocytes,Ding et al. CellAge author-published marker mapping; HPA-derived,a0de4a124e0a41986185a090fb142c6c8195399e
RASGEF1B,monocytes,Ding et al. CellAge author-published marker mapping; HPA-derived,a0de4a124e0a41986185a090fb142c6c8195399e
JDP2,monocytes,Ding et al. CellAge author-published marker mapping; HPA-derived,a0de4a124e0a41986185a090fb142c6c8195399e
WARS1,monocytes,Ding et al. CellAge author-published marker mapping; HPA-derived,a0de4a124e0a41986185a090fb142c6c8195399e
BCL2A1,monocytes,Ding et al. CellAge author-published marker mapping; HPA-derived,a0de4a124e0a41986185a090fb142c6c8195399e
ITGAX,monocytes,Ding et al. CellAge author-published marker mapping; HPA-derived,a0de4a124e0a41986185a090fb142c6c8195399e
SECTM1,monocytes,Ding et al. CellAge author-published marker mapping; HPA-derived,a0de4a124e0a41986185a090fb142c6c8195399e
SIGLEC10,monocytes,Ding et al. CellAge author-published marker mapping; HPA-derived,a0de4a124e0a41986185a090fb142c6c8195399e
MOB3C,monocytes,Ding et al. CellAge author-published marker mapping; HPA-derived,a0de4a124e0a41986185a090fb142c6c8195399e
NFKBIZ,monocytes,Ding et al. CellAge author-published marker mapping; HPA-derived,a0de4a124e0a41986185a090fb142c6c8195399e
PNRC1,monocytes,Ding et al. CellAge author-published marker mapping; HPA-derived,a0de4a124e0a41986185a090fb142c6c8195399e
C9ORF72,monocytes,Ding et al. CellAge author-published marker mapping; HPA-derived,a0de4a124e0a41986185a090fb142c6c8195399e
SIDT2,monocytes,Ding et al. CellAge author-published marker mapping; HPA-derived,a0de4a124e0a41986185a090fb142c6c8195399e
RGS18,monocytes,Ding et al. CellAge author-published marker mapping; HPA-derived,a0de4a124e0a41986185a090fb142c6c8195399e
RILPL2,monocytes,Ding et al. CellAge author-published marker mapping; HPA-derived,a0de4a124e0a41986185a090fb142c6c8195399e
NOCT,monocytes,Ding et al. CellAge author-published marker mapping; HPA-derived,a0de4a124e0a41986185a090fb142c6c8195399e
IPMK,monocytes,Ding et al. CellAge author-published marker mapping; HPA-derived,a0de4a124e0a41986185a090fb142c6c8195399e
VENTX,monocytes,Ding et al. CellAge author-published marker mapping; HPA-derived,a0de4a124e0a41986185a090fb142c6c8195399e
ADAM17,monocytes,Ding et al. CellAge author-published marker mapping; HPA-derived,a0de4a124e0a41986185a090fb142c6c8195399e
CYSLTR2,monocytes,Ding et al. CellAge author-published marker mapping; HPA-derived,a0de4a124e0a41986185a090fb142c6c8195399e
RASSF3,monocytes,Ding et al. CellAge author-published marker mapping; HPA-derived,a0de4a124e0a41986185a090fb142c6c8195399e
CHD1,monocytes,Ding et al. CellAge author-published marker mapping; HPA-derived,a0de4a124e0a41986185a090fb142c6c8195399e
SAMSN1,monocytes,Ding et al. CellAge author-published marker mapping; HPA-derived,a0de4a124e0a41986185a090fb142c6c8195399e
SLC2A6,monocytes,Ding et al. CellAge author-published marker mapping; HPA-derived,a0de4a124e0a41986185a090fb142c6c8195399e
HK3,monocytes,Ding et al. CellAge author-published marker mapping; HPA-derived,a0de4a124e0a41986185a090fb142c6c8195399e
LAPTM5,monocytes,Ding et al. CellAge author-published marker mapping; HPA-derived,a0de4a124e0a41986185a090fb142c6c8195399e
ZNF281,monocytes,Ding et al. CellAge author-published marker mapping; HPA-derived,a0de4a124e0a41986185a090fb142c6c8195399e
NLRP3,monocytes,Ding et al. CellAge author-published marker mapping; HPA-derived,a0de4a124e0a41986185a090fb142c6c8195399e
CTSS,monocytes,Ding et al. CellAge author-published marker mapping; HPA-derived,a0de4a124e0a41986185a090fb142c6c8195399e
RNF149,monocytes,Ding et al. CellAge author-published marker mapping; HPA-derived,a0de4a124e0a41986185a090fb142c6c8195399e
PTX3,monocytes,Ding et al. CellAge author-published marker mapping; HPA-derived,a0de4a124e0a41986185a090fb142c6c8195399e
SAP30,monocytes,Ding et al. CellAge author-published marker mapping; HPA-derived,a0de4a124e0a41986185a090fb142c6c8195399e
STARD4,monocytes,Ding et al. CellAge author-published marker mapping; HPA-derived,a0de4a124e0a41986185a090fb142c6c8195399e
MAPK7,monocytes,Ding et al. CellAge author-published marker mapping; HPA-derived,a0de4a124e0a41986185a090fb142c6c8195399e
CLEC4E,monocytes,Ding et al. CellAge author-published marker mapping; HPA-derived,a0de4a124e0a41986185a090fb142c6c8195399e
MS4A7,monocytes,Ding et al. CellAge author-published marker mapping; HPA-derived,a0de4a124e0a41986185a090fb142c6c8195399e
SNX20,monocytes,Ding et al. CellAge author-published marker mapping; HPA-derived,a0de4a124e0a41986185a090fb142c6c8195399e
TET2,monocytes,Ding et al. CellAge author-published marker mapping; HPA-derived,a0de4a124e0a41986185a090fb142c6c8195399e
CXCL10,monocytes,Ding et al. CellAge author-published marker mapping; HPA-derived,a0de4a124e0a41986185a090fb142c6c8195399e
LIMS1,monocytes,Ding et al. CellAge author-published marker mapping; HPA-derived,a0de4a124e0a41986185a090fb142c6c8195399e
CSGALNACT2,monocytes,Ding et al. CellAge author-published marker mapping; HPA-derived,a0de4a124e0a41986185a090fb142c6c8195399e
SERPINB9,monocytes,Ding et al. CellAge author-published marker mapping; HPA-derived,a0de4a124e0a41986185a090fb142c6c8195399e
FPR2,monocytes,Ding et al. CellAge author-published marker mapping; HPA-derived,a0de4a124e0a41986185a090fb142c6c8195399e
FPR1,monocytes,Ding et al. CellAge author-published marker mapping; HPA-derived,a0de4a124e0a41986185a090fb142c6c8195399e
CLEC7A,monocytes,Ding et al. CellAge author-published marker mapping; HPA-derived,a0de4a124e0a41986185a090fb142c6c8195399e
CLEC12A,monocytes,Ding et al. CellAge author-published marker mapping; HPA-derived,a0de4a124e0a41986185a090fb142c6c8195399e
SP3,monocytes,Ding et al. CellAge author-published marker mapping; HPA-derived,a0de4a124e0a41986185a090fb142c6c8195399e
MYD88,monocytes,Ding et al. CellAge author-published marker mapping; HPA-derived,a0de4a124e0a41986185a090fb142c6c8195399e
GRK2,monocytes,Ding et al. CellAge author-published marker mapping; HPA-derived,a0de4a124e0a41986185a090fb142c6c8195399e
ADGRE1,monocytes,Ding et al. CellAge author-published marker mapping; HPA-derived,a0de4a124e0a41986185a090fb142c6c8195399e
LRRC25,monocytes,Ding et al. CellAge author-published marker mapping; HPA-derived,a0de4a124e0a41986185a090fb142c6c8195399e
SLC35E3,monocytes,Ding et al. CellAge author-published marker mapping; HPA-derived,a0de4a124e0a41986185a090fb142c6c8195399e
OR2B11,monocytes,Ding et al. CellAge author-published marker mapping; HPA-derived,a0de4a124e0a41986185a090fb142c6c8195399e
SNX18,monocytes,Ding et al. CellAge author-published marker mapping; HPA-derived,a0de4a124e0a41986185a090fb142c6c8195399e
KCNE1,monocytes,Ding et al. CellAge author-published marker mapping; HPA-derived,a0de4a124e0a41986185a090fb142c6c8195399e
FRAT2,monocytes,Ding et al. CellAge author-published marker mapping; HPA-derived,a0de4a124e0a41986185a090fb142c6c8195399e
CHST15,monocytes,Ding et al. CellAge author-published marker mapping; HPA-derived,a0de4a124e0a41986185a090fb142c6c8195399e
PTGDR2,monocytes,Ding et al. CellAge author-published marker mapping; HPA-derived,a0de4a124e0a41986185a090fb142c6c8195399e
GPR132,monocytes,Ding et al. CellAge author-published marker mapping; HPA-derived,a0de4a124e0a41986185a090fb142c6c8195399e
MX2,monocytes,Ding et al. CellAge author-published marker mapping; HPA-derived,a0de4a124e0a41986185a090fb142c6c8195399e
YTHDF3,monocytes,Ding et al. CellAge author-published marker mapping; HPA-derived,a0de4a124e0a41986185a090fb142c6c8195399e
ZNF267,monocytes,Ding et al. CellAge author-published marker mapping; HPA-derived,a0de4a124e0a41986185a090fb142c6c8195399e
IRS2,monocytes,Ding et al. CellAge author-published marker mapping; HPA-derived,a0de4a124e0a41986185a090fb142c6c8195399e
CD300LF,monocytes,Ding et al. CellAge author-published marker mapping; HPA-derived,a0de4a124e0a41986185a090fb142c6c8195399e
CD300E,monocytes,Ding et al. CellAge author-published marker mapping; HPA-derived,a0de4a124e0a41986185a090fb142c6c8195399e
FCAR,monocytes,Ding et al. CellAge author-published marker mapping; HPA-derived,a0de4a124e0a41986185a090fb142c6c8195399e
NAP1L1,monocytes,Ding et al. CellAge author-published marker mapping; HPA-derived,a0de4a124e0a41986185a090fb142c6c8195399e
LILRA5,monocytes,Ding et al. CellAge author-published marker mapping; HPA-derived,a0de4a124e0a41986185a090fb142c6c8195399e
TREML4,monocytes,Ding et al. CellAge author-published marker mapping; HPA-derived,a0de4a124e0a41986185a090fb142c6c8195399e
C5AR1,monocytes,Ding et al. CellAge author-published marker mapping; HPA-derived,a0de4a124e0a41986185a090fb142c6c8195399e
SPN,monocytes,Ding et al. CellAge author-published marker mapping; HPA-derived,a0de4a124e0a41986185a090fb142c6c8195399e
SLC9A8,monocytes,Ding et al. CellAge author-published marker mapping; HPA-derived,a0de4a124e0a41986185a090fb142c6c8195399e
CYRIA,monocytes,Ding et al. CellAge author-published marker mapping; HPA-derived,a0de4a124e0a41986185a090fb142c6c8195399e
GK,monocytes,Ding et al. CellAge author-published marker mapping; HPA-derived,a0de4a124e0a41986185a090fb142c6c8195399e
LIPN,monocytes,Ding et al. CellAge author-published marker mapping; HPA-derived,a0de4a124e0a41986185a090fb142c6c8195399e
MAFB,monocytes,Ding et al. CellAge author-published marker mapping; HPA-derived,a0de4a124e0a41986185a090fb142c6c8195399e
LST1,monocytes,Ding et al. CellAge author-published marker mapping; HPA-derived,a0de4a124e0a41986185a090fb142c6c8195399e
LILRB3,monocytes,Ding et al. CellAge author-published marker mapping; HPA-derived,a0de4a124e0a41986185a090fb142c6c8195399e
TBC1D8,monocytes,Ding et al. CellAge author-published marker mapping; HPA-derived,a0de4a124e0a41986185a090fb142c6c8195399e
CNEP1R1,monocytes,Ding et al. CellAge author-published marker mapping; HPA-derived,a0de4a124e0a41986185a090fb142c6c8195399e
C19ORF38,monocytes,Ding et al. CellAge author-published marker mapping; HPA-derived,a0de4a124e0a41986185a090fb142c6c8195399e
BTBD19,monocytes,Ding et al. CellAge author-published marker mapping; HPA-derived,a0de4a124e0a41986185a090fb142c6c8195399e
ENSG00000235007,monocytes,Ding et al. CellAge author-published marker mapping; HPA-derived,a0de4a124e0a41986185a090fb142c6c8195399e
LILRA2,monocytes,Ding et al. CellAge author-published marker mapping; HPA-derived,a0de4a124e0a41986185a090fb142c6c8195399e
PTX4,monocytes,Ding et al. CellAge author-published marker mapping; HPA-derived,a0de4a124e0a41986185a090fb142c6c8195399e
LYN,monocytes,Ding et al. CellAge author-published marker mapping; HPA-derived,a0de4a124e0a41986185a090fb142c6c8195399e
CHMP1B,monocytes,Ding et al. CellAge author-published marker mapping; HPA-derived,a0de4a124e0a41986185a090fb142c6c8195399e
RASSF5,monocytes,Ding et al. CellAge author-published marker mapping; HPA-derived,a0de4a124e0a41986185a090fb142c6c8195399e
CD300H,monocytes,Ding et al. CellAge author-published marker mapping; HPA-derived,a0de4a124e0a41986185a090fb142c6c8195399e
