locus_id	sample	haplotype	hap_id	anchor_id	anchor_pos	allele_index	allele	assigned_to_hap_id
rs417915	HG00096	1	H19	rs417915	52842074	0	C	1
rs417915	HG00096	2	H1	rs417915	52842074	0	C	1
rs417915	HG00097	1	H1	rs417915	52842074	0	C	1
rs417915	HG00097	2	H2	rs417915	52842074	1	A	1
rs417915	HG00099	1	H2	rs417915	52842074	1	A	1
rs417915	HG00099	2	H14	rs417915	52842074	0	C	1
rs417915	HG00100	1	H6	rs417915	52842074	1	A	1
rs417915	HG00100	2	H123	rs417915	52842074	1	A	1
rs417915	HG00101	1	H2	rs417915	52842074	1	A	1
rs417915	HG00101	2	H1	rs417915	52842074	0	C	1
rs417915	HG00102	1	H1	rs417915	52842074	0	C	1
rs417915	HG00102	2	H18	rs417915	52842074	0	C	1
rs417915	HG00103	1	H2	rs417915	52842074	1	A	1
rs417915	HG00103	2	H6	rs417915	52842074	1	A	1
rs417915	HG00105	1	H55	rs417915	52842074	1	A	1
rs417915	HG00105	2	H2	rs417915	52842074	1	A	1
rs417915	HG00106	1	H1	rs417915	52842074	0	C	1
rs417915	HG00106	2	H1	rs417915	52842074	0	C	1
rs417915	HG00107	1	H346	rs417915	52842074	1	A	1
rs417915	HG00107	2	H1	rs417915	52842074	0	C	1
rs417915	HG00108	1	H1	rs417915	52842074	0	C	1
rs417915	HG00108	2	H14	rs417915	52842074	0	C	1
rs417915	HG00109	1	H2	rs417915	52842074	1	A	1
rs417915	HG00109	2	H1	rs417915	52842074	0	C	1
rs417915	HG00110	1	H182	rs417915	52842074	0	C	1
rs417915	HG00110	2	H2	rs417915	52842074	1	A	1
rs417915	HG00111	1	H2	rs417915	52842074	1	A	1
rs417915	HG00111	2	H19	rs417915	52842074	0	C	1
rs417915	HG00112	1	H19	rs417915	52842074	0	C	1
rs417915	HG00112	2	H19	rs417915	52842074	0	C	1
rs417915	HG00113	1	H20	rs417915	52842074	0	C	1
rs417915	HG00113	2	H6	rs417915	52842074	1	A	1
rs417915	HG00114	1	H14	rs417915	52842074	0	C	1
rs417915	HG00114	2	H1	rs417915	52842074	0	C	1
rs417915	HG00115	1	H14	rs417915	52842074	0	C	1
rs417915	HG00115	2	H2	rs417915	52842074	1	A	1
rs417915	HG00116	1	H10	rs417915	52842074	0	C	1
rs417915	HG00116	2	H61	rs417915	52842074	0	C	1
rs417915	HG00117	1	H127	rs417915	52842074	1	A	1
rs417915	HG00117	2	H1	rs417915	52842074	0	C	1
rs417915	HG00118	1	H2	rs417915	52842074	1	A	1
rs417915	HG00118	2	H1	rs417915	52842074	0	C	1
rs417915	HG00119	1	H7	rs417915	52842074	0	C	1
rs417915	HG00119	2	H2	rs417915	52842074	1	A	1
rs417915	HG00120	1	H449	rs417915	52842074	0	C	1
rs417915	HG00120	2	H6	rs417915	52842074	1	A	1
rs417915	HG00121	1	H200	rs417915	52842074	1	A	1
rs417915	HG00121	2	H6	rs417915	52842074	1	A	1
rs417915	HG00122	1	H1	rs417915	52842074	0	C	1
rs417915	HG00122	2	H7	rs417915	52842074	0	C	1
rs417915	HG00123	1	H1	rs417915	52842074	0	C	1
rs417915	HG00123	2	H2	rs417915	52842074	1	A	1
rs417915	HG00125	1	H1	rs417915	52842074	0	C	1
rs417915	HG00125	2	H306	rs417915	52842074	1	A	1
rs417915	HG00126	1	H308	rs417915	52842074	1	A	1
rs417915	HG00126	2	H310	rs417915	52842074	1	A	1
rs417915	HG00127	1	H207	rs417915	52842074	1	A	1
rs417915	HG00127	2	H19	rs417915	52842074	0	C	1
rs417915	HG00128	1	H1	rs417915	52842074	0	C	1
rs417915	HG00128	2	H1	rs417915	52842074	0	C	1
rs417915	HG00129	1	H125	rs417915	52842074	1	A	1
rs417915	HG00129	2	H7	rs417915	52842074	0	C	1
rs417915	HG00130	1	H2	rs417915	52842074	1	A	1
rs417915	HG00130	2	H2	rs417915	52842074	1	A	1
rs417915	HG00131	1	H1	rs417915	52842074	0	C	1
rs417915	HG00131	2	H2	rs417915	52842074	1	A	1
rs417915	HG00132	1	H40	rs417915	52842074	0	C	1
rs417915	HG00132	2	H1	rs417915	52842074	0	C	1
rs417915	HG00133	1	H2	rs417915	52842074	1	A	1
rs417915	HG00133	2	H6	rs417915	52842074	1	A	1
rs417915	HG00136	1	H2	rs417915	52842074	1	A	1
rs417915	HG00136	2	H1	rs417915	52842074	0	C	1
rs417915	HG00137	1	H2	rs417915	52842074	1	A	1
rs417915	HG00137	2	H7	rs417915	52842074	0	C	1
rs417915	HG00138	1	H2	rs417915	52842074	1	A	1
rs417915	HG00138	2	H1	rs417915	52842074	0	C	1
rs417915	HG00139	1	H14	rs417915	52842074	0	C	1
rs417915	HG00139	2	H249	rs417915	52842074	0	C	1
rs417915	HG00140	1	H7	rs417915	52842074	0	C	1
rs417915	HG00140	2	H1	rs417915	52842074	0	C	1
rs417915	HG00141	1	H10	rs417915	52842074	0	C	1
rs417915	HG00141	2	H474	rs417915	52842074	0	C	1
rs417915	HG00142	1	H2	rs417915	52842074	1	A	1
rs417915	HG00142	2	H18	rs417915	52842074	0	C	1
rs417915	HG00143	1	H19	rs417915	52842074	0	C	1
rs417915	HG00143	2	H34	rs417915	52842074	1	A	1
rs417915	HG00145	1	H1	rs417915	52842074	0	C	1
rs417915	HG00145	2	H14	rs417915	52842074	0	C	1
rs417915	HG00146	1	H263	rs417915	52842074	0	C	1
rs417915	HG00146	2	H7	rs417915	52842074	0	C	1
rs417915	HG00148	1	H2	rs417915	52842074	1	A	1
rs417915	HG00148	2	H33	rs417915	52842074	0	C	1
rs417915	HG00149	1	H19	rs417915	52842074	0	C	1
rs417915	HG00149	2	H2	rs417915	52842074	1	A	1
rs417915	HG00150	1	H10	rs417915	52842074	0	C	1
rs417915	HG00150	2	H10	rs417915	52842074	0	C	1
rs417915	HG00151	1	H2	rs417915	52842074	1	A	1
rs417915	HG00151	2	H20	rs417915	52842074	0	C	1
rs417915	HG00154	1	H1	rs417915	52842074	0	C	1
rs417915	HG00154	2	H1	rs417915	52842074	0	C	1
rs417915	HG00155	1	H1	rs417915	52842074	0	C	1
rs417915	HG00155	2	H40	rs417915	52842074	0	C	1
rs417915	HG00157	1	H1	rs417915	52842074	0	C	1
rs417915	HG00157	2	H19	rs417915	52842074	0	C	1
rs417915	HG00158	1	H15	rs417915	52842074	0	C	1
rs417915	HG00158	2	H33	rs417915	52842074	0	C	1
rs417915	HG00159	1	H1	rs417915	52842074	0	C	1
rs417915	HG00159	2	H1	rs417915	52842074	0	C	1
rs417915	HG00160	1	H2	rs417915	52842074	1	A	1
rs417915	HG00160	2	H14	rs417915	52842074	0	C	1
rs417915	HG00171	1	H1	rs417915	52842074	0	C	1
rs417915	HG00171	2	H7	rs417915	52842074	0	C	1
rs417915	HG00173	1	H1	rs417915	52842074	0	C	1
rs417915	HG00173	2	H1	rs417915	52842074	0	C	1
rs417915	HG00174	1	H10	rs417915	52842074	0	C	1
rs417915	HG00174	2	H250	rs417915	52842074	0	C	1
rs417915	HG00176	1	H1	rs417915	52842074	0	C	1
rs417915	HG00176	2	H2	rs417915	52842074	1	A	1
rs417915	HG00177	1	H136	rs417915	52842074	0	C	1
rs417915	HG00177	2	H1	rs417915	52842074	0	C	1
rs417915	HG00178	1	H1	rs417915	52842074	0	C	1
rs417915	HG00178	2	H6	rs417915	52842074	1	A	1
rs417915	HG00179	1	H28	rs417915	52842074	0	C	1
rs417915	HG00179	2	H125	rs417915	52842074	1	A	1
rs417915	HG00180	1	H10	rs417915	52842074	0	C	1
rs417915	HG00180	2	H2	rs417915	52842074	1	A	1
rs417915	HG00181	1	H7	rs417915	52842074	0	C	1
rs417915	HG00181	2	H12	rs417915	52842074	0	C	1
rs417915	HG00182	1	H344	rs417915	52842074	1	A	1
rs417915	HG00182	2	H1	rs417915	52842074	0	C	1
rs417915	HG00183	1	H6	rs417915	52842074	1	A	1
rs417915	HG00183	2	H40	rs417915	52842074	0	C	1
rs417915	HG00185	1	H34	rs417915	52842074	1	A	1
rs417915	HG00185	2	H6	rs417915	52842074	1	A	1
rs417915	HG00186	1	H2	rs417915	52842074	1	A	1
rs417915	HG00186	2	H7	rs417915	52842074	0	C	1
rs417915	HG00187	1	H1	rs417915	52842074	0	C	1
rs417915	HG00187	2	H7	rs417915	52842074	0	C	1
rs417915	HG00188	1	H4	rs417915	52842074	0	C	1
rs417915	HG00188	2	H450	rs417915	52842074	0	C	1
rs417915	HG00189	1	H4	rs417915	52842074	0	C	1
rs417915	HG00189	2	H165	rs417915	52842074	1	A	1
rs417915	HG00190	1	H287	rs417915	52842074	0	C	1
rs417915	HG00190	2	H1	rs417915	52842074	0	C	1
rs417915	HG00231	1	H10	rs417915	52842074	0	C	1
rs417915	HG00231	2	H2	rs417915	52842074	1	A	1
rs417915	HG00232	1	H2	rs417915	52842074	1	A	1
rs417915	HG00232	2	H1	rs417915	52842074	0	C	1
rs417915	HG00233	1	H441	rs417915	52842074	0	C	1
rs417915	HG00233	2	H7	rs417915	52842074	0	C	1
rs417915	HG00234	1	H10	rs417915	52842074	0	C	1
rs417915	HG00234	2	H14	rs417915	52842074	0	C	1
rs417915	HG00235	1	H2	rs417915	52842074	1	A	1
rs417915	HG00235	2	H19	rs417915	52842074	0	C	1
rs417915	HG00236	1	H18	rs417915	52842074	0	C	1
rs417915	HG00236	2	H120	rs417915	52842074	0	C	1
rs417915	HG00237	1	H18	rs417915	52842074	0	C	1
rs417915	HG00237	2	H6	rs417915	52842074	1	A	1
rs417915	HG00238	1	H351	rs417915	52842074	1	A	1
rs417915	HG00238	2	H1	rs417915	52842074	0	C	1
rs417915	HG00239	1	H7	rs417915	52842074	0	C	1
rs417915	HG00239	2	H2	rs417915	52842074	1	A	1
rs417915	HG00240	1	H1	rs417915	52842074	0	C	1
rs417915	HG00240	2	H2	rs417915	52842074	1	A	1
rs417915	HG00242	1	H10	rs417915	52842074	0	C	1
rs417915	HG00242	2	H14	rs417915	52842074	0	C	1
rs417915	HG00243	1	H111	rs417915	52842074	0	C	1
rs417915	HG00243	2	H2	rs417915	52842074	1	A	1
rs417915	HG00244	1	H1	rs417915	52842074	0	C	1
rs417915	HG00244	2	H1	rs417915	52842074	0	C	1
rs417915	HG00245	1	H10	rs417915	52842074	0	C	1
rs417915	HG00245	2	H2	rs417915	52842074	1	A	1
rs417915	HG00246	1	H4	rs417915	52842074	0	C	1
rs417915	HG00246	2	H2	rs417915	52842074	1	A	1
rs417915	HG00250	1	H7	rs417915	52842074	0	C	1
rs417915	HG00250	2	H2	rs417915	52842074	1	A	1
rs417915	HG00251	1	H4	rs417915	52842074	0	C	1
rs417915	HG00251	2	H1	rs417915	52842074	0	C	1
rs417915	HG00252	1	H10	rs417915	52842074	0	C	1
rs417915	HG00252	2	H19	rs417915	52842074	0	C	1
rs417915	HG00253	1	H2	rs417915	52842074	1	A	1
rs417915	HG00253	2	H6	rs417915	52842074	1	A	1
rs417915	HG00254	1	H2	rs417915	52842074	1	A	1
rs417915	HG00254	2	H6	rs417915	52842074	1	A	1
rs417915	HG00255	1	H2	rs417915	52842074	1	A	1
rs417915	HG00255	2	H14	rs417915	52842074	0	C	1
rs417915	HG00256	1	H14	rs417915	52842074	0	C	1
rs417915	HG00256	2	H2	rs417915	52842074	1	A	1
rs417915	HG00257	1	H1	rs417915	52842074	0	C	1
rs417915	HG00257	2	H18	rs417915	52842074	0	C	1
rs417915	HG00258	1	H7	rs417915	52842074	0	C	1
rs417915	HG00258	2	H2	rs417915	52842074	1	A	1
rs417915	HG00259	1	H12	rs417915	52842074	0	C	1
rs417915	HG00259	2	H7	rs417915	52842074	0	C	1
rs417915	HG00260	1	H1	rs417915	52842074	0	C	1
rs417915	HG00260	2	H6	rs417915	52842074	1	A	1
rs417915	HG00261	1	H53	rs417915	52842074	0	C	1
rs417915	HG00261	2	H2	rs417915	52842074	1	A	1
rs417915	HG00262	1	H481	rs417915	52842074	0	C	1
rs417915	HG00262	2	H1	rs417915	52842074	0	C	1
rs417915	HG00263	1	H1	rs417915	52842074	0	C	1
rs417915	HG00263	2	H1	rs417915	52842074	0	C	1
rs417915	HG00264	1	H1	rs417915	52842074	0	C	1
rs417915	HG00264	2	H18	rs417915	52842074	0	C	1
rs417915	HG00265	1	H1	rs417915	52842074	0	C	1
rs417915	HG00265	2	H19	rs417915	52842074	0	C	1
rs417915	HG00266	1	H7	rs417915	52842074	0	C	1
rs417915	HG00266	2	H6	rs417915	52842074	1	A	1
rs417915	HG00267	1	H1	rs417915	52842074	0	C	1
rs417915	HG00267	2	H18	rs417915	52842074	0	C	1
rs417915	HG00268	1	H2	rs417915	52842074	1	A	1
rs417915	HG00268	2	H421	rs417915	52842074	0	C	1
rs417915	HG00269	1	H1	rs417915	52842074	0	C	1
rs417915	HG00269	2	H20	rs417915	52842074	0	C	1
rs417915	HG00271	1	H2	rs417915	52842074	1	A	1
rs417915	HG00271	2	H6	rs417915	52842074	1	A	1
rs417915	HG00272	1	H19	rs417915	52842074	0	C	1
rs417915	HG00272	2	H14	rs417915	52842074	0	C	1
rs417915	HG00273	1	H2	rs417915	52842074	1	A	1
rs417915	HG00273	2	H338	rs417915	52842074	1	A	1
rs417915	HG00274	1	H53	rs417915	52842074	0	C	1
rs417915	HG00274	2	H34	rs417915	52842074	1	A	1
rs417915	HG00275	1	H1	rs417915	52842074	0	C	1
rs417915	HG00275	2	H6	rs417915	52842074	1	A	1
rs417915	HG00276	1	H7	rs417915	52842074	0	C	1
rs417915	HG00276	2	H182	rs417915	52842074	0	C	1
rs417915	HG00277	1	H14	rs417915	52842074	0	C	1
rs417915	HG00277	2	H34	rs417915	52842074	1	A	1
rs417915	HG00278	1	H12	rs417915	52842074	0	C	1
rs417915	HG00278	2	H7	rs417915	52842074	0	C	1
rs417915	HG00280	1	H250	rs417915	52842074	0	C	1
rs417915	HG00280	2	H1	rs417915	52842074	0	C	1
rs417915	HG00281	1	H1	rs417915	52842074	0	C	1
rs417915	HG00281	2	H1	rs417915	52842074	0	C	1
rs417915	HG00282	1	H2	rs417915	52842074	1	A	1
rs417915	HG00282	2	H6	rs417915	52842074	1	A	1
rs417915	HG00284	1	H1	rs417915	52842074	0	C	1
rs417915	HG00284	2	H7	rs417915	52842074	0	C	1
rs417915	HG00285	1	H1	rs417915	52842074	0	C	1
rs417915	HG00285	2	H51	rs417915	52842074	1	A	1
rs417915	HG00288	1	H1	rs417915	52842074	0	C	1
rs417915	HG00288	2	H7	rs417915	52842074	0	C	1
rs417915	HG00290	1	H12	rs417915	52842074	0	C	1
rs417915	HG00290	2	H1	rs417915	52842074	0	C	1
rs417915	HG00304	1	H55	rs417915	52842074	1	A	1
rs417915	HG00304	2	H6	rs417915	52842074	1	A	1
rs417915	HG00306	1	H1	rs417915	52842074	0	C	1
rs417915	HG00306	2	H228	rs417915	52842074	0	C	1
rs417915	HG00308	1	H7	rs417915	52842074	0	C	1
rs417915	HG00308	2	H2	rs417915	52842074	1	A	1
rs417915	HG00309	1	H291	rs417915	52842074	1	A	1
rs417915	HG00309	2	H1	rs417915	52842074	0	C	1
rs417915	HG00310	1	H55	rs417915	52842074	1	A	1
rs417915	HG00310	2	H20	rs417915	52842074	0	C	1
rs417915	HG00311	1	H70	rs417915	52842074	0	C	1
rs417915	HG00311	2	H55	rs417915	52842074	1	A	1
rs417915	HG00313	1	H1	rs417915	52842074	0	C	1
rs417915	HG00313	2	H2	rs417915	52842074	1	A	1
rs417915	HG00315	1	H10	rs417915	52842074	0	C	1
rs417915	HG00315	2	H7	rs417915	52842074	0	C	1
rs417915	HG00318	1	H7	rs417915	52842074	0	C	1
rs417915	HG00318	2	H51	rs417915	52842074	1	A	1
rs417915	HG00319	1	H1	rs417915	52842074	0	C	1
rs417915	HG00319	2	H1	rs417915	52842074	0	C	1
rs417915	HG00320	1	H1	rs417915	52842074	0	C	1
rs417915	HG00320	2	H51	rs417915	52842074	1	A	1
rs417915	HG00321	1	H2	rs417915	52842074	1	A	1
rs417915	HG00321	2	H4	rs417915	52842074	0	C	1
rs417915	HG00323	1	H2	rs417915	52842074	1	A	1
rs417915	HG00323	2	H7	rs417915	52842074	0	C	1
rs417915	HG00324	1	H1	rs417915	52842074	0	C	1
rs417915	HG00324	2	H8	rs417915	52842074	0	C	1
rs417915	HG00325	1	H7	rs417915	52842074	0	C	1
rs417915	HG00325	2	H34	rs417915	52842074	1	A	1
rs417915	HG00326	1	H20	rs417915	52842074	0	C	1
rs417915	HG00326	2	H7	rs417915	52842074	0	C	1
rs417915	HG00327	1	H1	rs417915	52842074	0	C	1
rs417915	HG00327	2	H34	rs417915	52842074	1	A	1
rs417915	HG00328	1	H53	rs417915	52842074	0	C	1
rs417915	HG00328	2	H53	rs417915	52842074	0	C	1
rs417915	HG00329	1	H1	rs417915	52842074	0	C	1
rs417915	HG00329	2	H1	rs417915	52842074	0	C	1
rs417915	HG00330	1	H53	rs417915	52842074	0	C	1
rs417915	HG00330	2	H1	rs417915	52842074	0	C	1
rs417915	HG00331	1	H1	rs417915	52842074	0	C	1
rs417915	HG00331	2	H2	rs417915	52842074	1	A	1
rs417915	HG00332	1	H2	rs417915	52842074	1	A	1
rs417915	HG00332	2	H1	rs417915	52842074	0	C	1
rs417915	HG00334	1	H412	rs417915	52842074	0	C	1
rs417915	HG00334	2	H6	rs417915	52842074	1	A	1
rs417915	HG00335	1	H105	rs417915	52842074	1	A	1
rs417915	HG00335	2	H40	rs417915	52842074	0	C	1
rs417915	HG00336	1	H34	rs417915	52842074	1	A	1
rs417915	HG00336	2	H1	rs417915	52842074	0	C	1
rs417915	HG00337	1	H7	rs417915	52842074	0	C	1
rs417915	HG00337	2	H18	rs417915	52842074	0	C	1
rs417915	HG00338	1	H1	rs417915	52842074	0	C	1
rs417915	HG00338	2	H1	rs417915	52842074	0	C	1
rs417915	HG00339	1	H2	rs417915	52842074	1	A	1
rs417915	HG00339	2	H1	rs417915	52842074	0	C	1
rs417915	HG00341	1	H315	rs417915	52842074	1	A	1
rs417915	HG00341	2	H1	rs417915	52842074	0	C	1
rs417915	HG00342	1	H4	rs417915	52842074	0	C	1
rs417915	HG00342	2	H2	rs417915	52842074	1	A	1
rs417915	HG00343	1	H1	rs417915	52842074	0	C	1
rs417915	HG00343	2	H7	rs417915	52842074	0	C	1
rs417915	HG00344	1	H350	rs417915	52842074	1	A	1
rs417915	HG00344	2	H7	rs417915	52842074	0	C	1
rs417915	HG00345	1	H1	rs417915	52842074	0	C	1
rs417915	HG00345	2	H55	rs417915	52842074	1	A	1
rs417915	HG00346	1	H2	rs417915	52842074	1	A	1
rs417915	HG00346	2	H105	rs417915	52842074	1	A	1
rs417915	HG00349	1	H7	rs417915	52842074	0	C	1
rs417915	HG00349	2	H1	rs417915	52842074	0	C	1
rs417915	HG00350	1	H40	rs417915	52842074	0	C	1
rs417915	HG00350	2	H7	rs417915	52842074	0	C	1
rs417915	HG00351	1	H7	rs417915	52842074	0	C	1
rs417915	HG00351	2	H42	rs417915	52842074	0	C	1
rs417915	HG00353	1	H2	rs417915	52842074	1	A	1
rs417915	HG00353	2	H7	rs417915	52842074	0	C	1
rs417915	HG00355	1	H15	rs417915	52842074	0	C	1
rs417915	HG00355	2	H1	rs417915	52842074	0	C	1
rs417915	HG00356	1	H2	rs417915	52842074	1	A	1
rs417915	HG00356	2	H14	rs417915	52842074	0	C	1
rs417915	HG00357	1	H1	rs417915	52842074	0	C	1
rs417915	HG00357	2	H136	rs417915	52842074	0	C	1
rs417915	HG00358	1	H2	rs417915	52842074	1	A	1
rs417915	HG00358	2	H1	rs417915	52842074	0	C	1
rs417915	HG00360	1	H1	rs417915	52842074	0	C	1
rs417915	HG00360	2	H123	rs417915	52842074	1	A	1
rs417915	HG00361	1	H12	rs417915	52842074	0	C	1
rs417915	HG00361	2	H1	rs417915	52842074	0	C	1
rs417915	HG00362	1	H2	rs417915	52842074	1	A	1
rs417915	HG00362	2	H6	rs417915	52842074	1	A	1
rs417915	HG00364	1	H2	rs417915	52842074	1	A	1
rs417915	HG00364	2	H10	rs417915	52842074	0	C	1
rs417915	HG00365	1	H2	rs417915	52842074	1	A	1
rs417915	HG00365	2	H7	rs417915	52842074	0	C	1
rs417915	HG00366	1	H20	rs417915	52842074	0	C	1
rs417915	HG00366	2	H40	rs417915	52842074	0	C	1
rs417915	HG00367	1	H233	rs417915	52842074	0	C	1
rs417915	HG00367	2	H1	rs417915	52842074	0	C	1
rs417915	HG00368	1	H7	rs417915	52842074	0	C	1
rs417915	HG00368	2	H22	rs417915	52842074	0	C	1
rs417915	HG00369	1	H2	rs417915	52842074	1	A	1
rs417915	HG00369	2	H7	rs417915	52842074	0	C	1
rs417915	HG00371	1	H8	rs417915	52842074	0	C	1
rs417915	HG00371	2	H2	rs417915	52842074	1	A	1
rs417915	HG00372	1	H7	rs417915	52842074	0	C	1
rs417915	HG00372	2	H2	rs417915	52842074	1	A	1
rs417915	HG00373	1	H1	rs417915	52842074	0	C	1
rs417915	HG00373	2	H1	rs417915	52842074	0	C	1
rs417915	HG00375	1	H40	rs417915	52842074	0	C	1
rs417915	HG00375	2	H2	rs417915	52842074	1	A	1
rs417915	HG00376	1	H2	rs417915	52842074	1	A	1
rs417915	HG00376	2	H1	rs417915	52842074	0	C	1
rs417915	HG00378	1	H539	rs417915	52842074	0	C	1
rs417915	HG00378	2	H1	rs417915	52842074	0	C	1
rs417915	HG00379	1	H2	rs417915	52842074	1	A	1
rs417915	HG00379	2	H7	rs417915	52842074	0	C	1
rs417915	HG00380	1	H10	rs417915	52842074	0	C	1
rs417915	HG00380	2	H40	rs417915	52842074	0	C	1
rs417915	HG00381	1	H18	rs417915	52842074	0	C	1
rs417915	HG00381	2	H2	rs417915	52842074	1	A	1
rs417915	HG00382	1	H1	rs417915	52842074	0	C	1
rs417915	HG00382	2	H1	rs417915	52842074	0	C	1
rs417915	HG00383	1	H6	rs417915	52842074	1	A	1
rs417915	HG00383	2	H61	rs417915	52842074	0	C	1
rs417915	HG00384	1	H2	rs417915	52842074	1	A	1
rs417915	HG00384	2	H182	rs417915	52842074	0	C	1
rs417915	HG00403	1	H208	rs417915	52842074	1	A	1
rs417915	HG00403	2	H67	rs417915	52842074	1	A	1
rs417915	HG00404	1	H1	rs417915	52842074	0	C	1
rs417915	HG00404	2	H3	rs417915	52842074	1	A	1
rs417915	HG00406	1	H5	rs417915	52842074	1	A	1
rs417915	HG00406	2	H48	rs417915	52842074	0	C	1
rs417915	HG00407	1	H5	rs417915	52842074	1	A	1
rs417915	HG00407	2	H4	rs417915	52842074	0	C	1
rs417915	HG00409	1	H3	rs417915	52842074	1	A	1
rs417915	HG00409	2	H1	rs417915	52842074	0	C	1
rs417915	HG00410	1	H3	rs417915	52842074	1	A	1
rs417915	HG00410	2	H1	rs417915	52842074	0	C	1
rs417915	HG00419	1	H3	rs417915	52842074	1	A	1
rs417915	HG00419	2	H5	rs417915	52842074	1	A	1
rs417915	HG00421	1	H461	rs417915	52842074	0	C	1
rs417915	HG00421	2	H163	rs417915	52842074	1	A	1
rs417915	HG00422	1	H5	rs417915	52842074	0	C	1
rs417915	HG00422	2	H69	rs417915	52842074	0	C	1
rs417915	HG00428	1	H3	rs417915	52842074	1	A	1
rs417915	HG00428	2	H163	rs417915	52842074	1	A	1
rs417915	HG00436	1	H3	rs417915	52842074	1	A	1
rs417915	HG00436	2	H5	rs417915	52842074	1	A	1
rs417915	HG00437	1	H164	rs417915	52842074	1	A	1
rs417915	HG00437	2	H1	rs417915	52842074	0	C	1
rs417915	HG00442	1	H4	rs417915	52842074	0	C	1
rs417915	HG00442	2	H1	rs417915	52842074	0	C	1
rs417915	HG00443	1	H1	rs417915	52842074	0	C	1
rs417915	HG00443	2	H4	rs417915	52842074	0	C	1
rs417915	HG00445	1	H27	rs417915	52842074	0	C	1
rs417915	HG00445	2	H27	rs417915	52842074	0	C	1
rs417915	HG00446	1	H4	rs417915	52842074	0	C	1
rs417915	HG00446	2	H5	rs417915	52842074	1	A	1
rs417915	HG00448	1	H4	rs417915	52842074	0	C	1
rs417915	HG00448	2	H94	rs417915	52842074	0	C	1
rs417915	HG00449	1	H4	rs417915	52842074	0	C	1
rs417915	HG00449	2	H5	rs417915	52842074	1	A	1
rs417915	HG00451	1	H317	rs417915	52842074	1	A	1
rs417915	HG00451	2	H5	rs417915	52842074	1	A	1
rs417915	HG00452	1	H240	rs417915	52842074	0	C	1
rs417915	HG00452	2	H5	rs417915	52842074	1	A	1
rs417915	HG00457	1	H31	rs417915	52842074	0	C	1
rs417915	HG00457	2	H172	rs417915	52842074	0	C	1
rs417915	HG00458	1	H4	rs417915	52842074	0	C	1
rs417915	HG00458	2	H5	rs417915	52842074	1	A	1
rs417915	HG00463	1	H48	rs417915	52842074	0	C	1
rs417915	HG00463	2	H4	rs417915	52842074	0	C	1
rs417915	HG00464	1	H56	rs417915	52842074	0	C	1
rs417915	HG00464	2	H4	rs417915	52842074	0	C	1
rs417915	HG00472	1	H27	rs417915	52842074	0	C	1
rs417915	HG00472	2	H5	rs417915	52842074	1	A	1
rs417915	HG00473	1	H4	rs417915	52842074	0	C	1
rs417915	HG00473	2	H5	rs417915	52842074	1	A	1
rs417915	HG00475	1	H5	rs417915	52842074	1	A	1
rs417915	HG00475	2	H1	rs417915	52842074	0	C	1
rs417915	HG00476	1	H4	rs417915	52842074	0	C	1
rs417915	HG00476	2	H3	rs417915	52842074	1	A	1
rs417915	HG00478	1	H48	rs417915	52842074	0	C	1
rs417915	HG00478	2	H3	rs417915	52842074	1	A	1
rs417915	HG00479	1	H4	rs417915	52842074	0	C	1
rs417915	HG00479	2	H5	rs417915	52842074	1	A	1
rs417915	HG00500	1	H102	rs417915	52842074	0	C	1
rs417915	HG00500	2	H5	rs417915	52842074	1	A	1
rs417915	HG00513	1	H5	rs417915	52842074	1	A	1
rs417915	HG00513	2	H56	rs417915	52842074	0	C	1
rs417915	HG00524	1	H6	rs417915	52842074	1	A	1
rs417915	HG00524	2	H1	rs417915	52842074	0	C	1
rs417915	HG00525	1	H5	rs417915	52842074	0	C	1
rs417915	HG00525	2	H395	rs417915	52842074	0	C	1
rs417915	HG00530	1	H4	rs417915	52842074	0	C	1
rs417915	HG00530	2	H1	rs417915	52842074	0	C	1
rs417915	HG00531	1	H5	rs417915	52842074	1	A	1
rs417915	HG00531	2	H3	rs417915	52842074	1	A	1
rs417915	HG00533	1	H3	rs417915	52842074	1	A	1
rs417915	HG00533	2	H5	rs417915	52842074	1	A	1
rs417915	HG00534	1	H4	rs417915	52842074	0	C	1
rs417915	HG00534	2	H27	rs417915	52842074	0	C	1
rs417915	HG00536	1	H3	rs417915	52842074	1	A	1
rs417915	HG00536	2	H5	rs417915	52842074	1	A	1
rs417915	HG00537	1	H3	rs417915	52842074	1	A	1
rs417915	HG00537	2	H5	rs417915	52842074	1	A	1
rs417915	HG00542	1	H6	rs417915	52842074	1	A	1
rs417915	HG00542	2	H1	rs417915	52842074	0	C	1
rs417915	HG00543	1	H1	rs417915	52842074	0	C	1
rs417915	HG00543	2	H5	rs417915	52842074	1	A	1
rs417915	HG00551	1	H115	rs417915	52842074	0	C	1
rs417915	HG00551	2	H1	rs417915	52842074	0	C	1
rs417915	HG00553	1	H2	rs417915	52842074	1	A	1
rs417915	HG00553	2	H20	rs417915	52842074	0	C	1
rs417915	HG00554	1	H207	rs417915	52842074	1	A	1
rs417915	HG00554	2	H7	rs417915	52842074	0	C	1
rs417915	HG00556	1	H1	rs417915	52842074	0	C	1
rs417915	HG00556	2	H245	rs417915	52842074	0	C	1
rs417915	HG00557	1	H5	rs417915	52842074	1	A	1
rs417915	HG00557	2	H72	rs417915	52842074	0	C	1
rs417915	HG00559	1	H4	rs417915	52842074	0	C	1
rs417915	HG00559	2	H24	rs417915	52842074	1	A	1
rs417915	HG00560	1	H1	rs417915	52842074	0	C	1
rs417915	HG00560	2	H82	rs417915	52842074	0	C	1
rs417915	HG00565	1	H24	rs417915	52842074	1	A	1
rs417915	HG00565	2	H360	rs417915	52842074	1	A	1
rs417915	HG00566	1	H3	rs417915	52842074	1	A	1
rs417915	HG00566	2	H24	rs417915	52842074	1	A	1
rs417915	HG00580	1	H4	rs417915	52842074	0	C	1
rs417915	HG00580	2	H3	rs417915	52842074	1	A	1
rs417915	HG00581	1	H1	rs417915	52842074	0	C	1
rs417915	HG00581	2	H3	rs417915	52842074	1	A	1
rs417915	HG00583	1	H5	rs417915	52842074	1	A	1
rs417915	HG00583	2	H1	rs417915	52842074	0	C	1
rs417915	HG00584	1	H8	rs417915	52842074	0	C	1
rs417915	HG00584	2	H106	rs417915	52842074	1	A	1
rs417915	HG00589	1	H3	rs417915	52842074	0	C	1
rs417915	HG00589	2	H5	rs417915	52842074	1	A	1
rs417915	HG00590	1	H3	rs417915	52842074	1	A	1
rs417915	HG00590	2	H31	rs417915	52842074	0	C	1
rs417915	HG00592	1	H1	rs417915	52842074	0	C	1
rs417915	HG00592	2	H3	rs417915	52842074	1	A	1
rs417915	HG00593	1	H1	rs417915	52842074	0	C	1
rs417915	HG00593	2	H1	rs417915	52842074	0	C	1
rs417915	HG00595	1	H4	rs417915	52842074	0	C	1
rs417915	HG00595	2	H1	rs417915	52842074	0	C	1
rs417915	HG00596	1	H24	rs417915	52842074	1	A	1
rs417915	HG00596	2	H2	rs417915	52842074	1	A	1
rs417915	HG00598	1	H94	rs417915	52842074	0	C	1
rs417915	HG00598	2	H94	rs417915	52842074	0	C	1
rs417915	HG00599	1	H3	rs417915	52842074	1	A	1
rs417915	HG00599	2	H4	rs417915	52842074	0	C	1
rs417915	HG00607	1	H3	rs417915	52842074	1	A	1
rs417915	HG00607	2	H5	rs417915	52842074	1	A	1
rs417915	HG00608	1	H163	rs417915	52842074	1	A	1
rs417915	HG00608	2	H491	rs417915	52842074	0	C	1
rs417915	HG00610	1	H2	rs417915	52842074	1	A	1
rs417915	HG00610	2	H3	rs417915	52842074	1	A	1
rs417915	HG00611	1	H3	rs417915	52842074	1	A	1
rs417915	HG00611	2	H24	rs417915	52842074	1	A	1
rs417915	HG00613	1	H3	rs417915	52842074	1	A	1
rs417915	HG00613	2	H215	rs417915	52842074	1	A	1
rs417915	HG00614	1	H22	rs417915	52842074	0	C	1
rs417915	HG00614	2	H3	rs417915	52842074	1	A	1
rs417915	HG00619	1	H4	rs417915	52842074	0	C	1
rs417915	HG00619	2	H56	rs417915	52842074	0	C	1
rs417915	HG00620	1	H72	rs417915	52842074	0	C	1
rs417915	HG00620	2	H4	rs417915	52842074	0	C	1
rs417915	HG00622	1	H3	rs417915	52842074	1	A	1
rs417915	HG00622	2	H56	rs417915	52842074	0	C	1
rs417915	HG00623	1	H1	rs417915	52842074	0	C	1
rs417915	HG00623	2	H22	rs417915	52842074	0	C	1
rs417915	HG00625	1	H48	rs417915	52842074	0	C	1
rs417915	HG00625	2	H3	rs417915	52842074	1	A	1
rs417915	HG00626	1	H1	rs417915	52842074	0	C	1
rs417915	HG00626	2	H77	rs417915	52842074	1	A	1
rs417915	HG00628	1	H1	rs417915	52842074	0	C	1
rs417915	HG00628	2	H3	rs417915	52842074	1	A	1
rs417915	HG00629	1	H3	rs417915	52842074	1	A	1
rs417915	HG00629	2	H77	rs417915	52842074	1	A	1
rs417915	HG00631	1	H369	rs417915	52842074	1	A	1
rs417915	HG00631	2	H227	rs417915	52842074	0	C	1
rs417915	HG00632	1	H1	rs417915	52842074	0	C	1
rs417915	HG00632	2	H4	rs417915	52842074	0	C	1
rs417915	HG00634	1	H4	rs417915	52842074	0	C	1
rs417915	HG00634	2	H1	rs417915	52842074	0	C	1
rs417915	HG00637	1	H22	rs417915	52842074	0	C	1
rs417915	HG00637	2	H7	rs417915	52842074	0	C	1
rs417915	HG00638	1	H347	rs417915	52842074	1	A	1
rs417915	HG00638	2	H59	rs417915	52842074	0	C	1
rs417915	HG00640	1	H8	rs417915	52842074	0	C	1
rs417915	HG00640	2	H2	rs417915	52842074	1	A	1
rs417915	HG00641	1	H1	rs417915	52842074	0	C	1
rs417915	HG00641	2	H6	rs417915	52842074	1	A	1
rs417915	HG00650	1	H77	rs417915	52842074	1	A	1
rs417915	HG00650	2	H1	rs417915	52842074	0	C	1
rs417915	HG00651	1	H5	rs417915	52842074	1	A	1
rs417915	HG00651	2	H1	rs417915	52842074	0	C	1
rs417915	HG00653	1	H5	rs417915	52842074	1	A	1
rs417915	HG00653	2	H4	rs417915	52842074	0	C	1
rs417915	HG00654	1	H4	rs417915	52842074	0	C	1
rs417915	HG00654	2	H134	rs417915	52842074	0	C	1
rs417915	HG00656	1	H35	rs417915	52842074	0	C	1
rs417915	HG00656	2	H203	rs417915	52842074	1	A	1
rs417915	HG00657	1	H3	rs417915	52842074	1	A	1
rs417915	HG00657	2	H110	rs417915	52842074	0	C	1
rs417915	HG00662	1	H1	rs417915	52842074	0	C	1
rs417915	HG00662	2	H27	rs417915	52842074	0	C	1
rs417915	HG00663	1	H134	rs417915	52842074	0	C	1
rs417915	HG00663	2	H345	rs417915	52842074	1	A	1
rs417915	HG00671	1	H35	rs417915	52842074	0	C	1
rs417915	HG00671	2	H1	rs417915	52842074	0	C	1
rs417915	HG00672	1	H1	rs417915	52842074	0	C	1
rs417915	HG00672	2	H358	rs417915	52842074	1	A	1
rs417915	HG00674	1	H329	rs417915	52842074	1	A	1
rs417915	HG00674	2	H27	rs417915	52842074	0	C	1
rs417915	HG00675	1	H3	rs417915	52842074	1	A	1
rs417915	HG00675	2	H368	rs417915	52842074	1	A	1
rs417915	HG00683	1	H235	rs417915	52842074	0	C	1
rs417915	HG00683	2	H5	rs417915	52842074	1	A	1
rs417915	HG00684	1	H1	rs417915	52842074	0	C	1
rs417915	HG00684	2	H245	rs417915	52842074	0	C	1
rs417915	HG00689	1	H27	rs417915	52842074	0	C	1
rs417915	HG00689	2	H56	rs417915	52842074	0	C	1
rs417915	HG00690	1	H3	rs417915	52842074	1	A	1
rs417915	HG00690	2	H116	rs417915	52842074	0	C	1
rs417915	HG00692	1	H2	rs417915	52842074	1	A	1
rs417915	HG00692	2	H130	rs417915	52842074	1	A	1
rs417915	HG00693	1	H5	rs417915	52842074	1	A	1
rs417915	HG00693	2	H1	rs417915	52842074	0	C	1
rs417915	HG00698	1	H5	rs417915	52842074	1	A	1
rs417915	HG00698	2	H258	rs417915	52842074	0	C	1
rs417915	HG00699	1	H31	rs417915	52842074	0	C	1
rs417915	HG00699	2	H4	rs417915	52842074	0	C	1
rs417915	HG00701	1	H3	rs417915	52842074	1	A	1
rs417915	HG00701	2	H4	rs417915	52842074	0	C	1
rs417915	HG00704	1	H48	rs417915	52842074	0	C	1
rs417915	HG00704	2	H214	rs417915	52842074	1	A	1
rs417915	HG00705	1	H24	rs417915	52842074	1	A	1
rs417915	HG00705	2	H5	rs417915	52842074	1	A	1
rs417915	HG00707	1	H251	rs417915	52842074	0	C	1
rs417915	HG00707	2	H5	rs417915	52842074	1	A	1
rs417915	HG00708	1	H5	rs417915	52842074	1	A	1
rs417915	HG00708	2	H4	rs417915	52842074	0	C	1
rs417915	HG00717	1	H3	rs417915	52842074	1	A	1
rs417915	HG00717	2	H48	rs417915	52842074	0	C	1
rs417915	HG00728	1	H4	rs417915	52842074	0	C	1
rs417915	HG00728	2	H3	rs417915	52842074	1	A	1
rs417915	HG00729	1	H399	rs417915	52842074	0	C	1
rs417915	HG00729	2	H93	rs417915	52842074	0	C	1
rs417915	HG00731	1	H7	rs417915	52842074	0	C	1
rs417915	HG00731	2	H1	rs417915	52842074	0	C	1
rs417915	HG00732	1	H1	rs417915	52842074	0	C	1
rs417915	HG00732	2	H14	rs417915	52842074	0	C	1
rs417915	HG00734	1	H270	rs417915	52842074	0	C	1
rs417915	HG00734	2	H19	rs417915	52842074	0	C	1
rs417915	HG00736	1	H6	rs417915	52842074	1	A	1
rs417915	HG00736	2	H2	rs417915	52842074	1	A	1
rs417915	HG00737	1	H8	rs417915	52842074	0	C	1
rs417915	HG00737	2	H1	rs417915	52842074	0	C	1
rs417915	HG00739	1	H7	rs417915	52842074	0	C	1
rs417915	HG00739	2	H174	rs417915	52842074	0	C	1
rs417915	HG00740	1	H2	rs417915	52842074	1	A	1
rs417915	HG00740	2	H1	rs417915	52842074	0	C	1
rs417915	HG00742	1	H448	rs417915	52842074	0	C	1
rs417915	HG00742	2	H11	rs417915	52842074	0	C	1
rs417915	HG00743	1	H14	rs417915	52842074	0	C	1
rs417915	HG00743	2	H3	rs417915	52842074	1	A	1
rs417915	HG00759	1	H27	rs417915	52842074	0	C	1
rs417915	HG00759	2	H35	rs417915	52842074	0	C	1
rs417915	HG00766	1	H27	rs417915	52842074	0	C	1
rs417915	HG00766	2	H1	rs417915	52842074	0	C	1
rs417915	HG00844	1	H1	rs417915	52842074	0	C	1
rs417915	HG00844	2	H72	rs417915	52842074	0	C	1
rs417915	HG00851	1	H69	rs417915	52842074	0	C	1
rs417915	HG00851	2	H1	rs417915	52842074	0	C	1
rs417915	HG00864	1	H3	rs417915	52842074	1	A	1
rs417915	HG00864	2	H1	rs417915	52842074	0	C	1
rs417915	HG00867	1	H4	rs417915	52842074	0	C	1
rs417915	HG00867	2	H106	rs417915	52842074	1	A	1
rs417915	HG00879	1	H240	rs417915	52842074	0	C	1
rs417915	HG00879	2	H119	rs417915	52842074	0	C	1
rs417915	HG00881	1	H3	rs417915	52842074	1	A	1
rs417915	HG00881	2	H31	rs417915	52842074	0	C	1
rs417915	HG00956	1	H5	rs417915	52842074	1	A	1
rs417915	HG00956	2	H1	rs417915	52842074	0	C	1
rs417915	HG00978	1	H1	rs417915	52842074	0	C	1
rs417915	HG00978	2	H1	rs417915	52842074	0	C	1
rs417915	HG00982	1	H170	rs417915	52842074	0	C	1
rs417915	HG00982	2	H3	rs417915	52842074	1	A	1
rs417915	HG01028	1	H1	rs417915	52842074	0	C	1
rs417915	HG01028	2	H206	rs417915	52842074	1	A	1
rs417915	HG01029	1	H31	rs417915	52842074	0	C	1
rs417915	HG01029	2	H95	rs417915	52842074	0	C	1
rs417915	HG01031	1	H392	rs417915	52842074	0	C	1
rs417915	HG01031	2	H4	rs417915	52842074	0	C	1
rs417915	HG01046	1	H4	rs417915	52842074	0	C	1
rs417915	HG01046	2	H1	rs417915	52842074	0	C	1
rs417915	HG01047	1	H4	rs417915	52842074	0	C	1
rs417915	HG01047	2	H6	rs417915	52842074	1	A	1
rs417915	HG01048	1	H189	rs417915	52842074	0	C	1
rs417915	HG01048	2	H229	rs417915	52842074	0	C	1
rs417915	HG01049	1	H1	rs417915	52842074	0	C	1
rs417915	HG01049	2	H88	rs417915	52842074	0	C	1
rs417915	HG01051	1	H1	rs417915	52842074	0	C	1
rs417915	HG01051	2	H10	rs417915	52842074	0	C	1
rs417915	HG01052	1	H2	rs417915	52842074	1	A	1
rs417915	HG01052	2	H1	rs417915	52842074	0	C	1
rs417915	HG01054	1	H7	rs417915	52842074	0	C	1
rs417915	HG01054	2	H2	rs417915	52842074	1	A	1
rs417915	HG01055	1	H6	rs417915	52842074	1	A	1
rs417915	HG01055	2	H2	rs417915	52842074	1	A	1
rs417915	HG01058	1	H7	rs417915	52842074	0	C	1
rs417915	HG01058	2	H14	rs417915	52842074	0	C	1
rs417915	HG01060	1	H1	rs417915	52842074	0	C	1
rs417915	HG01060	2	H8	rs417915	52842074	0	C	1
rs417915	HG01061	1	H12	rs417915	52842074	0	C	1
rs417915	HG01061	2	H22	rs417915	52842074	0	C	1
rs417915	HG01063	1	H7	rs417915	52842074	0	C	1
rs417915	HG01063	2	H516	rs417915	52842074	0	C	1
rs417915	HG01064	1	H7	rs417915	52842074	0	C	1
rs417915	HG01064	2	H19	rs417915	52842074	0	C	1
rs417915	HG01066	1	H14	rs417915	52842074	0	C	1
rs417915	HG01066	2	H18	rs417915	52842074	0	C	1
rs417915	HG01067	1	H7	rs417915	52842074	0	C	1
rs417915	HG01067	2	H437	rs417915	52842074	0	C	1
rs417915	HG01069	1	H7	rs417915	52842074	0	C	1
rs417915	HG01069	2	H20	rs417915	52842074	0	C	1
rs417915	HG01070	1	H2	rs417915	52842074	1	A	1
rs417915	HG01070	2	H6	rs417915	52842074	1	A	1
rs417915	HG01072	1	H509	rs417915	52842074	0	C	1
rs417915	HG01072	2	H6	rs417915	52842074	1	A	1
rs417915	HG01073	1	H34	rs417915	52842074	1	A	1
rs417915	HG01073	2	H14	rs417915	52842074	0	C	1
rs417915	HG01075	1	H270	rs417915	52842074	0	C	1
rs417915	HG01075	2	H10	rs417915	52842074	0	C	1
rs417915	HG01077	1	H2	rs417915	52842074	1	A	1
rs417915	HG01077	2	H7	rs417915	52842074	0	C	1
rs417915	HG01079	1	H15	rs417915	52842074	0	C	1
rs417915	HG01079	2	H19	rs417915	52842074	0	C	1
rs417915	HG01080	1	H3	rs417915	52842074	1	A	1
rs417915	HG01080	2	H12	rs417915	52842074	0	C	1
rs417915	HG01082	1	H1	rs417915	52842074	0	C	1
rs417915	HG01082	2	H19	rs417915	52842074	0	C	1
rs417915	HG01083	1	H6	rs417915	52842074	1	A	1
rs417915	HG01083	2	H7	rs417915	52842074	0	C	1
rs417915	HG01085	1	H2	rs417915	52842074	1	A	1
rs417915	HG01085	2	H1	rs417915	52842074	0	C	1
rs417915	HG01086	1	H8	rs417915	52842074	0	C	1
rs417915	HG01086	2	H1	rs417915	52842074	0	C	1
rs417915	HG01088	1	H2	rs417915	52842074	1	A	1
rs417915	HG01088	2	H6	rs417915	52842074	1	A	1
rs417915	HG01089	1	H7	rs417915	52842074	0	C	1
rs417915	HG01089	2	H1	rs417915	52842074	0	C	1
rs417915	HG01092	1	H1	rs417915	52842074	0	C	1
rs417915	HG01092	2	H133	rs417915	52842074	0	C	1
rs417915	HG01094	1	H9	rs417915	52842074	0	C	1
rs417915	HG01094	2	H34	rs417915	52842074	1	A	1
rs417915	HG01095	1	H1	rs417915	52842074	0	C	1
rs417915	HG01095	2	H121	rs417915	52842074	0	C	1
rs417915	HG01097	1	H1	rs417915	52842074	0	C	1
rs417915	HG01097	2	H7	rs417915	52842074	0	C	1
rs417915	HG01098	1	H1	rs417915	52842074	0	C	1
rs417915	HG01098	2	H5	rs417915	52842074	1	A	1
rs417915	HG01101	1	H275	rs417915	52842074	0	C	1
rs417915	HG01101	2	H1	rs417915	52842074	0	C	1
rs417915	HG01102	1	H25	rs417915	52842074	0	C	1
rs417915	HG01102	2	H1	rs417915	52842074	0	C	1
rs417915	HG01104	1	H61	rs417915	52842074	0	C	1
rs417915	HG01104	2	H8	rs417915	52842074	0	C	1
rs417915	HG01105	1	H7	rs417915	52842074	0	C	1
rs417915	HG01105	2	H61	rs417915	52842074	0	C	1
rs417915	HG01107	1	H30	rs417915	52842074	0	C	1
rs417915	HG01107	2	H25	rs417915	52842074	0	C	1
rs417915	HG01108	1	H49	rs417915	52842074	0	C	1
rs417915	HG01108	2	H4	rs417915	52842074	0	C	1
rs417915	HG01110	1	H19	rs417915	52842074	0	C	1
rs417915	HG01110	2	H193	rs417915	52842074	0	C	1
rs417915	HG01111	1	H223	rs417915	52842074	0	C	1
rs417915	HG01111	2	H127	rs417915	52842074	1	A	1
rs417915	HG01112	1	H180	rs417915	52842074	0	C	1
rs417915	HG01112	2	H10	rs417915	52842074	0	C	1
rs417915	HG01113	1	H1	rs417915	52842074	0	C	1
rs417915	HG01113	2	H8	rs417915	52842074	0	C	1
rs417915	HG01119	1	H6	rs417915	52842074	1	A	1
rs417915	HG01119	2	H1	rs417915	52842074	0	C	1
rs417915	HG01121	1	H4	rs417915	52842074	0	C	1
rs417915	HG01121	2	H2	rs417915	52842074	1	A	1
rs417915	HG01122	1	H14	rs417915	52842074	0	C	1
rs417915	HG01122	2	H10	rs417915	52842074	0	C	1
rs417915	HG01124	1	H7	rs417915	52842074	0	C	1
rs417915	HG01124	2	H7	rs417915	52842074	0	C	1
rs417915	HG01125	1	H157	rs417915	52842074	1	A	1
rs417915	HG01125	2	H14	rs417915	52842074	0	C	1
rs417915	HG01130	1	H18	rs417915	52842074	0	C	1
rs417915	HG01130	2	H1	rs417915	52842074	0	C	1
rs417915	HG01131	1	H1	rs417915	52842074	0	C	1
rs417915	HG01131	2	H4	rs417915	52842074	0	C	1
rs417915	HG01133	1	H18	rs417915	52842074	0	C	1
rs417915	HG01133	2	H1	rs417915	52842074	0	C	1
rs417915	HG01134	1	H122	rs417915	52842074	1	A	1
rs417915	HG01134	2	H6	rs417915	52842074	1	A	1
rs417915	HG01136	1	H122	rs417915	52842074	1	A	1
rs417915	HG01136	2	H8	rs417915	52842074	0	C	1
rs417915	HG01137	1	H2	rs417915	52842074	1	A	1
rs417915	HG01137	2	H1	rs417915	52842074	0	C	1
rs417915	HG01139	1	H152	rs417915	52842074	0	C	1
rs417915	HG01139	2	H18	rs417915	52842074	0	C	1
rs417915	HG01140	1	H14	rs417915	52842074	0	C	1
rs417915	HG01140	2	H143	rs417915	52842074	0	C	1
rs417915	HG01142	1	H1	rs417915	52842074	0	C	1
rs417915	HG01142	2	H157	rs417915	52842074	1	A	1
rs417915	HG01148	1	H22	rs417915	52842074	0	C	1
rs417915	HG01148	2	H1	rs417915	52842074	0	C	1
rs417915	HG01149	1	H8	rs417915	52842074	0	C	1
rs417915	HG01149	2	H157	rs417915	52842074	1	A	1
rs417915	HG01161	1	H520	rs417915	52842074	0	C	1
rs417915	HG01161	2	H1	rs417915	52842074	0	C	1
rs417915	HG01162	1	H473	rs417915	52842074	0	C	1
rs417915	HG01162	2	H22	rs417915	52842074	0	C	1
rs417915	HG01164	1	H2	rs417915	52842074	1	A	1
rs417915	HG01164	2	H6	rs417915	52842074	1	A	1
rs417915	HG01167	1	H50	rs417915	52842074	0	C	1
rs417915	HG01167	2	H1	rs417915	52842074	0	C	1
rs417915	HG01168	1	H4	rs417915	52842074	0	C	1
rs417915	HG01168	2	H9	rs417915	52842074	0	C	1
rs417915	HG01170	1	H2	rs417915	52842074	1	A	1
rs417915	HG01170	2	H19	rs417915	52842074	0	C	1
rs417915	HG01171	1	H180	rs417915	52842074	0	C	1
rs417915	HG01171	2	H1	rs417915	52842074	0	C	1
rs417915	HG01173	1	H2	rs417915	52842074	1	A	1
rs417915	HG01173	2	H6	rs417915	52842074	1	A	1
rs417915	HG01174	1	H466	rs417915	52842074	0	C	1
rs417915	HG01174	2	H18	rs417915	52842074	0	C	1
rs417915	HG01176	1	H2	rs417915	52842074	1	A	1
rs417915	HG01176	2	H17	rs417915	52842074	0	C	1
rs417915	HG01177	1	H464	rs417915	52842074	0	C	1
rs417915	HG01177	2	H189	rs417915	52842074	0	C	1
rs417915	HG01182	1	H16	rs417915	52842074	0	C	1
rs417915	HG01182	2	H41	rs417915	52842074	0	C	1
rs417915	HG01183	1	H1	rs417915	52842074	0	C	1
rs417915	HG01183	2	H1	rs417915	52842074	0	C	1
rs417915	HG01187	1	H2	rs417915	52842074	1	A	1
rs417915	HG01187	2	H5	rs417915	52842074	1	A	1
rs417915	HG01188	1	H75	rs417915	52842074	0	C	1
rs417915	HG01188	2	H7	rs417915	52842074	0	C	1
rs417915	HG01190	1	H1	rs417915	52842074	0	C	1
rs417915	HG01190	2	H1	rs417915	52842074	0	C	1
rs417915	HG01191	1	H2	rs417915	52842074	1	A	1
rs417915	HG01191	2	H2	rs417915	52842074	1	A	1
rs417915	HG01197	1	H7	rs417915	52842074	0	C	1
rs417915	HG01197	2	H2	rs417915	52842074	1	A	1
rs417915	HG01198	1	H10	rs417915	52842074	0	C	1
rs417915	HG01198	2	H180	rs417915	52842074	0	C	1
rs417915	HG01200	1	H22	rs417915	52842074	0	C	1
rs417915	HG01200	2	H7	rs417915	52842074	0	C	1
rs417915	HG01204	1	H1	rs417915	52842074	0	C	1
rs417915	HG01204	2	H121	rs417915	52842074	0	C	1
rs417915	HG01205	1	H189	rs417915	52842074	0	C	1
rs417915	HG01205	2	H471	rs417915	52842074	0	C	1
rs417915	HG01241	1	H51	rs417915	52842074	1	A	1
rs417915	HG01241	2	H1	rs417915	52842074	0	C	1
rs417915	HG01242	1	H19	rs417915	52842074	0	C	1
rs417915	HG01242	2	H10	rs417915	52842074	0	C	1
rs417915	HG01247	1	H1	rs417915	52842074	0	C	1
rs417915	HG01247	2	H1	rs417915	52842074	0	C	1
rs417915	HG01248	1	H199	rs417915	52842074	1	A	1
rs417915	HG01248	2	H1	rs417915	52842074	0	C	1
rs417915	HG01250	1	H1	rs417915	52842074	0	C	1
rs417915	HG01250	2	H9	rs417915	52842074	0	C	1
rs417915	HG01251	1	H2	rs417915	52842074	1	A	1
rs417915	HG01251	2	H6	rs417915	52842074	1	A	1
rs417915	HG01253	1	H9	rs417915	52842074	0	C	1
rs417915	HG01253	2	H1	rs417915	52842074	0	C	1
rs417915	HG01254	1	H406	rs417915	52842074	0	C	1
rs417915	HG01254	2	H483	rs417915	52842074	0	C	1
rs417915	HG01256	1	H10	rs417915	52842074	0	C	1
rs417915	HG01256	2	H20	rs417915	52842074	0	C	1
rs417915	HG01257	1	H143	rs417915	52842074	0	C	1
rs417915	HG01257	2	H18	rs417915	52842074	0	C	1
rs417915	HG01259	1	H14	rs417915	52842074	0	C	1
rs417915	HG01259	2	H1	rs417915	52842074	0	C	1
rs417915	HG01260	1	H8	rs417915	52842074	0	C	1
rs417915	HG01260	2	H16	rs417915	52842074	0	C	1
rs417915	HG01269	1	H299	rs417915	52842074	1	A	1
rs417915	HG01269	2	H538	rs417915	52842074	0	C	1
rs417915	HG01271	1	H14	rs417915	52842074	0	C	1
rs417915	HG01271	2	H14	rs417915	52842074	0	C	1
rs417915	HG01272	1	H153	rs417915	52842074	0	C	1
rs417915	HG01272	2	H8	rs417915	52842074	0	C	1
rs417915	HG01275	1	H6	rs417915	52842074	1	A	1
rs417915	HG01275	2	H14	rs417915	52842074	0	C	1
rs417915	HG01277	1	H2	rs417915	52842074	1	A	1
rs417915	HG01277	2	H1	rs417915	52842074	0	C	1
rs417915	HG01280	1	H1	rs417915	52842074	0	C	1
rs417915	HG01280	2	H10	rs417915	52842074	0	C	1
rs417915	HG01281	1	H9	rs417915	52842074	0	C	1
rs417915	HG01281	2	H1	rs417915	52842074	0	C	1
rs417915	HG01284	1	H14	rs417915	52842074	0	C	1
rs417915	HG01284	2	H34	rs417915	52842074	1	A	1
rs417915	HG01286	1	H2	rs417915	52842074	1	A	1
rs417915	HG01286	2	H7	rs417915	52842074	0	C	1
rs417915	HG01302	1	H34	rs417915	52842074	1	A	1
rs417915	HG01302	2	H5	rs417915	52842074	1	A	1
rs417915	HG01303	1	H2	rs417915	52842074	1	A	1
rs417915	HG01303	2	H8	rs417915	52842074	0	C	1
rs417915	HG01305	1	H3	rs417915	52842074	1	A	1
rs417915	HG01305	2	H46	rs417915	52842074	0	C	1
rs417915	HG01308	1	H8	rs417915	52842074	0	C	1
rs417915	HG01308	2	H1	rs417915	52842074	0	C	1
rs417915	HG01311	1	H1	rs417915	52842074	0	C	1
rs417915	HG01311	2	H3	rs417915	52842074	1	A	1
rs417915	HG01312	1	H1	rs417915	52842074	0	C	1
rs417915	HG01312	2	H29	rs417915	52842074	0	C	1
rs417915	HG01323	1	H17	rs417915	52842074	0	C	1
rs417915	HG01323	2	H6	rs417915	52842074	1	A	1
rs417915	HG01325	1	H14	rs417915	52842074	0	C	1
rs417915	HG01325	2	H124	rs417915	52842074	1	A	1
rs417915	HG01326	1	H275	rs417915	52842074	0	C	1
rs417915	HG01326	2	H2	rs417915	52842074	1	A	1
rs417915	HG01334	1	H1	rs417915	52842074	0	C	1
rs417915	HG01334	2	H1	rs417915	52842074	0	C	1
rs417915	HG01341	1	H8	rs417915	52842074	0	C	1
rs417915	HG01341	2	H6	rs417915	52842074	1	A	1
rs417915	HG01342	1	H30	rs417915	52842074	0	C	1
rs417915	HG01342	2	H2	rs417915	52842074	1	A	1
rs417915	HG01344	1	H19	rs417915	52842074	0	C	1
rs417915	HG01344	2	H469	rs417915	52842074	0	C	1
rs417915	HG01345	1	H2	rs417915	52842074	1	A	1
rs417915	HG01345	2	H2	rs417915	52842074	1	A	1
rs417915	HG01348	1	H2	rs417915	52842074	1	A	1
rs417915	HG01348	2	H194	rs417915	52842074	0	C	1
rs417915	HG01350	1	H8	rs417915	52842074	0	C	1
rs417915	HG01350	2	H8	rs417915	52842074	0	C	1
rs417915	HG01351	1	H8	rs417915	52842074	0	C	1
rs417915	HG01351	2	H143	rs417915	52842074	0	C	1
rs417915	HG01353	1	H6	rs417915	52842074	1	A	1
rs417915	HG01353	2	H122	rs417915	52842074	1	A	1
rs417915	HG01354	1	H2	rs417915	52842074	1	A	1
rs417915	HG01354	2	H173	rs417915	52842074	0	C	1
rs417915	HG01356	1	H10	rs417915	52842074	0	C	1
rs417915	HG01356	2	H2	rs417915	52842074	1	A	1
rs417915	HG01357	1	H229	rs417915	52842074	0	C	1
rs417915	HG01357	2	H255	rs417915	52842074	0	C	1
rs417915	HG01359	1	H1	rs417915	52842074	0	C	1
rs417915	HG01359	2	H8	rs417915	52842074	0	C	1
rs417915	HG01360	1	H18	rs417915	52842074	0	C	1
rs417915	HG01360	2	H2	rs417915	52842074	1	A	1
rs417915	HG01362	1	H83	rs417915	52842074	0	C	1
rs417915	HG01362	2	H1	rs417915	52842074	0	C	1
rs417915	HG01363	1	H6	rs417915	52842074	1	A	1
rs417915	HG01363	2	H15	rs417915	52842074	0	C	1
rs417915	HG01365	1	H1	rs417915	52842074	0	C	1
rs417915	HG01365	2	H98	rs417915	52842074	1	A	1
rs417915	HG01366	1	H76	rs417915	52842074	0	C	1
rs417915	HG01366	2	H10	rs417915	52842074	0	C	1
rs417915	HG01369	1	H7	rs417915	52842074	0	C	1
rs417915	HG01369	2	H403	rs417915	52842074	0	C	1
rs417915	HG01372	1	H142	rs417915	52842074	0	C	1
rs417915	HG01372	2	H5	rs417915	52842074	1	A	1
rs417915	HG01374	1	H3	rs417915	52842074	1	A	1
rs417915	HG01374	2	H105	rs417915	52842074	1	A	1
rs417915	HG01375	1	H18	rs417915	52842074	0	C	1
rs417915	HG01375	2	H41	rs417915	52842074	0	C	1
rs417915	HG01377	1	H124	rs417915	52842074	1	A	1
rs417915	HG01377	2	H2	rs417915	52842074	1	A	1
rs417915	HG01378	1	H1	rs417915	52842074	0	C	1
rs417915	HG01378	2	H1	rs417915	52842074	0	C	1
rs417915	HG01383	1	H173	rs417915	52842074	0	C	1
rs417915	HG01383	2	H2	rs417915	52842074	1	A	1
rs417915	HG01384	1	H10	rs417915	52842074	0	C	1
rs417915	HG01384	2	H3	rs417915	52842074	1	A	1
rs417915	HG01389	1	H2	rs417915	52842074	1	A	1
rs417915	HG01389	2	H6	rs417915	52842074	1	A	1
rs417915	HG01390	1	H50	rs417915	52842074	0	C	1
rs417915	HG01390	2	H53	rs417915	52842074	0	C	1
rs417915	HG01392	1	H6	rs417915	52842074	1	A	1
rs417915	HG01392	2	H1	rs417915	52842074	0	C	1
rs417915	HG01393	1	H19	rs417915	52842074	0	C	1
rs417915	HG01393	2	H19	rs417915	52842074	0	C	1
rs417915	HG01395	1	H20	rs417915	52842074	0	C	1
rs417915	HG01395	2	H14	rs417915	52842074	0	C	1
rs417915	HG01396	1	H8	rs417915	52842074	0	C	1
rs417915	HG01396	2	H8	rs417915	52842074	0	C	1
rs417915	HG01398	1	H7	rs417915	52842074	0	C	1
rs417915	HG01398	2	H1	rs417915	52842074	0	C	1
rs417915	HG01402	1	H1	rs417915	52842074	0	C	1
rs417915	HG01402	2	H19	rs417915	52842074	0	C	1
rs417915	HG01403	1	H12	rs417915	52842074	0	C	1
rs417915	HG01403	2	H33	rs417915	52842074	0	C	1
rs417915	HG01405	1	H12	rs417915	52842074	0	C	1
rs417915	HG01405	2	H6	rs417915	52842074	1	A	1
rs417915	HG01412	1	H7	rs417915	52842074	0	C	1
rs417915	HG01412	2	H30	rs417915	52842074	0	C	1
rs417915	HG01413	1	H75	rs417915	52842074	0	C	1
rs417915	HG01413	2	H8	rs417915	52842074	0	C	1
rs417915	HG01414	1	H8	rs417915	52842074	0	C	1
rs417915	HG01414	2	H14	rs417915	52842074	0	C	1
rs417915	HG01431	1	H10	rs417915	52842074	0	C	1
rs417915	HG01431	2	H9	rs417915	52842074	0	C	1
rs417915	HG01432	1	H1	rs417915	52842074	0	C	1
rs417915	HG01432	2	H8	rs417915	52842074	0	C	1
rs417915	HG01435	1	H1	rs417915	52842074	0	C	1
rs417915	HG01435	2	H1	rs417915	52842074	0	C	1
rs417915	HG01437	1	H2	rs417915	52842074	1	A	1
rs417915	HG01437	2	H2	rs417915	52842074	1	A	1
rs417915	HG01438	1	H10	rs417915	52842074	0	C	1
rs417915	HG01438	2	H7	rs417915	52842074	0	C	1
rs417915	HG01440	1	H2	rs417915	52842074	1	A	1
rs417915	HG01440	2	H1	rs417915	52842074	0	C	1
rs417915	HG01441	1	H15	rs417915	52842074	0	C	1
rs417915	HG01441	2	H8	rs417915	52842074	0	C	1
rs417915	HG01443	1	H8	rs417915	52842074	0	C	1
rs417915	HG01443	2	H18	rs417915	52842074	0	C	1
rs417915	HG01444	1	H6	rs417915	52842074	1	A	1
rs417915	HG01444	2	H8	rs417915	52842074	0	C	1
rs417915	HG01447	1	H2	rs417915	52842074	1	A	1
rs417915	HG01447	2	H14	rs417915	52842074	0	C	1
rs417915	HG01455	1	H1	rs417915	52842074	0	C	1
rs417915	HG01455	2	H153	rs417915	52842074	0	C	1
rs417915	HG01456	1	H1	rs417915	52842074	0	C	1
rs417915	HG01456	2	H8	rs417915	52842074	0	C	1
rs417915	HG01459	1	H1	rs417915	52842074	0	C	1
rs417915	HG01459	2	H15	rs417915	52842074	0	C	1
rs417915	HG01461	1	H1	rs417915	52842074	0	C	1
rs417915	HG01461	2	H2	rs417915	52842074	1	A	1
rs417915	HG01462	1	H20	rs417915	52842074	0	C	1
rs417915	HG01462	2	H42	rs417915	52842074	0	C	1
rs417915	HG01464	1	H3	rs417915	52842074	1	A	1
rs417915	HG01464	2	H20	rs417915	52842074	0	C	1
rs417915	HG01465	1	H1	rs417915	52842074	0	C	1
rs417915	HG01465	2	H8	rs417915	52842074	0	C	1
rs417915	HG01468	1	H1	rs417915	52842074	0	C	1
rs417915	HG01468	2	H8	rs417915	52842074	0	C	1
rs417915	HG01474	1	H194	rs417915	52842074	0	C	1
rs417915	HG01474	2	H1	rs417915	52842074	0	C	1
rs417915	HG01479	1	H14	rs417915	52842074	0	C	1
rs417915	HG01479	2	H14	rs417915	52842074	0	C	1
rs417915	HG01485	1	H4	rs417915	52842074	0	C	1
rs417915	HG01485	2	H1	rs417915	52842074	0	C	1
rs417915	HG01486	1	H8	rs417915	52842074	0	C	1
rs417915	HG01486	2	H51	rs417915	52842074	1	A	1
rs417915	HG01488	1	H124	rs417915	52842074	1	A	1
rs417915	HG01488	2	H6	rs417915	52842074	1	A	1
rs417915	HG01489	1	H2	rs417915	52842074	1	A	1
rs417915	HG01489	2	H6	rs417915	52842074	1	A	1
rs417915	HG01491	1	H312	rs417915	52842074	1	A	1
rs417915	HG01491	2	H1	rs417915	52842074	0	C	1
rs417915	HG01492	1	H19	rs417915	52842074	0	C	1
rs417915	HG01492	2	H1	rs417915	52842074	0	C	1
rs417915	HG01494	1	H14	rs417915	52842074	0	C	1
rs417915	HG01494	2	H8	rs417915	52842074	0	C	1
rs417915	HG01495	1	H197	rs417915	52842074	1	A	1
rs417915	HG01495	2	H47	rs417915	52842074	0	C	1
rs417915	HG01497	1	H8	rs417915	52842074	0	C	1
rs417915	HG01497	2	H4	rs417915	52842074	0	C	1
rs417915	HG01498	1	H1	rs417915	52842074	0	C	1
rs417915	HG01498	2	H19	rs417915	52842074	0	C	1
rs417915	HG01500	1	H2	rs417915	52842074	1	A	1
rs417915	HG01500	2	H19	rs417915	52842074	0	C	1
rs417915	HG01501	1	H20	rs417915	52842074	0	C	1
rs417915	HG01501	2	H19	rs417915	52842074	0	C	1
rs417915	HG01503	1	H7	rs417915	52842074	0	C	1
rs417915	HG01503	2	H6	rs417915	52842074	1	A	1
rs417915	HG01504	1	H2	rs417915	52842074	1	A	1
rs417915	HG01504	2	H2	rs417915	52842074	1	A	1
rs417915	HG01506	1	H162	rs417915	52842074	1	A	1
rs417915	HG01506	2	H53	rs417915	52842074	0	C	1
rs417915	HG01507	1	H1	rs417915	52842074	0	C	1
rs417915	HG01507	2	H12	rs417915	52842074	0	C	1
rs417915	HG01509	1	H19	rs417915	52842074	0	C	1
rs417915	HG01509	2	H40	rs417915	52842074	0	C	1
rs417915	HG01510	1	H1	rs417915	52842074	0	C	1
rs417915	HG01510	2	H2	rs417915	52842074	1	A	1
rs417915	HG01512	1	H7	rs417915	52842074	0	C	1
rs417915	HG01512	2	H2	rs417915	52842074	1	A	1
rs417915	HG01513	1	H2	rs417915	52842074	1	A	1
rs417915	HG01513	2	H211	rs417915	52842074	1	A	1
rs417915	HG01515	1	H10	rs417915	52842074	0	C	1
rs417915	HG01515	2	H18	rs417915	52842074	0	C	1
rs417915	HG01516	1	H7	rs417915	52842074	0	C	1
rs417915	HG01516	2	H6	rs417915	52842074	1	A	1
rs417915	HG01518	1	H1	rs417915	52842074	0	C	1
rs417915	HG01518	2	H363	rs417915	52842074	1	A	1
rs417915	HG01519	1	H6	rs417915	52842074	1	A	1
rs417915	HG01519	2	H4	rs417915	52842074	0	C	1
rs417915	HG01521	1	H6	rs417915	52842074	1	A	1
rs417915	HG01521	2	H10	rs417915	52842074	0	C	1
rs417915	HG01522	1	H6	rs417915	52842074	1	A	1
rs417915	HG01522	2	H1	rs417915	52842074	0	C	1
rs417915	HG01524	1	H2	rs417915	52842074	1	A	1
rs417915	HG01524	2	H1	rs417915	52842074	0	C	1
rs417915	HG01525	1	H6	rs417915	52842074	1	A	1
rs417915	HG01525	2	H10	rs417915	52842074	0	C	1
rs417915	HG01527	1	H19	rs417915	52842074	0	C	1
rs417915	HG01527	2	H1	rs417915	52842074	0	C	1
rs417915	HG01528	1	H10	rs417915	52842074	0	C	1
rs417915	HG01528	2	H7	rs417915	52842074	0	C	1
rs417915	HG01530	1	H6	rs417915	52842074	1	A	1
rs417915	HG01530	2	H2	rs417915	52842074	1	A	1
rs417915	HG01531	1	H55	rs417915	52842074	1	A	1
rs417915	HG01531	2	H6	rs417915	52842074	1	A	1
rs417915	HG01536	1	H2	rs417915	52842074	1	A	1
rs417915	HG01536	2	H253	rs417915	52842074	0	C	1
rs417915	HG01537	1	H280	rs417915	52842074	0	C	1
rs417915	HG01537	2	H4	rs417915	52842074	0	C	1
rs417915	HG01550	1	H6	rs417915	52842074	1	A	1
rs417915	HG01550	2	H8	rs417915	52842074	0	C	1
rs417915	HG01551	1	H16	rs417915	52842074	0	C	1
rs417915	HG01551	2	H11	rs417915	52842074	0	C	1
rs417915	HG01556	1	H2	rs417915	52842074	1	A	1
rs417915	HG01556	2	H6	rs417915	52842074	1	A	1
rs417915	HG01565	1	H8	rs417915	52842074	0	C	1
rs417915	HG01565	2	H98	rs417915	52842074	1	A	1
rs417915	HG01566	1	H24	rs417915	52842074	1	A	1
rs417915	HG01566	2	H7	rs417915	52842074	0	C	1
rs417915	HG01571	1	H2	rs417915	52842074	1	A	1
rs417915	HG01571	2	H14	rs417915	52842074	0	C	1
rs417915	HG01572	1	H8	rs417915	52842074	0	C	1
rs417915	HG01572	2	H1	rs417915	52842074	0	C	1
rs417915	HG01577	1	H12	rs417915	52842074	0	C	1
rs417915	HG01577	2	H1	rs417915	52842074	0	C	1
rs417915	HG01578	1	H1	rs417915	52842074	0	C	1
rs417915	HG01578	2	H8	rs417915	52842074	0	C	1
rs417915	HG01583	1	H20	rs417915	52842074	0	C	1
rs417915	HG01583	2	H137	rs417915	52842074	0	C	1
rs417915	HG01586	1	H1	rs417915	52842074	0	C	1
rs417915	HG01586	2	H1	rs417915	52842074	0	C	1
rs417915	HG01589	1	H4	rs417915	52842074	0	C	1
rs417915	HG01589	2	H85	rs417915	52842074	0	C	1
rs417915	HG01593	1	H1	rs417915	52842074	0	C	1
rs417915	HG01593	2	H73	rs417915	52842074	0	C	1
rs417915	HG01595	1	H444	rs417915	52842074	0	C	1
rs417915	HG01595	2	H35	rs417915	52842074	0	C	1
rs417915	HG01596	1	H1	rs417915	52842074	0	C	1
rs417915	HG01596	2	H1	rs417915	52842074	0	C	1
rs417915	HG01597	1	H492	rs417915	52842074	0	C	1
rs417915	HG01597	2	H31	rs417915	52842074	0	C	1
rs417915	HG01598	1	H5	rs417915	52842074	1	A	1
rs417915	HG01598	2	H365	rs417915	52842074	1	A	1
rs417915	HG01599	1	H1	rs417915	52842074	0	C	1
rs417915	HG01599	2	H5	rs417915	52842074	1	A	1
rs417915	HG01600	1	H102	rs417915	52842074	0	C	1
rs417915	HG01600	2	H3	rs417915	52842074	1	A	1
rs417915	HG01602	1	H2	rs417915	52842074	1	A	1
rs417915	HG01602	2	H7	rs417915	52842074	0	C	1
rs417915	HG01603	1	H18	rs417915	52842074	0	C	1
rs417915	HG01603	2	H1	rs417915	52842074	0	C	1
rs417915	HG01605	1	H57	rs417915	52842074	0	C	1
rs417915	HG01605	2	H314	rs417915	52842074	1	A	1
rs417915	HG01606	1	H19	rs417915	52842074	0	C	1
rs417915	HG01606	2	H1	rs417915	52842074	0	C	1
rs417915	HG01607	1	H123	rs417915	52842074	1	A	1
rs417915	HG01607	2	H6	rs417915	52842074	1	A	1
rs417915	HG01608	1	H7	rs417915	52842074	0	C	1
rs417915	HG01608	2	H1	rs417915	52842074	0	C	1
rs417915	HG01610	1	H43	rs417915	52842074	0	C	1
rs417915	HG01610	2	H53	rs417915	52842074	0	C	1
rs417915	HG01612	1	H2	rs417915	52842074	1	A	1
rs417915	HG01612	2	H22	rs417915	52842074	0	C	1
rs417915	HG01613	1	H7	rs417915	52842074	0	C	1
rs417915	HG01613	2	H34	rs417915	52842074	1	A	1
rs417915	HG01615	1	H6	rs417915	52842074	1	A	1
rs417915	HG01615	2	H2	rs417915	52842074	1	A	1
rs417915	HG01617	1	H2	rs417915	52842074	1	A	1
rs417915	HG01617	2	H19	rs417915	52842074	0	C	1
rs417915	HG01618	1	H2	rs417915	52842074	1	A	1
rs417915	HG01618	2	H19	rs417915	52842074	0	C	1
rs417915	HG01619	1	H20	rs417915	52842074	0	C	1
rs417915	HG01619	2	H1	rs417915	52842074	0	C	1
rs417915	HG01620	1	H142	rs417915	52842074	0	C	1
rs417915	HG01620	2	H2	rs417915	52842074	1	A	1
rs417915	HG01623	1	H2	rs417915	52842074	1	A	1
rs417915	HG01623	2	H7	rs417915	52842074	0	C	1
rs417915	HG01624	1	H1	rs417915	52842074	0	C	1
rs417915	HG01624	2	H10	rs417915	52842074	0	C	1
rs417915	HG01625	1	H7	rs417915	52842074	0	C	1
rs417915	HG01625	2	H22	rs417915	52842074	0	C	1
rs417915	HG01626	1	H22	rs417915	52842074	0	C	1
rs417915	HG01626	2	H2	rs417915	52842074	1	A	1
rs417915	HG01628	1	H7	rs417915	52842074	0	C	1
rs417915	HG01628	2	H2	rs417915	52842074	1	A	1
rs417915	HG01630	1	H53	rs417915	52842074	0	C	1
rs417915	HG01630	2	H33	rs417915	52842074	0	C	1
rs417915	HG01631	1	H10	rs417915	52842074	0	C	1
rs417915	HG01631	2	H1	rs417915	52842074	0	C	1
rs417915	HG01632	1	H2	rs417915	52842074	1	A	1
rs417915	HG01632	2	H1	rs417915	52842074	0	C	1
rs417915	HG01668	1	H303	rs417915	52842074	1	A	1
rs417915	HG01668	2	H341	rs417915	52842074	1	A	1
rs417915	HG01669	1	H19	rs417915	52842074	0	C	1
rs417915	HG01669	2	H7	rs417915	52842074	0	C	1
rs417915	HG01670	1	H2	rs417915	52842074	1	A	1
rs417915	HG01670	2	H7	rs417915	52842074	0	C	1
rs417915	HG01672	1	H7	rs417915	52842074	0	C	1
rs417915	HG01672	2	H121	rs417915	52842074	0	C	1
rs417915	HG01673	1	H111	rs417915	52842074	0	C	1
rs417915	HG01673	2	H6	rs417915	52842074	1	A	1
rs417915	HG01675	1	H2	rs417915	52842074	1	A	1
rs417915	HG01675	2	H190	rs417915	52842074	0	C	1
rs417915	HG01676	1	H14	rs417915	52842074	0	C	1
rs417915	HG01676	2	H2	rs417915	52842074	1	A	1
rs417915	HG01678	1	H53	rs417915	52842074	0	C	1
rs417915	HG01678	2	H10	rs417915	52842074	0	C	1
rs417915	HG01679	1	H2	rs417915	52842074	1	A	1
rs417915	HG01679	2	H19	rs417915	52842074	0	C	1
rs417915	HG01680	1	H1	rs417915	52842074	0	C	1
rs417915	HG01680	2	H2	rs417915	52842074	1	A	1
rs417915	HG01682	1	H1	rs417915	52842074	0	C	1
rs417915	HG01682	2	H2	rs417915	52842074	1	A	1
rs417915	HG01684	1	H7	rs417915	52842074	0	C	1
rs417915	HG01684	2	H280	rs417915	52842074	0	C	1
rs417915	HG01685	1	H2	rs417915	52842074	1	A	1
rs417915	HG01685	2	H1	rs417915	52842074	0	C	1
rs417915	HG01686	1	H34	rs417915	52842074	1	A	1
rs417915	HG01686	2	H6	rs417915	52842074	1	A	1
rs417915	HG01694	1	H2	rs417915	52842074	1	A	1
rs417915	HG01694	2	H7	rs417915	52842074	0	C	1
rs417915	HG01695	1	H1	rs417915	52842074	0	C	1
rs417915	HG01695	2	H2	rs417915	52842074	1	A	1
rs417915	HG01697	1	H19	rs417915	52842074	0	C	1
rs417915	HG01697	2	H18	rs417915	52842074	0	C	1
rs417915	HG01699	1	H2	rs417915	52842074	1	A	1
rs417915	HG01699	2	H6	rs417915	52842074	1	A	1
rs417915	HG01700	1	H2	rs417915	52842074	1	A	1
rs417915	HG01700	2	H19	rs417915	52842074	0	C	1
rs417915	HG01702	1	H2	rs417915	52842074	1	A	1
rs417915	HG01702	2	H1	rs417915	52842074	0	C	1
rs417915	HG01704	1	H2	rs417915	52842074	1	A	1
rs417915	HG01704	2	H18	rs417915	52842074	0	C	1
rs417915	HG01705	1	H7	rs417915	52842074	0	C	1
rs417915	HG01705	2	H153	rs417915	52842074	0	C	1
rs417915	HG01707	1	H2	rs417915	52842074	1	A	1
rs417915	HG01707	2	H34	rs417915	52842074	1	A	1
rs417915	HG01708	1	H7	rs417915	52842074	0	C	1
rs417915	HG01708	2	H2	rs417915	52842074	1	A	1
rs417915	HG01709	1	H19	rs417915	52842074	0	C	1
rs417915	HG01709	2	H21	rs417915	52842074	0	C	1
rs417915	HG01710	1	H20	rs417915	52842074	0	C	1
rs417915	HG01710	2	H1	rs417915	52842074	0	C	1
rs417915	HG01746	1	H2	rs417915	52842074	1	A	1
rs417915	HG01746	2	H2	rs417915	52842074	1	A	1
rs417915	HG01747	1	H40	rs417915	52842074	0	C	1
rs417915	HG01747	2	H10	rs417915	52842074	0	C	1
rs417915	HG01756	1	H6	rs417915	52842074	1	A	1
rs417915	HG01756	2	H121	rs417915	52842074	0	C	1
rs417915	HG01757	1	H6	rs417915	52842074	1	A	1
rs417915	HG01757	2	H61	rs417915	52842074	0	C	1
rs417915	HG01761	1	H20	rs417915	52842074	0	C	1
rs417915	HG01761	2	H40	rs417915	52842074	0	C	1
rs417915	HG01762	1	H6	rs417915	52842074	1	A	1
rs417915	HG01762	2	H1	rs417915	52842074	0	C	1
rs417915	HG01765	1	H2	rs417915	52842074	1	A	1
rs417915	HG01765	2	H1	rs417915	52842074	0	C	1
rs417915	HG01766	1	H22	rs417915	52842074	0	C	1
rs417915	HG01766	2	H111	rs417915	52842074	0	C	1
rs417915	HG01767	1	H1	rs417915	52842074	0	C	1
rs417915	HG01767	2	H1	rs417915	52842074	0	C	1
rs417915	HG01768	1	H18	rs417915	52842074	0	C	1
rs417915	HG01768	2	H2	rs417915	52842074	1	A	1
rs417915	HG01770	1	H10	rs417915	52842074	0	C	1
rs417915	HG01770	2	H115	rs417915	52842074	0	C	1
rs417915	HG01771	1	H2	rs417915	52842074	1	A	1
rs417915	HG01771	2	H10	rs417915	52842074	0	C	1
rs417915	HG01773	1	H20	rs417915	52842074	0	C	1
rs417915	HG01773	2	H2	rs417915	52842074	1	A	1
rs417915	HG01775	1	H472	rs417915	52842074	0	C	1
rs417915	HG01775	2	H7	rs417915	52842074	0	C	1
rs417915	HG01776	1	H447	rs417915	52842074	0	C	1
rs417915	HG01776	2	H4	rs417915	52842074	0	C	1
rs417915	HG01777	1	H51	rs417915	52842074	1	A	1
rs417915	HG01777	2	H2	rs417915	52842074	1	A	1
rs417915	HG01779	1	H6	rs417915	52842074	1	A	1
rs417915	HG01779	2	H1	rs417915	52842074	0	C	1
rs417915	HG01781	1	H2	rs417915	52842074	1	A	1
rs417915	HG01781	2	H190	rs417915	52842074	0	C	1
rs417915	HG01783	1	H1	rs417915	52842074	0	C	1
rs417915	HG01783	2	H2	rs417915	52842074	1	A	1
rs417915	HG01784	1	H20	rs417915	52842074	0	C	1
rs417915	HG01784	2	H2	rs417915	52842074	1	A	1
rs417915	HG01785	1	H1	rs417915	52842074	0	C	1
rs417915	HG01785	2	H125	rs417915	52842074	1	A	1
rs417915	HG01786	1	H51	rs417915	52842074	1	A	1
rs417915	HG01786	2	H1	rs417915	52842074	0	C	1
rs417915	HG01789	1	H2	rs417915	52842074	1	A	1
rs417915	HG01789	2	H10	rs417915	52842074	0	C	1
rs417915	HG01790	1	H7	rs417915	52842074	0	C	1
rs417915	HG01790	2	H15	rs417915	52842074	0	C	1
rs417915	HG01791	1	H2	rs417915	52842074	1	A	1
rs417915	HG01791	2	H10	rs417915	52842074	0	C	1
rs417915	HG01794	1	H2	rs417915	52842074	1	A	1
rs417915	HG01794	2	H69	rs417915	52842074	0	C	1
rs417915	HG01795	1	H31	rs417915	52842074	0	C	1
rs417915	HG01795	2	H8	rs417915	52842074	0	C	1
rs417915	HG01796	1	H56	rs417915	52842074	0	C	1
rs417915	HG01796	2	H1	rs417915	52842074	0	C	1
rs417915	HG01797	1	H4	rs417915	52842074	0	C	1
rs417915	HG01797	2	H1	rs417915	52842074	0	C	1
rs417915	HG01798	1	H241	rs417915	52842074	0	C	1
rs417915	HG01798	2	H5	rs417915	52842074	1	A	1
rs417915	HG01799	1	H1	rs417915	52842074	0	C	1
rs417915	HG01799	2	H12	rs417915	52842074	0	C	1
rs417915	HG01800	1	H72	rs417915	52842074	0	C	1
rs417915	HG01800	2	H3	rs417915	52842074	1	A	1
rs417915	HG01801	1	H35	rs417915	52842074	0	C	1
rs417915	HG01801	2	H4	rs417915	52842074	0	C	1
rs417915	HG01802	1	H204	rs417915	52842074	1	A	1
rs417915	HG01802	2	H4	rs417915	52842074	0	C	1
rs417915	HG01804	1	H6	rs417915	52842074	1	A	1
rs417915	HG01804	2	H116	rs417915	52842074	0	C	1
rs417915	HG01805	1	H4	rs417915	52842074	0	C	1
rs417915	HG01805	2	H27	rs417915	52842074	0	C	1
rs417915	HG01806	1	H31	rs417915	52842074	0	C	1
rs417915	HG01806	2	H1	rs417915	52842074	0	C	1
rs417915	HG01807	1	H3	rs417915	52842074	1	A	1
rs417915	HG01807	2	H5	rs417915	52842074	1	A	1
rs417915	HG01808	1	H3	rs417915	52842074	1	A	1
rs417915	HG01808	2	H31	rs417915	52842074	0	C	1
rs417915	HG01809	1	H5	rs417915	52842074	1	A	1
rs417915	HG01809	2	H93	rs417915	52842074	0	C	1
rs417915	HG01810	1	H5	rs417915	52842074	1	A	1
rs417915	HG01810	2	H1	rs417915	52842074	0	C	1
rs417915	HG01811	1	H106	rs417915	52842074	1	A	1
rs417915	HG01811	2	H4	rs417915	52842074	0	C	1
rs417915	HG01812	1	H5	rs417915	52842074	1	A	1
rs417915	HG01812	2	H27	rs417915	52842074	0	C	1
rs417915	HG01813	1	H8	rs417915	52842074	0	C	1
rs417915	HG01813	2	H5	rs417915	52842074	1	A	1
rs417915	HG01815	1	H158	rs417915	52842074	1	A	1
rs417915	HG01815	2	H69	rs417915	52842074	0	C	1
rs417915	HG01816	1	H3	rs417915	52842074	1	A	1
rs417915	HG01816	2	H31	rs417915	52842074	0	C	1
rs417915	HG01817	1	H3	rs417915	52842074	1	A	1
rs417915	HG01817	2	H6	rs417915	52842074	1	A	1
rs417915	HG01840	1	H116	rs417915	52842074	0	C	1
rs417915	HG01840	2	H3	rs417915	52842074	1	A	1
rs417915	HG01841	1	H208	rs417915	52842074	1	A	1
rs417915	HG01841	2	H5	rs417915	52842074	1	A	1
rs417915	HG01842	1	H1	rs417915	52842074	0	C	1
rs417915	HG01842	2	H3	rs417915	52842074	1	A	1
rs417915	HG01843	1	H1	rs417915	52842074	0	C	1
rs417915	HG01843	2	H3	rs417915	52842074	1	A	1
rs417915	HG01844	1	H3	rs417915	52842074	1	A	1
rs417915	HG01844	2	H31	rs417915	52842074	0	C	1
rs417915	HG01845	1	H69	rs417915	52842074	0	C	1
rs417915	HG01845	2	H1	rs417915	52842074	0	C	1
rs417915	HG01846	1	H364	rs417915	52842074	1	A	1
rs417915	HG01846	2	H5	rs417915	52842074	1	A	1
rs417915	HG01847	1	H72	rs417915	52842074	0	C	1
rs417915	HG01847	2	H4	rs417915	52842074	0	C	1
rs417915	HG01848	1	H181	rs417915	52842074	0	C	1
rs417915	HG01848	2	H4	rs417915	52842074	0	C	1
rs417915	HG01849	1	H95	rs417915	52842074	0	C	1
rs417915	HG01849	2	H251	rs417915	52842074	0	C	1
rs417915	HG01850	1	H1	rs417915	52842074	0	C	1
rs417915	HG01850	2	H1	rs417915	52842074	0	C	1
rs417915	HG01851	1	H3	rs417915	52842074	1	A	1
rs417915	HG01851	2	H5	rs417915	52842074	1	A	1
rs417915	HG01852	1	H1	rs417915	52842074	0	C	1
rs417915	HG01852	2	H27	rs417915	52842074	0	C	1
rs417915	HG01853	1	H3	rs417915	52842074	1	A	1
rs417915	HG01853	2	H1	rs417915	52842074	0	C	1
rs417915	HG01855	1	H320	rs417915	52842074	1	A	1
rs417915	HG01855	2	H5	rs417915	52842074	1	A	1
rs417915	HG01857	1	H1	rs417915	52842074	0	C	1
rs417915	HG01857	2	H155	rs417915	52842074	1	A	1
rs417915	HG01858	1	H1	rs417915	52842074	0	C	1
rs417915	HG01858	2	H4	rs417915	52842074	0	C	1
rs417915	HG01859	1	H3	rs417915	52842074	1	A	1
rs417915	HG01859	2	H5	rs417915	52842074	1	A	1
rs417915	HG01860	1	H35	rs417915	52842074	0	C	1
rs417915	HG01860	2	H27	rs417915	52842074	0	C	1
rs417915	HG01861	1	H95	rs417915	52842074	0	C	1
rs417915	HG01861	2	H93	rs417915	52842074	0	C	1
rs417915	HG01862	1	H1	rs417915	52842074	0	C	1
rs417915	HG01862	2	H224	rs417915	52842074	0	C	1
rs417915	HG01863	1	H77	rs417915	52842074	1	A	1
rs417915	HG01863	2	H1	rs417915	52842074	0	C	1
rs417915	HG01864	1	H256	rs417915	52842074	0	C	1
rs417915	HG01864	2	H1	rs417915	52842074	0	C	1
rs417915	HG01865	1	H3	rs417915	52842074	1	A	1
rs417915	HG01865	2	H27	rs417915	52842074	0	C	1
rs417915	HG01866	1	H3	rs417915	52842074	1	A	1
rs417915	HG01866	2	H27	rs417915	52842074	0	C	1
rs417915	HG01867	1	H1	rs417915	52842074	0	C	1
rs417915	HG01867	2	H3	rs417915	52842074	1	A	1
rs417915	HG01868	1	H3	rs417915	52842074	1	A	1
rs417915	HG01868	2	H5	rs417915	52842074	1	A	1
rs417915	HG01869	1	H1	rs417915	52842074	0	C	1
rs417915	HG01869	2	H3	rs417915	52842074	1	A	1
rs417915	HG01870	1	H327	rs417915	52842074	1	A	1
rs417915	HG01870	2	H5	rs417915	52842074	1	A	1
rs417915	HG01871	1	H355	rs417915	52842074	1	A	1
rs417915	HG01871	2	H1	rs417915	52842074	0	C	1
rs417915	HG01872	1	H31	rs417915	52842074	0	C	1
rs417915	HG01872	2	H5	rs417915	52842074	1	A	1
rs417915	HG01873	1	H212	rs417915	52842074	1	A	1
rs417915	HG01873	2	H2	rs417915	52842074	1	A	1
rs417915	HG01874	1	H176	rs417915	52842074	0	C	1
rs417915	HG01874	2	H5	rs417915	52842074	1	A	1
rs417915	HG01878	1	H262	rs417915	52842074	0	C	1
rs417915	HG01878	2	H5	rs417915	52842074	1	A	1
rs417915	HG01879	1	H25	rs417915	52842074	0	C	1
rs417915	HG01879	2	H17	rs417915	52842074	0	C	1
rs417915	HG01880	1	H81	rs417915	52842074	0	C	1
rs417915	HG01880	2	H2	rs417915	52842074	1	A	1
rs417915	HG01882	1	H9	rs417915	52842074	0	C	1
rs417915	HG01882	2	H23	rs417915	52842074	0	C	1
rs417915	HG01883	1	H32	rs417915	52842074	0	C	1
rs417915	HG01883	2	H9	rs417915	52842074	0	C	1
rs417915	HG01885	1	H11	rs417915	52842074	0	C	1
rs417915	HG01885	2	H29	rs417915	52842074	0	C	1
rs417915	HG01886	1	H12	rs417915	52842074	0	C	1
rs417915	HG01886	2	H13	rs417915	52842074	0	C	1
rs417915	HG01889	1	H76	rs417915	52842074	0	C	1
rs417915	HG01889	2	H52	rs417915	52842074	0	C	1
rs417915	HG01890	1	H1	rs417915	52842074	0	C	1
rs417915	HG01890	2	H43	rs417915	52842074	0	C	1
rs417915	HG01892	1	H1	rs417915	52842074	0	C	1
rs417915	HG01892	2	H8	rs417915	52842074	0	C	1
rs417915	HG01893	1	H8	rs417915	52842074	0	C	1
rs417915	HG01893	2	H2	rs417915	52842074	1	A	1
rs417915	HG01894	1	H21	rs417915	52842074	0	C	1
rs417915	HG01894	2	H18	rs417915	52842074	0	C	1
rs417915	HG01896	1	H43	rs417915	52842074	0	C	1
rs417915	HG01896	2	H135	rs417915	52842074	0	C	1
rs417915	HG01912	1	H23	rs417915	52842074	0	C	1
rs417915	HG01912	2	H17	rs417915	52842074	0	C	1
rs417915	HG01914	1	H43	rs417915	52842074	0	C	1
rs417915	HG01914	2	H494	rs417915	52842074	0	C	1
rs417915	HG01915	1	H1	rs417915	52842074	0	C	1
rs417915	HG01915	2	H11	rs417915	52842074	0	C	1
rs417915	HG01917	1	H5	rs417915	52842074	1	A	1
rs417915	HG01917	2	H30	rs417915	52842074	0	C	1
rs417915	HG01918	1	H30	rs417915	52842074	0	C	1
rs417915	HG01918	2	H3	rs417915	52842074	1	A	1
rs417915	HG01920	1	H30	rs417915	52842074	0	C	1
rs417915	HG01920	2	H1	rs417915	52842074	0	C	1
rs417915	HG01921	1	H66	rs417915	52842074	1	A	1
rs417915	HG01921	2	H30	rs417915	52842074	0	C	1
rs417915	HG01923	1	H30	rs417915	52842074	0	C	1
rs417915	HG01923	2	H18	rs417915	52842074	0	C	1
rs417915	HG01924	1	H8	rs417915	52842074	0	C	1
rs417915	HG01924	2	H12	rs417915	52842074	0	C	1
rs417915	HG01926	1	H66	rs417915	52842074	1	A	1
rs417915	HG01926	2	H8	rs417915	52842074	0	C	1
rs417915	HG01927	1	H8	rs417915	52842074	0	C	1
rs417915	HG01927	2	H8	rs417915	52842074	0	C	1
rs417915	HG01932	1	H30	rs417915	52842074	0	C	1
rs417915	HG01932	2	H10	rs417915	52842074	0	C	1
rs417915	HG01933	1	H28	rs417915	52842074	0	C	1
rs417915	HG01933	2	H1	rs417915	52842074	0	C	1
rs417915	HG01935	1	H1	rs417915	52842074	0	C	1
rs417915	HG01935	2	H30	rs417915	52842074	0	C	1
rs417915	HG01936	1	H8	rs417915	52842074	0	C	1
rs417915	HG01936	2	H5	rs417915	52842074	1	A	1
rs417915	HG01938	1	H1	rs417915	52842074	0	C	1
rs417915	HG01938	2	H402	rs417915	52842074	0	C	1
rs417915	HG01939	1	H1	rs417915	52842074	0	C	1
rs417915	HG01939	2	H7	rs417915	52842074	0	C	1
rs417915	HG01941	1	H8	rs417915	52842074	0	C	1
rs417915	HG01941	2	H1	rs417915	52842074	0	C	1
rs417915	HG01942	1	H1	rs417915	52842074	0	C	1
rs417915	HG01942	2	H1	rs417915	52842074	0	C	1
rs417915	HG01944	1	H319	rs417915	52842074	1	A	1
rs417915	HG01944	2	H4	rs417915	52842074	0	C	1
rs417915	HG01945	1	H8	rs417915	52842074	0	C	1
rs417915	HG01945	2	H1	rs417915	52842074	0	C	1
rs417915	HG01947	1	H2	rs417915	52842074	1	A	1
rs417915	HG01947	2	H8	rs417915	52842074	0	C	1
rs417915	HG01948	1	H301	rs417915	52842074	1	A	1
rs417915	HG01948	2	H1	rs417915	52842074	0	C	1
rs417915	HG01950	1	H476	rs417915	52842074	0	C	1
rs417915	HG01950	2	H16	rs417915	52842074	0	C	1
rs417915	HG01951	1	H8	rs417915	52842074	0	C	1
rs417915	HG01951	2	H8	rs417915	52842074	0	C	1
rs417915	HG01953	1	H8	rs417915	52842074	0	C	1
rs417915	HG01953	2	H6	rs417915	52842074	1	A	1
rs417915	HG01954	1	H8	rs417915	52842074	0	C	1
rs417915	HG01954	2	H30	rs417915	52842074	0	C	1
rs417915	HG01956	1	H49	rs417915	52842074	0	C	1
rs417915	HG01956	2	H11	rs417915	52842074	0	C	1
rs417915	HG01958	1	H11	rs417915	52842074	0	C	1
rs417915	HG01958	2	H1	rs417915	52842074	0	C	1
rs417915	HG01961	1	H8	rs417915	52842074	0	C	1
rs417915	HG01961	2	H30	rs417915	52842074	0	C	1
rs417915	HG01965	1	H120	rs417915	52842074	0	C	1
rs417915	HG01965	2	H2	rs417915	52842074	1	A	1
rs417915	HG01967	1	H10	rs417915	52842074	0	C	1
rs417915	HG01967	2	H20	rs417915	52842074	0	C	1
rs417915	HG01968	1	H1	rs417915	52842074	0	C	1
rs417915	HG01968	2	H30	rs417915	52842074	0	C	1
rs417915	HG01970	1	H5	rs417915	52842074	1	A	1
rs417915	HG01970	2	H7	rs417915	52842074	0	C	1
rs417915	HG01971	1	H8	rs417915	52842074	0	C	1
rs417915	HG01971	2	H1	rs417915	52842074	0	C	1
rs417915	HG01973	1	H4	rs417915	52842074	0	C	1
rs417915	HG01973	2	H6	rs417915	52842074	1	A	1
rs417915	HG01974	1	H8	rs417915	52842074	0	C	1
rs417915	HG01974	2	H485	rs417915	52842074	0	C	1
rs417915	HG01976	1	H1	rs417915	52842074	0	C	1
rs417915	HG01976	2	H6	rs417915	52842074	1	A	1
rs417915	HG01977	1	H5	rs417915	52842074	1	A	1
rs417915	HG01977	2	H30	rs417915	52842074	0	C	1
rs417915	HG01979	1	H8	rs417915	52842074	0	C	1
rs417915	HG01979	2	H2	rs417915	52842074	1	A	1
rs417915	HG01980	1	H1	rs417915	52842074	0	C	1
rs417915	HG01980	2	H405	rs417915	52842074	0	C	1
rs417915	HG01982	1	H1	rs417915	52842074	0	C	1
rs417915	HG01982	2	H15	rs417915	52842074	0	C	1
rs417915	HG01985	1	H1	rs417915	52842074	0	C	1
rs417915	HG01985	2	H12	rs417915	52842074	0	C	1
rs417915	HG01986	1	H76	rs417915	52842074	0	C	1
rs417915	HG01986	2	H32	rs417915	52842074	0	C	1
rs417915	HG01988	1	H25	rs417915	52842074	0	C	1
rs417915	HG01988	2	H18	rs417915	52842074	0	C	1
rs417915	HG01989	1	H17	rs417915	52842074	0	C	1
rs417915	HG01989	2	H9	rs417915	52842074	0	C	1
rs417915	HG01990	1	H50	rs417915	52842074	0	C	1
rs417915	HG01990	2	H1	rs417915	52842074	0	C	1
rs417915	HG01991	1	H1	rs417915	52842074	0	C	1
rs417915	HG01991	2	H18	rs417915	52842074	0	C	1
rs417915	HG01992	1	H1	rs417915	52842074	0	C	1
rs417915	HG01992	2	H1	rs417915	52842074	0	C	1
rs417915	HG01997	1	H8	rs417915	52842074	0	C	1
rs417915	HG01997	2	H8	rs417915	52842074	0	C	1
rs417915	HG02002	1	H30	rs417915	52842074	0	C	1
rs417915	HG02002	2	H3	rs417915	52842074	1	A	1
rs417915	HG02003	1	H66	rs417915	52842074	1	A	1
rs417915	HG02003	2	H19	rs417915	52842074	0	C	1
rs417915	HG02006	1	H10	rs417915	52842074	0	C	1
rs417915	HG02006	2	H194	rs417915	52842074	0	C	1
rs417915	HG02008	1	H8	rs417915	52842074	0	C	1
rs417915	HG02008	2	H1	rs417915	52842074	0	C	1
rs417915	HG02009	1	H71	rs417915	52842074	0	C	1
rs417915	HG02009	2	H1	rs417915	52842074	0	C	1
rs417915	HG02010	1	H2	rs417915	52842074	1	A	1
rs417915	HG02010	2	H36	rs417915	52842074	0	C	1
rs417915	HG02012	1	H49	rs417915	52842074	0	C	1
rs417915	HG02012	2	H39	rs417915	52842074	0	C	1
rs417915	HG02013	1	H47	rs417915	52842074	0	C	1
rs417915	HG02013	2	H9	rs417915	52842074	0	C	1
rs417915	HG02014	1	H13	rs417915	52842074	0	C	1
rs417915	HG02014	2	H1	rs417915	52842074	0	C	1
rs417915	HG02016	1	H3	rs417915	52842074	1	A	1
rs417915	HG02016	2	H367	rs417915	52842074	1	A	1
rs417915	HG02017	1	H3	rs417915	52842074	1	A	1
rs417915	HG02017	2	H67	rs417915	52842074	1	A	1
rs417915	HG02019	1	H3	rs417915	52842074	1	A	1
rs417915	HG02019	2	H1	rs417915	52842074	0	C	1
rs417915	HG02020	1	H1	rs417915	52842074	0	C	1
rs417915	HG02020	2	H2	rs417915	52842074	1	A	1
rs417915	HG02023	1	H292	rs417915	52842074	1	A	1
rs417915	HG02023	2	H5	rs417915	52842074	1	A	1
rs417915	HG02025	1	H102	rs417915	52842074	0	C	1
rs417915	HG02025	2	H2	rs417915	52842074	1	A	1
rs417915	HG02026	1	H1	rs417915	52842074	0	C	1
rs417915	HG02026	2	H3	rs417915	52842074	1	A	1
rs417915	HG02028	1	H216	rs417915	52842074	1	A	1
rs417915	HG02028	2	H3	rs417915	52842074	1	A	1
rs417915	HG02029	1	H82	rs417915	52842074	0	C	1
rs417915	HG02029	2	H3	rs417915	52842074	1	A	1
rs417915	HG02031	1	H366	rs417915	52842074	1	A	1
rs417915	HG02031	2	H1	rs417915	52842074	0	C	1
rs417915	HG02032	1	H1	rs417915	52842074	0	C	1
rs417915	HG02032	2	H5	rs417915	52842074	1	A	1
rs417915	HG02035	1	H82	rs417915	52842074	0	C	1
rs417915	HG02035	2	H1	rs417915	52842074	0	C	1
rs417915	HG02040	1	H2	rs417915	52842074	1	A	1
rs417915	HG02040	2	H5	rs417915	52842074	1	A	1
rs417915	HG02047	1	H56	rs417915	52842074	0	C	1
rs417915	HG02047	2	H72	rs417915	52842074	0	C	1
rs417915	HG02048	1	H1	rs417915	52842074	0	C	1
rs417915	HG02048	2	H241	rs417915	52842074	0	C	1
rs417915	HG02049	1	H35	rs417915	52842074	0	C	1
rs417915	HG02049	2	H5	rs417915	52842074	1	A	1
rs417915	HG02050	1	H5	rs417915	52842074	1	A	1
rs417915	HG02050	2	H3	rs417915	52842074	1	A	1
rs417915	HG02051	1	H17	rs417915	52842074	0	C	1
rs417915	HG02051	2	H13	rs417915	52842074	0	C	1
rs417915	HG02052	1	H11	rs417915	52842074	0	C	1
rs417915	HG02052	2	H11	rs417915	52842074	0	C	1
rs417915	HG02053	1	H12	rs417915	52842074	0	C	1
rs417915	HG02053	2	H29	rs417915	52842074	0	C	1
rs417915	HG02054	1	H13	rs417915	52842074	0	C	1
rs417915	HG02054	2	H1	rs417915	52842074	0	C	1
rs417915	HG02057	1	H72	rs417915	52842074	0	C	1
rs417915	HG02057	2	H1	rs417915	52842074	0	C	1
rs417915	HG02058	1	H4	rs417915	52842074	0	C	1
rs417915	HG02058	2	H4	rs417915	52842074	0	C	1
rs417915	HG02060	1	H256	rs417915	52842074	0	C	1
rs417915	HG02060	2	H4	rs417915	52842074	0	C	1
rs417915	HG02061	1	H1	rs417915	52842074	0	C	1
rs417915	HG02061	2	H93	rs417915	52842074	0	C	1
rs417915	HG02064	1	H5	rs417915	52842074	1	A	1
rs417915	HG02064	2	H1	rs417915	52842074	0	C	1
rs417915	HG02067	1	H4	rs417915	52842074	0	C	1
rs417915	HG02067	2	H2	rs417915	52842074	1	A	1
rs417915	HG02069	1	H1	rs417915	52842074	0	C	1
rs417915	HG02069	2	H95	rs417915	52842074	0	C	1
rs417915	HG02070	1	H27	rs417915	52842074	0	C	1
rs417915	HG02070	2	H5	rs417915	52842074	1	A	1
rs417915	HG02072	1	H5	rs417915	52842074	1	A	1
rs417915	HG02072	2	H72	rs417915	52842074	0	C	1
rs417915	HG02073	1	H258	rs417915	52842074	0	C	1
rs417915	HG02073	2	H5	rs417915	52842074	1	A	1
rs417915	HG02075	1	H4	rs417915	52842074	0	C	1
rs417915	HG02075	2	H1	rs417915	52842074	0	C	1
rs417915	HG02076	1	H77	rs417915	52842074	1	A	1
rs417915	HG02076	2	H4	rs417915	52842074	0	C	1
rs417915	HG02078	1	H1	rs417915	52842074	0	C	1
rs417915	HG02078	2	H134	rs417915	52842074	0	C	1
rs417915	HG02079	1	H4	rs417915	52842074	0	C	1
rs417915	HG02079	2	H2	rs417915	52842074	1	A	1
rs417915	HG02081	1	H3	rs417915	52842074	1	A	1
rs417915	HG02081	2	H4	rs417915	52842074	0	C	1
rs417915	HG02082	1	H69	rs417915	52842074	0	C	1
rs417915	HG02082	2	H1	rs417915	52842074	0	C	1
rs417915	HG02084	1	H1	rs417915	52842074	0	C	1
rs417915	HG02084	2	H69	rs417915	52842074	0	C	1
rs417915	HG02085	1	H1	rs417915	52842074	0	C	1
rs417915	HG02085	2	H493	rs417915	52842074	0	C	1
rs417915	HG02086	1	H67	rs417915	52842074	1	A	1
rs417915	HG02086	2	H3	rs417915	52842074	1	A	1
rs417915	HG02087	1	H2	rs417915	52842074	1	A	1
rs417915	HG02087	2	H31	rs417915	52842074	0	C	1
rs417915	HG02088	1	H3	rs417915	52842074	1	A	1
rs417915	HG02088	2	H214	rs417915	52842074	1	A	1
rs417915	HG02089	1	H8	rs417915	52842074	0	C	1
rs417915	HG02089	2	H436	rs417915	52842074	0	C	1
rs417915	HG02090	1	H1	rs417915	52842074	0	C	1
rs417915	HG02090	2	H401	rs417915	52842074	0	C	1
rs417915	HG02095	1	H103	rs417915	52842074	0	C	1
rs417915	HG02095	2	H1	rs417915	52842074	0	C	1
rs417915	HG02102	1	H2	rs417915	52842074	1	A	1
rs417915	HG02102	2	H6	rs417915	52842074	1	A	1
rs417915	HG02104	1	H8	rs417915	52842074	0	C	1
rs417915	HG02104	2	H8	rs417915	52842074	0	C	1
rs417915	HG02105	1	H1	rs417915	52842074	0	C	1
rs417915	HG02105	2	H416	rs417915	52842074	0	C	1
rs417915	HG02107	1	H545	rs417915	52842074	0	C	1
rs417915	HG02107	2	H75	rs417915	52842074	0	C	1
rs417915	HG02108	1	H11	rs417915	52842074	0	C	1
rs417915	HG02108	2	H21	rs417915	52842074	0	C	1
rs417915	HG02111	1	H9	rs417915	52842074	0	C	1
rs417915	HG02111	2	H13	rs417915	52842074	0	C	1
rs417915	HG02113	1	H1	rs417915	52842074	0	C	1
rs417915	HG02113	2	H4	rs417915	52842074	0	C	1
rs417915	HG02116	1	H1	rs417915	52842074	0	C	1
rs417915	HG02116	2	H26	rs417915	52842074	0	C	1
rs417915	HG02121	1	H24	rs417915	52842074	1	A	1
rs417915	HG02121	2	H35	rs417915	52842074	0	C	1
rs417915	HG02122	1	H1	rs417915	52842074	0	C	1
rs417915	HG02122	2	H110	rs417915	52842074	0	C	1
rs417915	HG02127	1	H328	rs417915	52842074	1	A	1
rs417915	HG02127	2	H1	rs417915	52842074	0	C	1
rs417915	HG02128	1	H331	rs417915	52842074	1	A	1
rs417915	HG02128	2	H3	rs417915	52842074	1	A	1
rs417915	HG02130	1	H3	rs417915	52842074	1	A	1
rs417915	HG02130	2	H215	rs417915	52842074	1	A	1
rs417915	HG02131	1	H4	rs417915	52842074	0	C	1
rs417915	HG02131	2	H27	rs417915	52842074	0	C	1
rs417915	HG02133	1	H1	rs417915	52842074	0	C	1
rs417915	HG02133	2	H95	rs417915	52842074	0	C	1
rs417915	HG02134	1	H1	rs417915	52842074	0	C	1
rs417915	HG02134	2	H1	rs417915	52842074	0	C	1
rs417915	HG02136	1	H3	rs417915	52842074	1	A	1
rs417915	HG02136	2	H5	rs417915	52842074	1	A	1
rs417915	HG02137	1	H31	rs417915	52842074	0	C	1
rs417915	HG02137	2	H31	rs417915	52842074	0	C	1
rs417915	HG02138	1	H3	rs417915	52842074	1	A	1
rs417915	HG02138	2	H216	rs417915	52842074	1	A	1
rs417915	HG02139	1	H93	rs417915	52842074	0	C	1
rs417915	HG02139	2	H333	rs417915	52842074	1	A	1
rs417915	HG02140	1	H1	rs417915	52842074	0	C	1
rs417915	HG02140	2	H69	rs417915	52842074	0	C	1
rs417915	HG02141	1	H181	rs417915	52842074	0	C	1
rs417915	HG02141	2	H3	rs417915	52842074	1	A	1
rs417915	HG02142	1	H248	rs417915	52842074	0	C	1
rs417915	HG02142	2	H18	rs417915	52842074	0	C	1
rs417915	HG02143	1	H17	rs417915	52842074	0	C	1
rs417915	HG02143	2	H335	rs417915	52842074	1	A	1
rs417915	HG02144	1	H32	rs417915	52842074	0	C	1
rs417915	HG02144	2	H43	rs417915	52842074	0	C	1
rs417915	HG02146	1	H8	rs417915	52842074	0	C	1
rs417915	HG02146	2	H30	rs417915	52842074	0	C	1
rs417915	HG02147	1	H66	rs417915	52842074	1	A	1
rs417915	HG02147	2	H7	rs417915	52842074	0	C	1
rs417915	HG02150	1	H8	rs417915	52842074	0	C	1
rs417915	HG02150	2	H3	rs417915	52842074	1	A	1
rs417915	HG02151	1	H1	rs417915	52842074	0	C	1
rs417915	HG02151	2	H1	rs417915	52842074	0	C	1
rs417915	HG02152	1	H27	rs417915	52842074	0	C	1
rs417915	HG02152	2	H170	rs417915	52842074	0	C	1
rs417915	HG02153	1	H31	rs417915	52842074	0	C	1
rs417915	HG02153	2	H1	rs417915	52842074	0	C	1
rs417915	HG02154	1	H3	rs417915	52842074	1	A	1
rs417915	HG02154	2	H24	rs417915	52842074	1	A	1
rs417915	HG02155	1	H1	rs417915	52842074	0	C	1
rs417915	HG02155	2	H31	rs417915	52842074	0	C	1
rs417915	HG02156	1	H2	rs417915	52842074	1	A	1
rs417915	HG02156	2	H95	rs417915	52842074	0	C	1
rs417915	HG02164	1	H72	rs417915	52842074	0	C	1
rs417915	HG02164	2	H77	rs417915	52842074	1	A	1
rs417915	HG02165	1	H1	rs417915	52842074	0	C	1
rs417915	HG02165	2	H1	rs417915	52842074	0	C	1
rs417915	HG02166	1	H311	rs417915	52842074	1	A	1
rs417915	HG02166	2	H318	rs417915	52842074	1	A	1
rs417915	HG02178	1	H3	rs417915	52842074	1	A	1
rs417915	HG02178	2	H1	rs417915	52842074	0	C	1
rs417915	HG02179	1	H1	rs417915	52842074	0	C	1
rs417915	HG02179	2	H226	rs417915	52842074	0	C	1
rs417915	HG02180	1	H1	rs417915	52842074	0	C	1
rs417915	HG02180	2	H3	rs417915	52842074	1	A	1
rs417915	HG02181	1	H1	rs417915	52842074	0	C	1
rs417915	HG02181	2	H31	rs417915	52842074	0	C	1
rs417915	HG02182	1	H1	rs417915	52842074	0	C	1
rs417915	HG02182	2	H1	rs417915	52842074	0	C	1
rs417915	HG02184	1	H1	rs417915	52842074	0	C	1
rs417915	HG02184	2	H1	rs417915	52842074	0	C	1
rs417915	HG02185	1	H3	rs417915	52842074	1	A	1
rs417915	HG02185	2	H1	rs417915	52842074	0	C	1
rs417915	HG02186	1	H4	rs417915	52842074	0	C	1
rs417915	HG02186	2	H56	rs417915	52842074	0	C	1
rs417915	HG02187	1	H204	rs417915	52842074	1	A	1
rs417915	HG02187	2	H486	rs417915	52842074	0	C	1
rs417915	HG02188	1	H4	rs417915	52842074	0	C	1
rs417915	HG02188	2	H24	rs417915	52842074	1	A	1
rs417915	HG02190	1	H24	rs417915	52842074	1	A	1
rs417915	HG02190	2	H3	rs417915	52842074	1	A	1
rs417915	HG02215	1	H1	rs417915	52842074	0	C	1
rs417915	HG02215	2	H1	rs417915	52842074	0	C	1
rs417915	HG02219	1	H1	rs417915	52842074	0	C	1
rs417915	HG02219	2	H15	rs417915	52842074	0	C	1
rs417915	HG02220	1	H2	rs417915	52842074	1	A	1
rs417915	HG02220	2	H34	rs417915	52842074	1	A	1
rs417915	HG02221	1	H2	rs417915	52842074	1	A	1
rs417915	HG02221	2	H506	rs417915	52842074	0	C	1
rs417915	HG02223	1	H121	rs417915	52842074	0	C	1
rs417915	HG02223	2	H7	rs417915	52842074	0	C	1
rs417915	HG02224	1	H1	rs417915	52842074	0	C	1
rs417915	HG02224	2	H18	rs417915	52842074	0	C	1
rs417915	HG02230	1	H1	rs417915	52842074	0	C	1
rs417915	HG02230	2	H2	rs417915	52842074	1	A	1
rs417915	HG02231	1	H7	rs417915	52842074	0	C	1
rs417915	HG02231	2	H2	rs417915	52842074	1	A	1
rs417915	HG02232	1	H143	rs417915	52842074	0	C	1
rs417915	HG02232	2	H1	rs417915	52842074	0	C	1
rs417915	HG02233	1	H2	rs417915	52842074	1	A	1
rs417915	HG02233	2	H18	rs417915	52842074	0	C	1
rs417915	HG02235	1	H2	rs417915	52842074	1	A	1
rs417915	HG02235	2	H115	rs417915	52842074	0	C	1
rs417915	HG02236	1	H2	rs417915	52842074	1	A	1
rs417915	HG02236	2	H1	rs417915	52842074	0	C	1
rs417915	HG02238	1	H2	rs417915	52842074	1	A	1
rs417915	HG02238	2	H6	rs417915	52842074	1	A	1
rs417915	HG02239	1	H1	rs417915	52842074	0	C	1
rs417915	HG02239	2	H18	rs417915	52842074	0	C	1
rs417915	HG02250	1	H56	rs417915	52842074	0	C	1
rs417915	HG02250	2	H3	rs417915	52842074	1	A	1
rs417915	HG02252	1	H98	rs417915	52842074	1	A	1
rs417915	HG02252	2	H8	rs417915	52842074	0	C	1
rs417915	HG02253	1	H8	rs417915	52842074	0	C	1
rs417915	HG02253	2	H120	rs417915	52842074	0	C	1
rs417915	HG02255	1	H9	rs417915	52842074	0	C	1
rs417915	HG02255	2	H12	rs417915	52842074	0	C	1
rs417915	HG02256	1	H191	rs417915	52842074	0	C	1
rs417915	HG02256	2	H36	rs417915	52842074	0	C	1
rs417915	HG02259	1	H30	rs417915	52842074	0	C	1
rs417915	HG02259	2	H8	rs417915	52842074	0	C	1
rs417915	HG02260	1	H2	rs417915	52842074	1	A	1
rs417915	HG02260	2	H30	rs417915	52842074	0	C	1
rs417915	HG02262	1	H3	rs417915	52842074	1	A	1
rs417915	HG02262	2	H8	rs417915	52842074	0	C	1
rs417915	HG02265	1	H1	rs417915	52842074	0	C	1
rs417915	HG02265	2	H8	rs417915	52842074	0	C	1
rs417915	HG02266	1	H8	rs417915	52842074	0	C	1
rs417915	HG02266	2	H8	rs417915	52842074	0	C	1
rs417915	HG02271	1	H1	rs417915	52842074	0	C	1
rs417915	HG02271	2	H18	rs417915	52842074	0	C	1
rs417915	HG02272	1	H98	rs417915	52842074	1	A	1
rs417915	HG02272	2	H1	rs417915	52842074	0	C	1
rs417915	HG02274	1	H8	rs417915	52842074	0	C	1
rs417915	HG02274	2	H29	rs417915	52842074	0	C	1
rs417915	HG02275	1	H8	rs417915	52842074	0	C	1
rs417915	HG02275	2	H1	rs417915	52842074	0	C	1
rs417915	HG02277	1	H30	rs417915	52842074	0	C	1
rs417915	HG02277	2	H8	rs417915	52842074	0	C	1
rs417915	HG02278	1	H12	rs417915	52842074	0	C	1
rs417915	HG02278	2	H66	rs417915	52842074	1	A	1
rs417915	HG02281	1	H74	rs417915	52842074	0	C	1
rs417915	HG02281	2	H1	rs417915	52842074	0	C	1
rs417915	HG02282	1	H29	rs417915	52842074	0	C	1
rs417915	HG02282	2	H60	rs417915	52842074	0	C	1
rs417915	HG02283	1	H2	rs417915	52842074	1	A	1
rs417915	HG02283	2	H334	rs417915	52842074	1	A	1
rs417915	HG02284	1	H16	rs417915	52842074	0	C	1
rs417915	HG02284	2	H47	rs417915	52842074	0	C	1
rs417915	HG02285	1	H7	rs417915	52842074	0	C	1
rs417915	HG02285	2	H66	rs417915	52842074	1	A	1
rs417915	HG02286	1	H3	rs417915	52842074	1	A	1
rs417915	HG02286	2	H7	rs417915	52842074	0	C	1
rs417915	HG02291	1	H1	rs417915	52842074	0	C	1
rs417915	HG02291	2	H1	rs417915	52842074	0	C	1
rs417915	HG02292	1	H14	rs417915	52842074	0	C	1
rs417915	HG02292	2	H8	rs417915	52842074	0	C	1
rs417915	HG02298	1	H19	rs417915	52842074	0	C	1
rs417915	HG02298	2	H30	rs417915	52842074	0	C	1
rs417915	HG02299	1	H8	rs417915	52842074	0	C	1
rs417915	HG02299	2	H10	rs417915	52842074	0	C	1
rs417915	HG02301	1	H1	rs417915	52842074	0	C	1
rs417915	HG02301	2	H8	rs417915	52842074	0	C	1
rs417915	HG02304	1	H5	rs417915	52842074	1	A	1
rs417915	HG02304	2	H442	rs417915	52842074	0	C	1
rs417915	HG02307	1	H13	rs417915	52842074	0	C	1
rs417915	HG02307	2	H16	rs417915	52842074	0	C	1
rs417915	HG02308	1	H249	rs417915	52842074	0	C	1
rs417915	HG02308	2	H50	rs417915	52842074	0	C	1
rs417915	HG02309	1	H42	rs417915	52842074	0	C	1
rs417915	HG02309	2	H9	rs417915	52842074	0	C	1
rs417915	HG02312	1	H8	rs417915	52842074	0	C	1
rs417915	HG02312	2	H8	rs417915	52842074	0	C	1
rs417915	HG02314	1	H43	rs417915	52842074	0	C	1
rs417915	HG02314	2	H49	rs417915	52842074	0	C	1
rs417915	HG02315	1	H25	rs417915	52842074	0	C	1
rs417915	HG02315	2	H18	rs417915	52842074	0	C	1
rs417915	HG02317	1	H39	rs417915	52842074	0	C	1
rs417915	HG02317	2	H36	rs417915	52842074	0	C	1
rs417915	HG02318	1	H17	rs417915	52842074	0	C	1
rs417915	HG02318	2	H47	rs417915	52842074	0	C	1
rs417915	HG02322	1	H2	rs417915	52842074	1	A	1
rs417915	HG02322	2	H32	rs417915	52842074	0	C	1
rs417915	HG02323	1	H9	rs417915	52842074	0	C	1
rs417915	HG02323	2	H47	rs417915	52842074	0	C	1
rs417915	HG02325	1	H11	rs417915	52842074	0	C	1
rs417915	HG02325	2	H57	rs417915	52842074	0	C	1
rs417915	HG02330	1	H45	rs417915	52842074	0	C	1
rs417915	HG02330	2	H32	rs417915	52842074	0	C	1
rs417915	HG02332	1	H9	rs417915	52842074	0	C	1
rs417915	HG02332	2	H104	rs417915	52842074	0	C	1
rs417915	HG02334	1	H1	rs417915	52842074	0	C	1
rs417915	HG02334	2	H47	rs417915	52842074	0	C	1
rs417915	HG02337	1	H36	rs417915	52842074	0	C	1
rs417915	HG02337	2	H17	rs417915	52842074	0	C	1
rs417915	HG02339	1	H1	rs417915	52842074	0	C	1
rs417915	HG02339	2	H29	rs417915	52842074	0	C	1
rs417915	HG02343	1	H32	rs417915	52842074	0	C	1
rs417915	HG02343	2	H63	rs417915	52842074	0	C	1
rs417915	HG02345	1	H6	rs417915	52842074	1	A	1
rs417915	HG02345	2	H3	rs417915	52842074	1	A	1
rs417915	HG02348	1	H8	rs417915	52842074	0	C	1
rs417915	HG02348	2	H1	rs417915	52842074	0	C	1
rs417915	HG02351	1	H206	rs417915	52842074	1	A	1
rs417915	HG02351	2	H427	rs417915	52842074	0	C	1
rs417915	HG02353	1	H1	rs417915	52842074	0	C	1
rs417915	HG02353	2	H3	rs417915	52842074	1	A	1
rs417915	HG02355	1	H1	rs417915	52842074	0	C	1
rs417915	HG02355	2	H181	rs417915	52842074	0	C	1
rs417915	HG02356	1	H4	rs417915	52842074	0	C	1
rs417915	HG02356	2	H1	rs417915	52842074	0	C	1
rs417915	HG02360	1	H226	rs417915	52842074	0	C	1
rs417915	HG02360	2	H1	rs417915	52842074	0	C	1
rs417915	HG02364	1	H5	rs417915	52842074	1	A	1
rs417915	HG02364	2	H27	rs417915	52842074	0	C	1
rs417915	HG02367	1	H3	rs417915	52842074	1	A	1
rs417915	HG02367	2	H475	rs417915	52842074	0	C	1
rs417915	HG02371	1	H187	rs417915	52842074	0	C	1
rs417915	HG02371	2	H1	rs417915	52842074	0	C	1
rs417915	HG02373	1	H56	rs417915	52842074	0	C	1
rs417915	HG02373	2	H1	rs417915	52842074	0	C	1
rs417915	HG02374	1	H3	rs417915	52842074	1	A	1
rs417915	HG02374	2	H1	rs417915	52842074	0	C	1
rs417915	HG02375	1	H94	rs417915	52842074	0	C	1
rs417915	HG02375	2	H27	rs417915	52842074	0	C	1
rs417915	HG02379	1	H1	rs417915	52842074	0	C	1
rs417915	HG02379	2	H3	rs417915	52842074	1	A	1
rs417915	HG02380	1	H95	rs417915	52842074	0	C	1
rs417915	HG02380	2	H35	rs417915	52842074	0	C	1
rs417915	HG02382	1	H5	rs417915	52842074	1	A	1
rs417915	HG02382	2	H4	rs417915	52842074	0	C	1
rs417915	HG02383	1	H175	rs417915	52842074	0	C	1
rs417915	HG02383	2	H1	rs417915	52842074	0	C	1
rs417915	HG02384	1	H3	rs417915	52842074	1	A	1
rs417915	HG02384	2	H4	rs417915	52842074	0	C	1
rs417915	HG02385	1	H27	rs417915	52842074	0	C	1
rs417915	HG02385	2	H3	rs417915	52842074	1	A	1
rs417915	HG02386	1	H1	rs417915	52842074	0	C	1
rs417915	HG02386	2	H1	rs417915	52842074	0	C	1
rs417915	HG02389	1	H35	rs417915	52842074	0	C	1
rs417915	HG02389	2	H134	rs417915	52842074	0	C	1
rs417915	HG02390	1	H175	rs417915	52842074	0	C	1
rs417915	HG02390	2	H3	rs417915	52842074	1	A	1
rs417915	HG02391	1	H158	rs417915	52842074	1	A	1
rs417915	HG02391	2	H289	rs417915	52842074	1	A	1
rs417915	HG02392	1	H5	rs417915	52842074	1	A	1
rs417915	HG02392	2	H27	rs417915	52842074	0	C	1
rs417915	HG02394	1	H1	rs417915	52842074	0	C	1
rs417915	HG02394	2	H35	rs417915	52842074	0	C	1
rs417915	HG02395	1	H1	rs417915	52842074	0	C	1
rs417915	HG02395	2	H176	rs417915	52842074	0	C	1
rs417915	HG02396	1	H35	rs417915	52842074	0	C	1
rs417915	HG02396	2	H3	rs417915	52842074	1	A	1
rs417915	HG02397	1	H1	rs417915	52842074	0	C	1
rs417915	HG02397	2	H4	rs417915	52842074	0	C	1
rs417915	HG02398	1	H3	rs417915	52842074	1	A	1
rs417915	HG02398	2	H1	rs417915	52842074	0	C	1
rs417915	HG02399	1	H1	rs417915	52842074	0	C	1
rs417915	HG02399	2	H1	rs417915	52842074	0	C	1
rs417915	HG02401	1	H93	rs417915	52842074	0	C	1
rs417915	HG02401	2	H1	rs417915	52842074	0	C	1
rs417915	HG02402	1	H27	rs417915	52842074	0	C	1
rs417915	HG02402	2	H3	rs417915	52842074	1	A	1
rs417915	HG02406	1	H3	rs417915	52842074	1	A	1
rs417915	HG02406	2	H5	rs417915	52842074	1	A	1
rs417915	HG02407	1	H22	rs417915	52842074	0	C	1
rs417915	HG02407	2	H4	rs417915	52842074	0	C	1
rs417915	HG02408	1	H4	rs417915	52842074	0	C	1
rs417915	HG02408	2	H27	rs417915	52842074	0	C	1
rs417915	HG02409	1	H175	rs417915	52842074	0	C	1
rs417915	HG02409	2	H27	rs417915	52842074	0	C	1
rs417915	HG02410	1	H1	rs417915	52842074	0	C	1
rs417915	HG02410	2	H77	rs417915	52842074	1	A	1
rs417915	HG02419	1	H16	rs417915	52842074	0	C	1
rs417915	HG02419	2	H43	rs417915	52842074	0	C	1
rs417915	HG02420	1	H1	rs417915	52842074	0	C	1
rs417915	HG02420	2	H20	rs417915	52842074	0	C	1
rs417915	HG02425	1	H1	rs417915	52842074	0	C	1
rs417915	HG02425	2	H223	rs417915	52842074	0	C	1
rs417915	HG02427	1	H9	rs417915	52842074	0	C	1
rs417915	HG02427	2	H103	rs417915	52842074	0	C	1
rs417915	HG02429	1	H59	rs417915	52842074	0	C	1
rs417915	HG02429	2	H11	rs417915	52842074	0	C	1
rs417915	HG02433	1	H60	rs417915	52842074	0	C	1
rs417915	HG02433	2	H1	rs417915	52842074	0	C	1
rs417915	HG02439	1	H29	rs417915	52842074	0	C	1
rs417915	HG02439	2	H52	rs417915	52842074	0	C	1
rs417915	HG02442	1	H52	rs417915	52842074	0	C	1
rs417915	HG02442	2	H59	rs417915	52842074	0	C	1
rs417915	HG02445	1	H37	rs417915	52842074	0	C	1
rs417915	HG02445	2	H529	rs417915	52842074	0	C	1
rs417915	HG02449	1	H1	rs417915	52842074	0	C	1
rs417915	HG02449	2	H12	rs417915	52842074	0	C	1
rs417915	HG02450	1	H13	rs417915	52842074	0	C	1
rs417915	HG02450	2	H7	rs417915	52842074	0	C	1
rs417915	HG02455	1	H378	rs417915	52842074	0	C	1
rs417915	HG02455	2	H107	rs417915	52842074	0	C	1
rs417915	HG02461	1	H43	rs417915	52842074	0	C	1
rs417915	HG02461	2	H37	rs417915	52842074	0	C	1
rs417915	HG02462	1	H1	rs417915	52842074	0	C	1
rs417915	HG02462	2	H47	rs417915	52842074	0	C	1
rs417915	HG02464	1	H452	rs417915	52842074	0	C	1
rs417915	HG02464	2	H114	rs417915	52842074	0	C	1
rs417915	HG02465	1	H11	rs417915	52842074	0	C	1
rs417915	HG02465	2	H219	rs417915	52842074	0	C	1
rs417915	HG02470	1	H9	rs417915	52842074	0	C	1
rs417915	HG02470	2	H11	rs417915	52842074	0	C	1
rs417915	HG02471	1	H47	rs417915	52842074	0	C	1
rs417915	HG02471	2	H13	rs417915	52842074	0	C	1
rs417915	HG02476	1	H11	rs417915	52842074	0	C	1
rs417915	HG02476	2	H470	rs417915	52842074	0	C	1
rs417915	HG02477	1	H1	rs417915	52842074	0	C	1
rs417915	HG02477	2	H37	rs417915	52842074	0	C	1
rs417915	HG02479	1	H32	rs417915	52842074	0	C	1
rs417915	HG02479	2	H59	rs417915	52842074	0	C	1
rs417915	HG02481	1	H12	rs417915	52842074	0	C	1
rs417915	HG02481	2	H489	rs417915	52842074	0	C	1
rs417915	HG02484	1	H13	rs417915	52842074	0	C	1
rs417915	HG02484	2	H518	rs417915	52842074	0	C	1
rs417915	HG02485	1	H42	rs417915	52842074	0	C	1
rs417915	HG02485	2	H12	rs417915	52842074	0	C	1
rs417915	HG02489	1	H383	rs417915	52842074	0	C	1
rs417915	HG02489	2	H81	rs417915	52842074	0	C	1
rs417915	HG02490	1	H535	rs417915	52842074	0	C	1
rs417915	HG02490	2	H62	rs417915	52842074	1	A	1
rs417915	HG02491	1	H495	rs417915	52842074	0	C	1
rs417915	HG02491	2	H415	rs417915	52842074	0	C	1
rs417915	HG02493	1	H10	rs417915	52842074	0	C	1
rs417915	HG02493	2	H150	rs417915	52842074	0	C	1
rs417915	HG02494	1	H101	rs417915	52842074	0	C	1
rs417915	HG02494	2	H6	rs417915	52842074	1	A	1
rs417915	HG02496	1	H9	rs417915	52842074	0	C	1
rs417915	HG02496	2	H11	rs417915	52842074	0	C	1
rs417915	HG02497	1	H113	rs417915	52842074	0	C	1
rs417915	HG02497	2	H21	rs417915	52842074	0	C	1
rs417915	HG02501	1	H41	rs417915	52842074	0	C	1
rs417915	HG02501	2	H71	rs417915	52842074	0	C	1
rs417915	HG02502	1	H45	rs417915	52842074	0	C	1
rs417915	HG02502	2	H13	rs417915	52842074	0	C	1
rs417915	HG02505	1	H13	rs417915	52842074	0	C	1
rs417915	HG02505	2	H167	rs417915	52842074	0	C	1
rs417915	HG02508	1	H1	rs417915	52842074	0	C	1
rs417915	HG02508	2	H2	rs417915	52842074	1	A	1
rs417915	HG02511	1	H12	rs417915	52842074	0	C	1
rs417915	HG02511	2	H21	rs417915	52842074	0	C	1
rs417915	HG02512	1	H3	rs417915	52842074	1	A	1
rs417915	HG02512	2	H31	rs417915	52842074	0	C	1
rs417915	HG02513	1	H3	rs417915	52842074	1	A	1
rs417915	HG02513	2	H3	rs417915	52842074	1	A	1
rs417915	HG02521	1	H27	rs417915	52842074	0	C	1
rs417915	HG02521	2	H4	rs417915	52842074	0	C	1
rs417915	HG02522	1	H3	rs417915	52842074	1	A	1
rs417915	HG02522	2	H94	rs417915	52842074	0	C	1
rs417915	HG02536	1	H16	rs417915	52842074	0	C	1
rs417915	HG02536	2	H25	rs417915	52842074	0	C	1
rs417915	HG02537	1	H49	rs417915	52842074	0	C	1
rs417915	HG02537	2	H23	rs417915	52842074	0	C	1
rs417915	HG02541	1	H39	rs417915	52842074	0	C	1
rs417915	HG02541	2	H36	rs417915	52842074	0	C	1
rs417915	HG02545	1	H16	rs417915	52842074	0	C	1
rs417915	HG02545	2	H268	rs417915	52842074	0	C	1
rs417915	HG02546	1	H17	rs417915	52842074	0	C	1
rs417915	HG02546	2	H9	rs417915	52842074	0	C	1
rs417915	HG02549	1	H11	rs417915	52842074	0	C	1
rs417915	HG02549	2	H43	rs417915	52842074	0	C	1
rs417915	HG02554	1	H114	rs417915	52842074	0	C	1
rs417915	HG02554	2	H285	rs417915	52842074	0	C	1
rs417915	HG02555	1	H2	rs417915	52842074	1	A	1
rs417915	HG02555	2	H42	rs417915	52842074	0	C	1
rs417915	HG02557	1	H1	rs417915	52842074	0	C	1
rs417915	HG02557	2	H281	rs417915	52842074	0	C	1
rs417915	HG02558	1	H114	rs417915	52842074	0	C	1
rs417915	HG02558	2	H1	rs417915	52842074	0	C	1
rs417915	HG02561	1	H149	rs417915	52842074	0	C	1
rs417915	HG02561	2	H184	rs417915	52842074	0	C	1
rs417915	HG02562	1	H1	rs417915	52842074	0	C	1
rs417915	HG02562	2	H12	rs417915	52842074	0	C	1
rs417915	HG02568	1	H25	rs417915	52842074	0	C	1
rs417915	HG02568	2	H37	rs417915	52842074	0	C	1
rs417915	HG02570	1	H11	rs417915	52842074	0	C	1
rs417915	HG02570	2	H11	rs417915	52842074	0	C	1
rs417915	HG02571	1	H112	rs417915	52842074	0	C	1
rs417915	HG02571	2	H1	rs417915	52842074	0	C	1
rs417915	HG02573	1	H76	rs417915	52842074	0	C	1
rs417915	HG02573	2	H16	rs417915	52842074	0	C	1
rs417915	HG02574	1	H12	rs417915	52842074	0	C	1
rs417915	HG02574	2	H81	rs417915	52842074	0	C	1
rs417915	HG02577	1	H100	rs417915	52842074	0	C	1
rs417915	HG02577	2	H13	rs417915	52842074	0	C	1
rs417915	HG02580	1	H1	rs417915	52842074	0	C	1
rs417915	HG02580	2	H43	rs417915	52842074	0	C	1
rs417915	HG02582	1	H1	rs417915	52842074	0	C	1
rs417915	HG02582	2	H112	rs417915	52842074	0	C	1
rs417915	HG02583	1	H29	rs417915	52842074	0	C	1
rs417915	HG02583	2	H12	rs417915	52842074	0	C	1
rs417915	HG02585	1	H36	rs417915	52842074	0	C	1
rs417915	HG02585	2	H1	rs417915	52842074	0	C	1
rs417915	HG02586	1	H9	rs417915	52842074	0	C	1
rs417915	HG02586	2	H12	rs417915	52842074	0	C	1
rs417915	HG02588	1	H144	rs417915	52842074	0	C	1
rs417915	HG02588	2	H11	rs417915	52842074	0	C	1
rs417915	HG02589	1	H419	rs417915	52842074	0	C	1
rs417915	HG02589	2	H17	rs417915	52842074	0	C	1
rs417915	HG02594	1	H9	rs417915	52842074	0	C	1
rs417915	HG02594	2	H1	rs417915	52842074	0	C	1
rs417915	HG02595	1	H36	rs417915	52842074	0	C	1
rs417915	HG02595	2	H17	rs417915	52842074	0	C	1
rs417915	HG02597	1	H18	rs417915	52842074	0	C	1
rs417915	HG02597	2	H186	rs417915	52842074	0	C	1
rs417915	HG02600	1	H265	rs417915	52842074	0	C	1
rs417915	HG02600	2	H28	rs417915	52842074	0	C	1
rs417915	HG02601	1	H192	rs417915	52842074	0	C	1
rs417915	HG02601	2	H10	rs417915	52842074	0	C	1
rs417915	HG02603	1	H4	rs417915	52842074	0	C	1
rs417915	HG02603	2	H10	rs417915	52842074	0	C	1
rs417915	HG02604	1	H1	rs417915	52842074	0	C	1
rs417915	HG02604	2	H15	rs417915	52842074	0	C	1
rs417915	HG02610	1	H266	rs417915	52842074	0	C	1
rs417915	HG02610	2	H37	rs417915	52842074	0	C	1
rs417915	HG02611	1	H9	rs417915	52842074	0	C	1
rs417915	HG02611	2	H37	rs417915	52842074	0	C	1
rs417915	HG02613	1	H1	rs417915	52842074	0	C	1
rs417915	HG02613	2	H1	rs417915	52842074	0	C	1
rs417915	HG02614	1	H12	rs417915	52842074	0	C	1
rs417915	HG02614	2	H112	rs417915	52842074	0	C	1
rs417915	HG02620	1	H379	rs417915	52842074	0	C	1
rs417915	HG02620	2	H32	rs417915	52842074	0	C	1
rs417915	HG02621	1	H261	rs417915	52842074	0	C	1
rs417915	HG02621	2	H16	rs417915	52842074	0	C	1
rs417915	HG02623	1	H451	rs417915	52842074	0	C	1
rs417915	HG02623	2	H39	rs417915	52842074	0	C	1
rs417915	HG02624	1	H371	rs417915	52842074	0	C	1
rs417915	HG02624	2	H36	rs417915	52842074	0	C	1
rs417915	HG02628	1	H12	rs417915	52842074	0	C	1
rs417915	HG02628	2	H25	rs417915	52842074	0	C	1
rs417915	HG02629	1	H1	rs417915	52842074	0	C	1
rs417915	HG02629	2	H9	rs417915	52842074	0	C	1
rs417915	HG02634	1	H43	rs417915	52842074	0	C	1
rs417915	HG02634	2	H17	rs417915	52842074	0	C	1
rs417915	HG02635	1	H433	rs417915	52842074	0	C	1
rs417915	HG02635	2	H64	rs417915	52842074	0	C	1
rs417915	HG02642	1	H2	rs417915	52842074	1	A	1
rs417915	HG02642	2	H80	rs417915	52842074	0	C	1
rs417915	HG02643	1	H4	rs417915	52842074	0	C	1
rs417915	HG02643	2	H478	rs417915	52842074	0	C	1
rs417915	HG02645	1	H41	rs417915	52842074	0	C	1
rs417915	HG02645	2	H4	rs417915	52842074	0	C	1
rs417915	HG02646	1	H198	rs417915	52842074	1	A	1
rs417915	HG02646	2	H13	rs417915	52842074	0	C	1
rs417915	HG02648	1	H54	rs417915	52842074	0	C	1
rs417915	HG02648	2	H160	rs417915	52842074	1	A	1
rs417915	HG02649	1	H15	rs417915	52842074	0	C	1
rs417915	HG02649	2	H6	rs417915	52842074	1	A	1
rs417915	HG02651	1	H101	rs417915	52842074	0	C	1
rs417915	HG02651	2	H1	rs417915	52842074	0	C	1
rs417915	HG02652	1	H162	rs417915	52842074	1	A	1
rs417915	HG02652	2	H1	rs417915	52842074	0	C	1
rs417915	HG02654	1	H2	rs417915	52842074	1	A	1
rs417915	HG02654	2	H26	rs417915	52842074	0	C	1
rs417915	HG02655	1	H87	rs417915	52842074	0	C	1
rs417915	HG02655	2	H1	rs417915	52842074	0	C	1
rs417915	HG02657	1	H15	rs417915	52842074	0	C	1
rs417915	HG02657	2	H1	rs417915	52842074	0	C	1
rs417915	HG02658	1	H15	rs417915	52842074	0	C	1
rs417915	HG02658	2	H15	rs417915	52842074	0	C	1
rs417915	HG02660	1	H4	rs417915	52842074	0	C	1
rs417915	HG02660	2	H61	rs417915	52842074	0	C	1
rs417915	HG02661	1	H53	rs417915	52842074	0	C	1
rs417915	HG02661	2	H2	rs417915	52842074	1	A	1
rs417915	HG02666	1	H63	rs417915	52842074	0	C	1
rs417915	HG02666	2	H112	rs417915	52842074	0	C	1
rs417915	HG02667	1	H17	rs417915	52842074	0	C	1
rs417915	HG02667	2	H52	rs417915	52842074	0	C	1
rs417915	HG02675	1	H1	rs417915	52842074	0	C	1
rs417915	HG02675	2	H17	rs417915	52842074	0	C	1
rs417915	HG02676	1	H9	rs417915	52842074	0	C	1
rs417915	HG02676	2	H13	rs417915	52842074	0	C	1
rs417915	HG02678	1	H41	rs417915	52842074	0	C	1
rs417915	HG02678	2	H2	rs417915	52842074	1	A	1
rs417915	HG02679	1	H9	rs417915	52842074	0	C	1
rs417915	HG02679	2	H17	rs417915	52842074	0	C	1
rs417915	HG02681	1	H7	rs417915	52842074	0	C	1
rs417915	HG02681	2	H6	rs417915	52842074	1	A	1
rs417915	HG02682	1	H33	rs417915	52842074	0	C	1
rs417915	HG02682	2	H1	rs417915	52842074	0	C	1
rs417915	HG02684	1	H246	rs417915	52842074	0	C	1
rs417915	HG02684	2	H20	rs417915	52842074	0	C	1
rs417915	HG02685	1	H1	rs417915	52842074	0	C	1
rs417915	HG02685	2	H34	rs417915	52842074	1	A	1
rs417915	HG02687	1	H62	rs417915	52842074	1	A	1
rs417915	HG02687	2	H146	rs417915	52842074	0	C	1
rs417915	HG02688	1	H282	rs417915	52842074	0	C	1
rs417915	HG02688	2	H26	rs417915	52842074	0	C	1
rs417915	HG02690	1	H4	rs417915	52842074	0	C	1
rs417915	HG02690	2	H20	rs417915	52842074	0	C	1
rs417915	HG02691	1	H7	rs417915	52842074	0	C	1
rs417915	HG02691	2	H4	rs417915	52842074	0	C	1
rs417915	HG02694	1	H1	rs417915	52842074	0	C	1
rs417915	HG02694	2	H148	rs417915	52842074	0	C	1
rs417915	HG02696	1	H1	rs417915	52842074	0	C	1
rs417915	HG02696	2	H4	rs417915	52842074	0	C	1
rs417915	HG02697	1	H193	rs417915	52842074	0	C	1
rs417915	HG02697	2	H10	rs417915	52842074	0	C	1
rs417915	HG02699	1	H21	rs417915	52842074	0	C	1
rs417915	HG02699	2	H6	rs417915	52842074	1	A	1
rs417915	HG02700	1	H21	rs417915	52842074	0	C	1
rs417915	HG02700	2	H15	rs417915	52842074	0	C	1
rs417915	HG02702	1	H12	rs417915	52842074	0	C	1
rs417915	HG02702	2	H1	rs417915	52842074	0	C	1
rs417915	HG02703	1	H25	rs417915	52842074	0	C	1
rs417915	HG02703	2	H290	rs417915	52842074	1	A	1
rs417915	HG02715	1	H17	rs417915	52842074	0	C	1
rs417915	HG02715	2	H12	rs417915	52842074	0	C	1
rs417915	HG02716	1	H12	rs417915	52842074	0	C	1
rs417915	HG02716	2	H1	rs417915	52842074	0	C	1
rs417915	HG02721	1	H9	rs417915	52842074	0	C	1
rs417915	HG02721	2	H89	rs417915	52842074	0	C	1
rs417915	HG02722	1	H17	rs417915	52842074	0	C	1
rs417915	HG02722	2	H261	rs417915	52842074	0	C	1
rs417915	HG02724	1	H26	rs417915	52842074	0	C	1
rs417915	HG02724	2	H77	rs417915	52842074	1	A	1
rs417915	HG02725	1	H2	rs417915	52842074	1	A	1
rs417915	HG02725	2	H1	rs417915	52842074	0	C	1
rs417915	HG02727	1	H90	rs417915	52842074	0	C	1
rs417915	HG02727	2	H33	rs417915	52842074	0	C	1
rs417915	HG02728	1	H1	rs417915	52842074	0	C	1
rs417915	HG02728	2	H33	rs417915	52842074	0	C	1
rs417915	HG02731	1	H26	rs417915	52842074	0	C	1
rs417915	HG02731	2	H193	rs417915	52842074	0	C	1
rs417915	HG02733	1	H4	rs417915	52842074	0	C	1
rs417915	HG02733	2	H90	rs417915	52842074	0	C	1
rs417915	HG02734	1	H2	rs417915	52842074	1	A	1
rs417915	HG02734	2	H141	rs417915	52842074	0	C	1
rs417915	HG02736	1	H296	rs417915	52842074	1	A	1
rs417915	HG02736	2	H6	rs417915	52842074	1	A	1
rs417915	HG02737	1	H97	rs417915	52842074	1	A	1
rs417915	HG02737	2	H6	rs417915	52842074	1	A	1
rs417915	HG02756	1	H247	rs417915	52842074	0	C	1
rs417915	HG02756	2	H1	rs417915	52842074	0	C	1
rs417915	HG02757	1	H1	rs417915	52842074	0	C	1
rs417915	HG02757	2	H247	rs417915	52842074	0	C	1
rs417915	HG02759	1	H174	rs417915	52842074	0	C	1
rs417915	HG02759	2	H1	rs417915	52842074	0	C	1
rs417915	HG02760	1	H59	rs417915	52842074	0	C	1
rs417915	HG02760	2	H29	rs417915	52842074	0	C	1
rs417915	HG02763	1	H372	rs417915	52842074	0	C	1
rs417915	HG02763	2	H52	rs417915	52842074	0	C	1
rs417915	HG02768	1	H43	rs417915	52842074	0	C	1
rs417915	HG02768	2	H36	rs417915	52842074	0	C	1
rs417915	HG02769	1	H39	rs417915	52842074	0	C	1
rs417915	HG02769	2	H41	rs417915	52842074	0	C	1
rs417915	HG02771	1	H36	rs417915	52842074	0	C	1
rs417915	HG02771	2	H50	rs417915	52842074	0	C	1
rs417915	HG02772	1	H1	rs417915	52842074	0	C	1
rs417915	HG02772	2	H9	rs417915	52842074	0	C	1
rs417915	HG02774	1	H171	rs417915	52842074	0	C	1
rs417915	HG02774	2	H6	rs417915	52842074	1	A	1
rs417915	HG02775	1	H102	rs417915	52842074	0	C	1
rs417915	HG02775	2	H6	rs417915	52842074	1	A	1
rs417915	HG02778	1	H417	rs417915	52842074	0	C	1
rs417915	HG02778	2	H2	rs417915	52842074	1	A	1
rs417915	HG02780	1	H4	rs417915	52842074	0	C	1
rs417915	HG02780	2	H9	rs417915	52842074	0	C	1
rs417915	HG02783	1	H65	rs417915	52842074	0	C	1
rs417915	HG02783	2	H171	rs417915	52842074	0	C	1
rs417915	HG02784	1	H171	rs417915	52842074	0	C	1
rs417915	HG02784	2	H465	rs417915	52842074	0	C	1
rs417915	HG02786	1	H1	rs417915	52842074	0	C	1
rs417915	HG02786	2	H65	rs417915	52842074	0	C	1
rs417915	HG02787	1	H77	rs417915	52842074	1	A	1
rs417915	HG02787	2	H1	rs417915	52842074	0	C	1
rs417915	HG02789	1	H1	rs417915	52842074	0	C	1
rs417915	HG02789	2	H1	rs417915	52842074	0	C	1
rs417915	HG02790	1	H1	rs417915	52842074	0	C	1
rs417915	HG02790	2	H1	rs417915	52842074	0	C	1
rs417915	HG02792	1	H6	rs417915	52842074	1	A	1
rs417915	HG02792	2	H225	rs417915	52842074	0	C	1
rs417915	HG02793	1	H6	rs417915	52842074	1	A	1
rs417915	HG02793	2	H1	rs417915	52842074	0	C	1
rs417915	HG02798	1	H1	rs417915	52842074	0	C	1
rs417915	HG02798	2	H266	rs417915	52842074	0	C	1
rs417915	HG02799	1	H278	rs417915	52842074	0	C	1
rs417915	HG02799	2	H32	rs417915	52842074	0	C	1
rs417915	HG02804	1	H168	rs417915	52842074	0	C	1
rs417915	HG02804	2	H196	rs417915	52842074	0	C	1
rs417915	HG02805	1	H17	rs417915	52842074	0	C	1
rs417915	HG02805	2	H440	rs417915	52842074	0	C	1
rs417915	HG02807	1	H9	rs417915	52842074	0	C	1
rs417915	HG02807	2	H86	rs417915	52842074	0	C	1
rs417915	HG02808	1	H63	rs417915	52842074	0	C	1
rs417915	HG02808	2	H37	rs417915	52842074	0	C	1
rs417915	HG02810	1	H71	rs417915	52842074	0	C	1
rs417915	HG02810	2	H232	rs417915	52842074	0	C	1
rs417915	HG02811	1	H1	rs417915	52842074	0	C	1
rs417915	HG02811	2	H29	rs417915	52842074	0	C	1
rs417915	HG02813	1	H11	rs417915	52842074	0	C	1
rs417915	HG02813	2	H1	rs417915	52842074	0	C	1
rs417915	HG02814	1	H133	rs417915	52842074	0	C	1
rs417915	HG02814	2	H9	rs417915	52842074	0	C	1
rs417915	HG02816	1	H89	rs417915	52842074	0	C	1
rs417915	HG02816	2	H9	rs417915	52842074	0	C	1
rs417915	HG02817	1	H16	rs417915	52842074	0	C	1
rs417915	HG02817	2	H543	rs417915	52842074	0	C	1
rs417915	HG02819	1	H45	rs417915	52842074	0	C	1
rs417915	HG02819	2	H63	rs417915	52842074	0	C	1
rs417915	HG02820	1	H17	rs417915	52842074	0	C	1
rs417915	HG02820	2	H11	rs417915	52842074	0	C	1
rs417915	HG02836	1	H50	rs417915	52842074	0	C	1
rs417915	HG02836	2	H16	rs417915	52842074	0	C	1
rs417915	HG02837	1	H1	rs417915	52842074	0	C	1
rs417915	HG02837	2	H1	rs417915	52842074	0	C	1
rs417915	HG02839	1	H9	rs417915	52842074	0	C	1
rs417915	HG02839	2	H36	rs417915	52842074	0	C	1
rs417915	HG02840	1	H260	rs417915	52842074	0	C	1
rs417915	HG02840	2	H112	rs417915	52842074	0	C	1
rs417915	HG02851	1	H17	rs417915	52842074	0	C	1
rs417915	HG02851	2	H149	rs417915	52842074	0	C	1
rs417915	HG02852	1	H1	rs417915	52842074	0	C	1
rs417915	HG02852	2	H304	rs417915	52842074	1	A	1
rs417915	HG02854	1	H45	rs417915	52842074	0	C	1
rs417915	HG02854	2	H29	rs417915	52842074	0	C	1
rs417915	HG02855	1	H11	rs417915	52842074	0	C	1
rs417915	HG02855	2	H1	rs417915	52842074	0	C	1
rs417915	HG02860	1	H41	rs417915	52842074	0	C	1
rs417915	HG02860	2	H88	rs417915	52842074	0	C	1
rs417915	HG02861	1	H39	rs417915	52842074	0	C	1
rs417915	HG02861	2	H1	rs417915	52842074	0	C	1
rs417915	HG02870	1	H239	rs417915	52842074	0	C	1
rs417915	HG02870	2	H81	rs417915	52842074	0	C	1
rs417915	HG02878	1	H232	rs417915	52842074	0	C	1
rs417915	HG02878	2	H11	rs417915	52842074	0	C	1
rs417915	HG02879	1	H21	rs417915	52842074	0	C	1
rs417915	HG02879	2	H11	rs417915	52842074	0	C	1
rs417915	HG02881	1	H16	rs417915	52842074	0	C	1
rs417915	HG02881	2	H16	rs417915	52842074	0	C	1
rs417915	HG02882	1	H32	rs417915	52842074	0	C	1
rs417915	HG02882	2	H12	rs417915	52842074	0	C	1
rs417915	HG02884	1	H80	rs417915	52842074	0	C	1
rs417915	HG02884	2	H13	rs417915	52842074	0	C	1
rs417915	HG02885	1	H11	rs417915	52842074	0	C	1
rs417915	HG02885	2	H89	rs417915	52842074	0	C	1
rs417915	HG02887	1	H76	rs417915	52842074	0	C	1
rs417915	HG02887	2	H168	rs417915	52842074	0	C	1
rs417915	HG02888	1	H12	rs417915	52842074	0	C	1
rs417915	HG02888	2	H1	rs417915	52842074	0	C	1
rs417915	HG02890	1	H80	rs417915	52842074	0	C	1
rs417915	HG02890	2	H1	rs417915	52842074	0	C	1
rs417915	HG02891	1	H12	rs417915	52842074	0	C	1
rs417915	HG02891	2	H21	rs417915	52842074	0	C	1
rs417915	HG02895	1	H525	rs417915	52842074	0	C	1
rs417915	HG02895	2	H36	rs417915	52842074	0	C	1
rs417915	HG02896	1	H519	rs417915	52842074	0	C	1
rs417915	HG02896	2	H16	rs417915	52842074	0	C	1
rs417915	HG02922	1	H49	rs417915	52842074	0	C	1
rs417915	HG02922	2	H23	rs417915	52842074	0	C	1
rs417915	HG02923	1	H284	rs417915	52842074	0	C	1
rs417915	HG02923	2	H64	rs417915	52842074	0	C	1
rs417915	HG02938	1	H1	rs417915	52842074	0	C	1
rs417915	HG02938	2	H13	rs417915	52842074	0	C	1
rs417915	HG02941	1	H36	rs417915	52842074	0	C	1
rs417915	HG02941	2	H29	rs417915	52842074	0	C	1
rs417915	HG02943	1	H11	rs417915	52842074	0	C	1
rs417915	HG02943	2	H138	rs417915	52842074	0	C	1
rs417915	HG02944	1	H1	rs417915	52842074	0	C	1
rs417915	HG02944	2	H42	rs417915	52842074	0	C	1
rs417915	HG02946	1	H22	rs417915	52842074	0	C	1
rs417915	HG02946	2	H16	rs417915	52842074	0	C	1
rs417915	HG02947	1	H537	rs417915	52842074	0	C	1
rs417915	HG02947	2	H388	rs417915	52842074	0	C	1
rs417915	HG02952	1	H47	rs417915	52842074	0	C	1
rs417915	HG02952	2	H17	rs417915	52842074	0	C	1
rs417915	HG02953	1	H23	rs417915	52842074	0	C	1
rs417915	HG02953	2	H64	rs417915	52842074	0	C	1
rs417915	HG02968	1	H21	rs417915	52842074	0	C	1
rs417915	HG02968	2	H17	rs417915	52842074	0	C	1
rs417915	HG02970	1	H12	rs417915	52842074	0	C	1
rs417915	HG02970	2	H9	rs417915	52842074	0	C	1
rs417915	HG02971	1	H13	rs417915	52842074	0	C	1
rs417915	HG02971	2	H32	rs417915	52842074	0	C	1
rs417915	HG02973	1	H9	rs417915	52842074	0	C	1
rs417915	HG02973	2	H83	rs417915	52842074	0	C	1
rs417915	HG02974	1	H11	rs417915	52842074	0	C	1
rs417915	HG02974	2	H1	rs417915	52842074	0	C	1
rs417915	HG02976	1	H12	rs417915	52842074	0	C	1
rs417915	HG02976	2	H13	rs417915	52842074	0	C	1
rs417915	HG02977	1	H60	rs417915	52842074	0	C	1
rs417915	HG02977	2	H47	rs417915	52842074	0	C	1
rs417915	HG02979	1	H50	rs417915	52842074	0	C	1
rs417915	HG02979	2	H75	rs417915	52842074	0	C	1
rs417915	HG02981	1	H64	rs417915	52842074	0	C	1
rs417915	HG02981	2	H12	rs417915	52842074	0	C	1
rs417915	HG02982	1	H11	rs417915	52842074	0	C	1
rs417915	HG02982	2	H547	rs417915	52842074	0	C	1
rs417915	HG02983	1	H39	rs417915	52842074	0	C	1
rs417915	HG02983	2	H114	rs417915	52842074	0	C	1
rs417915	HG03006	1	H20	rs417915	52842074	0	C	1
rs417915	HG03006	2	H46	rs417915	52842074	0	C	1
rs417915	HG03007	1	H28	rs417915	52842074	0	C	1
rs417915	HG03007	2	H79	rs417915	52842074	0	C	1
rs417915	HG03009	1	H4	rs417915	52842074	0	C	1
rs417915	HG03009	2	H4	rs417915	52842074	0	C	1
rs417915	HG03012	1	H117	rs417915	52842074	0	C	1
rs417915	HG03012	2	H1	rs417915	52842074	0	C	1
rs417915	HG03015	1	H343	rs417915	52842074	1	A	1
rs417915	HG03015	2	H33	rs417915	52842074	0	C	1
rs417915	HG03016	1	H68	rs417915	52842074	0	C	1
rs417915	HG03016	2	H225	rs417915	52842074	0	C	1
rs417915	HG03018	1	H2	rs417915	52842074	1	A	1
rs417915	HG03018	2	H1	rs417915	52842074	0	C	1
rs417915	HG03019	1	H4	rs417915	52842074	0	C	1
rs417915	HG03019	2	H4	rs417915	52842074	0	C	1
rs417915	HG03021	1	H1	rs417915	52842074	0	C	1
rs417915	HG03021	2	H500	rs417915	52842074	0	C	1
rs417915	HG03022	1	H6	rs417915	52842074	1	A	1
rs417915	HG03022	2	H1	rs417915	52842074	0	C	1
rs417915	HG03024	1	H548	rs417915	52842074	0	C	1
rs417915	HG03024	2	H532	rs417915	52842074	0	C	1
rs417915	HG03025	1	H196	rs417915	52842074	0	C	1
rs417915	HG03025	2	H133	rs417915	52842074	0	C	1
rs417915	HG03027	1	H196	rs417915	52842074	0	C	1
rs417915	HG03027	2	H57	rs417915	52842074	0	C	1
rs417915	HG03028	1	H425	rs417915	52842074	0	C	1
rs417915	HG03028	2	H168	rs417915	52842074	0	C	1
rs417915	HG03039	1	H184	rs417915	52842074	0	C	1
rs417915	HG03039	2	H21	rs417915	52842074	0	C	1
rs417915	HG03040	1	H9	rs417915	52842074	0	C	1
rs417915	HG03040	2	H32	rs417915	52842074	0	C	1
rs417915	HG03045	1	H1	rs417915	52842074	0	C	1
rs417915	HG03045	2	H25	rs417915	52842074	0	C	1
rs417915	HG03046	1	H17	rs417915	52842074	0	C	1
rs417915	HG03046	2	H41	rs417915	52842074	0	C	1
rs417915	HG03048	1	H1	rs417915	52842074	0	C	1
rs417915	HG03048	2	H76	rs417915	52842074	0	C	1
rs417915	HG03049	1	H36	rs417915	52842074	0	C	1
rs417915	HG03049	2	H37	rs417915	52842074	0	C	1
rs417915	HG03052	1	H9	rs417915	52842074	0	C	1
rs417915	HG03052	2	H513	rs417915	52842074	0	C	1
rs417915	HG03054	1	H37	rs417915	52842074	0	C	1
rs417915	HG03054	2	H17	rs417915	52842074	0	C	1
rs417915	HG03055	1	H42	rs417915	52842074	0	C	1
rs417915	HG03055	2	H21	rs417915	52842074	0	C	1
rs417915	HG03057	1	H63	rs417915	52842074	0	C	1
rs417915	HG03057	2	H32	rs417915	52842074	0	C	1
rs417915	HG03058	1	H37	rs417915	52842074	0	C	1
rs417915	HG03058	2	H144	rs417915	52842074	0	C	1
rs417915	HG03060	1	H25	rs417915	52842074	0	C	1
rs417915	HG03060	2	H17	rs417915	52842074	0	C	1
rs417915	HG03061	1	H86	rs417915	52842074	0	C	1
rs417915	HG03061	2	H12	rs417915	52842074	0	C	1
rs417915	HG03063	1	H434	rs417915	52842074	0	C	1
rs417915	HG03063	2	H32	rs417915	52842074	0	C	1
rs417915	HG03064	1	H80	rs417915	52842074	0	C	1
rs417915	HG03064	2	H11	rs417915	52842074	0	C	1
rs417915	HG03066	1	H1	rs417915	52842074	0	C	1
rs417915	HG03066	2	H43	rs417915	52842074	0	C	1
rs417915	HG03069	1	H108	rs417915	52842074	0	C	1
rs417915	HG03069	2	H259	rs417915	52842074	0	C	1
rs417915	HG03072	1	H9	rs417915	52842074	0	C	1
rs417915	HG03072	2	H17	rs417915	52842074	0	C	1
rs417915	HG03073	1	H17	rs417915	52842074	0	C	1
rs417915	HG03073	2	H9	rs417915	52842074	0	C	1
rs417915	HG03074	1	H57	rs417915	52842074	0	C	1
rs417915	HG03074	2	H16	rs417915	52842074	0	C	1
rs417915	HG03077	1	H153	rs417915	52842074	0	C	1
rs417915	HG03077	2	H42	rs417915	52842074	0	C	1
rs417915	HG03078	1	H118	rs417915	52842074	0	C	1
rs417915	HG03078	2	H42	rs417915	52842074	0	C	1
rs417915	HG03079	1	H32	rs417915	52842074	0	C	1
rs417915	HG03079	2	H9	rs417915	52842074	0	C	1
rs417915	HG03081	1	H385	rs417915	52842074	0	C	1
rs417915	HG03081	2	H39	rs417915	52842074	0	C	1
rs417915	HG03082	1	H16	rs417915	52842074	0	C	1
rs417915	HG03082	2	H80	rs417915	52842074	0	C	1
rs417915	HG03084	1	H47	rs417915	52842074	0	C	1
rs417915	HG03084	2	H517	rs417915	52842074	0	C	1
rs417915	HG03085	1	H498	rs417915	52842074	0	C	1
rs417915	HG03085	2	H49	rs417915	52842074	0	C	1
rs417915	HG03086	1	H16	rs417915	52842074	0	C	1
rs417915	HG03086	2	H25	rs417915	52842074	0	C	1
rs417915	HG03088	1	H25	rs417915	52842074	0	C	1
rs417915	HG03088	2	H25	rs417915	52842074	0	C	1
rs417915	HG03091	1	H9	rs417915	52842074	0	C	1
rs417915	HG03091	2	H25	rs417915	52842074	0	C	1
rs417915	HG03095	1	H49	rs417915	52842074	0	C	1
rs417915	HG03095	2	H50	rs417915	52842074	0	C	1
rs417915	HG03096	1	H237	rs417915	52842074	0	C	1
rs417915	HG03096	2	H29	rs417915	52842074	0	C	1
rs417915	HG03097	1	H45	rs417915	52842074	0	C	1
rs417915	HG03097	2	H36	rs417915	52842074	0	C	1
rs417915	HG03099	1	H9	rs417915	52842074	0	C	1
rs417915	HG03099	2	H83	rs417915	52842074	0	C	1
rs417915	HG03100	1	H1	rs417915	52842074	0	C	1
rs417915	HG03100	2	H50	rs417915	52842074	0	C	1
rs417915	HG03103	1	H21	rs417915	52842074	0	C	1
rs417915	HG03103	2	H47	rs417915	52842074	0	C	1
rs417915	HG03105	1	H17	rs417915	52842074	0	C	1
rs417915	HG03105	2	H12	rs417915	52842074	0	C	1
rs417915	HG03108	1	H49	rs417915	52842074	0	C	1
rs417915	HG03108	2	H13	rs417915	52842074	0	C	1
rs417915	HG03109	1	H16	rs417915	52842074	0	C	1
rs417915	HG03109	2	H17	rs417915	52842074	0	C	1
rs417915	HG03111	1	H17	rs417915	52842074	0	C	1
rs417915	HG03111	2	H9	rs417915	52842074	0	C	1
rs417915	HG03112	1	H23	rs417915	52842074	0	C	1
rs417915	HG03112	2	H43	rs417915	52842074	0	C	1
rs417915	HG03114	1	H32	rs417915	52842074	0	C	1
rs417915	HG03114	2	H12	rs417915	52842074	0	C	1
rs417915	HG03115	1	H13	rs417915	52842074	0	C	1
rs417915	HG03115	2	H16	rs417915	52842074	0	C	1
rs417915	HG03117	1	H75	rs417915	52842074	0	C	1
rs417915	HG03117	2	H39	rs417915	52842074	0	C	1
rs417915	HG03118	1	H45	rs417915	52842074	0	C	1
rs417915	HG03118	2	H88	rs417915	52842074	0	C	1
rs417915	HG03120	1	H13	rs417915	52842074	0	C	1
rs417915	HG03120	2	H1	rs417915	52842074	0	C	1
rs417915	HG03121	1	H9	rs417915	52842074	0	C	1
rs417915	HG03121	2	H11	rs417915	52842074	0	C	1
rs417915	HG03123	1	H269	rs417915	52842074	0	C	1
rs417915	HG03123	2	H384	rs417915	52842074	0	C	1
rs417915	HG03124	1	H74	rs417915	52842074	0	C	1
rs417915	HG03124	2	H12	rs417915	52842074	0	C	1
rs417915	HG03126	1	H25	rs417915	52842074	0	C	1
rs417915	HG03126	2	H12	rs417915	52842074	0	C	1
rs417915	HG03127	1	H41	rs417915	52842074	0	C	1
rs417915	HG03127	2	H29	rs417915	52842074	0	C	1
rs417915	HG03129	1	H11	rs417915	52842074	0	C	1
rs417915	HG03129	2	H96	rs417915	52842074	0	C	1
rs417915	HG03130	1	H23	rs417915	52842074	0	C	1
rs417915	HG03130	2	H16	rs417915	52842074	0	C	1
rs417915	HG03132	1	H104	rs417915	52842074	0	C	1
rs417915	HG03132	2	H49	rs417915	52842074	0	C	1
rs417915	HG03133	1	H23	rs417915	52842074	0	C	1
rs417915	HG03133	2	H64	rs417915	52842074	0	C	1
rs417915	HG03135	1	H13	rs417915	52842074	0	C	1
rs417915	HG03135	2	H9	rs417915	52842074	0	C	1
rs417915	HG03136	1	H1	rs417915	52842074	0	C	1
rs417915	HG03136	2	H132	rs417915	52842074	0	C	1
rs417915	HG03139	1	H89	rs417915	52842074	0	C	1
rs417915	HG03139	2	H75	rs417915	52842074	0	C	1
rs417915	HG03157	1	H23	rs417915	52842074	0	C	1
rs417915	HG03157	2	H37	rs417915	52842074	0	C	1
rs417915	HG03159	1	H13	rs417915	52842074	0	C	1
rs417915	HG03159	2	H12	rs417915	52842074	0	C	1
rs417915	HG03160	1	H29	rs417915	52842074	0	C	1
rs417915	HG03160	2	H83	rs417915	52842074	0	C	1
rs417915	HG03162	1	H57	rs417915	52842074	0	C	1
rs417915	HG03162	2	H1	rs417915	52842074	0	C	1
rs417915	HG03163	1	H202	rs417915	52842074	1	A	1
rs417915	HG03163	2	H1	rs417915	52842074	0	C	1
rs417915	HG03166	1	H272	rs417915	52842074	0	C	1
rs417915	HG03166	2	H114	rs417915	52842074	0	C	1
rs417915	HG03168	1	H21	rs417915	52842074	0	C	1
rs417915	HG03168	2	H512	rs417915	52842074	0	C	1
rs417915	HG03169	1	H1	rs417915	52842074	0	C	1
rs417915	HG03169	2	H37	rs417915	52842074	0	C	1
rs417915	HG03172	1	H1	rs417915	52842074	0	C	1
rs417915	HG03172	2	H50	rs417915	52842074	0	C	1
rs417915	HG03175	1	H218	rs417915	52842074	0	C	1
rs417915	HG03175	2	H13	rs417915	52842074	0	C	1
rs417915	HG03189	1	H23	rs417915	52842074	0	C	1
rs417915	HG03189	2	H16	rs417915	52842074	0	C	1
rs417915	HG03190	1	H484	rs417915	52842074	0	C	1
rs417915	HG03190	2	H63	rs417915	52842074	0	C	1
rs417915	HG03193	1	H9	rs417915	52842074	0	C	1
rs417915	HG03193	2	H60	rs417915	52842074	0	C	1
rs417915	HG03195	1	H1	rs417915	52842074	0	C	1
rs417915	HG03195	2	H84	rs417915	52842074	0	C	1
rs417915	HG03196	1	H487	rs417915	52842074	0	C	1
rs417915	HG03196	2	H64	rs417915	52842074	0	C	1
rs417915	HG03198	1	H59	rs417915	52842074	0	C	1
rs417915	HG03198	2	H13	rs417915	52842074	0	C	1
rs417915	HG03199	1	H9	rs417915	52842074	0	C	1
rs417915	HG03199	2	H25	rs417915	52842074	0	C	1
rs417915	HG03202	1	H45	rs417915	52842074	0	C	1
rs417915	HG03202	2	H59	rs417915	52842074	0	C	1
rs417915	HG03209	1	H25	rs417915	52842074	0	C	1
rs417915	HG03209	2	H52	rs417915	52842074	0	C	1
rs417915	HG03212	1	H523	rs417915	52842074	0	C	1
rs417915	HG03212	2	H118	rs417915	52842074	0	C	1
rs417915	HG03224	1	H42	rs417915	52842074	0	C	1
rs417915	HG03224	2	H9	rs417915	52842074	0	C	1
rs417915	HG03225	1	H39	rs417915	52842074	0	C	1
rs417915	HG03225	2	H457	rs417915	52842074	0	C	1
rs417915	HG03228	1	H1	rs417915	52842074	0	C	1
rs417915	HG03228	2	H6	rs417915	52842074	1	A	1
rs417915	HG03229	1	H4	rs417915	52842074	0	C	1
rs417915	HG03229	2	H15	rs417915	52842074	0	C	1
rs417915	HG03234	1	H4	rs417915	52842074	0	C	1
rs417915	HG03234	2	H26	rs417915	52842074	0	C	1
rs417915	HG03235	1	H38	rs417915	52842074	0	C	1
rs417915	HG03235	2	H68	rs417915	52842074	0	C	1
rs417915	HG03237	1	H87	rs417915	52842074	0	C	1
rs417915	HG03237	2	H1	rs417915	52842074	0	C	1
rs417915	HG03238	1	H2	rs417915	52842074	1	A	1
rs417915	HG03238	2	H1	rs417915	52842074	0	C	1
rs417915	HG03240	1	H76	rs417915	52842074	0	C	1
rs417915	HG03240	2	H76	rs417915	52842074	0	C	1
rs417915	HG03241	1	H1	rs417915	52842074	0	C	1
rs417915	HG03241	2	H25	rs417915	52842074	0	C	1
rs417915	HG03246	1	H80	rs417915	52842074	0	C	1
rs417915	HG03246	2	H107	rs417915	52842074	0	C	1
rs417915	HG03247	1	H36	rs417915	52842074	0	C	1
rs417915	HG03247	2	H9	rs417915	52842074	0	C	1
rs417915	HG03258	1	H12	rs417915	52842074	0	C	1
rs417915	HG03258	2	H198	rs417915	52842074	1	A	1
rs417915	HG03259	1	H17	rs417915	52842074	0	C	1
rs417915	HG03259	2	H17	rs417915	52842074	0	C	1
rs417915	HG03265	1	H96	rs417915	52842074	0	C	1
rs417915	HG03265	2	H45	rs417915	52842074	0	C	1
rs417915	HG03267	1	H17	rs417915	52842074	0	C	1
rs417915	HG03267	2	H242	rs417915	52842074	0	C	1
rs417915	HG03268	1	H11	rs417915	52842074	0	C	1
rs417915	HG03268	2	H49	rs417915	52842074	0	C	1
rs417915	HG03270	1	H12	rs417915	52842074	0	C	1
rs417915	HG03270	2	H12	rs417915	52842074	0	C	1
rs417915	HG03271	1	H13	rs417915	52842074	0	C	1
rs417915	HG03271	2	H49	rs417915	52842074	0	C	1
rs417915	HG03279	1	H377	rs417915	52842074	0	C	1
rs417915	HG03279	2	H135	rs417915	52842074	0	C	1
rs417915	HG03280	1	H1	rs417915	52842074	0	C	1
rs417915	HG03280	2	H43	rs417915	52842074	0	C	1
rs417915	HG03291	1	H21	rs417915	52842074	0	C	1
rs417915	HG03291	2	H13	rs417915	52842074	0	C	1
rs417915	HG03294	1	H1	rs417915	52842074	0	C	1
rs417915	HG03294	2	H13	rs417915	52842074	0	C	1
rs417915	HG03295	1	H60	rs417915	52842074	0	C	1
rs417915	HG03295	2	H16	rs417915	52842074	0	C	1
rs417915	HG03297	1	H92	rs417915	52842074	0	C	1
rs417915	HG03297	2	H29	rs417915	52842074	0	C	1
rs417915	HG03298	1	H218	rs417915	52842074	0	C	1
rs417915	HG03298	2	H1	rs417915	52842074	0	C	1
rs417915	HG03300	1	H25	rs417915	52842074	0	C	1
rs417915	HG03300	2	H1	rs417915	52842074	0	C	1
rs417915	HG03301	1	H11	rs417915	52842074	0	C	1
rs417915	HG03301	2	H11	rs417915	52842074	0	C	1
rs417915	HG03303	1	H11	rs417915	52842074	0	C	1
rs417915	HG03303	2	H29	rs417915	52842074	0	C	1
rs417915	HG03304	1	H45	rs417915	52842074	0	C	1
rs417915	HG03304	2	H59	rs417915	52842074	0	C	1
rs417915	HG03311	1	H43	rs417915	52842074	0	C	1
rs417915	HG03311	2	H16	rs417915	52842074	0	C	1
rs417915	HG03313	1	H60	rs417915	52842074	0	C	1
rs417915	HG03313	2	H11	rs417915	52842074	0	C	1
rs417915	HG03342	1	H47	rs417915	52842074	0	C	1
rs417915	HG03342	2	H135	rs417915	52842074	0	C	1
rs417915	HG03343	1	H1	rs417915	52842074	0	C	1
rs417915	HG03343	2	H17	rs417915	52842074	0	C	1
rs417915	HG03351	1	H16	rs417915	52842074	0	C	1
rs417915	HG03351	2	H21	rs417915	52842074	0	C	1
rs417915	HG03352	1	H11	rs417915	52842074	0	C	1
rs417915	HG03352	2	H398	rs417915	52842074	0	C	1
rs417915	HG03354	1	H74	rs417915	52842074	0	C	1
rs417915	HG03354	2	H42	rs417915	52842074	0	C	1
rs417915	HG03363	1	H41	rs417915	52842074	0	C	1
rs417915	HG03363	2	H16	rs417915	52842074	0	C	1
rs417915	HG03366	1	H23	rs417915	52842074	0	C	1
rs417915	HG03366	2	H23	rs417915	52842074	0	C	1
rs417915	HG03367	1	H13	rs417915	52842074	0	C	1
rs417915	HG03367	2	H522	rs417915	52842074	0	C	1
rs417915	HG03369	1	H74	rs417915	52842074	0	C	1
rs417915	HG03369	2	H221	rs417915	52842074	0	C	1
rs417915	HG03370	1	H11	rs417915	52842074	0	C	1
rs417915	HG03370	2	H74	rs417915	52842074	0	C	1
rs417915	HG03372	1	H13	rs417915	52842074	0	C	1
rs417915	HG03372	2	H59	rs417915	52842074	0	C	1
rs417915	HG03376	1	H32	rs417915	52842074	0	C	1
rs417915	HG03376	2	H12	rs417915	52842074	0	C	1
rs417915	HG03378	1	H88	rs417915	52842074	0	C	1
rs417915	HG03378	2	H25	rs417915	52842074	0	C	1
rs417915	HG03380	1	H260	rs417915	52842074	0	C	1
rs417915	HG03380	2	H63	rs417915	52842074	0	C	1
rs417915	HG03382	1	H25	rs417915	52842074	0	C	1
rs417915	HG03382	2	H11	rs417915	52842074	0	C	1
rs417915	HG03385	1	H84	rs417915	52842074	0	C	1
rs417915	HG03385	2	H11	rs417915	52842074	0	C	1
rs417915	HG03388	1	H29	rs417915	52842074	0	C	1
rs417915	HG03388	2	H9	rs417915	52842074	0	C	1
rs417915	HG03391	1	H23	rs417915	52842074	0	C	1
rs417915	HG03391	2	H424	rs417915	52842074	0	C	1
rs417915	HG03394	1	H17	rs417915	52842074	0	C	1
rs417915	HG03394	2	H9	rs417915	52842074	0	C	1
rs417915	HG03397	1	H11	rs417915	52842074	0	C	1
rs417915	HG03397	2	H238	rs417915	52842074	0	C	1
rs417915	HG03401	1	H84	rs417915	52842074	0	C	1
rs417915	HG03401	2	H11	rs417915	52842074	0	C	1
rs417915	HG03410	1	H52	rs417915	52842074	0	C	1
rs417915	HG03410	2	H52	rs417915	52842074	0	C	1
rs417915	HG03419	1	H169	rs417915	52842074	0	C	1
rs417915	HG03419	2	H42	rs417915	52842074	0	C	1
rs417915	HG03428	1	H118	rs417915	52842074	0	C	1
rs417915	HG03428	2	H23	rs417915	52842074	0	C	1
rs417915	HG03432	1	H80	rs417915	52842074	0	C	1
rs417915	HG03432	2	H50	rs417915	52842074	0	C	1
rs417915	HG03433	1	H149	rs417915	52842074	0	C	1
rs417915	HG03433	2	H29	rs417915	52842074	0	C	1
rs417915	HG03436	1	H9	rs417915	52842074	0	C	1
rs417915	HG03436	2	H1	rs417915	52842074	0	C	1
rs417915	HG03437	1	H81	rs417915	52842074	0	C	1
rs417915	HG03437	2	H2	rs417915	52842074	1	A	1
rs417915	HG03439	1	H107	rs417915	52842074	0	C	1
rs417915	HG03439	2	H12	rs417915	52842074	0	C	1
rs417915	HG03442	1	H9	rs417915	52842074	0	C	1
rs417915	HG03442	2	H12	rs417915	52842074	0	C	1
rs417915	HG03445	1	H88	rs417915	52842074	0	C	1
rs417915	HG03445	2	H64	rs417915	52842074	0	C	1
rs417915	HG03446	1	H238	rs417915	52842074	0	C	1
rs417915	HG03446	2	H169	rs417915	52842074	0	C	1
rs417915	HG03449	1	H11	rs417915	52842074	0	C	1
rs417915	HG03449	2	H11	rs417915	52842074	0	C	1
rs417915	HG03451	1	H37	rs417915	52842074	0	C	1
rs417915	HG03451	2	H239	rs417915	52842074	0	C	1
rs417915	HG03452	1	H9	rs417915	52842074	0	C	1
rs417915	HG03452	2	H144	rs417915	52842074	0	C	1
rs417915	HG03455	1	H25	rs417915	52842074	0	C	1
rs417915	HG03455	2	H108	rs417915	52842074	0	C	1
rs417915	HG03457	1	H118	rs417915	52842074	0	C	1
rs417915	HG03457	2	H42	rs417915	52842074	0	C	1
rs417915	HG03458	1	H89	rs417915	52842074	0	C	1
rs417915	HG03458	2	H108	rs417915	52842074	0	C	1
rs417915	HG03460	1	H2	rs417915	52842074	1	A	1
rs417915	HG03460	2	H21	rs417915	52842074	0	C	1
rs417915	HG03461	1	H52	rs417915	52842074	0	C	1
rs417915	HG03461	2	H285	rs417915	52842074	0	C	1
rs417915	HG03464	1	H23	rs417915	52842074	0	C	1
rs417915	HG03464	2	H17	rs417915	52842074	0	C	1
rs417915	HG03469	1	H11	rs417915	52842074	0	C	1
rs417915	HG03469	2	H144	rs417915	52842074	0	C	1
rs417915	HG03470	1	H167	rs417915	52842074	0	C	1
rs417915	HG03470	2	H1	rs417915	52842074	0	C	1
rs417915	HG03472	1	H103	rs417915	52842074	0	C	1
rs417915	HG03472	2	H11	rs417915	52842074	0	C	1
rs417915	HG03473	1	H118	rs417915	52842074	0	C	1
rs417915	HG03473	2	H17	rs417915	52842074	0	C	1
rs417915	HG03476	1	H21	rs417915	52842074	0	C	1
rs417915	HG03476	2	H41	rs417915	52842074	0	C	1
rs417915	HG03478	1	H11	rs417915	52842074	0	C	1
rs417915	HG03478	2	H219	rs417915	52842074	0	C	1
rs417915	HG03479	1	H89	rs417915	52842074	0	C	1
rs417915	HG03479	2	H37	rs417915	52842074	0	C	1
rs417915	HG03484	1	H17	rs417915	52842074	0	C	1
rs417915	HG03484	2	H32	rs417915	52842074	0	C	1
rs417915	HG03485	1	H11	rs417915	52842074	0	C	1
rs417915	HG03485	2	H86	rs417915	52842074	0	C	1
rs417915	HG03488	1	H55	rs417915	52842074	1	A	1
rs417915	HG03488	2	H185	rs417915	52842074	0	C	1
rs417915	HG03490	1	H15	rs417915	52842074	0	C	1
rs417915	HG03490	2	H414	rs417915	52842074	0	C	1
rs417915	HG03491	1	H28	rs417915	52842074	0	C	1
rs417915	HG03491	2	H15	rs417915	52842074	0	C	1
rs417915	HG03499	1	H86	rs417915	52842074	0	C	1
rs417915	HG03499	2	H21	rs417915	52842074	0	C	1
rs417915	HG03511	1	H396	rs417915	52842074	0	C	1
rs417915	HG03511	2	H272	rs417915	52842074	0	C	1
rs417915	HG03514	1	H533	rs417915	52842074	0	C	1
rs417915	HG03514	2	H9	rs417915	52842074	0	C	1
rs417915	HG03515	1	H74	rs417915	52842074	0	C	1
rs417915	HG03515	2	H11	rs417915	52842074	0	C	1
rs417915	HG03517	1	H16	rs417915	52842074	0	C	1
rs417915	HG03517	2	H530	rs417915	52842074	0	C	1
rs417915	HG03518	1	H9	rs417915	52842074	0	C	1
rs417915	HG03518	2	H374	rs417915	52842074	0	C	1
rs417915	HG03520	1	H96	rs417915	52842074	0	C	1
rs417915	HG03520	2	H432	rs417915	52842074	0	C	1
rs417915	HG03521	1	H11	rs417915	52842074	0	C	1
rs417915	HG03521	2	H9	rs417915	52842074	0	C	1
rs417915	HG03538	1	H88	rs417915	52842074	0	C	1
rs417915	HG03538	2	H515	rs417915	52842074	0	C	1
rs417915	HG03539	1	H11	rs417915	52842074	0	C	1
rs417915	HG03539	2	H11	rs417915	52842074	0	C	1
rs417915	HG03547	1	H57	rs417915	52842074	0	C	1
rs417915	HG03547	2	H463	rs417915	52842074	0	C	1
rs417915	HG03548	1	H36	rs417915	52842074	0	C	1
rs417915	HG03548	2	H63	rs417915	52842074	0	C	1
rs417915	HG03556	1	H60	rs417915	52842074	0	C	1
rs417915	HG03556	2	H80	rs417915	52842074	0	C	1
rs417915	HG03557	1	H83	rs417915	52842074	0	C	1
rs417915	HG03557	2	H23	rs417915	52842074	0	C	1
rs417915	HG03558	1	H23	rs417915	52842074	0	C	1
rs417915	HG03558	2	H49	rs417915	52842074	0	C	1
rs417915	HG03559	1	H86	rs417915	52842074	0	C	1
rs417915	HG03559	2	H167	rs417915	52842074	0	C	1
rs417915	HG03563	1	H23	rs417915	52842074	0	C	1
rs417915	HG03563	2	H39	rs417915	52842074	0	C	1
rs417915	HG03565	1	H71	rs417915	52842074	0	C	1
rs417915	HG03565	2	H36	rs417915	52842074	0	C	1
rs417915	HG03567	1	H1	rs417915	52842074	0	C	1
rs417915	HG03567	2	H17	rs417915	52842074	0	C	1
rs417915	HG03571	1	H9	rs417915	52842074	0	C	1
rs417915	HG03571	2	H21	rs417915	52842074	0	C	1
rs417915	HG03572	1	H17	rs417915	52842074	0	C	1
rs417915	HG03572	2	H37	rs417915	52842074	0	C	1
rs417915	HG03575	1	H43	rs417915	52842074	0	C	1
rs417915	HG03575	2	H25	rs417915	52842074	0	C	1
rs417915	HG03577	1	H382	rs417915	52842074	0	C	1
rs417915	HG03577	2	H81	rs417915	52842074	0	C	1
rs417915	HG03578	1	H42	rs417915	52842074	0	C	1
rs417915	HG03578	2	H514	rs417915	52842074	0	C	1
rs417915	HG03583	1	H63	rs417915	52842074	0	C	1
rs417915	HG03583	2	H169	rs417915	52842074	0	C	1
rs417915	HG03585	1	H78	rs417915	52842074	0	C	1
rs417915	HG03585	2	H3	rs417915	52842074	1	A	1
rs417915	HG03589	1	H445	rs417915	52842074	0	C	1
rs417915	HG03589	2	H1	rs417915	52842074	0	C	1
rs417915	HG03593	1	H54	rs417915	52842074	0	C	1
rs417915	HG03593	2	H20	rs417915	52842074	0	C	1
rs417915	HG03594	1	H101	rs417915	52842074	0	C	1
rs417915	HG03594	2	H22	rs417915	52842074	0	C	1
rs417915	HG03595	1	H140	rs417915	52842074	0	C	1
rs417915	HG03595	2	H7	rs417915	52842074	0	C	1
rs417915	HG03598	1	H211	rs417915	52842074	1	A	1
rs417915	HG03598	2	H15	rs417915	52842074	0	C	1
rs417915	HG03600	1	H7	rs417915	52842074	0	C	1
rs417915	HG03600	2	H4	rs417915	52842074	0	C	1
rs417915	HG03603	1	H21	rs417915	52842074	0	C	1
rs417915	HG03603	2	H165	rs417915	52842074	1	A	1
rs417915	HG03604	1	H38	rs417915	52842074	0	C	1
rs417915	HG03604	2	H70	rs417915	52842074	0	C	1
rs417915	HG03607	1	H1	rs417915	52842074	0	C	1
rs417915	HG03607	2	H18	rs417915	52842074	0	C	1
rs417915	HG03611	1	H38	rs417915	52842074	0	C	1
rs417915	HG03611	2	H1	rs417915	52842074	0	C	1
rs417915	HG03615	1	H31	rs417915	52842074	0	C	1
rs417915	HG03615	2	H4	rs417915	52842074	0	C	1
rs417915	HG03616	1	H2	rs417915	52842074	1	A	1
rs417915	HG03616	2	H22	rs417915	52842074	0	C	1
rs417915	HG03619	1	H1	rs417915	52842074	0	C	1
rs417915	HG03619	2	H1	rs417915	52842074	0	C	1
rs417915	HG03624	1	H22	rs417915	52842074	0	C	1
rs417915	HG03624	2	H33	rs417915	52842074	0	C	1
rs417915	HG03625	1	H38	rs417915	52842074	0	C	1
rs417915	HG03625	2	H1	rs417915	52842074	0	C	1
rs417915	HG03629	1	H44	rs417915	52842074	1	A	1
rs417915	HG03629	2	H4	rs417915	52842074	0	C	1
rs417915	HG03631	1	H141	rs417915	52842074	0	C	1
rs417915	HG03631	2	H6	rs417915	52842074	1	A	1
rs417915	HG03634	1	H58	rs417915	52842074	0	C	1
rs417915	HG03634	2	H1	rs417915	52842074	0	C	1
rs417915	HG03636	1	H26	rs417915	52842074	0	C	1
rs417915	HG03636	2	H44	rs417915	52842074	1	A	1
rs417915	HG03640	1	H313	rs417915	52842074	1	A	1
rs417915	HG03640	2	H91	rs417915	52842074	1	A	1
rs417915	HG03642	1	H33	rs417915	52842074	0	C	1
rs417915	HG03642	2	H1	rs417915	52842074	0	C	1
rs417915	HG03643	1	H1	rs417915	52842074	0	C	1
rs417915	HG03643	2	H4	rs417915	52842074	0	C	1
rs417915	HG03644	1	H1	rs417915	52842074	0	C	1
rs417915	HG03644	2	H79	rs417915	52842074	0	C	1
rs417915	HG03645	1	H1	rs417915	52842074	0	C	1
rs417915	HG03645	2	H65	rs417915	52842074	0	C	1
rs417915	HG03646	1	H4	rs417915	52842074	0	C	1
rs417915	HG03646	2	H46	rs417915	52842074	0	C	1
rs417915	HG03649	1	H62	rs417915	52842074	1	A	1
rs417915	HG03649	2	H348	rs417915	52842074	1	A	1
rs417915	HG03652	1	H62	rs417915	52842074	1	A	1
rs417915	HG03652	2	H496	rs417915	52842074	0	C	1
rs417915	HG03653	1	H85	rs417915	52842074	0	C	1
rs417915	HG03653	2	H2	rs417915	52842074	1	A	1
rs417915	HG03660	1	H1	rs417915	52842074	0	C	1
rs417915	HG03660	2	H15	rs417915	52842074	0	C	1
rs417915	HG03663	1	H3	rs417915	52842074	1	A	1
rs417915	HG03663	2	H1	rs417915	52842074	0	C	1
rs417915	HG03667	1	H15	rs417915	52842074	0	C	1
rs417915	HG03667	2	H58	rs417915	52842074	0	C	1
rs417915	HG03668	1	H1	rs417915	52842074	0	C	1
rs417915	HG03668	2	H55	rs417915	52842074	1	A	1
rs417915	HG03672	1	H1	rs417915	52842074	0	C	1
rs417915	HG03672	2	H4	rs417915	52842074	0	C	1
rs417915	HG03673	1	H4	rs417915	52842074	0	C	1
rs417915	HG03673	2	H177	rs417915	52842074	0	C	1
rs417915	HG03679	1	H10	rs417915	52842074	0	C	1
rs417915	HG03679	2	H14	rs417915	52842074	0	C	1
rs417915	HG03680	1	H28	rs417915	52842074	0	C	1
rs417915	HG03680	2	H510	rs417915	52842074	0	C	1
rs417915	HG03681	1	H28	rs417915	52842074	0	C	1
rs417915	HG03681	2	H524	rs417915	52842074	0	C	1
rs417915	HG03684	1	H1	rs417915	52842074	0	C	1
rs417915	HG03684	2	H26	rs417915	52842074	0	C	1
rs417915	HG03685	1	H10	rs417915	52842074	0	C	1
rs417915	HG03685	2	H1	rs417915	52842074	0	C	1
rs417915	HG03686	1	H4	rs417915	52842074	0	C	1
rs417915	HG03686	2	H1	rs417915	52842074	0	C	1
rs417915	HG03687	1	H1	rs417915	52842074	0	C	1
rs417915	HG03687	2	H1	rs417915	52842074	0	C	1
rs417915	HG03689	1	H4	rs417915	52842074	0	C	1
rs417915	HG03689	2	H4	rs417915	52842074	0	C	1
rs417915	HG03690	1	H4	rs417915	52842074	0	C	1
rs417915	HG03690	2	H188	rs417915	52842074	0	C	1
rs417915	HG03691	1	H1	rs417915	52842074	0	C	1
rs417915	HG03691	2	H10	rs417915	52842074	0	C	1
rs417915	HG03692	1	H2	rs417915	52842074	1	A	1
rs417915	HG03692	2	H407	rs417915	52842074	0	C	1
rs417915	HG03693	1	H309	rs417915	52842074	1	A	1
rs417915	HG03693	2	H51	rs417915	52842074	1	A	1
rs417915	HG03694	1	H158	rs417915	52842074	1	A	1
rs417915	HG03694	2	H67	rs417915	52842074	1	A	1
rs417915	HG03695	1	H10	rs417915	52842074	0	C	1
rs417915	HG03695	2	H1	rs417915	52842074	0	C	1
rs417915	HG03696	1	H38	rs417915	52842074	0	C	1
rs417915	HG03696	2	H1	rs417915	52842074	0	C	1
rs417915	HG03697	1	H179	rs417915	52842074	0	C	1
rs417915	HG03697	2	H1	rs417915	52842074	0	C	1
rs417915	HG03698	1	H62	rs417915	52842074	1	A	1
rs417915	HG03698	2	H507	rs417915	52842074	0	C	1
rs417915	HG03702	1	H85	rs417915	52842074	0	C	1
rs417915	HG03702	2	H1	rs417915	52842074	0	C	1
rs417915	HG03703	1	H28	rs417915	52842074	0	C	1
rs417915	HG03703	2	H1	rs417915	52842074	0	C	1
rs417915	HG03705	1	H26	rs417915	52842074	0	C	1
rs417915	HG03705	2	H33	rs417915	52842074	0	C	1
rs417915	HG03706	1	H165	rs417915	52842074	1	A	1
rs417915	HG03706	2	H282	rs417915	52842074	0	C	1
rs417915	HG03708	1	H46	rs417915	52842074	0	C	1
rs417915	HG03708	2	H54	rs417915	52842074	0	C	1
rs417915	HG03709	1	H4	rs417915	52842074	0	C	1
rs417915	HG03709	2	H26	rs417915	52842074	0	C	1
rs417915	HG03711	1	H44	rs417915	52842074	1	A	1
rs417915	HG03711	2	H4	rs417915	52842074	0	C	1
rs417915	HG03713	1	H4	rs417915	52842074	0	C	1
rs417915	HG03713	2	H78	rs417915	52842074	0	C	1
rs417915	HG03714	1	H117	rs417915	52842074	0	C	1
rs417915	HG03714	2	H119	rs417915	52842074	0	C	1
rs417915	HG03716	1	H34	rs417915	52842074	1	A	1
rs417915	HG03716	2	H172	rs417915	52842074	0	C	1
rs417915	HG03717	1	H55	rs417915	52842074	1	A	1
rs417915	HG03717	2	H70	rs417915	52842074	0	C	1
rs417915	HG03718	1	H33	rs417915	52842074	0	C	1
rs417915	HG03718	2	H1	rs417915	52842074	0	C	1
rs417915	HG03720	1	H15	rs417915	52842074	0	C	1
rs417915	HG03720	2	H73	rs417915	52842074	0	C	1
rs417915	HG03722	1	H4	rs417915	52842074	0	C	1
rs417915	HG03722	2	H1	rs417915	52842074	0	C	1
rs417915	HG03727	1	H1	rs417915	52842074	0	C	1
rs417915	HG03727	2	H4	rs417915	52842074	0	C	1
rs417915	HG03729	1	H1	rs417915	52842074	0	C	1
rs417915	HG03729	2	H54	rs417915	52842074	0	C	1
rs417915	HG03730	1	H15	rs417915	52842074	0	C	1
rs417915	HG03730	2	H1	rs417915	52842074	0	C	1
rs417915	HG03731	1	H58	rs417915	52842074	0	C	1
rs417915	HG03731	2	H1	rs417915	52842074	0	C	1
rs417915	HG03733	1	H44	rs417915	52842074	1	A	1
rs417915	HG03733	2	H1	rs417915	52842074	0	C	1
rs417915	HG03736	1	H1	rs417915	52842074	0	C	1
rs417915	HG03736	2	H550	rs417915	52842074	0	C	1
rs417915	HG03738	1	H87	rs417915	52842074	0	C	1
rs417915	HG03738	2	H277	rs417915	52842074	0	C	1
rs417915	HG03740	1	H246	rs417915	52842074	0	C	1
rs417915	HG03740	2	H4	rs417915	52842074	0	C	1
rs417915	HG03741	1	H1	rs417915	52842074	0	C	1
rs417915	HG03741	2	H97	rs417915	52842074	1	A	1
rs417915	HG03742	1	H15	rs417915	52842074	0	C	1
rs417915	HG03742	2	H38	rs417915	52842074	0	C	1
rs417915	HG03743	1	H1	rs417915	52842074	0	C	1
rs417915	HG03743	2	H1	rs417915	52842074	0	C	1
rs417915	HG03744	1	H109	rs417915	52842074	0	C	1
rs417915	HG03744	2	H6	rs417915	52842074	1	A	1
rs417915	HG03745	1	H87	rs417915	52842074	0	C	1
rs417915	HG03745	2	H46	rs417915	52842074	0	C	1
rs417915	HG03746	1	H54	rs417915	52842074	0	C	1
rs417915	HG03746	2	H28	rs417915	52842074	0	C	1
rs417915	HG03750	1	H140	rs417915	52842074	0	C	1
rs417915	HG03750	2	H101	rs417915	52842074	0	C	1
rs417915	HG03752	1	H277	rs417915	52842074	0	C	1
rs417915	HG03752	2	H1	rs417915	52842074	0	C	1
rs417915	HG03753	1	H10	rs417915	52842074	0	C	1
rs417915	HG03753	2	H26	rs417915	52842074	0	C	1
rs417915	HG03754	1	H279	rs417915	52842074	0	C	1
rs417915	HG03754	2	H101	rs417915	52842074	0	C	1
rs417915	HG03755	1	H279	rs417915	52842074	0	C	1
rs417915	HG03755	2	H46	rs417915	52842074	0	C	1
rs417915	HG03756	1	H1	rs417915	52842074	0	C	1
rs417915	HG03756	2	H87	rs417915	52842074	0	C	1
rs417915	HG03757	1	H117	rs417915	52842074	0	C	1
rs417915	HG03757	2	H1	rs417915	52842074	0	C	1
rs417915	HG03760	1	H527	rs417915	52842074	0	C	1
rs417915	HG03760	2	H15	rs417915	52842074	0	C	1
rs417915	HG03762	1	H1	rs417915	52842074	0	C	1
rs417915	HG03762	2	H2	rs417915	52842074	1	A	1
rs417915	HG03765	1	H1	rs417915	52842074	0	C	1
rs417915	HG03765	2	H161	rs417915	52842074	1	A	1
rs417915	HG03767	1	H4	rs417915	52842074	0	C	1
rs417915	HG03767	2	H508	rs417915	52842074	0	C	1
rs417915	HG03770	1	H58	rs417915	52842074	0	C	1
rs417915	HG03770	2	H4	rs417915	52842074	0	C	1
rs417915	HG03771	1	H33	rs417915	52842074	0	C	1
rs417915	HG03771	2	H4	rs417915	52842074	0	C	1
rs417915	HG03772	1	H99	rs417915	52842074	1	A	1
rs417915	HG03772	2	H68	rs417915	52842074	0	C	1
rs417915	HG03773	1	H78	rs417915	52842074	0	C	1
rs417915	HG03773	2	H126	rs417915	52842074	1	A	1
rs417915	HG03774	1	H541	rs417915	52842074	0	C	1
rs417915	HG03774	2	H91	rs417915	52842074	1	A	1
rs417915	HG03775	1	H21	rs417915	52842074	0	C	1
rs417915	HG03775	2	H21	rs417915	52842074	0	C	1
rs417915	HG03777	1	H79	rs417915	52842074	0	C	1
rs417915	HG03777	2	H183	rs417915	52842074	0	C	1
rs417915	HG03778	1	H109	rs417915	52842074	0	C	1
rs417915	HG03778	2	H1	rs417915	52842074	0	C	1
rs417915	HG03779	1	H28	rs417915	52842074	0	C	1
rs417915	HG03779	2	H12	rs417915	52842074	0	C	1
rs417915	HG03780	1	H150	rs417915	52842074	0	C	1
rs417915	HG03780	2	H1	rs417915	52842074	0	C	1
rs417915	HG03781	1	H33	rs417915	52842074	0	C	1
rs417915	HG03781	2	H26	rs417915	52842074	0	C	1
rs417915	HG03782	1	H2	rs417915	52842074	1	A	1
rs417915	HG03782	2	H1	rs417915	52842074	0	C	1
rs417915	HG03784	1	H1	rs417915	52842074	0	C	1
rs417915	HG03784	2	H4	rs417915	52842074	0	C	1
rs417915	HG03785	1	H26	rs417915	52842074	0	C	1
rs417915	HG03785	2	H58	rs417915	52842074	0	C	1
rs417915	HG03786	1	H1	rs417915	52842074	0	C	1
rs417915	HG03786	2	H70	rs417915	52842074	0	C	1
rs417915	HG03787	1	H54	rs417915	52842074	0	C	1
rs417915	HG03787	2	H1	rs417915	52842074	0	C	1
rs417915	HG03788	1	H15	rs417915	52842074	0	C	1
rs417915	HG03788	2	H1	rs417915	52842074	0	C	1
rs417915	HG03789	1	H2	rs417915	52842074	1	A	1
rs417915	HG03789	2	H1	rs417915	52842074	0	C	1
rs417915	HG03790	1	H1	rs417915	52842074	0	C	1
rs417915	HG03790	2	H408	rs417915	52842074	0	C	1
rs417915	HG03792	1	H28	rs417915	52842074	0	C	1
rs417915	HG03792	2	H10	rs417915	52842074	0	C	1
rs417915	HG03793	1	H151	rs417915	52842074	0	C	1
rs417915	HG03793	2	H3	rs417915	52842074	1	A	1
rs417915	HG03796	1	H27	rs417915	52842074	0	C	1
rs417915	HG03796	2	H10	rs417915	52842074	0	C	1
rs417915	HG03800	1	H1	rs417915	52842074	0	C	1
rs417915	HG03800	2	H46	rs417915	52842074	0	C	1
rs417915	HG03802	1	H38	rs417915	52842074	0	C	1
rs417915	HG03802	2	H1	rs417915	52842074	0	C	1
rs417915	HG03803	1	H252	rs417915	52842074	0	C	1
rs417915	HG03803	2	H73	rs417915	52842074	0	C	1
rs417915	HG03805	1	H1	rs417915	52842074	0	C	1
rs417915	HG03805	2	H85	rs417915	52842074	0	C	1
rs417915	HG03808	1	H1	rs417915	52842074	0	C	1
rs417915	HG03808	2	H274	rs417915	52842074	0	C	1
rs417915	HG03809	1	H1	rs417915	52842074	0	C	1
rs417915	HG03809	2	H1	rs417915	52842074	0	C	1
rs417915	HG03812	1	H1	rs417915	52842074	0	C	1
rs417915	HG03812	2	H35	rs417915	52842074	0	C	1
rs417915	HG03814	1	H2	rs417915	52842074	1	A	1
rs417915	HG03814	2	H90	rs417915	52842074	0	C	1
rs417915	HG03815	1	H27	rs417915	52842074	0	C	1
rs417915	HG03815	2	H4	rs417915	52842074	0	C	1
rs417915	HG03817	1	H1	rs417915	52842074	0	C	1
rs417915	HG03817	2	H119	rs417915	52842074	0	C	1
rs417915	HG03821	1	H4	rs417915	52842074	0	C	1
rs417915	HG03821	2	H160	rs417915	52842074	1	A	1
rs417915	HG03823	1	H454	rs417915	52842074	0	C	1
rs417915	HG03823	2	H91	rs417915	52842074	1	A	1
rs417915	HG03824	1	H4	rs417915	52842074	0	C	1
rs417915	HG03824	2	H192	rs417915	52842074	0	C	1
rs417915	HG03826	1	H26	rs417915	52842074	0	C	1
rs417915	HG03826	2	H4	rs417915	52842074	0	C	1
rs417915	HG03829	1	H183	rs417915	52842074	0	C	1
rs417915	HG03829	2	H5	rs417915	52842074	1	A	1
rs417915	HG03830	1	H90	rs417915	52842074	0	C	1
rs417915	HG03830	2	H28	rs417915	52842074	0	C	1
rs417915	HG03832	1	H2	rs417915	52842074	1	A	1
rs417915	HG03832	2	H5	rs417915	52842074	1	A	1
rs417915	HG03833	1	H2	rs417915	52842074	1	A	1
rs417915	HG03833	2	H10	rs417915	52842074	0	C	1
rs417915	HG03836	1	H28	rs417915	52842074	0	C	1
rs417915	HG03836	2	H62	rs417915	52842074	1	A	1
rs417915	HG03837	1	H44	rs417915	52842074	1	A	1
rs417915	HG03837	2	H1	rs417915	52842074	0	C	1
rs417915	HG03838	1	H4	rs417915	52842074	0	C	1
rs417915	HG03838	2	H1	rs417915	52842074	0	C	1
rs417915	HG03844	1	H2	rs417915	52842074	1	A	1
rs417915	HG03844	2	H1	rs417915	52842074	0	C	1
rs417915	HG03846	1	H179	rs417915	52842074	0	C	1
rs417915	HG03846	2	H4	rs417915	52842074	0	C	1
rs417915	HG03848	1	H1	rs417915	52842074	0	C	1
rs417915	HG03848	2	H1	rs417915	52842074	0	C	1
rs417915	HG03849	1	H1	rs417915	52842074	0	C	1
rs417915	HG03849	2	H54	rs417915	52842074	0	C	1
rs417915	HG03850	1	H2	rs417915	52842074	1	A	1
rs417915	HG03850	2	H33	rs417915	52842074	0	C	1
rs417915	HG03851	1	H61	rs417915	52842074	0	C	1
rs417915	HG03851	2	H62	rs417915	52842074	1	A	1
rs417915	HG03854	1	H44	rs417915	52842074	1	A	1
rs417915	HG03854	2	H1	rs417915	52842074	0	C	1
rs417915	HG03856	1	H15	rs417915	52842074	0	C	1
rs417915	HG03856	2	H1	rs417915	52842074	0	C	1
rs417915	HG03857	1	H453	rs417915	52842074	0	C	1
rs417915	HG03857	2	H1	rs417915	52842074	0	C	1
rs417915	HG03858	1	H501	rs417915	52842074	0	C	1
rs417915	HG03858	2	H4	rs417915	52842074	0	C	1
rs417915	HG03861	1	H38	rs417915	52842074	0	C	1
rs417915	HG03861	2	H109	rs417915	52842074	0	C	1
rs417915	HG03862	1	H222	rs417915	52842074	0	C	1
rs417915	HG03862	2	H222	rs417915	52842074	0	C	1
rs417915	HG03863	1	H28	rs417915	52842074	0	C	1
rs417915	HG03863	2	H504	rs417915	52842074	0	C	1
rs417915	HG03864	1	H62	rs417915	52842074	1	A	1
rs417915	HG03864	2	H497	rs417915	52842074	0	C	1
rs417915	HG03866	1	H2	rs417915	52842074	1	A	1
rs417915	HG03866	2	H192	rs417915	52842074	0	C	1
rs417915	HG03867	1	H38	rs417915	52842074	0	C	1
rs417915	HG03867	2	H186	rs417915	52842074	0	C	1
rs417915	HG03868	1	H201	rs417915	52842074	1	A	1
rs417915	HG03868	2	H340	rs417915	52842074	1	A	1
rs417915	HG03869	1	H87	rs417915	52842074	0	C	1
rs417915	HG03869	2	H1	rs417915	52842074	0	C	1
rs417915	HG03870	1	H3	rs417915	52842074	1	A	1
rs417915	HG03870	2	H68	rs417915	52842074	0	C	1
rs417915	HG03871	1	H151	rs417915	52842074	0	C	1
rs417915	HG03871	2	H10	rs417915	52842074	0	C	1
rs417915	HG03872	1	H1	rs417915	52842074	0	C	1
rs417915	HG03872	2	H46	rs417915	52842074	0	C	1
rs417915	HG03873	1	H1	rs417915	52842074	0	C	1
rs417915	HG03873	2	H1	rs417915	52842074	0	C	1
rs417915	HG03874	1	H4	rs417915	52842074	0	C	1
rs417915	HG03874	2	H28	rs417915	52842074	0	C	1
rs417915	HG03875	1	H6	rs417915	52842074	1	A	1
rs417915	HG03875	2	H46	rs417915	52842074	0	C	1
rs417915	HG03882	1	H38	rs417915	52842074	0	C	1
rs417915	HG03882	2	H4	rs417915	52842074	0	C	1
rs417915	HG03884	1	H68	rs417915	52842074	0	C	1
rs417915	HG03884	2	H148	rs417915	52842074	0	C	1
rs417915	HG03885	1	H44	rs417915	52842074	1	A	1
rs417915	HG03885	2	H10	rs417915	52842074	0	C	1
rs417915	HG03886	1	H73	rs417915	52842074	0	C	1
rs417915	HG03886	2	H15	rs417915	52842074	0	C	1
rs417915	HG03887	1	H1	rs417915	52842074	0	C	1
rs417915	HG03887	2	H28	rs417915	52842074	0	C	1
rs417915	HG03888	1	H70	rs417915	52842074	0	C	1
rs417915	HG03888	2	H85	rs417915	52842074	0	C	1
rs417915	HG03890	1	H26	rs417915	52842074	0	C	1
rs417915	HG03890	2	H1	rs417915	52842074	0	C	1
rs417915	HG03894	1	H150	rs417915	52842074	0	C	1
rs417915	HG03894	2	H1	rs417915	52842074	0	C	1
rs417915	HG03895	1	H1	rs417915	52842074	0	C	1
rs417915	HG03895	2	H179	rs417915	52842074	0	C	1
rs417915	HG03896	1	H4	rs417915	52842074	0	C	1
rs417915	HG03896	2	H1	rs417915	52842074	0	C	1
rs417915	HG03897	1	H2	rs417915	52842074	1	A	1
rs417915	HG03897	2	H15	rs417915	52842074	0	C	1
rs417915	HG03898	1	H78	rs417915	52842074	0	C	1
rs417915	HG03898	2	H109	rs417915	52842074	0	C	1
rs417915	HG03899	1	H15	rs417915	52842074	0	C	1
rs417915	HG03899	2	H1	rs417915	52842074	0	C	1
rs417915	HG03900	1	H90	rs417915	52842074	0	C	1
rs417915	HG03900	2	H73	rs417915	52842074	0	C	1
rs417915	HG03902	1	H3	rs417915	52842074	1	A	1
rs417915	HG03902	2	H20	rs417915	52842074	0	C	1
rs417915	HG03905	1	H54	rs417915	52842074	0	C	1
rs417915	HG03905	2	H166	rs417915	52842074	0	C	1
rs417915	HG03907	1	H288	rs417915	52842074	0	C	1
rs417915	HG03907	2	H2	rs417915	52842074	1	A	1
rs417915	HG03908	1	H44	rs417915	52842074	1	A	1
rs417915	HG03908	2	H7	rs417915	52842074	0	C	1
rs417915	HG03910	1	H140	rs417915	52842074	0	C	1
rs417915	HG03910	2	H6	rs417915	52842074	1	A	1
rs417915	HG03911	1	H22	rs417915	52842074	0	C	1
rs417915	HG03911	2	H44	rs417915	52842074	1	A	1
rs417915	HG03913	1	H1	rs417915	52842074	0	C	1
rs417915	HG03913	2	H51	rs417915	52842074	1	A	1
rs417915	HG03914	1	H53	rs417915	52842074	0	C	1
rs417915	HG03914	2	H1	rs417915	52842074	0	C	1
rs417915	HG03916	1	H1	rs417915	52842074	0	C	1
rs417915	HG03916	2	H15	rs417915	52842074	0	C	1
rs417915	HG03917	1	H4	rs417915	52842074	0	C	1
rs417915	HG03917	2	H54	rs417915	52842074	0	C	1
rs417915	HG03919	1	H20	rs417915	52842074	0	C	1
rs417915	HG03919	2	H70	rs417915	52842074	0	C	1
rs417915	HG03920	1	H6	rs417915	52842074	1	A	1
rs417915	HG03920	2	H26	rs417915	52842074	0	C	1
rs417915	HG03922	1	H5	rs417915	52842074	1	A	1
rs417915	HG03922	2	H4	rs417915	52842074	0	C	1
rs417915	HG03925	1	H46	rs417915	52842074	0	C	1
rs417915	HG03925	2	H12	rs417915	52842074	0	C	1
rs417915	HG03926	1	H33	rs417915	52842074	0	C	1
rs417915	HG03926	2	H10	rs417915	52842074	0	C	1
rs417915	HG03928	1	H381	rs417915	52842074	0	C	1
rs417915	HG03928	2	H46	rs417915	52842074	0	C	1
rs417915	HG03931	1	H1	rs417915	52842074	0	C	1
rs417915	HG03931	2	H1	rs417915	52842074	0	C	1
rs417915	HG03934	1	H2	rs417915	52842074	1	A	1
rs417915	HG03934	2	H15	rs417915	52842074	0	C	1
rs417915	HG03937	1	H1	rs417915	52842074	0	C	1
rs417915	HG03937	2	H68	rs417915	52842074	0	C	1
rs417915	HG03940	1	H2	rs417915	52842074	1	A	1
rs417915	HG03940	2	H161	rs417915	52842074	1	A	1
rs417915	HG03941	1	H1	rs417915	52842074	0	C	1
rs417915	HG03941	2	H1	rs417915	52842074	0	C	1
rs417915	HG03943	1	H78	rs417915	52842074	0	C	1
rs417915	HG03943	2	H1	rs417915	52842074	0	C	1
rs417915	HG03944	1	H22	rs417915	52842074	0	C	1
rs417915	HG03944	2	H14	rs417915	52842074	0	C	1
rs417915	HG03945	1	H26	rs417915	52842074	0	C	1
rs417915	HG03945	2	H28	rs417915	52842074	0	C	1
rs417915	HG03947	1	H15	rs417915	52842074	0	C	1
rs417915	HG03947	2	H2	rs417915	52842074	1	A	1
rs417915	HG03949	1	H26	rs417915	52842074	0	C	1
rs417915	HG03949	2	H2	rs417915	52842074	1	A	1
rs417915	HG03950	1	H1	rs417915	52842074	0	C	1
rs417915	HG03950	2	H15	rs417915	52842074	0	C	1
rs417915	HG03951	1	H38	rs417915	52842074	0	C	1
rs417915	HG03951	2	H1	rs417915	52842074	0	C	1
rs417915	HG03953	1	H26	rs417915	52842074	0	C	1
rs417915	HG03953	2	H4	rs417915	52842074	0	C	1
rs417915	HG03955	1	H109	rs417915	52842074	0	C	1
rs417915	HG03955	2	H26	rs417915	52842074	0	C	1
rs417915	HG03960	1	H58	rs417915	52842074	0	C	1
rs417915	HG03960	2	H1	rs417915	52842074	0	C	1
rs417915	HG03963	1	H188	rs417915	52842074	0	C	1
rs417915	HG03963	2	H1	rs417915	52842074	0	C	1
rs417915	HG03965	1	H1	rs417915	52842074	0	C	1
rs417915	HG03965	2	H28	rs417915	52842074	0	C	1
rs417915	HG03967	1	H2	rs417915	52842074	1	A	1
rs417915	HG03967	2	H231	rs417915	52842074	0	C	1
rs417915	HG03968	1	H468	rs417915	52842074	0	C	1
rs417915	HG03968	2	H174	rs417915	52842074	0	C	1
rs417915	HG03969	1	H78	rs417915	52842074	0	C	1
rs417915	HG03969	2	H1	rs417915	52842074	0	C	1
rs417915	HG03971	1	H1	rs417915	52842074	0	C	1
rs417915	HG03971	2	H148	rs417915	52842074	0	C	1
rs417915	HG03973	1	H73	rs417915	52842074	0	C	1
rs417915	HG03973	2	H54	rs417915	52842074	0	C	1
rs417915	HG03974	1	H91	rs417915	52842074	1	A	1
rs417915	HG03974	2	H146	rs417915	52842074	0	C	1
rs417915	HG03976	1	H54	rs417915	52842074	0	C	1
rs417915	HG03976	2	H21	rs417915	52842074	0	C	1
rs417915	HG03977	1	H1	rs417915	52842074	0	C	1
rs417915	HG03977	2	H1	rs417915	52842074	0	C	1
rs417915	HG03978	1	H28	rs417915	52842074	0	C	1
rs417915	HG03978	2	H186	rs417915	52842074	0	C	1
rs417915	HG03985	1	H38	rs417915	52842074	0	C	1
rs417915	HG03985	2	H79	rs417915	52842074	0	C	1
rs417915	HG03986	1	H1	rs417915	52842074	0	C	1
rs417915	HG03986	2	H1	rs417915	52842074	0	C	1
rs417915	HG03989	1	H274	rs417915	52842074	0	C	1
rs417915	HG03989	2	H1	rs417915	52842074	0	C	1
rs417915	HG03990	1	H2	rs417915	52842074	1	A	1
rs417915	HG03990	2	H1	rs417915	52842074	0	C	1
rs417915	HG03991	1	H87	rs417915	52842074	0	C	1
rs417915	HG03991	2	H1	rs417915	52842074	0	C	1
rs417915	HG03995	1	H185	rs417915	52842074	0	C	1
rs417915	HG03995	2	H185	rs417915	52842074	0	C	1
rs417915	HG03998	1	H1	rs417915	52842074	0	C	1
rs417915	HG03998	2	H1	rs417915	52842074	0	C	1
rs417915	HG03999	1	H15	rs417915	52842074	0	C	1
rs417915	HG03999	2	H65	rs417915	52842074	0	C	1
rs417915	HG04001	1	H15	rs417915	52842074	0	C	1
rs417915	HG04001	2	H188	rs417915	52842074	0	C	1
rs417915	HG04002	1	H44	rs417915	52842074	1	A	1
rs417915	HG04002	2	H161	rs417915	52842074	1	A	1
rs417915	HG04003	1	H147	rs417915	52842074	0	C	1
rs417915	HG04003	2	H12	rs417915	52842074	0	C	1
rs417915	HG04006	1	H511	rs417915	52842074	0	C	1
rs417915	HG04006	2	H140	rs417915	52842074	0	C	1
rs417915	HG04014	1	H166	rs417915	52842074	0	C	1
rs417915	HG04014	2	H1	rs417915	52842074	0	C	1
rs417915	HG04015	1	H2	rs417915	52842074	1	A	1
rs417915	HG04015	2	H79	rs417915	52842074	0	C	1
rs417915	HG04017	1	H65	rs417915	52842074	0	C	1
rs417915	HG04017	2	H4	rs417915	52842074	0	C	1
rs417915	HG04018	1	H1	rs417915	52842074	0	C	1
rs417915	HG04018	2	H2	rs417915	52842074	1	A	1
rs417915	HG04019	1	H65	rs417915	52842074	0	C	1
rs417915	HG04019	2	H15	rs417915	52842074	0	C	1
rs417915	HG04020	1	H446	rs417915	52842074	0	C	1
rs417915	HG04020	2	H526	rs417915	52842074	1	A	1
rs417915	HG04022	1	H28	rs417915	52842074	0	C	1
rs417915	HG04022	2	H1	rs417915	52842074	0	C	1
rs417915	HG04023	1	H4	rs417915	52842074	0	C	1
rs417915	HG04023	2	H1	rs417915	52842074	0	C	1
rs417915	HG04025	1	H201	rs417915	52842074	1	A	1
rs417915	HG04025	2	H26	rs417915	52842074	0	C	1
rs417915	HG04026	1	H1	rs417915	52842074	0	C	1
rs417915	HG04026	2	H46	rs417915	52842074	0	C	1
rs417915	HG04029	1	H117	rs417915	52842074	0	C	1
rs417915	HG04029	2	H61	rs417915	52842074	0	C	1
rs417915	HG04033	1	H4	rs417915	52842074	0	C	1
rs417915	HG04033	2	H1	rs417915	52842074	0	C	1
rs417915	HG04035	1	H462	rs417915	52842074	0	C	1
rs417915	HG04035	2	H4	rs417915	52842074	0	C	1
rs417915	HG04038	1	H2	rs417915	52842074	1	A	1
rs417915	HG04038	2	H4	rs417915	52842074	0	C	1
rs417915	HG04039	1	H1	rs417915	52842074	0	C	1
rs417915	HG04039	2	H10	rs417915	52842074	0	C	1
rs417915	HG04042	1	H46	rs417915	52842074	0	C	1
rs417915	HG04042	2	H90	rs417915	52842074	0	C	1
rs417915	HG04047	1	H91	rs417915	52842074	1	A	1
rs417915	HG04047	2	H73	rs417915	52842074	0	C	1
rs417915	HG04054	1	H4	rs417915	52842074	0	C	1
rs417915	HG04054	2	H4	rs417915	52842074	0	C	1
rs417915	HG04056	1	H54	rs417915	52842074	0	C	1
rs417915	HG04056	2	H422	rs417915	52842074	0	C	1
rs417915	HG04059	1	H90	rs417915	52842074	0	C	1
rs417915	HG04059	2	H330	rs417915	52842074	1	A	1
rs417915	HG04060	1	H4	rs417915	52842074	0	C	1
rs417915	HG04060	2	H4	rs417915	52842074	0	C	1
rs417915	HG04061	1	H4	rs417915	52842074	0	C	1
rs417915	HG04061	2	H4	rs417915	52842074	0	C	1
rs417915	HG04062	1	H117	rs417915	52842074	0	C	1
rs417915	HG04062	2	H2	rs417915	52842074	1	A	1
rs417915	HG04063	1	H4	rs417915	52842074	0	C	1
rs417915	HG04063	2	H1	rs417915	52842074	0	C	1
rs417915	HG04070	1	H1	rs417915	52842074	0	C	1
rs417915	HG04070	2	H28	rs417915	52842074	0	C	1
rs417915	HG04075	1	H1	rs417915	52842074	0	C	1
rs417915	HG04075	2	H2	rs417915	52842074	1	A	1
rs417915	HG04076	1	H58	rs417915	52842074	0	C	1
rs417915	HG04076	2	H65	rs417915	52842074	0	C	1
rs417915	HG04080	1	H106	rs417915	52842074	1	A	1
rs417915	HG04080	2	H1	rs417915	52842074	0	C	1
rs417915	HG04090	1	H5	rs417915	52842074	1	A	1
rs417915	HG04090	2	H20	rs417915	52842074	0	C	1
rs417915	HG04093	1	H2	rs417915	52842074	1	A	1
rs417915	HG04093	2	H1	rs417915	52842074	0	C	1
rs417915	HG04094	1	H38	rs417915	52842074	0	C	1
rs417915	HG04094	2	H1	rs417915	52842074	0	C	1
rs417915	HG04096	1	H28	rs417915	52842074	0	C	1
rs417915	HG04096	2	H33	rs417915	52842074	0	C	1
rs417915	HG04098	1	H4	rs417915	52842074	0	C	1
rs417915	HG04098	2	H46	rs417915	52842074	0	C	1
rs417915	HG04099	1	H546	rs417915	52842074	0	C	1
rs417915	HG04099	2	H2	rs417915	52842074	1	A	1
rs417915	HG04100	1	H146	rs417915	52842074	0	C	1
rs417915	HG04100	2	H91	rs417915	52842074	1	A	1
rs417915	HG04106	1	H26	rs417915	52842074	0	C	1
rs417915	HG04106	2	H73	rs417915	52842074	0	C	1
rs417915	HG04107	1	H33	rs417915	52842074	0	C	1
rs417915	HG04107	2	H33	rs417915	52842074	0	C	1
rs417915	HG04118	1	H28	rs417915	52842074	0	C	1
rs417915	HG04118	2	H65	rs417915	52842074	0	C	1
rs417915	HG04131	1	H1	rs417915	52842074	0	C	1
rs417915	HG04131	2	H499	rs417915	52842074	0	C	1
rs417915	HG04134	1	H22	rs417915	52842074	0	C	1
rs417915	HG04134	2	H6	rs417915	52842074	1	A	1
rs417915	HG04140	1	H3	rs417915	52842074	1	A	1
rs417915	HG04140	2	H6	rs417915	52842074	1	A	1
rs417915	HG04141	1	H15	rs417915	52842074	0	C	1
rs417915	HG04141	2	H389	rs417915	52842074	0	C	1
rs417915	HG04144	1	H2	rs417915	52842074	1	A	1
rs417915	HG04144	2	H1	rs417915	52842074	0	C	1
rs417915	HG04146	1	H22	rs417915	52842074	0	C	1
rs417915	HG04146	2	H4	rs417915	52842074	0	C	1
rs417915	HG04152	1	H46	rs417915	52842074	0	C	1
rs417915	HG04152	2	H68	rs417915	52842074	0	C	1
rs417915	HG04153	1	H1	rs417915	52842074	0	C	1
rs417915	HG04153	2	H152	rs417915	52842074	0	C	1
rs417915	HG04155	1	H4	rs417915	52842074	0	C	1
rs417915	HG04155	2	H1	rs417915	52842074	0	C	1
rs417915	HG04156	1	H85	rs417915	52842074	0	C	1
rs417915	HG04156	2	H4	rs417915	52842074	0	C	1
rs417915	HG04158	1	H458	rs417915	52842074	0	C	1
rs417915	HG04158	2	H1	rs417915	52842074	0	C	1
rs417915	HG04159	1	H2	rs417915	52842074	1	A	1
rs417915	HG04159	2	H411	rs417915	52842074	0	C	1
rs417915	HG04161	1	H257	rs417915	52842074	0	C	1
rs417915	HG04161	2	H85	rs417915	52842074	0	C	1
rs417915	HG04162	1	H257	rs417915	52842074	0	C	1
rs417915	HG04162	2	H106	rs417915	52842074	1	A	1
rs417915	HG04164	1	H102	rs417915	52842074	0	C	1
rs417915	HG04164	2	H46	rs417915	52842074	0	C	1
rs417915	HG04171	1	H177	rs417915	52842074	0	C	1
rs417915	HG04171	2	H28	rs417915	52842074	0	C	1
rs417915	HG04173	1	H1	rs417915	52842074	0	C	1
rs417915	HG04173	2	H79	rs417915	52842074	0	C	1
rs417915	HG04176	1	H1	rs417915	52842074	0	C	1
rs417915	HG04176	2	H1	rs417915	52842074	0	C	1
rs417915	HG04177	1	H1	rs417915	52842074	0	C	1
rs417915	HG04177	2	H15	rs417915	52842074	0	C	1
rs417915	HG04180	1	H26	rs417915	52842074	0	C	1
rs417915	HG04180	2	H4	rs417915	52842074	0	C	1
rs417915	HG04182	1	H536	rs417915	52842074	0	C	1
rs417915	HG04182	2	H2	rs417915	52842074	1	A	1
rs417915	HG04183	1	H54	rs417915	52842074	0	C	1
rs417915	HG04183	2	H1	rs417915	52842074	0	C	1
rs417915	HG04185	1	H6	rs417915	52842074	1	A	1
rs417915	HG04185	2	H38	rs417915	52842074	0	C	1
rs417915	HG04186	1	H1	rs417915	52842074	0	C	1
rs417915	HG04186	2	H2	rs417915	52842074	1	A	1
rs417915	HG04188	1	H1	rs417915	52842074	0	C	1
rs417915	HG04188	2	H26	rs417915	52842074	0	C	1
rs417915	HG04189	1	H15	rs417915	52842074	0	C	1
rs417915	HG04189	2	H1	rs417915	52842074	0	C	1
rs417915	HG04194	1	H227	rs417915	52842074	0	C	1
rs417915	HG04194	2	H177	rs417915	52842074	0	C	1
rs417915	HG04195	1	H1	rs417915	52842074	0	C	1
rs417915	HG04195	2	H102	rs417915	52842074	0	C	1
rs417915	HG04198	1	H101	rs417915	52842074	0	C	1
rs417915	HG04198	2	H21	rs417915	52842074	0	C	1
rs417915	HG04200	1	H2	rs417915	52842074	1	A	1
rs417915	HG04200	2	H21	rs417915	52842074	0	C	1
rs417915	HG04202	1	H2	rs417915	52842074	1	A	1
rs417915	HG04202	2	H265	rs417915	52842074	0	C	1
rs417915	HG04206	1	H105	rs417915	52842074	1	A	1
rs417915	HG04206	2	H1	rs417915	52842074	0	C	1
rs417915	HG04209	1	H22	rs417915	52842074	0	C	1
rs417915	HG04209	2	H15	rs417915	52842074	0	C	1
rs417915	HG04210	1	H342	rs417915	52842074	1	A	1
rs417915	HG04210	2	H46	rs417915	52842074	0	C	1
rs417915	HG04211	1	H20	rs417915	52842074	0	C	1
rs417915	HG04211	2	H4	rs417915	52842074	0	C	1
rs417915	HG04212	1	H26	rs417915	52842074	0	C	1
rs417915	HG04212	2	H65	rs417915	52842074	0	C	1
rs417915	HG04214	1	H151	rs417915	52842074	0	C	1
rs417915	HG04214	2	H2	rs417915	52842074	1	A	1
rs417915	HG04216	1	H1	rs417915	52842074	0	C	1
rs417915	HG04216	2	H2	rs417915	52842074	1	A	1
rs417915	HG04219	1	H4	rs417915	52842074	0	C	1
rs417915	HG04219	2	H4	rs417915	52842074	0	C	1
rs417915	HG04222	1	H91	rs417915	52842074	1	A	1
rs417915	HG04222	2	H391	rs417915	52842074	0	C	1
rs417915	HG04225	1	H1	rs417915	52842074	0	C	1
rs417915	HG04225	2	H58	rs417915	52842074	0	C	1
rs417915	HG04227	1	H1	rs417915	52842074	0	C	1
rs417915	HG04227	2	H1	rs417915	52842074	0	C	1
rs417915	HG04229	1	H1	rs417915	52842074	0	C	1
rs417915	HG04229	2	H166	rs417915	52842074	0	C	1
rs417915	HG04235	1	H90	rs417915	52842074	0	C	1
rs417915	HG04235	2	H15	rs417915	52842074	0	C	1
rs417915	HG04238	1	H26	rs417915	52842074	0	C	1
rs417915	HG04238	2	H2	rs417915	52842074	1	A	1
rs417915	HG04239	1	H1	rs417915	52842074	0	C	1
rs417915	HG04239	2	H252	rs417915	52842074	0	C	1
rs417915	NA06984	1	H2	rs417915	52842074	1	A	1
rs417915	NA06984	2	H2	rs417915	52842074	1	A	1
rs417915	NA06985	1	H173	rs417915	52842074	0	C	1
rs417915	NA06985	2	H10	rs417915	52842074	0	C	1
rs417915	NA06986	1	H7	rs417915	52842074	0	C	1
rs417915	NA06986	2	H2	rs417915	52842074	1	A	1
rs417915	NA06989	1	H528	rs417915	52842074	0	C	1
rs417915	NA06989	2	H2	rs417915	52842074	1	A	1
rs417915	NA06994	1	H2	rs417915	52842074	1	A	1
rs417915	NA06994	2	H6	rs417915	52842074	1	A	1
rs417915	NA07000	1	H1	rs417915	52842074	0	C	1
rs417915	NA07000	2	H12	rs417915	52842074	0	C	1
rs417915	NA07037	1	H2	rs417915	52842074	1	A	1
rs417915	NA07037	2	H21	rs417915	52842074	0	C	1
rs417915	NA07048	1	H2	rs417915	52842074	1	A	1
rs417915	NA07048	2	H7	rs417915	52842074	0	C	1
rs417915	NA07051	1	H120	rs417915	52842074	0	C	1
rs417915	NA07051	2	H1	rs417915	52842074	0	C	1
rs417915	NA07056	1	H7	rs417915	52842074	0	C	1
rs417915	NA07056	2	H2	rs417915	52842074	1	A	1
rs417915	NA07347	1	H2	rs417915	52842074	1	A	1
rs417915	NA07347	2	H1	rs417915	52842074	0	C	1
rs417915	NA07357	1	H1	rs417915	52842074	0	C	1
rs417915	NA07357	2	H7	rs417915	52842074	0	C	1
rs417915	NA10847	1	H40	rs417915	52842074	0	C	1
rs417915	NA10847	2	H1	rs417915	52842074	0	C	1
rs417915	NA10851	1	H7	rs417915	52842074	0	C	1
rs417915	NA10851	2	H2	rs417915	52842074	1	A	1
rs417915	NA11829	1	H51	rs417915	52842074	1	A	1
rs417915	NA11829	2	H7	rs417915	52842074	0	C	1
rs417915	NA11830	1	H531	rs417915	52842074	0	C	1
rs417915	NA11830	2	H2	rs417915	52842074	1	A	1
rs417915	NA11831	1	H2	rs417915	52842074	1	A	1
rs417915	NA11831	2	H34	rs417915	52842074	1	A	1
rs417915	NA11832	1	H1	rs417915	52842074	0	C	1
rs417915	NA11832	2	H1	rs417915	52842074	0	C	1
rs417915	NA11840	1	H1	rs417915	52842074	0	C	1
rs417915	NA11840	2	H7	rs417915	52842074	0	C	1
rs417915	NA11843	1	H1	rs417915	52842074	0	C	1
rs417915	NA11843	2	H2	rs417915	52842074	1	A	1
rs417915	NA11881	1	H18	rs417915	52842074	0	C	1
rs417915	NA11881	2	H7	rs417915	52842074	0	C	1
rs417915	NA11892	1	H2	rs417915	52842074	1	A	1
rs417915	NA11892	2	H6	rs417915	52842074	1	A	1
rs417915	NA11893	1	H6	rs417915	52842074	1	A	1
rs417915	NA11893	2	H1	rs417915	52842074	0	C	1
rs417915	NA11894	1	H2	rs417915	52842074	1	A	1
rs417915	NA11894	2	H22	rs417915	52842074	0	C	1
rs417915	NA11918	1	H1	rs417915	52842074	0	C	1
rs417915	NA11918	2	H2	rs417915	52842074	1	A	1
rs417915	NA11919	1	H2	rs417915	52842074	1	A	1
rs417915	NA11919	2	H10	rs417915	52842074	0	C	1
rs417915	NA11920	1	H2	rs417915	52842074	1	A	1
rs417915	NA11920	2	H1	rs417915	52842074	0	C	1
rs417915	NA11930	1	H1	rs417915	52842074	0	C	1
rs417915	NA11930	2	H1	rs417915	52842074	0	C	1
rs417915	NA11931	1	H1	rs417915	52842074	0	C	1
rs417915	NA11931	2	H2	rs417915	52842074	1	A	1
rs417915	NA11932	1	H7	rs417915	52842074	0	C	1
rs417915	NA11932	2	H2	rs417915	52842074	1	A	1
rs417915	NA11933	1	H6	rs417915	52842074	1	A	1
rs417915	NA11933	2	H7	rs417915	52842074	0	C	1
rs417915	NA11992	1	H111	rs417915	52842074	0	C	1
rs417915	NA11992	2	H124	rs417915	52842074	1	A	1
rs417915	NA11994	1	H7	rs417915	52842074	0	C	1
rs417915	NA11994	2	H12	rs417915	52842074	0	C	1
rs417915	NA11995	1	H18	rs417915	52842074	0	C	1
rs417915	NA11995	2	H2	rs417915	52842074	1	A	1
rs417915	NA12003	1	H14	rs417915	52842074	0	C	1
rs417915	NA12003	2	H20	rs417915	52842074	0	C	1
rs417915	NA12004	1	H2	rs417915	52842074	1	A	1
rs417915	NA12004	2	H2	rs417915	52842074	1	A	1
rs417915	NA12005	1	H1	rs417915	52842074	0	C	1
rs417915	NA12005	2	H7	rs417915	52842074	0	C	1
rs417915	NA12006	1	H263	rs417915	52842074	0	C	1
rs417915	NA12006	2	H10	rs417915	52842074	0	C	1
rs417915	NA12043	1	H10	rs417915	52842074	0	C	1
rs417915	NA12043	2	H14	rs417915	52842074	0	C	1
rs417915	NA12044	1	H1	rs417915	52842074	0	C	1
rs417915	NA12044	2	H2	rs417915	52842074	1	A	1
rs417915	NA12045	1	H2	rs417915	52842074	1	A	1
rs417915	NA12045	2	H7	rs417915	52842074	0	C	1
rs417915	NA12046	1	H7	rs417915	52842074	0	C	1
rs417915	NA12046	2	H123	rs417915	52842074	1	A	1
rs417915	NA12058	1	H6	rs417915	52842074	1	A	1
rs417915	NA12058	2	H2	rs417915	52842074	1	A	1
rs417915	NA12144	1	H10	rs417915	52842074	0	C	1
rs417915	NA12144	2	H40	rs417915	52842074	0	C	1
rs417915	NA12154	1	H18	rs417915	52842074	0	C	1
rs417915	NA12154	2	H1	rs417915	52842074	0	C	1
rs417915	NA12155	1	H7	rs417915	52842074	0	C	1
rs417915	NA12155	2	H1	rs417915	52842074	0	C	1
rs417915	NA12156	1	H1	rs417915	52842074	0	C	1
rs417915	NA12156	2	H2	rs417915	52842074	1	A	1
rs417915	NA12234	1	H14	rs417915	52842074	0	C	1
rs417915	NA12234	2	H18	rs417915	52842074	0	C	1
rs417915	NA12249	1	H7	rs417915	52842074	0	C	1
rs417915	NA12249	2	H1	rs417915	52842074	0	C	1
rs417915	NA12272	1	H18	rs417915	52842074	0	C	1
rs417915	NA12272	2	H1	rs417915	52842074	0	C	1
rs417915	NA12273	1	H142	rs417915	52842074	0	C	1
rs417915	NA12273	2	H7	rs417915	52842074	0	C	1
rs417915	NA12275	1	H1	rs417915	52842074	0	C	1
rs417915	NA12275	2	H1	rs417915	52842074	0	C	1
rs417915	NA12282	1	H1	rs417915	52842074	0	C	1
rs417915	NA12282	2	H6	rs417915	52842074	1	A	1
rs417915	NA12283	1	H12	rs417915	52842074	0	C	1
rs417915	NA12283	2	H6	rs417915	52842074	1	A	1
rs417915	NA12286	1	H10	rs417915	52842074	0	C	1
rs417915	NA12286	2	H6	rs417915	52842074	1	A	1
rs417915	NA12287	1	H210	rs417915	52842074	1	A	1
rs417915	NA12287	2	H7	rs417915	52842074	0	C	1
rs417915	NA12340	1	H2	rs417915	52842074	1	A	1
rs417915	NA12340	2	H2	rs417915	52842074	1	A	1
rs417915	NA12341	1	H10	rs417915	52842074	0	C	1
rs417915	NA12341	2	H55	rs417915	52842074	1	A	1
rs417915	NA12342	1	H10	rs417915	52842074	0	C	1
rs417915	NA12342	2	H1	rs417915	52842074	0	C	1
rs417915	NA12347	1	H2	rs417915	52842074	1	A	1
rs417915	NA12347	2	H1	rs417915	52842074	0	C	1
rs417915	NA12348	1	H7	rs417915	52842074	0	C	1
rs417915	NA12348	2	H2	rs417915	52842074	1	A	1
rs417915	NA12383	1	H20	rs417915	52842074	0	C	1
rs417915	NA12383	2	H6	rs417915	52842074	1	A	1
rs417915	NA12399	1	H1	rs417915	52842074	0	C	1
rs417915	NA12399	2	H7	rs417915	52842074	0	C	1
rs417915	NA12400	1	H7	rs417915	52842074	0	C	1
rs417915	NA12400	2	H61	rs417915	52842074	0	C	1
rs417915	NA12413	1	H8	rs417915	52842074	0	C	1
rs417915	NA12413	2	H2	rs417915	52842074	1	A	1
rs417915	NA12414	1	H7	rs417915	52842074	0	C	1
rs417915	NA12414	2	H2	rs417915	52842074	1	A	1
rs417915	NA12489	1	H53	rs417915	52842074	0	C	1
rs417915	NA12489	2	H2	rs417915	52842074	1	A	1
rs417915	NA12546	1	H1	rs417915	52842074	0	C	1
rs417915	NA12546	2	H460	rs417915	52842074	0	C	1
rs417915	NA12716	1	H6	rs417915	52842074	1	A	1
rs417915	NA12716	2	H1	rs417915	52842074	0	C	1
rs417915	NA12717	1	H2	rs417915	52842074	1	A	1
rs417915	NA12717	2	H6	rs417915	52842074	1	A	1
rs417915	NA12718	1	H18	rs417915	52842074	0	C	1
rs417915	NA12718	2	H6	rs417915	52842074	1	A	1
rs417915	NA12748	1	H20	rs417915	52842074	0	C	1
rs417915	NA12748	2	H18	rs417915	52842074	0	C	1
rs417915	NA12749	1	H1	rs417915	52842074	0	C	1
rs417915	NA12749	2	H6	rs417915	52842074	1	A	1
rs417915	NA12750	1	H7	rs417915	52842074	0	C	1
rs417915	NA12750	2	H21	rs417915	52842074	0	C	1
rs417915	NA12751	1	H14	rs417915	52842074	0	C	1
rs417915	NA12751	2	H20	rs417915	52842074	0	C	1
rs417915	NA12760	1	H125	rs417915	52842074	1	A	1
rs417915	NA12760	2	H6	rs417915	52842074	1	A	1
rs417915	NA12761	1	H1	rs417915	52842074	0	C	1
rs417915	NA12761	2	H18	rs417915	52842074	0	C	1
rs417915	NA12762	1	H1	rs417915	52842074	0	C	1
rs417915	NA12762	2	H2	rs417915	52842074	1	A	1
rs417915	NA12763	1	H55	rs417915	52842074	1	A	1
rs417915	NA12763	2	H6	rs417915	52842074	1	A	1
rs417915	NA12775	1	H2	rs417915	52842074	1	A	1
rs417915	NA12775	2	H6	rs417915	52842074	1	A	1
rs417915	NA12776	1	H1	rs417915	52842074	0	C	1
rs417915	NA12776	2	H2	rs417915	52842074	1	A	1
rs417915	NA12777	1	H2	rs417915	52842074	1	A	1
rs417915	NA12777	2	H6	rs417915	52842074	1	A	1
rs417915	NA12778	1	H390	rs417915	52842074	0	C	1
rs417915	NA12778	2	H2	rs417915	52842074	1	A	1
rs417915	NA12812	1	H1	rs417915	52842074	0	C	1
rs417915	NA12812	2	H2	rs417915	52842074	1	A	1
rs417915	NA12813	1	H15	rs417915	52842074	0	C	1
rs417915	NA12813	2	H20	rs417915	52842074	0	C	1
rs417915	NA12814	1	H51	rs417915	52842074	1	A	1
rs417915	NA12814	2	H10	rs417915	52842074	0	C	1
rs417915	NA12815	1	H7	rs417915	52842074	0	C	1
rs417915	NA12815	2	H2	rs417915	52842074	1	A	1
rs417915	NA12827	1	H1	rs417915	52842074	0	C	1
rs417915	NA12827	2	H1	rs417915	52842074	0	C	1
rs417915	NA12828	1	H1	rs417915	52842074	0	C	1
rs417915	NA12828	2	H120	rs417915	52842074	0	C	1
rs417915	NA12829	1	H18	rs417915	52842074	0	C	1
rs417915	NA12829	2	H1	rs417915	52842074	0	C	1
rs417915	NA12830	1	H1	rs417915	52842074	0	C	1
rs417915	NA12830	2	H22	rs417915	52842074	0	C	1
rs417915	NA12842	1	H1	rs417915	52842074	0	C	1
rs417915	NA12842	2	H2	rs417915	52842074	1	A	1
rs417915	NA12843	1	H1	rs417915	52842074	0	C	1
rs417915	NA12843	2	H7	rs417915	52842074	0	C	1
rs417915	NA12872	1	H233	rs417915	52842074	0	C	1
rs417915	NA12872	2	H1	rs417915	52842074	0	C	1
rs417915	NA12873	1	H255	rs417915	52842074	0	C	1
rs417915	NA12873	2	H228	rs417915	52842074	0	C	1
rs417915	NA12874	1	H40	rs417915	52842074	0	C	1
rs417915	NA12874	2	H2	rs417915	52842074	1	A	1
rs417915	NA12878	1	H20	rs417915	52842074	0	C	1
rs417915	NA12878	2	H2	rs417915	52842074	1	A	1
rs417915	NA12889	1	H2	rs417915	52842074	1	A	1
rs417915	NA12889	2	H1	rs417915	52842074	0	C	1
rs417915	NA12890	1	H2	rs417915	52842074	1	A	1
rs417915	NA12890	2	H6	rs417915	52842074	1	A	1
rs417915	NA18486	1	H45	rs417915	52842074	0	C	1
rs417915	NA18486	2	H549	rs417915	52842074	0	C	1
rs417915	NA18488	1	H269	rs417915	52842074	0	C	1
rs417915	NA18488	2	H1	rs417915	52842074	0	C	1
rs417915	NA18489	1	H41	rs417915	52842074	0	C	1
rs417915	NA18489	2	H9	rs417915	52842074	0	C	1
rs417915	NA18498	1	H13	rs417915	52842074	0	C	1
rs417915	NA18498	2	H11	rs417915	52842074	0	C	1
rs417915	NA18499	1	H11	rs417915	52842074	0	C	1
rs417915	NA18499	2	H45	rs417915	52842074	0	C	1
rs417915	NA18501	1	H16	rs417915	52842074	0	C	1
rs417915	NA18501	2	H63	rs417915	52842074	0	C	1
rs417915	NA18502	1	H39	rs417915	52842074	0	C	1
rs417915	NA18502	2	H9	rs417915	52842074	0	C	1
rs417915	NA18504	1	H11	rs417915	52842074	0	C	1
rs417915	NA18504	2	H11	rs417915	52842074	0	C	1
rs417915	NA18505	1	H16	rs417915	52842074	0	C	1
rs417915	NA18505	2	H132	rs417915	52842074	0	C	1
rs417915	NA18507	1	H32	rs417915	52842074	0	C	1
rs417915	NA18507	2	H16	rs417915	52842074	0	C	1
rs417915	NA18508	1	H74	rs417915	52842074	0	C	1
rs417915	NA18508	2	H16	rs417915	52842074	0	C	1
rs417915	NA18510	1	H92	rs417915	52842074	0	C	1
rs417915	NA18510	2	H50	rs417915	52842074	0	C	1
rs417915	NA18511	1	H16	rs417915	52842074	0	C	1
rs417915	NA18511	2	H17	rs417915	52842074	0	C	1
rs417915	NA18516	1	H25	rs417915	52842074	0	C	1
rs417915	NA18516	2	H32	rs417915	52842074	0	C	1
rs417915	NA18517	1	H16	rs417915	52842074	0	C	1
rs417915	NA18517	2	H104	rs417915	52842074	0	C	1
rs417915	NA18519	1	H544	rs417915	52842074	0	C	1
rs417915	NA18519	2	H11	rs417915	52842074	0	C	1
rs417915	NA18520	1	H104	rs417915	52842074	0	C	1
rs417915	NA18520	2	H36	rs417915	52842074	0	C	1
rs417915	NA18522	1	H83	rs417915	52842074	0	C	1
rs417915	NA18522	2	H52	rs417915	52842074	0	C	1
rs417915	NA18523	1	H45	rs417915	52842074	0	C	1
rs417915	NA18523	2	H103	rs417915	52842074	0	C	1
rs417915	NA18525	1	H3	rs417915	52842074	1	A	1
rs417915	NA18525	2	H24	rs417915	52842074	1	A	1
rs417915	NA18526	1	H82	rs417915	52842074	0	C	1
rs417915	NA18526	2	H3	rs417915	52842074	1	A	1
rs417915	NA18528	1	H3	rs417915	52842074	1	A	1
rs417915	NA18528	2	H187	rs417915	52842074	0	C	1
rs417915	NA18530	1	H1	rs417915	52842074	0	C	1
rs417915	NA18530	2	H72	rs417915	52842074	0	C	1
rs417915	NA18531	1	H4	rs417915	52842074	0	C	1
rs417915	NA18531	2	H4	rs417915	52842074	0	C	1
rs417915	NA18532	1	H213	rs417915	52842074	1	A	1
rs417915	NA18532	2	H3	rs417915	52842074	1	A	1
rs417915	NA18533	1	H3	rs417915	52842074	1	A	1
rs417915	NA18533	2	H5	rs417915	52842074	1	A	1
rs417915	NA18534	1	H5	rs417915	52842074	1	A	1
rs417915	NA18534	2	H1	rs417915	52842074	0	C	1
rs417915	NA18535	1	H1	rs417915	52842074	0	C	1
rs417915	NA18535	2	H3	rs417915	52842074	1	A	1
rs417915	NA18536	1	H5	rs417915	52842074	1	A	1
rs417915	NA18536	2	H1	rs417915	52842074	0	C	1
rs417915	NA18537	1	H3	rs417915	52842074	1	A	1
rs417915	NA18537	2	H5	rs417915	52842074	1	A	1
rs417915	NA18538	1	H1	rs417915	52842074	0	C	1
rs417915	NA18538	2	H3	rs417915	52842074	1	A	1
rs417915	NA18539	1	H394	rs417915	52842074	0	C	1
rs417915	NA18539	2	H1	rs417915	52842074	0	C	1
rs417915	NA18541	1	H35	rs417915	52842074	0	C	1
rs417915	NA18541	2	H3	rs417915	52842074	1	A	1
rs417915	NA18542	1	H48	rs417915	52842074	0	C	1
rs417915	NA18542	2	H5	rs417915	52842074	1	A	1
rs417915	NA18543	1	H31	rs417915	52842074	0	C	1
rs417915	NA18543	2	H5	rs417915	52842074	1	A	1
rs417915	NA18544	1	H1	rs417915	52842074	0	C	1
rs417915	NA18544	2	H5	rs417915	52842074	1	A	1
rs417915	NA18545	1	H3	rs417915	52842074	1	A	1
rs417915	NA18545	2	H31	rs417915	52842074	0	C	1
rs417915	NA18546	1	H1	rs417915	52842074	0	C	1
rs417915	NA18546	2	H5	rs417915	52842074	1	A	1
rs417915	NA18547	1	H1	rs417915	52842074	0	C	1
rs417915	NA18547	2	H3	rs417915	52842074	1	A	1
rs417915	NA18548	1	H1	rs417915	52842074	0	C	1
rs417915	NA18548	2	H1	rs417915	52842074	0	C	1
rs417915	NA18549	1	H3	rs417915	52842074	1	A	1
rs417915	NA18549	2	H5	rs417915	52842074	1	A	1
rs417915	NA18550	1	H172	rs417915	52842074	0	C	1
rs417915	NA18550	2	H1	rs417915	52842074	0	C	1
rs417915	NA18552	1	H3	rs417915	52842074	1	A	1
rs417915	NA18552	2	H339	rs417915	52842074	1	A	1
rs417915	NA18553	1	H56	rs417915	52842074	0	C	1
rs417915	NA18553	2	H3	rs417915	52842074	1	A	1
rs417915	NA18555	1	H3	rs417915	52842074	1	A	1
rs417915	NA18555	2	H35	rs417915	52842074	0	C	1
rs417915	NA18557	1	H82	rs417915	52842074	0	C	1
rs417915	NA18557	2	H178	rs417915	52842074	0	C	1
rs417915	NA18558	1	H5	rs417915	52842074	1	A	1
rs417915	NA18558	2	H82	rs417915	52842074	0	C	1
rs417915	NA18559	1	H5	rs417915	52842074	1	A	1
rs417915	NA18559	2	H4	rs417915	52842074	0	C	1
rs417915	NA18560	1	H4	rs417915	52842074	0	C	1
rs417915	NA18560	2	H3	rs417915	52842074	1	A	1
rs417915	NA18561	1	H1	rs417915	52842074	0	C	1
rs417915	NA18561	2	H22	rs417915	52842074	0	C	1
rs417915	NA18562	1	H155	rs417915	52842074	1	A	1
rs417915	NA18562	2	H5	rs417915	52842074	1	A	1
rs417915	NA18563	1	H3	rs417915	52842074	1	A	1
rs417915	NA18563	2	H5	rs417915	52842074	1	A	1
rs417915	NA18564	1	H130	rs417915	52842074	1	A	1
rs417915	NA18564	2	H4	rs417915	52842074	0	C	1
rs417915	NA18565	1	H1	rs417915	52842074	0	C	1
rs417915	NA18565	2	H1	rs417915	52842074	0	C	1
rs417915	NA18566	1	H235	rs417915	52842074	0	C	1
rs417915	NA18566	2	H4	rs417915	52842074	0	C	1
rs417915	NA18567	1	H48	rs417915	52842074	0	C	1
rs417915	NA18567	2	H4	rs417915	52842074	0	C	1
rs417915	NA18570	1	H1	rs417915	52842074	0	C	1
rs417915	NA18570	2	H27	rs417915	52842074	0	C	1
rs417915	NA18571	1	H128	rs417915	52842074	1	A	1
rs417915	NA18571	2	H3	rs417915	52842074	1	A	1
rs417915	NA18572	1	H5	rs417915	52842074	1	A	1
rs417915	NA18572	2	H1	rs417915	52842074	0	C	1
rs417915	NA18573	1	H31	rs417915	52842074	0	C	1
rs417915	NA18573	2	H2	rs417915	52842074	1	A	1
rs417915	NA18574	1	H3	rs417915	52842074	1	A	1
rs417915	NA18574	2	H5	rs417915	52842074	1	A	1
rs417915	NA18577	1	H176	rs417915	52842074	0	C	1
rs417915	NA18577	2	H48	rs417915	52842074	0	C	1
rs417915	NA18579	1	H4	rs417915	52842074	0	C	1
rs417915	NA18579	2	H4	rs417915	52842074	0	C	1
rs417915	NA18582	1	H1	rs417915	52842074	0	C	1
rs417915	NA18582	2	H5	rs417915	52842074	1	A	1
rs417915	NA18591	1	H4	rs417915	52842074	0	C	1
rs417915	NA18591	2	H69	rs417915	52842074	0	C	1
rs417915	NA18592	1	H110	rs417915	52842074	0	C	1
rs417915	NA18592	2	H35	rs417915	52842074	0	C	1
rs417915	NA18593	1	H5	rs417915	52842074	1	A	1
rs417915	NA18593	2	H8	rs417915	52842074	0	C	1
rs417915	NA18595	1	H5	rs417915	52842074	1	A	1
rs417915	NA18595	2	H3	rs417915	52842074	1	A	1
rs417915	NA18596	1	H3	rs417915	52842074	1	A	1
rs417915	NA18596	2	H5	rs417915	52842074	1	A	1
rs417915	NA18597	1	H1	rs417915	52842074	0	C	1
rs417915	NA18597	2	H48	rs417915	52842074	0	C	1
rs417915	NA18599	1	H3	rs417915	52842074	1	A	1
rs417915	NA18599	2	H5	rs417915	52842074	1	A	1
rs417915	NA18602	1	H56	rs417915	52842074	0	C	1
rs417915	NA18602	2	H5	rs417915	52842074	1	A	1
rs417915	NA18603	1	H3	rs417915	52842074	1	A	1
rs417915	NA18603	2	H82	rs417915	52842074	0	C	1
rs417915	NA18605	1	H159	rs417915	52842074	1	A	1
rs417915	NA18605	2	H354	rs417915	52842074	1	A	1
rs417915	NA18606	1	H5	rs417915	52842074	1	A	1
rs417915	NA18606	2	H187	rs417915	52842074	0	C	1
rs417915	NA18608	1	H393	rs417915	52842074	0	C	1
rs417915	NA18608	2	H31	rs417915	52842074	0	C	1
rs417915	NA18609	1	H3	rs417915	52842074	1	A	1
rs417915	NA18609	2	H1	rs417915	52842074	0	C	1
rs417915	NA18610	1	H1	rs417915	52842074	0	C	1
rs417915	NA18610	2	H3	rs417915	52842074	1	A	1
rs417915	NA18611	1	H3	rs417915	52842074	1	A	1
rs417915	NA18611	2	H170	rs417915	52842074	0	C	1
rs417915	NA18612	1	H332	rs417915	52842074	1	A	1
rs417915	NA18612	2	H130	rs417915	52842074	1	A	1
rs417915	NA18613	1	H203	rs417915	52842074	1	A	1
rs417915	NA18613	2	H1	rs417915	52842074	0	C	1
rs417915	NA18614	1	H94	rs417915	52842074	0	C	1
rs417915	NA18614	2	H4	rs417915	52842074	0	C	1
rs417915	NA18615	1	H4	rs417915	52842074	0	C	1
rs417915	NA18615	2	H3	rs417915	52842074	1	A	1
rs417915	NA18616	1	H3	rs417915	52842074	1	A	1
rs417915	NA18616	2	H8	rs417915	52842074	0	C	1
rs417915	NA18617	1	H3	rs417915	52842074	1	A	1
rs417915	NA18617	2	H35	rs417915	52842074	0	C	1
rs417915	NA18618	1	H3	rs417915	52842074	1	A	1
rs417915	NA18618	2	H24	rs417915	52842074	1	A	1
rs417915	NA18619	1	H1	rs417915	52842074	0	C	1
rs417915	NA18619	2	H1	rs417915	52842074	0	C	1
rs417915	NA18620	1	H1	rs417915	52842074	0	C	1
rs417915	NA18620	2	H5	rs417915	52842074	1	A	1
rs417915	NA18621	1	H6	rs417915	52842074	1	A	1
rs417915	NA18621	2	H3	rs417915	52842074	1	A	1
rs417915	NA18622	1	H3	rs417915	52842074	1	A	1
rs417915	NA18622	2	H35	rs417915	52842074	0	C	1
rs417915	NA18623	1	H3	rs417915	52842074	1	A	1
rs417915	NA18623	2	H5	rs417915	52842074	1	A	1
rs417915	NA18624	1	H3	rs417915	52842074	1	A	1
rs417915	NA18624	2	H5	rs417915	52842074	1	A	1
rs417915	NA18625	1	H1	rs417915	52842074	0	C	1
rs417915	NA18625	2	H4	rs417915	52842074	0	C	1
rs417915	NA18626	1	H1	rs417915	52842074	0	C	1
rs417915	NA18626	2	H3	rs417915	52842074	1	A	1
rs417915	NA18627	1	H24	rs417915	52842074	1	A	1
rs417915	NA18627	2	H3	rs417915	52842074	1	A	1
rs417915	NA18628	1	H443	rs417915	52842074	0	C	1
rs417915	NA18628	2	H3	rs417915	52842074	1	A	1
rs417915	NA18629	1	H35	rs417915	52842074	0	C	1
rs417915	NA18629	2	H110	rs417915	52842074	0	C	1
rs417915	NA18630	1	H3	rs417915	52842074	1	A	1
rs417915	NA18630	2	H24	rs417915	52842074	1	A	1
rs417915	NA18631	1	H93	rs417915	52842074	0	C	1
rs417915	NA18631	2	H48	rs417915	52842074	0	C	1
rs417915	NA18632	1	H5	rs417915	52842074	1	A	1
rs417915	NA18632	2	H4	rs417915	52842074	0	C	1
rs417915	NA18633	1	H5	rs417915	52842074	1	A	1
rs417915	NA18633	2	H24	rs417915	52842074	1	A	1
rs417915	NA18634	1	H159	rs417915	52842074	1	A	1
rs417915	NA18634	2	H35	rs417915	52842074	0	C	1
rs417915	NA18635	1	H3	rs417915	52842074	1	A	1
rs417915	NA18635	2	H5	rs417915	52842074	1	A	1
rs417915	NA18636	1	H5	rs417915	52842074	1	A	1
rs417915	NA18636	2	H1	rs417915	52842074	0	C	1
rs417915	NA18637	1	H48	rs417915	52842074	0	C	1
rs417915	NA18637	2	H5	rs417915	52842074	1	A	1
rs417915	NA18638	1	H3	rs417915	52842074	1	A	1
rs417915	NA18638	2	H5	rs417915	52842074	1	A	1
rs417915	NA18639	1	H3	rs417915	52842074	1	A	1
rs417915	NA18639	2	H294	rs417915	52842074	1	A	1
rs417915	NA18640	1	H1	rs417915	52842074	0	C	1
rs417915	NA18640	2	H1	rs417915	52842074	0	C	1
rs417915	NA18641	1	H24	rs417915	52842074	1	A	1
rs417915	NA18641	2	H4	rs417915	52842074	0	C	1
rs417915	NA18642	1	H4	rs417915	52842074	0	C	1
rs417915	NA18642	2	H145	rs417915	52842074	0	C	1
rs417915	NA18643	1	H24	rs417915	52842074	1	A	1
rs417915	NA18643	2	H5	rs417915	52842074	1	A	1
rs417915	NA18644	1	H3	rs417915	52842074	1	A	1
rs417915	NA18644	2	H5	rs417915	52842074	1	A	1
rs417915	NA18645	1	H48	rs417915	52842074	0	C	1
rs417915	NA18645	2	H3	rs417915	52842074	1	A	1
rs417915	NA18646	1	H24	rs417915	52842074	1	A	1
rs417915	NA18646	2	H5	rs417915	52842074	1	A	1
rs417915	NA18647	1	H1	rs417915	52842074	0	C	1
rs417915	NA18647	2	H22	rs417915	52842074	0	C	1
rs417915	NA18648	1	H3	rs417915	52842074	1	A	1
rs417915	NA18648	2	H56	rs417915	52842074	0	C	1
rs417915	NA18740	1	H48	rs417915	52842074	0	C	1
rs417915	NA18740	2	H3	rs417915	52842074	1	A	1
rs417915	NA18745	1	H1	rs417915	52842074	0	C	1
rs417915	NA18745	2	H3	rs417915	52842074	1	A	1
rs417915	NA18747	1	H1	rs417915	52842074	0	C	1
rs417915	NA18747	2	H1	rs417915	52842074	0	C	1
rs417915	NA18748	1	H3	rs417915	52842074	1	A	1
rs417915	NA18748	2	H324	rs417915	52842074	1	A	1
rs417915	NA18749	1	H24	rs417915	52842074	1	A	1
rs417915	NA18749	2	H110	rs417915	52842074	0	C	1
rs417915	NA18757	1	H1	rs417915	52842074	0	C	1
rs417915	NA18757	2	H3	rs417915	52842074	1	A	1
rs417915	NA18853	1	H12	rs417915	52842074	0	C	1
rs417915	NA18853	2	H23	rs417915	52842074	0	C	1
rs417915	NA18856	1	H29	rs417915	52842074	0	C	1
rs417915	NA18856	2	H17	rs417915	52842074	0	C	1
rs417915	NA18858	1	H103	rs417915	52842074	0	C	1
rs417915	NA18858	2	H23	rs417915	52842074	0	C	1
rs417915	NA18861	1	H21	rs417915	52842074	0	C	1
rs417915	NA18861	2	H12	rs417915	52842074	0	C	1
rs417915	NA18864	1	H49	rs417915	52842074	0	C	1
rs417915	NA18864	2	H11	rs417915	52842074	0	C	1
rs417915	NA18865	1	H89	rs417915	52842074	0	C	1
rs417915	NA18865	2	H60	rs417915	52842074	0	C	1
rs417915	NA18867	1	H373	rs417915	52842074	0	C	1
rs417915	NA18867	2	H42	rs417915	52842074	0	C	1
rs417915	NA18868	1	H39	rs417915	52842074	0	C	1
rs417915	NA18868	2	H92	rs417915	52842074	0	C	1
rs417915	NA18870	1	H9	rs417915	52842074	0	C	1
rs417915	NA18870	2	H113	rs417915	52842074	0	C	1
rs417915	NA18871	1	H45	rs417915	52842074	0	C	1
rs417915	NA18871	2	H13	rs417915	52842074	0	C	1
rs417915	NA18873	1	H1	rs417915	52842074	0	C	1
rs417915	NA18873	2	H221	rs417915	52842074	0	C	1
rs417915	NA18874	1	H103	rs417915	52842074	0	C	1
rs417915	NA18874	2	H397	rs417915	52842074	0	C	1
rs417915	NA18876	1	H64	rs417915	52842074	0	C	1
rs417915	NA18876	2	H57	rs417915	52842074	0	C	1
rs417915	NA18877	1	H47	rs417915	52842074	0	C	1
rs417915	NA18877	2	H84	rs417915	52842074	0	C	1
rs417915	NA18878	1	H39	rs417915	52842074	0	C	1
rs417915	NA18878	2	H16	rs417915	52842074	0	C	1
rs417915	NA18879	1	H12	rs417915	52842074	0	C	1
rs417915	NA18879	2	H488	rs417915	52842074	0	C	1
rs417915	NA18881	1	H45	rs417915	52842074	0	C	1
rs417915	NA18881	2	H11	rs417915	52842074	0	C	1
rs417915	NA18907	1	H13	rs417915	52842074	0	C	1
rs417915	NA18907	2	H9	rs417915	52842074	0	C	1
rs417915	NA18908	1	H37	rs417915	52842074	0	C	1
rs417915	NA18908	2	H60	rs417915	52842074	0	C	1
rs417915	NA18909	1	H17	rs417915	52842074	0	C	1
rs417915	NA18909	2	H11	rs417915	52842074	0	C	1
rs417915	NA18910	1	H12	rs417915	52842074	0	C	1
rs417915	NA18910	2	H37	rs417915	52842074	0	C	1
rs417915	NA18912	1	H104	rs417915	52842074	0	C	1
rs417915	NA18912	2	H45	rs417915	52842074	0	C	1
rs417915	NA18915	1	H220	rs417915	52842074	0	C	1
rs417915	NA18915	2	H13	rs417915	52842074	0	C	1
rs417915	NA18916	1	H220	rs417915	52842074	0	C	1
rs417915	NA18916	2	H50	rs417915	52842074	0	C	1
rs417915	NA18917	1	H267	rs417915	52842074	0	C	1
rs417915	NA18917	2	H25	rs417915	52842074	0	C	1
rs417915	NA18923	1	H83	rs417915	52842074	0	C	1
rs417915	NA18923	2	H64	rs417915	52842074	0	C	1
rs417915	NA18924	1	H1	rs417915	52842074	0	C	1
rs417915	NA18924	2	H25	rs417915	52842074	0	C	1
rs417915	NA18933	1	H11	rs417915	52842074	0	C	1
rs417915	NA18933	2	H29	rs417915	52842074	0	C	1
rs417915	NA18934	1	H23	rs417915	52842074	0	C	1
rs417915	NA18934	2	H52	rs417915	52842074	0	C	1
rs417915	NA18939	1	H3	rs417915	52842074	1	A	1
rs417915	NA18939	2	H24	rs417915	52842074	1	A	1
rs417915	NA18940	1	H362	rs417915	52842074	1	A	1
rs417915	NA18940	2	H3	rs417915	52842074	1	A	1
rs417915	NA18941	1	H35	rs417915	52842074	0	C	1
rs417915	NA18941	2	H27	rs417915	52842074	0	C	1
rs417915	NA18942	1	H5	rs417915	52842074	1	A	1
rs417915	NA18942	2	H1	rs417915	52842074	0	C	1
rs417915	NA18943	1	H336	rs417915	52842074	1	A	1
rs417915	NA18943	2	H428	rs417915	52842074	0	C	1
rs417915	NA18944	1	H1	rs417915	52842074	0	C	1
rs417915	NA18944	2	H3	rs417915	52842074	1	A	1
rs417915	NA18945	1	H3	rs417915	52842074	1	A	1
rs417915	NA18945	2	H5	rs417915	52842074	1	A	1
rs417915	NA18946	1	H3	rs417915	52842074	1	A	1
rs417915	NA18946	2	H24	rs417915	52842074	1	A	1
rs417915	NA18947	1	H5	rs417915	52842074	1	A	1
rs417915	NA18947	2	H1	rs417915	52842074	0	C	1
rs417915	NA18948	1	H3	rs417915	52842074	1	A	1
rs417915	NA18948	2	H5	rs417915	52842074	1	A	1
rs417915	NA18949	1	H3	rs417915	52842074	1	A	1
rs417915	NA18949	2	H217	rs417915	52842074	1	A	1
rs417915	NA18950	1	H3	rs417915	52842074	1	A	1
rs417915	NA18950	2	H67	rs417915	52842074	1	A	1
rs417915	NA18951	1	H1	rs417915	52842074	0	C	1
rs417915	NA18951	2	H145	rs417915	52842074	0	C	1
rs417915	NA18952	1	H3	rs417915	52842074	1	A	1
rs417915	NA18952	2	H5	rs417915	52842074	1	A	1
rs417915	NA18953	1	H3	rs417915	52842074	1	A	1
rs417915	NA18953	2	H3	rs417915	52842074	1	A	1
rs417915	NA18954	1	H178	rs417915	52842074	0	C	1
rs417915	NA18954	2	H56	rs417915	52842074	0	C	1
rs417915	NA18956	1	H359	rs417915	52842074	1	A	1
rs417915	NA18956	2	H3	rs417915	52842074	1	A	1
rs417915	NA18957	1	H8	rs417915	52842074	0	C	1
rs417915	NA18957	2	H1	rs417915	52842074	0	C	1
rs417915	NA18959	1	H3	rs417915	52842074	1	A	1
rs417915	NA18959	2	H48	rs417915	52842074	0	C	1
rs417915	NA18960	1	H205	rs417915	52842074	1	A	1
rs417915	NA18960	2	H1	rs417915	52842074	0	C	1
rs417915	NA18961	1	H4	rs417915	52842074	0	C	1
rs417915	NA18961	2	H1	rs417915	52842074	0	C	1
rs417915	NA18962	1	H24	rs417915	52842074	1	A	1
rs417915	NA18962	2	H213	rs417915	52842074	1	A	1
rs417915	NA18963	1	H1	rs417915	52842074	0	C	1
rs417915	NA18963	2	H321	rs417915	52842074	1	A	1
rs417915	NA18964	1	H5	rs417915	52842074	1	A	1
rs417915	NA18964	2	H2	rs417915	52842074	1	A	1
rs417915	NA18965	1	H116	rs417915	52842074	0	C	1
rs417915	NA18965	2	H3	rs417915	52842074	1	A	1
rs417915	NA18966	1	H5	rs417915	52842074	1	A	1
rs417915	NA18966	2	H3	rs417915	52842074	1	A	1
rs417915	NA18967	1	H3	rs417915	52842074	1	A	1
rs417915	NA18967	2	H67	rs417915	52842074	1	A	1
rs417915	NA18968	1	H5	rs417915	52842074	1	A	1
rs417915	NA18968	2	H1	rs417915	52842074	0	C	1
rs417915	NA18969	1	H2	rs417915	52842074	1	A	1
rs417915	NA18969	2	H5	rs417915	52842074	1	A	1
rs417915	NA18970	1	H325	rs417915	52842074	1	A	1
rs417915	NA18970	2	H164	rs417915	52842074	1	A	1
rs417915	NA18971	1	H128	rs417915	52842074	1	A	1
rs417915	NA18971	2	H24	rs417915	52842074	1	A	1
rs417915	NA18972	1	H1	rs417915	52842074	0	C	1
rs417915	NA18972	2	H5	rs417915	52842074	1	A	1
rs417915	NA18973	1	H48	rs417915	52842074	0	C	1
rs417915	NA18973	2	H5	rs417915	52842074	1	A	1
rs417915	NA18974	1	H5	rs417915	52842074	1	A	1
rs417915	NA18974	2	H1	rs417915	52842074	0	C	1
rs417915	NA18975	1	H69	rs417915	52842074	0	C	1
rs417915	NA18975	2	H5	rs417915	52842074	1	A	1
rs417915	NA18976	1	H5	rs417915	52842074	1	A	1
rs417915	NA18976	2	H22	rs417915	52842074	0	C	1
rs417915	NA18977	1	H2	rs417915	52842074	1	A	1
rs417915	NA18977	2	H145	rs417915	52842074	0	C	1
rs417915	NA18978	1	H337	rs417915	52842074	1	A	1
rs417915	NA18978	2	H24	rs417915	52842074	1	A	1
rs417915	NA18979	1	H224	rs417915	52842074	0	C	1
rs417915	NA18979	2	H3	rs417915	52842074	1	A	1
rs417915	NA18980	1	H24	rs417915	52842074	1	A	1
rs417915	NA18980	2	H3	rs417915	52842074	1	A	1
rs417915	NA18981	1	H3	rs417915	52842074	1	A	1
rs417915	NA18981	2	H5	rs417915	52842074	1	A	1
rs417915	NA18982	1	H1	rs417915	52842074	0	C	1
rs417915	NA18982	2	H3	rs417915	52842074	1	A	1
rs417915	NA18983	1	H178	rs417915	52842074	0	C	1
rs417915	NA18983	2	H3	rs417915	52842074	1	A	1
rs417915	NA18984	1	H5	rs417915	52842074	1	A	1
rs417915	NA18984	2	H3	rs417915	52842074	1	A	1
rs417915	NA18985	1	H1	rs417915	52842074	0	C	1
rs417915	NA18985	2	H4	rs417915	52842074	0	C	1
rs417915	NA18986	1	H3	rs417915	52842074	1	A	1
rs417915	NA18986	2	H31	rs417915	52842074	0	C	1
rs417915	NA18987	1	H5	rs417915	52842074	1	A	1
rs417915	NA18987	2	H3	rs417915	52842074	1	A	1
rs417915	NA18988	1	H1	rs417915	52842074	0	C	1
rs417915	NA18988	2	H3	rs417915	52842074	1	A	1
rs417915	NA18989	1	H322	rs417915	52842074	1	A	1
rs417915	NA18989	2	H67	rs417915	52842074	1	A	1
rs417915	NA18990	1	H3	rs417915	52842074	1	A	1
rs417915	NA18990	2	H5	rs417915	52842074	1	A	1
rs417915	NA18991	1	H22	rs417915	52842074	0	C	1
rs417915	NA18991	2	H128	rs417915	52842074	1	A	1
rs417915	NA18992	1	H307	rs417915	52842074	1	A	1
rs417915	NA18992	2	H67	rs417915	52842074	1	A	1
rs417915	NA18993	1	H467	rs417915	52842074	0	C	1
rs417915	NA18993	2	H3	rs417915	52842074	1	A	1
rs417915	NA18994	1	H3	rs417915	52842074	1	A	1
rs417915	NA18994	2	H67	rs417915	52842074	1	A	1
rs417915	NA18995	1	H413	rs417915	52842074	0	C	1
rs417915	NA18995	2	H145	rs417915	52842074	0	C	1
rs417915	NA18997	1	H67	rs417915	52842074	1	A	1
rs417915	NA18997	2	H155	rs417915	52842074	1	A	1
rs417915	NA18998	1	H3	rs417915	52842074	1	A	1
rs417915	NA18998	2	H1	rs417915	52842074	0	C	1
rs417915	NA18999	1	H5	rs417915	52842074	1	A	1
rs417915	NA18999	2	H24	rs417915	52842074	1	A	1
rs417915	NA19000	1	H3	rs417915	52842074	1	A	1
rs417915	NA19000	2	H5	rs417915	52842074	1	A	1
rs417915	NA19001	1	H1	rs417915	52842074	0	C	1
rs417915	NA19001	2	H3	rs417915	52842074	1	A	1
rs417915	NA19002	1	H4	rs417915	52842074	0	C	1
rs417915	NA19002	2	H4	rs417915	52842074	0	C	1
rs417915	NA19003	1	H3	rs417915	52842074	1	A	1
rs417915	NA19003	2	H5	rs417915	52842074	1	A	1
rs417915	NA19004	1	H8	rs417915	52842074	0	C	1
rs417915	NA19004	2	H3	rs417915	52842074	1	A	1
rs417915	NA19005	1	H326	rs417915	52842074	1	A	1
rs417915	NA19005	2	H3	rs417915	52842074	1	A	1
rs417915	NA19006	1	H1	rs417915	52842074	0	C	1
rs417915	NA19006	2	H1	rs417915	52842074	0	C	1
rs417915	NA19007	1	H4	rs417915	52842074	0	C	1
rs417915	NA19007	2	H3	rs417915	52842074	1	A	1
rs417915	NA19009	1	H293	rs417915	52842074	1	A	1
rs417915	NA19009	2	H24	rs417915	52842074	1	A	1
rs417915	NA19010	1	H323	rs417915	52842074	1	A	1
rs417915	NA19010	2	H3	rs417915	52842074	1	A	1
rs417915	NA19011	1	H5	rs417915	52842074	1	A	1
rs417915	NA19011	2	H94	rs417915	52842074	0	C	1
rs417915	NA19012	1	H262	rs417915	52842074	0	C	1
rs417915	NA19012	2	H205	rs417915	52842074	1	A	1
rs417915	NA19017	1	H21	rs417915	52842074	0	C	1
rs417915	NA19017	2	H21	rs417915	52842074	0	C	1
rs417915	NA19019	1	H191	rs417915	52842074	0	C	1
rs417915	NA19019	2	H39	rs417915	52842074	0	C	1
rs417915	NA19020	1	H47	rs417915	52842074	0	C	1
rs417915	NA19020	2	H71	rs417915	52842074	0	C	1
rs417915	NA19023	1	H9	rs417915	52842074	0	C	1
rs417915	NA19023	2	H9	rs417915	52842074	0	C	1
rs417915	NA19024	1	H75	rs417915	52842074	0	C	1
rs417915	NA19024	2	H132	rs417915	52842074	0	C	1
rs417915	NA19025	1	H11	rs417915	52842074	0	C	1
rs417915	NA19025	2	H16	rs417915	52842074	0	C	1
rs417915	NA19026	1	H32	rs417915	52842074	0	C	1
rs417915	NA19026	2	H13	rs417915	52842074	0	C	1
rs417915	NA19027	1	H139	rs417915	52842074	0	C	1
rs417915	NA19027	2	H9	rs417915	52842074	0	C	1
rs417915	NA19028	1	H100	rs417915	52842074	0	C	1
rs417915	NA19028	2	H1	rs417915	52842074	0	C	1
rs417915	NA19030	1	H9	rs417915	52842074	0	C	1
rs417915	NA19030	2	H271	rs417915	52842074	0	C	1
rs417915	NA19031	1	H42	rs417915	52842074	0	C	1
rs417915	NA19031	2	H278	rs417915	52842074	0	C	1
rs417915	NA19035	1	H9	rs417915	52842074	0	C	1
rs417915	NA19035	2	H32	rs417915	52842074	0	C	1
rs417915	NA19036	1	H16	rs417915	52842074	0	C	1
rs417915	NA19036	2	H9	rs417915	52842074	0	C	1
rs417915	NA19037	1	H60	rs417915	52842074	0	C	1
rs417915	NA19037	2	H45	rs417915	52842074	0	C	1
rs417915	NA19038	1	H9	rs417915	52842074	0	C	1
rs417915	NA19038	2	H139	rs417915	52842074	0	C	1
rs417915	NA19041	1	H92	rs417915	52842074	0	C	1
rs417915	NA19041	2	H138	rs417915	52842074	0	C	1
rs417915	NA19042	1	H57	rs417915	52842074	0	C	1
rs417915	NA19042	2	H139	rs417915	52842074	0	C	1
rs417915	NA19043	1	H17	rs417915	52842074	0	C	1
rs417915	NA19043	2	H131	rs417915	52842074	0	C	1
rs417915	NA19054	1	H4	rs417915	52842074	0	C	1
rs417915	NA19054	2	H3	rs417915	52842074	1	A	1
rs417915	NA19055	1	H1	rs417915	52842074	0	C	1
rs417915	NA19055	2	H3	rs417915	52842074	1	A	1
rs417915	NA19056	1	H1	rs417915	52842074	0	C	1
rs417915	NA19056	2	H3	rs417915	52842074	1	A	1
rs417915	NA19057	1	H3	rs417915	52842074	1	A	1
rs417915	NA19057	2	H1	rs417915	52842074	0	C	1
rs417915	NA19058	1	H3	rs417915	52842074	1	A	1
rs417915	NA19058	2	H4	rs417915	52842074	0	C	1
rs417915	NA19059	1	H48	rs417915	52842074	0	C	1
rs417915	NA19059	2	H4	rs417915	52842074	0	C	1
rs417915	NA19060	1	H361	rs417915	52842074	1	A	1
rs417915	NA19060	2	H3	rs417915	52842074	1	A	1
rs417915	NA19062	1	H159	rs417915	52842074	1	A	1
rs417915	NA19062	2	H5	rs417915	52842074	1	A	1
rs417915	NA19063	1	H4	rs417915	52842074	0	C	1
rs417915	NA19063	2	H4	rs417915	52842074	0	C	1
rs417915	NA19064	1	H156	rs417915	52842074	1	A	1
rs417915	NA19064	2	H56	rs417915	52842074	0	C	1
rs417915	NA19065	1	H3	rs417915	52842074	1	A	1
rs417915	NA19065	2	H5	rs417915	52842074	1	A	1
rs417915	NA19066	1	H3	rs417915	52842074	1	A	1
rs417915	NA19066	2	H1	rs417915	52842074	0	C	1
rs417915	NA19067	1	H116	rs417915	52842074	0	C	1
rs417915	NA19067	2	H3	rs417915	52842074	1	A	1
rs417915	NA19068	1	H5	rs417915	52842074	1	A	1
rs417915	NA19068	2	H3	rs417915	52842074	1	A	1
rs417915	NA19070	1	H3	rs417915	52842074	1	A	1
rs417915	NA19070	2	H69	rs417915	52842074	0	C	1
rs417915	NA19072	1	H3	rs417915	52842074	1	A	1
rs417915	NA19072	2	H356	rs417915	52842074	1	A	1
rs417915	NA19074	1	H4	rs417915	52842074	0	C	1
rs417915	NA19074	2	H5	rs417915	52842074	1	A	1
rs417915	NA19075	1	H67	rs417915	52842074	1	A	1
rs417915	NA19075	2	H3	rs417915	52842074	1	A	1
rs417915	NA19076	1	H156	rs417915	52842074	1	A	1
rs417915	NA19076	2	H5	rs417915	52842074	1	A	1
rs417915	NA19077	1	H3	rs417915	52842074	1	A	1
rs417915	NA19077	2	H5	rs417915	52842074	1	A	1
rs417915	NA19078	1	H3	rs417915	52842074	1	A	1
rs417915	NA19078	2	H353	rs417915	52842074	1	A	1
rs417915	NA19079	1	H1	rs417915	52842074	0	C	1
rs417915	NA19079	2	H3	rs417915	52842074	1	A	1
rs417915	NA19080	1	H130	rs417915	52842074	1	A	1
rs417915	NA19080	2	H156	rs417915	52842074	1	A	1
rs417915	NA19081	1	H4	rs417915	52842074	0	C	1
rs417915	NA19081	2	H1	rs417915	52842074	0	C	1
rs417915	NA19082	1	H24	rs417915	52842074	1	A	1
rs417915	NA19082	2	H217	rs417915	52842074	1	A	1
rs417915	NA19083	1	H3	rs417915	52842074	1	A	1
rs417915	NA19083	2	H5	rs417915	52842074	1	A	1
rs417915	NA19084	1	H2	rs417915	52842074	1	A	1
rs417915	NA19084	2	H5	rs417915	52842074	1	A	1
rs417915	NA19085	1	H164	rs417915	52842074	1	A	1
rs417915	NA19085	2	H1	rs417915	52842074	0	C	1
rs417915	NA19086	1	H1	rs417915	52842074	0	C	1
rs417915	NA19086	2	H404	rs417915	52842074	0	C	1
rs417915	NA19087	1	H3	rs417915	52842074	1	A	1
rs417915	NA19087	2	H128	rs417915	52842074	1	A	1
rs417915	NA19088	1	H3	rs417915	52842074	1	A	1
rs417915	NA19088	2	H4	rs417915	52842074	0	C	1
rs417915	NA19089	1	H24	rs417915	52842074	1	A	1
rs417915	NA19089	2	H5	rs417915	52842074	1	A	1
rs417915	NA19090	1	H4	rs417915	52842074	0	C	1
rs417915	NA19090	2	H5	rs417915	52842074	1	A	1
rs417915	NA19091	1	H5	rs417915	52842074	1	A	1
rs417915	NA19091	2	H82	rs417915	52842074	0	C	1
rs417915	NA19092	1	H16	rs417915	52842074	0	C	1
rs417915	NA19092	2	H64	rs417915	52842074	0	C	1
rs417915	NA19093	1	H23	rs417915	52842074	0	C	1
rs417915	NA19093	2	H17	rs417915	52842074	0	C	1
rs417915	NA19095	1	H29	rs417915	52842074	0	C	1
rs417915	NA19095	2	H36	rs417915	52842074	0	C	1
rs417915	NA19096	1	H267	rs417915	52842074	0	C	1
rs417915	NA19096	2	H16	rs417915	52842074	0	C	1
rs417915	NA19098	1	H349	rs417915	52842074	1	A	1
rs417915	NA19098	2	H89	rs417915	52842074	0	C	1
rs417915	NA19099	1	H423	rs417915	52842074	0	C	1
rs417915	NA19099	2	H29	rs417915	52842074	0	C	1
rs417915	NA19102	1	H1	rs417915	52842074	0	C	1
rs417915	NA19102	2	H1	rs417915	52842074	0	C	1
rs417915	NA19107	1	H9	rs417915	52842074	0	C	1
rs417915	NA19107	2	H12	rs417915	52842074	0	C	1
rs417915	NA19108	1	H243	rs417915	52842074	0	C	1
rs417915	NA19108	2	H96	rs417915	52842074	0	C	1
rs417915	NA19113	1	H83	rs417915	52842074	0	C	1
rs417915	NA19113	2	H45	rs417915	52842074	0	C	1
rs417915	NA19114	1	H13	rs417915	52842074	0	C	1
rs417915	NA19114	2	H25	rs417915	52842074	0	C	1
rs417915	NA19116	1	H13	rs417915	52842074	0	C	1
rs417915	NA19116	2	H426	rs417915	52842074	0	C	1
rs417915	NA19117	1	H12	rs417915	52842074	0	C	1
rs417915	NA19117	2	H17	rs417915	52842074	0	C	1
rs417915	NA19118	1	H242	rs417915	52842074	0	C	1
rs417915	NA19118	2	H420	rs417915	52842074	0	C	1
rs417915	NA19119	1	H60	rs417915	52842074	0	C	1
rs417915	NA19119	2	H13	rs417915	52842074	0	C	1
rs417915	NA19121	1	H23	rs417915	52842074	0	C	1
rs417915	NA19121	2	H86	rs417915	52842074	0	C	1
rs417915	NA19129	1	H13	rs417915	52842074	0	C	1
rs417915	NA19129	2	H57	rs417915	52842074	0	C	1
rs417915	NA19130	1	H9	rs417915	52842074	0	C	1
rs417915	NA19130	2	H17	rs417915	52842074	0	C	1
rs417915	NA19131	1	H13	rs417915	52842074	0	C	1
rs417915	NA19131	2	H12	rs417915	52842074	0	C	1
rs417915	NA19137	1	H96	rs417915	52842074	0	C	1
rs417915	NA19137	2	H63	rs417915	52842074	0	C	1
rs417915	NA19138	1	H135	rs417915	52842074	0	C	1
rs417915	NA19138	2	H11	rs417915	52842074	0	C	1
rs417915	NA19141	1	H17	rs417915	52842074	0	C	1
rs417915	NA19141	2	H57	rs417915	52842074	0	C	1
rs417915	NA19143	1	H47	rs417915	52842074	0	C	1
rs417915	NA19143	2	H49	rs417915	52842074	0	C	1
rs417915	NA19144	1	H9	rs417915	52842074	0	C	1
rs417915	NA19144	2	H12	rs417915	52842074	0	C	1
rs417915	NA19146	1	H9	rs417915	52842074	0	C	1
rs417915	NA19146	2	H39	rs417915	52842074	0	C	1
rs417915	NA19147	1	H71	rs417915	52842074	0	C	1
rs417915	NA19147	2	H12	rs417915	52842074	0	C	1
rs417915	NA19149	1	H11	rs417915	52842074	0	C	1
rs417915	NA19149	2	H60	rs417915	52842074	0	C	1
rs417915	NA19152	1	H52	rs417915	52842074	0	C	1
rs417915	NA19152	2	H435	rs417915	52842074	0	C	1
rs417915	NA19153	1	H13	rs417915	52842074	0	C	1
rs417915	NA19153	2	H16	rs417915	52842074	0	C	1
rs417915	NA19159	1	H17	rs417915	52842074	0	C	1
rs417915	NA19159	2	H64	rs417915	52842074	0	C	1
rs417915	NA19160	1	H9	rs417915	52842074	0	C	1
rs417915	NA19160	2	H133	rs417915	52842074	0	C	1
rs417915	NA19171	1	H1	rs417915	52842074	0	C	1
rs417915	NA19171	2	H11	rs417915	52842074	0	C	1
rs417915	NA19172	1	H9	rs417915	52842074	0	C	1
rs417915	NA19172	2	H11	rs417915	52842074	0	C	1
rs417915	NA19175	1	H13	rs417915	52842074	0	C	1
rs417915	NA19175	2	H438	rs417915	52842074	0	C	1
rs417915	NA19184	1	H86	rs417915	52842074	0	C	1
rs417915	NA19184	2	H41	rs417915	52842074	0	C	1
rs417915	NA19185	1	H71	rs417915	52842074	0	C	1
rs417915	NA19185	2	H17	rs417915	52842074	0	C	1
rs417915	NA19189	1	H16	rs417915	52842074	0	C	1
rs417915	NA19189	2	H64	rs417915	52842074	0	C	1
rs417915	NA19190	1	H11	rs417915	52842074	0	C	1
rs417915	NA19190	2	H17	rs417915	52842074	0	C	1
rs417915	NA19197	1	H37	rs417915	52842074	0	C	1
rs417915	NA19197	2	H375	rs417915	52842074	0	C	1
rs417915	NA19198	1	H1	rs417915	52842074	0	C	1
rs417915	NA19198	2	H43	rs417915	52842074	0	C	1
rs417915	NA19200	1	H49	rs417915	52842074	0	C	1
rs417915	NA19200	2	H16	rs417915	52842074	0	C	1
rs417915	NA19201	1	H113	rs417915	52842074	0	C	1
rs417915	NA19201	2	H59	rs417915	52842074	0	C	1
rs417915	NA19204	1	H57	rs417915	52842074	0	C	1
rs417915	NA19204	2	H92	rs417915	52842074	0	C	1
rs417915	NA19206	1	H431	rs417915	52842074	0	C	1
rs417915	NA19206	2	H281	rs417915	52842074	0	C	1
rs417915	NA19207	1	H23	rs417915	52842074	0	C	1
rs417915	NA19207	2	H13	rs417915	52842074	0	C	1
rs417915	NA19209	1	H71	rs417915	52842074	0	C	1
rs417915	NA19209	2	H9	rs417915	52842074	0	C	1
rs417915	NA19210	1	H41	rs417915	52842074	0	C	1
rs417915	NA19210	2	H41	rs417915	52842074	0	C	1
rs417915	NA19213	1	H13	rs417915	52842074	0	C	1
rs417915	NA19213	2	H86	rs417915	52842074	0	C	1
rs417915	NA19214	1	H284	rs417915	52842074	0	C	1
rs417915	NA19214	2	H59	rs417915	52842074	0	C	1
rs417915	NA19222	1	H1	rs417915	52842074	0	C	1
rs417915	NA19222	2	H23	rs417915	52842074	0	C	1
rs417915	NA19223	1	H9	rs417915	52842074	0	C	1
rs417915	NA19223	2	H21	rs417915	52842074	0	C	1
rs417915	NA19225	1	H37	rs417915	52842074	0	C	1
rs417915	NA19225	2	H23	rs417915	52842074	0	C	1
rs417915	NA19235	1	H104	rs417915	52842074	0	C	1
rs417915	NA19235	2	H11	rs417915	52842074	0	C	1
rs417915	NA19236	1	H13	rs417915	52842074	0	C	1
rs417915	NA19236	2	H11	rs417915	52842074	0	C	1
rs417915	NA19238	1	H39	rs417915	52842074	0	C	1
rs417915	NA19238	2	H418	rs417915	52842074	0	C	1
rs417915	NA19239	1	H11	rs417915	52842074	0	C	1
rs417915	NA19239	2	H23	rs417915	52842074	0	C	1
rs417915	NA19247	1	H13	rs417915	52842074	0	C	1
rs417915	NA19247	2	H243	rs417915	52842074	0	C	1
rs417915	NA19248	1	H132	rs417915	52842074	0	C	1
rs417915	NA19248	2	H1	rs417915	52842074	0	C	1
rs417915	NA19256	1	H113	rs417915	52842074	0	C	1
rs417915	NA19256	2	H52	rs417915	52842074	0	C	1
rs417915	NA19257	1	H113	rs417915	52842074	0	C	1
rs417915	NA19257	2	H37	rs417915	52842074	0	C	1
rs417915	NA19307	1	H12	rs417915	52842074	0	C	1
rs417915	NA19307	2	H1	rs417915	52842074	0	C	1
rs417915	NA19308	1	H71	rs417915	52842074	0	C	1
rs417915	NA19308	2	H13	rs417915	52842074	0	C	1
rs417915	NA19309	1	H41	rs417915	52842074	0	C	1
rs417915	NA19309	2	H9	rs417915	52842074	0	C	1
rs417915	NA19310	1	H52	rs417915	52842074	0	C	1
rs417915	NA19310	2	H9	rs417915	52842074	0	C	1
rs417915	NA19312	1	H1	rs417915	52842074	0	C	1
rs417915	NA19312	2	H12	rs417915	52842074	0	C	1
rs417915	NA19314	1	H139	rs417915	52842074	0	C	1
rs417915	NA19314	2	H138	rs417915	52842074	0	C	1
rs417915	NA19315	1	H9	rs417915	52842074	0	C	1
rs417915	NA19315	2	H1	rs417915	52842074	0	C	1
rs417915	NA19316	1	H191	rs417915	52842074	0	C	1
rs417915	NA19316	2	H96	rs417915	52842074	0	C	1
rs417915	NA19317	1	H57	rs417915	52842074	0	C	1
rs417915	NA19317	2	H490	rs417915	52842074	0	C	1
rs417915	NA19318	1	H23	rs417915	52842074	0	C	1
rs417915	NA19318	2	H11	rs417915	52842074	0	C	1
rs417915	NA19319	1	H9	rs417915	52842074	0	C	1
rs417915	NA19319	2	H75	rs417915	52842074	0	C	1
rs417915	NA19320	1	H264	rs417915	52842074	0	C	1
rs417915	NA19320	2	H131	rs417915	52842074	0	C	1
rs417915	NA19321	1	H50	rs417915	52842074	0	C	1
rs417915	NA19321	2	H22	rs417915	52842074	0	C	1
rs417915	NA19323	1	H234	rs417915	52842074	0	C	1
rs417915	NA19323	2	H92	rs417915	52842074	0	C	1
rs417915	NA19324	1	H16	rs417915	52842074	0	C	1
rs417915	NA19324	2	H154	rs417915	52842074	0	C	1
rs417915	NA19327	1	H9	rs417915	52842074	0	C	1
rs417915	NA19327	2	H16	rs417915	52842074	0	C	1
rs417915	NA19328	1	H25	rs417915	52842074	0	C	1
rs417915	NA19328	2	H23	rs417915	52842074	0	C	1
rs417915	NA19331	1	H6	rs417915	52842074	1	A	1
rs417915	NA19331	2	H36	rs417915	52842074	0	C	1
rs417915	NA19332	1	H154	rs417915	52842074	0	C	1
rs417915	NA19332	2	H23	rs417915	52842074	0	C	1
rs417915	NA19334	1	H1	rs417915	52842074	0	C	1
rs417915	NA19334	2	H23	rs417915	52842074	0	C	1
rs417915	NA19338	1	H521	rs417915	52842074	0	C	1
rs417915	NA19338	2	H1	rs417915	52842074	0	C	1
rs417915	NA19346	1	H92	rs417915	52842074	0	C	1
rs417915	NA19346	2	H9	rs417915	52842074	0	C	1
rs417915	NA19347	1	H13	rs417915	52842074	0	C	1
rs417915	NA19347	2	H36	rs417915	52842074	0	C	1
rs417915	NA19350	1	H131	rs417915	52842074	0	C	1
rs417915	NA19350	2	H25	rs417915	52842074	0	C	1
rs417915	NA19351	1	H429	rs417915	52842074	0	C	1
rs417915	NA19351	2	H17	rs417915	52842074	0	C	1
rs417915	NA19355	1	H9	rs417915	52842074	0	C	1
rs417915	NA19355	2	H9	rs417915	52842074	0	C	1
rs417915	NA19360	1	H11	rs417915	52842074	0	C	1
rs417915	NA19360	2	H23	rs417915	52842074	0	C	1
rs417915	NA19372	1	H1	rs417915	52842074	0	C	1
rs417915	NA19372	2	H11	rs417915	52842074	0	C	1
rs417915	NA19374	1	H22	rs417915	52842074	0	C	1
rs417915	NA19374	2	H13	rs417915	52842074	0	C	1
rs417915	NA19375	1	H13	rs417915	52842074	0	C	1
rs417915	NA19375	2	H16	rs417915	52842074	0	C	1
rs417915	NA19376	1	H13	rs417915	52842074	0	C	1
rs417915	NA19376	2	H60	rs417915	52842074	0	C	1
rs417915	NA19377	1	H2	rs417915	52842074	1	A	1
rs417915	NA19377	2	H1	rs417915	52842074	0	C	1
rs417915	NA19378	1	H63	rs417915	52842074	0	C	1
rs417915	NA19378	2	H237	rs417915	52842074	0	C	1
rs417915	NA19379	1	H22	rs417915	52842074	0	C	1
rs417915	NA19379	2	H286	rs417915	52842074	0	C	1
rs417915	NA19380	1	H23	rs417915	52842074	0	C	1
rs417915	NA19380	2	H74	rs417915	52842074	0	C	1
rs417915	NA19383	1	H12	rs417915	52842074	0	C	1
rs417915	NA19383	2	H1	rs417915	52842074	0	C	1
rs417915	NA19384	1	H21	rs417915	52842074	0	C	1
rs417915	NA19384	2	H9	rs417915	52842074	0	C	1
rs417915	NA19385	1	H23	rs417915	52842074	0	C	1
rs417915	NA19385	2	H23	rs417915	52842074	0	C	1
rs417915	NA19390	1	H12	rs417915	52842074	0	C	1
rs417915	NA19390	2	H96	rs417915	52842074	0	C	1
rs417915	NA19391	1	H138	rs417915	52842074	0	C	1
rs417915	NA19391	2	H534	rs417915	52842074	0	C	1
rs417915	NA19393	1	H11	rs417915	52842074	0	C	1
rs417915	NA19393	2	H108	rs417915	52842074	0	C	1
rs417915	NA19394	1	H9	rs417915	52842074	0	C	1
rs417915	NA19394	2	H21	rs417915	52842074	0	C	1
rs417915	NA19395	1	H16	rs417915	52842074	0	C	1
rs417915	NA19395	2	H9	rs417915	52842074	0	C	1
rs417915	NA19397	1	H71	rs417915	52842074	0	C	1
rs417915	NA19397	2	H108	rs417915	52842074	0	C	1
rs417915	NA19399	1	H100	rs417915	52842074	0	C	1
rs417915	NA19399	2	H81	rs417915	52842074	0	C	1
rs417915	NA19401	1	H380	rs417915	52842074	0	C	1
rs417915	NA19401	2	H1	rs417915	52842074	0	C	1
rs417915	NA19403	1	H259	rs417915	52842074	0	C	1
rs417915	NA19403	2	H16	rs417915	52842074	0	C	1
rs417915	NA19404	1	H11	rs417915	52842074	0	C	1
rs417915	NA19404	2	H23	rs417915	52842074	0	C	1
rs417915	NA19428	1	H1	rs417915	52842074	0	C	1
rs417915	NA19428	2	H22	rs417915	52842074	0	C	1
rs417915	NA19429	1	H23	rs417915	52842074	0	C	1
rs417915	NA19429	2	H9	rs417915	52842074	0	C	1
rs417915	NA19430	1	H1	rs417915	52842074	0	C	1
rs417915	NA19430	2	H11	rs417915	52842074	0	C	1
rs417915	NA19431	1	H11	rs417915	52842074	0	C	1
rs417915	NA19431	2	H11	rs417915	52842074	0	C	1
rs417915	NA19434	1	H16	rs417915	52842074	0	C	1
rs417915	NA19434	2	H2	rs417915	52842074	1	A	1
rs417915	NA19435	1	H13	rs417915	52842074	0	C	1
rs417915	NA19435	2	H41	rs417915	52842074	0	C	1
rs417915	NA19436	1	H387	rs417915	52842074	0	C	1
rs417915	NA19436	2	H21	rs417915	52842074	0	C	1
rs417915	NA19437	1	H84	rs417915	52842074	0	C	1
rs417915	NA19437	2	H9	rs417915	52842074	0	C	1
rs417915	NA19438	1	H13	rs417915	52842074	0	C	1
rs417915	NA19438	2	H22	rs417915	52842074	0	C	1
rs417915	NA19439	1	H42	rs417915	52842074	0	C	1
rs417915	NA19439	2	H264	rs417915	52842074	0	C	1
rs417915	NA19440	1	H16	rs417915	52842074	0	C	1
rs417915	NA19440	2	H100	rs417915	52842074	0	C	1
rs417915	NA19443	1	H9	rs417915	52842074	0	C	1
rs417915	NA19443	2	H16	rs417915	52842074	0	C	1
rs417915	NA19445	1	H75	rs417915	52842074	0	C	1
rs417915	NA19445	2	H9	rs417915	52842074	0	C	1
rs417915	NA19446	1	H13	rs417915	52842074	0	C	1
rs417915	NA19446	2	H41	rs417915	52842074	0	C	1
rs417915	NA19448	1	H21	rs417915	52842074	0	C	1
rs417915	NA19448	2	H21	rs417915	52842074	0	C	1
rs417915	NA19449	1	H21	rs417915	52842074	0	C	1
rs417915	NA19449	2	H1	rs417915	52842074	0	C	1
rs417915	NA19451	1	H131	rs417915	52842074	0	C	1
rs417915	NA19451	2	H154	rs417915	52842074	0	C	1
rs417915	NA19452	1	H12	rs417915	52842074	0	C	1
rs417915	NA19452	2	H29	rs417915	52842074	0	C	1
rs417915	NA19454	1	H9	rs417915	52842074	0	C	1
rs417915	NA19454	2	H9	rs417915	52842074	0	C	1
rs417915	NA19455	1	H9	rs417915	52842074	0	C	1
rs417915	NA19455	2	H540	rs417915	52842074	0	C	1
rs417915	NA19456	1	H1	rs417915	52842074	0	C	1
rs417915	NA19456	2	H9	rs417915	52842074	0	C	1
rs417915	NA19457	1	H11	rs417915	52842074	0	C	1
rs417915	NA19457	2	H542	rs417915	52842074	0	C	1
rs417915	NA19461	1	H9	rs417915	52842074	0	C	1
rs417915	NA19461	2	H11	rs417915	52842074	0	C	1
rs417915	NA19462	1	H1	rs417915	52842074	0	C	1
rs417915	NA19462	2	H9	rs417915	52842074	0	C	1
rs417915	NA19463	1	H17	rs417915	52842074	0	C	1
rs417915	NA19463	2	H57	rs417915	52842074	0	C	1
rs417915	NA19466	1	H11	rs417915	52842074	0	C	1
rs417915	NA19466	2	H234	rs417915	52842074	0	C	1
rs417915	NA19467	1	H21	rs417915	52842074	0	C	1
rs417915	NA19467	2	H19	rs417915	52842074	0	C	1
rs417915	NA19468	1	H74	rs417915	52842074	0	C	1
rs417915	NA19468	2	H21	rs417915	52842074	0	C	1
rs417915	NA19471	1	H76	rs417915	52842074	0	C	1
rs417915	NA19471	2	H154	rs417915	52842074	0	C	1
rs417915	NA19472	1	H12	rs417915	52842074	0	C	1
rs417915	NA19472	2	H57	rs417915	52842074	0	C	1
rs417915	NA19473	1	H12	rs417915	52842074	0	C	1
rs417915	NA19473	2	H9	rs417915	52842074	0	C	1
rs417915	NA19474	1	H286	rs417915	52842074	0	C	1
rs417915	NA19474	2	H16	rs417915	52842074	0	C	1
rs417915	NA19475	1	H9	rs417915	52842074	0	C	1
rs417915	NA19475	2	H1	rs417915	52842074	0	C	1
rs417915	NA19625	1	H3	rs417915	52842074	1	A	1
rs417915	NA19625	2	H8	rs417915	52842074	0	C	1
rs417915	NA19648	1	H4	rs417915	52842074	0	C	1
rs417915	NA19648	2	H12	rs417915	52842074	0	C	1
rs417915	NA19649	1	H1	rs417915	52842074	0	C	1
rs417915	NA19649	2	H2	rs417915	52842074	1	A	1
rs417915	NA19651	1	H1	rs417915	52842074	0	C	1
rs417915	NA19651	2	H45	rs417915	52842074	0	C	1
rs417915	NA19652	1	H66	rs417915	52842074	1	A	1
rs417915	NA19652	2	H1	rs417915	52842074	0	C	1
rs417915	NA19654	1	H1	rs417915	52842074	0	C	1
rs417915	NA19654	2	H283	rs417915	52842074	0	C	1
rs417915	NA19655	1	H2	rs417915	52842074	1	A	1
rs417915	NA19655	2	H37	rs417915	52842074	0	C	1
rs417915	NA19657	1	H195	rs417915	52842074	0	C	1
rs417915	NA19657	2	H8	rs417915	52842074	0	C	1
rs417915	NA19658	1	H10	rs417915	52842074	0	C	1
rs417915	NA19658	2	H2	rs417915	52842074	1	A	1
rs417915	NA19661	1	H8	rs417915	52842074	0	C	1
rs417915	NA19661	2	H3	rs417915	52842074	1	A	1
rs417915	NA19663	1	H8	rs417915	52842074	0	C	1
rs417915	NA19663	2	H2	rs417915	52842074	1	A	1
rs417915	NA19664	1	H3	rs417915	52842074	1	A	1
rs417915	NA19664	2	H1	rs417915	52842074	0	C	1
rs417915	NA19669	1	H3	rs417915	52842074	1	A	1
rs417915	NA19669	2	H1	rs417915	52842074	0	C	1
rs417915	NA19670	1	H10	rs417915	52842074	0	C	1
rs417915	NA19670	2	H8	rs417915	52842074	0	C	1
rs417915	NA19676	1	H2	rs417915	52842074	1	A	1
rs417915	NA19676	2	H5	rs417915	52842074	1	A	1
rs417915	NA19678	1	H122	rs417915	52842074	1	A	1
rs417915	NA19678	2	H70	rs417915	52842074	0	C	1
rs417915	NA19679	1	H1	rs417915	52842074	0	C	1
rs417915	NA19679	2	H3	rs417915	52842074	1	A	1
rs417915	NA19681	1	H30	rs417915	52842074	0	C	1
rs417915	NA19681	2	H30	rs417915	52842074	0	C	1
rs417915	NA19682	1	H7	rs417915	52842074	0	C	1
rs417915	NA19682	2	H28	rs417915	52842074	0	C	1
rs417915	NA19684	1	H1	rs417915	52842074	0	C	1
rs417915	NA19684	2	H1	rs417915	52842074	0	C	1
rs417915	NA19700	1	H13	rs417915	52842074	0	C	1
rs417915	NA19700	2	H16	rs417915	52842074	0	C	1
rs417915	NA19701	1	H22	rs417915	52842074	0	C	1
rs417915	NA19701	2	H52	rs417915	52842074	0	C	1
rs417915	NA19703	1	H273	rs417915	52842074	0	C	1
rs417915	NA19703	2	H11	rs417915	52842074	0	C	1
rs417915	NA19704	1	H84	rs417915	52842074	0	C	1
rs417915	NA19704	2	H13	rs417915	52842074	0	C	1
rs417915	NA19707	1	H71	rs417915	52842074	0	C	1
rs417915	NA19707	2	H1	rs417915	52842074	0	C	1
rs417915	NA19711	1	H149	rs417915	52842074	0	C	1
rs417915	NA19711	2	H2	rs417915	52842074	1	A	1
rs417915	NA19712	1	H9	rs417915	52842074	0	C	1
rs417915	NA19712	2	H31	rs417915	52842074	0	C	1
rs417915	NA19713	1	H17	rs417915	52842074	0	C	1
rs417915	NA19713	2	H40	rs417915	52842074	0	C	1
rs417915	NA19716	1	H3	rs417915	52842074	1	A	1
rs417915	NA19716	2	H1	rs417915	52842074	0	C	1
rs417915	NA19717	1	H1	rs417915	52842074	0	C	1
rs417915	NA19717	2	H2	rs417915	52842074	1	A	1
rs417915	NA19719	1	H8	rs417915	52842074	0	C	1
rs417915	NA19719	2	H2	rs417915	52842074	1	A	1
rs417915	NA19720	1	H136	rs417915	52842074	0	C	1
rs417915	NA19720	2	H8	rs417915	52842074	0	C	1
rs417915	NA19722	1	H66	rs417915	52842074	1	A	1
rs417915	NA19722	2	H14	rs417915	52842074	0	C	1
rs417915	NA19723	1	H1	rs417915	52842074	0	C	1
rs417915	NA19723	2	H14	rs417915	52842074	0	C	1
rs417915	NA19725	1	H1	rs417915	52842074	0	C	1
rs417915	NA19725	2	H10	rs417915	52842074	0	C	1
rs417915	NA19726	1	H1	rs417915	52842074	0	C	1
rs417915	NA19726	2	H298	rs417915	52842074	1	A	1
rs417915	NA19728	1	H18	rs417915	52842074	0	C	1
rs417915	NA19728	2	H30	rs417915	52842074	0	C	1
rs417915	NA19729	1	H5	rs417915	52842074	1	A	1
rs417915	NA19729	2	H400	rs417915	52842074	0	C	1
rs417915	NA19731	1	H5	rs417915	52842074	1	A	1
rs417915	NA19731	2	H1	rs417915	52842074	0	C	1
rs417915	NA19732	1	H30	rs417915	52842074	0	C	1
rs417915	NA19732	2	H456	rs417915	52842074	0	C	1
rs417915	NA19734	1	H8	rs417915	52842074	0	C	1
rs417915	NA19734	2	H8	rs417915	52842074	0	C	1
rs417915	NA19735	1	H8	rs417915	52842074	0	C	1
rs417915	NA19735	2	H66	rs417915	52842074	1	A	1
rs417915	NA19740	1	H1	rs417915	52842074	0	C	1
rs417915	NA19740	2	H66	rs417915	52842074	1	A	1
rs417915	NA19741	1	H2	rs417915	52842074	1	A	1
rs417915	NA19741	2	H8	rs417915	52842074	0	C	1
rs417915	NA19746	1	H7	rs417915	52842074	0	C	1
rs417915	NA19746	2	H8	rs417915	52842074	0	C	1
rs417915	NA19747	1	H98	rs417915	52842074	1	A	1
rs417915	NA19747	2	H5	rs417915	52842074	1	A	1
rs417915	NA19749	1	H1	rs417915	52842074	0	C	1
rs417915	NA19749	2	H199	rs417915	52842074	1	A	1
rs417915	NA19750	1	H316	rs417915	52842074	1	A	1
rs417915	NA19750	2	H8	rs417915	52842074	0	C	1
rs417915	NA19752	1	H24	rs417915	52842074	1	A	1
rs417915	NA19752	2	H302	rs417915	52842074	1	A	1
rs417915	NA19755	1	H81	rs417915	52842074	0	C	1
rs417915	NA19755	2	H195	rs417915	52842074	0	C	1
rs417915	NA19756	1	H15	rs417915	52842074	0	C	1
rs417915	NA19756	2	H197	rs417915	52842074	1	A	1
rs417915	NA19758	1	H5	rs417915	52842074	1	A	1
rs417915	NA19758	2	H8	rs417915	52842074	0	C	1
rs417915	NA19759	1	H2	rs417915	52842074	1	A	1
rs417915	NA19759	2	H8	rs417915	52842074	0	C	1
rs417915	NA19761	1	H8	rs417915	52842074	0	C	1
rs417915	NA19761	2	H129	rs417915	52842074	1	A	1
rs417915	NA19762	1	H5	rs417915	52842074	1	A	1
rs417915	NA19762	2	H21	rs417915	52842074	0	C	1
rs417915	NA19764	1	H1	rs417915	52842074	0	C	1
rs417915	NA19764	2	H1	rs417915	52842074	0	C	1
rs417915	NA19770	1	H98	rs417915	52842074	1	A	1
rs417915	NA19770	2	H212	rs417915	52842074	1	A	1
rs417915	NA19771	1	H20	rs417915	52842074	0	C	1
rs417915	NA19771	2	H14	rs417915	52842074	0	C	1
rs417915	NA19773	1	H352	rs417915	52842074	1	A	1
rs417915	NA19773	2	H195	rs417915	52842074	0	C	1
rs417915	NA19774	1	H1	rs417915	52842074	0	C	1
rs417915	NA19774	2	H30	rs417915	52842074	0	C	1
rs417915	NA19776	1	H1	rs417915	52842074	0	C	1
rs417915	NA19776	2	H480	rs417915	52842074	0	C	1
rs417915	NA19777	1	H12	rs417915	52842074	0	C	1
rs417915	NA19777	2	H13	rs417915	52842074	0	C	1
rs417915	NA19779	1	H12	rs417915	52842074	0	C	1
rs417915	NA19779	2	H6	rs417915	52842074	1	A	1
rs417915	NA19780	1	H8	rs417915	52842074	0	C	1
rs417915	NA19780	2	H8	rs417915	52842074	0	C	1
rs417915	NA19782	1	H129	rs417915	52842074	1	A	1
rs417915	NA19782	2	H24	rs417915	52842074	1	A	1
rs417915	NA19783	1	H66	rs417915	52842074	1	A	1
rs417915	NA19783	2	H129	rs417915	52842074	1	A	1
rs417915	NA19785	1	H129	rs417915	52842074	1	A	1
rs417915	NA19785	2	H1	rs417915	52842074	0	C	1
rs417915	NA19786	1	H126	rs417915	52842074	1	A	1
rs417915	NA19786	2	H20	rs417915	52842074	0	C	1
rs417915	NA19788	1	H8	rs417915	52842074	0	C	1
rs417915	NA19788	2	H61	rs417915	52842074	0	C	1
rs417915	NA19789	1	H1	rs417915	52842074	0	C	1
rs417915	NA19789	2	H7	rs417915	52842074	0	C	1
rs417915	NA19792	1	H19	rs417915	52842074	0	C	1
rs417915	NA19792	2	H30	rs417915	52842074	0	C	1
rs417915	NA19794	1	H10	rs417915	52842074	0	C	1
rs417915	NA19794	2	H2	rs417915	52842074	1	A	1
rs417915	NA19795	1	H3	rs417915	52842074	1	A	1
rs417915	NA19795	2	H8	rs417915	52842074	0	C	1
rs417915	NA19818	1	H23	rs417915	52842074	0	C	1
rs417915	NA19818	2	H12	rs417915	52842074	0	C	1
rs417915	NA19819	1	H184	rs417915	52842074	0	C	1
rs417915	NA19819	2	H43	rs417915	52842074	0	C	1
rs417915	NA19834	1	H16	rs417915	52842074	0	C	1
rs417915	NA19834	2	H1	rs417915	52842074	0	C	1
rs417915	NA19835	1	H88	rs417915	52842074	0	C	1
rs417915	NA19835	2	H2	rs417915	52842074	1	A	1
rs417915	NA19900	1	H39	rs417915	52842074	0	C	1
rs417915	NA19900	2	H32	rs417915	52842074	0	C	1
rs417915	NA19901	1	H11	rs417915	52842074	0	C	1
rs417915	NA19901	2	H50	rs417915	52842074	0	C	1
rs417915	NA19904	1	H273	rs417915	52842074	0	C	1
rs417915	NA19904	2	H50	rs417915	52842074	0	C	1
rs417915	NA19908	1	H439	rs417915	52842074	0	C	1
rs417915	NA19908	2	H2	rs417915	52842074	1	A	1
rs417915	NA19909	1	H42	rs417915	52842074	0	C	1
rs417915	NA19909	2	H13	rs417915	52842074	0	C	1
rs417915	NA19913	1	H1	rs417915	52842074	0	C	1
rs417915	NA19913	2	H50	rs417915	52842074	0	C	1
rs417915	NA19914	1	H21	rs417915	52842074	0	C	1
rs417915	NA19914	2	H16	rs417915	52842074	0	C	1
rs417915	NA19916	1	H430	rs417915	52842074	0	C	1
rs417915	NA19916	2	H1	rs417915	52842074	0	C	1
rs417915	NA19917	1	H41	rs417915	52842074	0	C	1
rs417915	NA19917	2	H1	rs417915	52842074	0	C	1
rs417915	NA19920	1	H88	rs417915	52842074	0	C	1
rs417915	NA19920	2	H268	rs417915	52842074	0	C	1
rs417915	NA19921	1	H76	rs417915	52842074	0	C	1
rs417915	NA19921	2	H3	rs417915	52842074	1	A	1
rs417915	NA19922	1	H75	rs417915	52842074	0	C	1
rs417915	NA19922	2	H202	rs417915	52842074	1	A	1
rs417915	NA19923	1	H20	rs417915	52842074	0	C	1
rs417915	NA19923	2	H49	rs417915	52842074	0	C	1
rs417915	NA19982	1	H4	rs417915	52842074	0	C	1
rs417915	NA19982	2	H11	rs417915	52842074	0	C	1
rs417915	NA19984	1	H47	rs417915	52842074	0	C	1
rs417915	NA19984	2	H13	rs417915	52842074	0	C	1
rs417915	NA20126	1	H11	rs417915	52842074	0	C	1
rs417915	NA20126	2	H6	rs417915	52842074	1	A	1
rs417915	NA20127	1	H47	rs417915	52842074	0	C	1
rs417915	NA20127	2	H107	rs417915	52842074	0	C	1
rs417915	NA20274	1	H84	rs417915	52842074	0	C	1
rs417915	NA20274	2	H20	rs417915	52842074	0	C	1
rs417915	NA20276	1	H59	rs417915	52842074	0	C	1
rs417915	NA20276	2	H6	rs417915	52842074	1	A	1
rs417915	NA20278	1	H6	rs417915	52842074	1	A	1
rs417915	NA20278	2	H1	rs417915	52842074	0	C	1
rs417915	NA20281	1	H136	rs417915	52842074	0	C	1
rs417915	NA20281	2	H16	rs417915	52842074	0	C	1
rs417915	NA20282	1	H84	rs417915	52842074	0	C	1
rs417915	NA20282	2	H13	rs417915	52842074	0	C	1
rs417915	NA20287	1	H29	rs417915	52842074	0	C	1
rs417915	NA20287	2	H25	rs417915	52842074	0	C	1
rs417915	NA20289	1	H386	rs417915	52842074	0	C	1
rs417915	NA20289	2	H209	rs417915	52842074	1	A	1
rs417915	NA20291	1	H12	rs417915	52842074	0	C	1
rs417915	NA20291	2	H1	rs417915	52842074	0	C	1
rs417915	NA20294	1	H10	rs417915	52842074	0	C	1
rs417915	NA20294	2	H39	rs417915	52842074	0	C	1
rs417915	NA20296	1	H107	rs417915	52842074	0	C	1
rs417915	NA20296	2	H61	rs417915	52842074	0	C	1
rs417915	NA20298	1	H21	rs417915	52842074	0	C	1
rs417915	NA20298	2	H39	rs417915	52842074	0	C	1
rs417915	NA20299	1	H8	rs417915	52842074	0	C	1
rs417915	NA20299	2	H18	rs417915	52842074	0	C	1
rs417915	NA20314	1	H2	rs417915	52842074	1	A	1
rs417915	NA20314	2	H12	rs417915	52842074	0	C	1
rs417915	NA20317	1	H503	rs417915	52842074	0	C	1
rs417915	NA20317	2	H41	rs417915	52842074	0	C	1
rs417915	NA20318	1	H61	rs417915	52842074	0	C	1
rs417915	NA20318	2	H6	rs417915	52842074	1	A	1
rs417915	NA20320	1	H29	rs417915	52842074	0	C	1
rs417915	NA20320	2	H271	rs417915	52842074	0	C	1
rs417915	NA20321	1	H29	rs417915	52842074	0	C	1
rs417915	NA20321	2	H1	rs417915	52842074	0	C	1
rs417915	NA20332	1	H52	rs417915	52842074	0	C	1
rs417915	NA20332	2	H162	rs417915	52842074	1	A	1
rs417915	NA20334	1	H100	rs417915	52842074	0	C	1
rs417915	NA20334	2	H25	rs417915	52842074	0	C	1
rs417915	NA20339	1	H8	rs417915	52842074	0	C	1
rs417915	NA20339	2	H248	rs417915	52842074	0	C	1
rs417915	NA20340	1	H6	rs417915	52842074	1	A	1
rs417915	NA20340	2	H9	rs417915	52842074	0	C	1
rs417915	NA20342	1	H13	rs417915	52842074	0	C	1
rs417915	NA20342	2	H74	rs417915	52842074	0	C	1
rs417915	NA20346	1	H35	rs417915	52842074	0	C	1
rs417915	NA20346	2	H59	rs417915	52842074	0	C	1
rs417915	NA20348	1	H1	rs417915	52842074	0	C	1
rs417915	NA20348	2	H115	rs417915	52842074	0	C	1
rs417915	NA20351	1	H505	rs417915	52842074	0	C	1
rs417915	NA20351	2	H10	rs417915	52842074	0	C	1
rs417915	NA20355	1	H100	rs417915	52842074	0	C	1
rs417915	NA20355	2	H376	rs417915	52842074	0	C	1
rs417915	NA20356	1	H1	rs417915	52842074	0	C	1
rs417915	NA20356	2	H42	rs417915	52842074	0	C	1
rs417915	NA20357	1	H12	rs417915	52842074	0	C	1
rs417915	NA20357	2	H7	rs417915	52842074	0	C	1
rs417915	NA20359	1	H236	rs417915	52842074	0	C	1
rs417915	NA20359	2	H12	rs417915	52842074	0	C	1
rs417915	NA20362	1	H236	rs417915	52842074	0	C	1
rs417915	NA20362	2	H1	rs417915	52842074	0	C	1
rs417915	NA20412	1	H40	rs417915	52842074	0	C	1
rs417915	NA20412	2	H32	rs417915	52842074	0	C	1
rs417915	NA20502	1	H14	rs417915	52842074	0	C	1
rs417915	NA20502	2	H1	rs417915	52842074	0	C	1
rs417915	NA20503	1	H20	rs417915	52842074	0	C	1
rs417915	NA20503	2	H2	rs417915	52842074	1	A	1
rs417915	NA20504	1	H2	rs417915	52842074	1	A	1
rs417915	NA20504	2	H10	rs417915	52842074	0	C	1
rs417915	NA20505	1	H19	rs417915	52842074	0	C	1
rs417915	NA20505	2	H2	rs417915	52842074	1	A	1
rs417915	NA20506	1	H2	rs417915	52842074	1	A	1
rs417915	NA20506	2	H183	rs417915	52842074	0	C	1
rs417915	NA20507	1	H2	rs417915	52842074	1	A	1
rs417915	NA20507	2	H2	rs417915	52842074	1	A	1
rs417915	NA20508	1	H19	rs417915	52842074	0	C	1
rs417915	NA20508	2	H53	rs417915	52842074	0	C	1
rs417915	NA20509	1	H2	rs417915	52842074	1	A	1
rs417915	NA20509	2	H6	rs417915	52842074	1	A	1
rs417915	NA20510	1	H53	rs417915	52842074	0	C	1
rs417915	NA20510	2	H2	rs417915	52842074	1	A	1
rs417915	NA20511	1	H2	rs417915	52842074	1	A	1
rs417915	NA20511	2	H6	rs417915	52842074	1	A	1
rs417915	NA20512	1	H7	rs417915	52842074	0	C	1
rs417915	NA20512	2	H2	rs417915	52842074	1	A	1
rs417915	NA20513	1	H2	rs417915	52842074	1	A	1
rs417915	NA20513	2	H6	rs417915	52842074	1	A	1
rs417915	NA20514	1	H1	rs417915	52842074	0	C	1
rs417915	NA20514	2	H40	rs417915	52842074	0	C	1
rs417915	NA20515	1	H1	rs417915	52842074	0	C	1
rs417915	NA20515	2	H18	rs417915	52842074	0	C	1
rs417915	NA20516	1	H150	rs417915	52842074	0	C	1
rs417915	NA20516	2	H1	rs417915	52842074	0	C	1
rs417915	NA20517	1	H305	rs417915	52842074	1	A	1
rs417915	NA20517	2	H2	rs417915	52842074	1	A	1
rs417915	NA20518	1	H2	rs417915	52842074	1	A	1
rs417915	NA20518	2	H1	rs417915	52842074	0	C	1
rs417915	NA20519	1	H7	rs417915	52842074	0	C	1
rs417915	NA20519	2	H12	rs417915	52842074	0	C	1
rs417915	NA20520	1	H14	rs417915	52842074	0	C	1
rs417915	NA20520	2	H14	rs417915	52842074	0	C	1
rs417915	NA20521	1	H1	rs417915	52842074	0	C	1
rs417915	NA20521	2	H2	rs417915	52842074	1	A	1
rs417915	NA20522	1	H18	rs417915	52842074	0	C	1
rs417915	NA20522	2	H2	rs417915	52842074	1	A	1
rs417915	NA20524	1	H2	rs417915	52842074	1	A	1
rs417915	NA20524	2	H34	rs417915	52842074	1	A	1
rs417915	NA20525	1	H18	rs417915	52842074	0	C	1
rs417915	NA20525	2	H1	rs417915	52842074	0	C	1
rs417915	NA20527	1	H7	rs417915	52842074	0	C	1
rs417915	NA20527	2	H2	rs417915	52842074	1	A	1
rs417915	NA20528	1	H1	rs417915	52842074	0	C	1
rs417915	NA20528	2	H18	rs417915	52842074	0	C	1
rs417915	NA20529	1	H7	rs417915	52842074	0	C	1
rs417915	NA20529	2	H61	rs417915	52842074	0	C	1
rs417915	NA20530	1	H1	rs417915	52842074	0	C	1
rs417915	NA20530	2	H18	rs417915	52842074	0	C	1
rs417915	NA20531	1	H254	rs417915	52842074	0	C	1
rs417915	NA20531	2	H14	rs417915	52842074	0	C	1
rs417915	NA20532	1	H22	rs417915	52842074	0	C	1
rs417915	NA20532	2	H79	rs417915	52842074	0	C	1
rs417915	NA20533	1	H6	rs417915	52842074	1	A	1
rs417915	NA20533	2	H1	rs417915	52842074	0	C	1
rs417915	NA20534	1	H111	rs417915	52842074	0	C	1
rs417915	NA20534	2	H1	rs417915	52842074	0	C	1
rs417915	NA20535	1	H2	rs417915	52842074	1	A	1
rs417915	NA20535	2	H20	rs417915	52842074	0	C	1
rs417915	NA20536	1	H1	rs417915	52842074	0	C	1
rs417915	NA20536	2	H7	rs417915	52842074	0	C	1
rs417915	NA20538	1	H1	rs417915	52842074	0	C	1
rs417915	NA20538	2	H33	rs417915	52842074	0	C	1
rs417915	NA20539	1	H127	rs417915	52842074	1	A	1
rs417915	NA20539	2	H142	rs417915	52842074	0	C	1
rs417915	NA20540	1	H300	rs417915	52842074	1	A	1
rs417915	NA20540	2	H70	rs417915	52842074	0	C	1
rs417915	NA20541	1	H51	rs417915	52842074	1	A	1
rs417915	NA20541	2	H1	rs417915	52842074	0	C	1
rs417915	NA20542	1	H1	rs417915	52842074	0	C	1
rs417915	NA20542	2	H14	rs417915	52842074	0	C	1
rs417915	NA20543	1	H2	rs417915	52842074	1	A	1
rs417915	NA20543	2	H38	rs417915	52842074	0	C	1
rs417915	NA20544	1	H6	rs417915	52842074	1	A	1
rs417915	NA20544	2	H19	rs417915	52842074	0	C	1
rs417915	NA20581	1	H14	rs417915	52842074	0	C	1
rs417915	NA20581	2	H1	rs417915	52842074	0	C	1
rs417915	NA20582	1	H2	rs417915	52842074	1	A	1
rs417915	NA20582	2	H70	rs417915	52842074	0	C	1
rs417915	NA20585	1	H55	rs417915	52842074	1	A	1
rs417915	NA20585	2	H6	rs417915	52842074	1	A	1
rs417915	NA20586	1	H2	rs417915	52842074	1	A	1
rs417915	NA20586	2	H4	rs417915	52842074	0	C	1
rs417915	NA20587	1	H6	rs417915	52842074	1	A	1
rs417915	NA20587	2	H1	rs417915	52842074	0	C	1
rs417915	NA20588	1	H1	rs417915	52842074	0	C	1
rs417915	NA20588	2	H20	rs417915	52842074	0	C	1
rs417915	NA20589	1	H4	rs417915	52842074	0	C	1
rs417915	NA20589	2	H7	rs417915	52842074	0	C	1
rs417915	NA20752	1	H7	rs417915	52842074	0	C	1
rs417915	NA20752	2	H10	rs417915	52842074	0	C	1
rs417915	NA20753	1	H115	rs417915	52842074	0	C	1
rs417915	NA20753	2	H2	rs417915	52842074	1	A	1
rs417915	NA20754	1	H2	rs417915	52842074	1	A	1
rs417915	NA20754	2	H1	rs417915	52842074	0	C	1
rs417915	NA20755	1	H2	rs417915	52842074	1	A	1
rs417915	NA20755	2	H6	rs417915	52842074	1	A	1
rs417915	NA20756	1	H1	rs417915	52842074	0	C	1
rs417915	NA20756	2	H2	rs417915	52842074	1	A	1
rs417915	NA20757	1	H6	rs417915	52842074	1	A	1
rs417915	NA20757	2	H2	rs417915	52842074	1	A	1
rs417915	NA20758	1	H1	rs417915	52842074	0	C	1
rs417915	NA20758	2	H7	rs417915	52842074	0	C	1
rs417915	NA20759	1	H19	rs417915	52842074	0	C	1
rs417915	NA20759	2	H6	rs417915	52842074	1	A	1
rs417915	NA20760	1	H51	rs417915	52842074	1	A	1
rs417915	NA20760	2	H6	rs417915	52842074	1	A	1
rs417915	NA20761	1	H254	rs417915	52842074	0	C	1
rs417915	NA20761	2	H2	rs417915	52842074	1	A	1
rs417915	NA20762	1	H2	rs417915	52842074	1	A	1
rs417915	NA20762	2	H1	rs417915	52842074	0	C	1
rs417915	NA20763	1	H7	rs417915	52842074	0	C	1
rs417915	NA20763	2	H1	rs417915	52842074	0	C	1
rs417915	NA20764	1	H79	rs417915	52842074	0	C	1
rs417915	NA20764	2	H2	rs417915	52842074	1	A	1
rs417915	NA20765	1	H6	rs417915	52842074	1	A	1
rs417915	NA20765	2	H55	rs417915	52842074	1	A	1
rs417915	NA20766	1	H2	rs417915	52842074	1	A	1
rs417915	NA20766	2	H410	rs417915	52842074	0	C	1
rs417915	NA20767	1	H40	rs417915	52842074	0	C	1
rs417915	NA20767	2	H2	rs417915	52842074	1	A	1
rs417915	NA20768	1	H209	rs417915	52842074	1	A	1
rs417915	NA20768	2	H1	rs417915	52842074	0	C	1
rs417915	NA20769	1	H1	rs417915	52842074	0	C	1
rs417915	NA20769	2	H79	rs417915	52842074	0	C	1
rs417915	NA20770	1	H1	rs417915	52842074	0	C	1
rs417915	NA20770	2	H1	rs417915	52842074	0	C	1
rs417915	NA20771	1	H2	rs417915	52842074	1	A	1
rs417915	NA20771	2	H1	rs417915	52842074	0	C	1
rs417915	NA20772	1	H18	rs417915	52842074	0	C	1
rs417915	NA20772	2	H19	rs417915	52842074	0	C	1
rs417915	NA20773	1	H2	rs417915	52842074	1	A	1
rs417915	NA20773	2	H51	rs417915	52842074	1	A	1
rs417915	NA20774	1	H28	rs417915	52842074	0	C	1
rs417915	NA20774	2	H19	rs417915	52842074	0	C	1
rs417915	NA20775	1	H20	rs417915	52842074	0	C	1
rs417915	NA20775	2	H2	rs417915	52842074	1	A	1
rs417915	NA20778	1	H1	rs417915	52842074	0	C	1
rs417915	NA20778	2	H126	rs417915	52842074	1	A	1
rs417915	NA20783	1	H2	rs417915	52842074	1	A	1
rs417915	NA20783	2	H14	rs417915	52842074	0	C	1
rs417915	NA20785	1	H10	rs417915	52842074	0	C	1
rs417915	NA20785	2	H455	rs417915	52842074	0	C	1
rs417915	NA20786	1	H1	rs417915	52842074	0	C	1
rs417915	NA20786	2	H287	rs417915	52842074	0	C	1
rs417915	NA20787	1	H7	rs417915	52842074	0	C	1
rs417915	NA20787	2	H10	rs417915	52842074	0	C	1
rs417915	NA20790	1	H6	rs417915	52842074	1	A	1
rs417915	NA20790	2	H34	rs417915	52842074	1	A	1
rs417915	NA20792	1	H2	rs417915	52842074	1	A	1
rs417915	NA20792	2	H2	rs417915	52842074	1	A	1
rs417915	NA20795	1	H14	rs417915	52842074	0	C	1
rs417915	NA20795	2	H15	rs417915	52842074	0	C	1
rs417915	NA20796	1	H22	rs417915	52842074	0	C	1
rs417915	NA20796	2	H409	rs417915	52842074	0	C	1
rs417915	NA20797	1	H2	rs417915	52842074	1	A	1
rs417915	NA20797	2	H6	rs417915	52842074	1	A	1
rs417915	NA20798	1	H2	rs417915	52842074	1	A	1
rs417915	NA20798	2	H14	rs417915	52842074	0	C	1
rs417915	NA20799	1	H1	rs417915	52842074	0	C	1
rs417915	NA20799	2	H295	rs417915	52842074	1	A	1
rs417915	NA20800	1	H18	rs417915	52842074	0	C	1
rs417915	NA20800	2	H2	rs417915	52842074	1	A	1
rs417915	NA20801	1	H1	rs417915	52842074	0	C	1
rs417915	NA20801	2	H22	rs417915	52842074	0	C	1
rs417915	NA20802	1	H10	rs417915	52842074	0	C	1
rs417915	NA20802	2	H1	rs417915	52842074	0	C	1
rs417915	NA20803	1	H14	rs417915	52842074	0	C	1
rs417915	NA20803	2	H7	rs417915	52842074	0	C	1
rs417915	NA20804	1	H283	rs417915	52842074	0	C	1
rs417915	NA20804	2	H2	rs417915	52842074	1	A	1
rs417915	NA20805	1	H20	rs417915	52842074	0	C	1
rs417915	NA20805	2	H1	rs417915	52842074	0	C	1
rs417915	NA20806	1	H1	rs417915	52842074	0	C	1
rs417915	NA20806	2	H19	rs417915	52842074	0	C	1
rs417915	NA20807	1	H10	rs417915	52842074	0	C	1
rs417915	NA20807	2	H14	rs417915	52842074	0	C	1
rs417915	NA20808	1	H1	rs417915	52842074	0	C	1
rs417915	NA20808	2	H2	rs417915	52842074	1	A	1
rs417915	NA20809	1	H2	rs417915	52842074	1	A	1
rs417915	NA20809	2	H210	rs417915	52842074	1	A	1
rs417915	NA20810	1	H40	rs417915	52842074	0	C	1
rs417915	NA20810	2	H10	rs417915	52842074	0	C	1
rs417915	NA20811	1	H127	rs417915	52842074	1	A	1
rs417915	NA20811	2	H7	rs417915	52842074	0	C	1
rs417915	NA20812	1	H20	rs417915	52842074	0	C	1
rs417915	NA20812	2	H105	rs417915	52842074	1	A	1
rs417915	NA20813	1	H4	rs417915	52842074	0	C	1
rs417915	NA20813	2	H10	rs417915	52842074	0	C	1
rs417915	NA20814	1	H1	rs417915	52842074	0	C	1
rs417915	NA20814	2	H6	rs417915	52842074	1	A	1
rs417915	NA20815	1	H1	rs417915	52842074	0	C	1
rs417915	NA20815	2	H1	rs417915	52842074	0	C	1
rs417915	NA20818	1	H18	rs417915	52842074	0	C	1
rs417915	NA20818	2	H10	rs417915	52842074	0	C	1
rs417915	NA20819	1	H19	rs417915	52842074	0	C	1
rs417915	NA20819	2	H51	rs417915	52842074	1	A	1
rs417915	NA20821	1	H1	rs417915	52842074	0	C	1
rs417915	NA20821	2	H482	rs417915	52842074	0	C	1
rs417915	NA20822	1	H10	rs417915	52842074	0	C	1
rs417915	NA20822	2	H14	rs417915	52842074	0	C	1
rs417915	NA20826	1	H6	rs417915	52842074	1	A	1
rs417915	NA20826	2	H55	rs417915	52842074	1	A	1
rs417915	NA20827	1	H1	rs417915	52842074	0	C	1
rs417915	NA20827	2	H190	rs417915	52842074	0	C	1
rs417915	NA20828	1	H10	rs417915	52842074	0	C	1
rs417915	NA20828	2	H2	rs417915	52842074	1	A	1
rs417915	NA20832	1	H2	rs417915	52842074	1	A	1
rs417915	NA20832	2	H1	rs417915	52842074	0	C	1
rs417915	NA20845	1	H55	rs417915	52842074	1	A	1
rs417915	NA20845	2	H297	rs417915	52842074	1	A	1
rs417915	NA20846	1	H28	rs417915	52842074	0	C	1
rs417915	NA20846	2	H78	rs417915	52842074	0	C	1
rs417915	NA20847	1	H2	rs417915	52842074	1	A	1
rs417915	NA20847	2	H87	rs417915	52842074	0	C	1
rs417915	NA20849	1	H33	rs417915	52842074	0	C	1
rs417915	NA20849	2	H147	rs417915	52842074	0	C	1
rs417915	NA20850	1	H15	rs417915	52842074	0	C	1
rs417915	NA20850	2	H85	rs417915	52842074	0	C	1
rs417915	NA20851	1	H1	rs417915	52842074	0	C	1
rs417915	NA20851	2	H34	rs417915	52842074	1	A	1
rs417915	NA20852	1	H18	rs417915	52842074	0	C	1
rs417915	NA20852	2	H26	rs417915	52842074	0	C	1
rs417915	NA20853	1	H26	rs417915	52842074	0	C	1
rs417915	NA20853	2	H1	rs417915	52842074	0	C	1
rs417915	NA20854	1	H479	rs417915	52842074	0	C	1
rs417915	NA20854	2	H62	rs417915	52842074	1	A	1
rs417915	NA20856	1	H459	rs417915	52842074	0	C	1
rs417915	NA20856	2	H62	rs417915	52842074	1	A	1
rs417915	NA20858	1	H3	rs417915	52842074	1	A	1
rs417915	NA20858	2	H1	rs417915	52842074	0	C	1
rs417915	NA20859	1	H65	rs417915	52842074	0	C	1
rs417915	NA20859	2	H20	rs417915	52842074	0	C	1
rs417915	NA20861	1	H4	rs417915	52842074	0	C	1
rs417915	NA20861	2	H1	rs417915	52842074	0	C	1
rs417915	NA20862	1	H21	rs417915	52842074	0	C	1
rs417915	NA20862	2	H58	rs417915	52842074	0	C	1
rs417915	NA20863	1	H126	rs417915	52842074	1	A	1
rs417915	NA20863	2	H1	rs417915	52842074	0	C	1
rs417915	NA20864	1	H1	rs417915	52842074	0	C	1
rs417915	NA20864	2	H1	rs417915	52842074	0	C	1
rs417915	NA20866	1	H152	rs417915	52842074	0	C	1
rs417915	NA20866	2	H51	rs417915	52842074	1	A	1
rs417915	NA20867	1	H15	rs417915	52842074	0	C	1
rs417915	NA20867	2	H78	rs417915	52842074	0	C	1
rs417915	NA20868	1	H58	rs417915	52842074	0	C	1
rs417915	NA20868	2	H148	rs417915	52842074	0	C	1
rs417915	NA20869	1	H40	rs417915	52842074	0	C	1
rs417915	NA20869	2	H20	rs417915	52842074	0	C	1
rs417915	NA20870	1	H99	rs417915	52842074	1	A	1
rs417915	NA20870	2	H1	rs417915	52842074	0	C	1
rs417915	NA20872	1	H4	rs417915	52842074	0	C	1
rs417915	NA20872	2	H44	rs417915	52842074	1	A	1
rs417915	NA20874	1	H26	rs417915	52842074	0	C	1
rs417915	NA20874	2	H1	rs417915	52842074	0	C	1
rs417915	NA20875	1	H4	rs417915	52842074	0	C	1
rs417915	NA20875	2	H1	rs417915	52842074	0	C	1
rs417915	NA20876	1	H137	rs417915	52842074	0	C	1
rs417915	NA20876	2	H28	rs417915	52842074	0	C	1
rs417915	NA20877	1	H4	rs417915	52842074	0	C	1
rs417915	NA20877	2	H38	rs417915	52842074	0	C	1
rs417915	NA20878	1	H146	rs417915	52842074	0	C	1
rs417915	NA20878	2	H62	rs417915	52842074	1	A	1
rs417915	NA20881	1	H357	rs417915	52842074	1	A	1
rs417915	NA20881	2	H62	rs417915	52842074	1	A	1
rs417915	NA20882	1	H1	rs417915	52842074	0	C	1
rs417915	NA20882	2	H2	rs417915	52842074	1	A	1
rs417915	NA20884	1	H4	rs417915	52842074	0	C	1
rs417915	NA20884	2	H99	rs417915	52842074	1	A	1
rs417915	NA20885	1	H1	rs417915	52842074	0	C	1
rs417915	NA20885	2	H1	rs417915	52842074	0	C	1
rs417915	NA20886	1	H38	rs417915	52842074	0	C	1
rs417915	NA20886	2	H15	rs417915	52842074	0	C	1
rs417915	NA20887	1	H34	rs417915	52842074	1	A	1
rs417915	NA20887	2	H1	rs417915	52842074	0	C	1
rs417915	NA20888	1	H4	rs417915	52842074	0	C	1
rs417915	NA20888	2	H1	rs417915	52842074	0	C	1
rs417915	NA20889	1	H244	rs417915	52842074	0	C	1
rs417915	NA20889	2	H151	rs417915	52842074	0	C	1
rs417915	NA20890	1	H1	rs417915	52842074	0	C	1
rs417915	NA20890	2	H68	rs417915	52842074	0	C	1
rs417915	NA20891	1	H97	rs417915	52842074	1	A	1
rs417915	NA20891	2	H1	rs417915	52842074	0	C	1
rs417915	NA20892	1	H1	rs417915	52842074	0	C	1
rs417915	NA20892	2	H141	rs417915	52842074	0	C	1
rs417915	NA20894	1	H22	rs417915	52842074	0	C	1
rs417915	NA20894	2	H21	rs417915	52842074	0	C	1
rs417915	NA20895	1	H65	rs417915	52842074	0	C	1
rs417915	NA20895	2	H2	rs417915	52842074	1	A	1
rs417915	NA20896	1	H551	rs417915	52842074	0	C	1
rs417915	NA20896	2	H477	rs417915	52842074	0	C	1
rs417915	NA20897	1	H68	rs417915	52842074	0	C	1
rs417915	NA20897	2	H46	rs417915	52842074	0	C	1
rs417915	NA20899	1	H141	rs417915	52842074	0	C	1
rs417915	NA20899	2	H99	rs417915	52842074	1	A	1
rs417915	NA20900	1	H1	rs417915	52842074	0	C	1
rs417915	NA20900	2	H2	rs417915	52842074	1	A	1
rs417915	NA20901	1	H73	rs417915	52842074	0	C	1
rs417915	NA20901	2	H44	rs417915	52842074	1	A	1
rs417915	NA20902	1	H99	rs417915	52842074	1	A	1
rs417915	NA20902	2	H33	rs417915	52842074	0	C	1
rs417915	NA20903	1	H78	rs417915	52842074	0	C	1
rs417915	NA20903	2	H152	rs417915	52842074	0	C	1
rs417915	NA20904	1	H2	rs417915	52842074	1	A	1
rs417915	NA20904	2	H1	rs417915	52842074	0	C	1
rs417915	NA20905	1	H2	rs417915	52842074	1	A	1
rs417915	NA20905	2	H1	rs417915	52842074	0	C	1
rs417915	NA20906	1	H2	rs417915	52842074	1	A	1
rs417915	NA20906	2	H38	rs417915	52842074	0	C	1
rs417915	NA20908	1	H26	rs417915	52842074	0	C	1
rs417915	NA20908	2	H26	rs417915	52842074	0	C	1
rs417915	NA20910	1	H253	rs417915	52842074	0	C	1
rs417915	NA20910	2	H1	rs417915	52842074	0	C	1
rs417915	NA20911	1	H15	rs417915	52842074	0	C	1
rs417915	NA20911	2	H14	rs417915	52842074	0	C	1
rs417915	NA21086	1	H2	rs417915	52842074	1	A	1
rs417915	NA21086	2	H15	rs417915	52842074	0	C	1
rs417915	NA21087	1	H2	rs417915	52842074	1	A	1
rs417915	NA21087	2	H12	rs417915	52842074	0	C	1
rs417915	NA21088	1	H1	rs417915	52842074	0	C	1
rs417915	NA21088	2	H200	rs417915	52842074	1	A	1
rs417915	NA21089	1	H231	rs417915	52842074	0	C	1
rs417915	NA21089	2	H119	rs417915	52842074	0	C	1
rs417915	NA21090	1	H58	rs417915	52842074	0	C	1
rs417915	NA21090	2	H4	rs417915	52842074	0	C	1
rs417915	NA21091	1	H54	rs417915	52842074	0	C	1
rs417915	NA21091	2	H20	rs417915	52842074	0	C	1
rs417915	NA21092	1	H1	rs417915	52842074	0	C	1
rs417915	NA21092	2	H1	rs417915	52842074	0	C	1
rs417915	NA21093	1	H4	rs417915	52842074	0	C	1
rs417915	NA21093	2	H4	rs417915	52842074	0	C	1
rs417915	NA21094	1	H6	rs417915	52842074	1	A	1
rs417915	NA21094	2	H38	rs417915	52842074	0	C	1
rs417915	NA21095	1	H1	rs417915	52842074	0	C	1
rs417915	NA21095	2	H1	rs417915	52842074	0	C	1
rs417915	NA21097	1	H54	rs417915	52842074	0	C	1
rs417915	NA21097	2	H1	rs417915	52842074	0	C	1
rs417915	NA21098	1	H4	rs417915	52842074	0	C	1
rs417915	NA21098	2	H15	rs417915	52842074	0	C	1
rs417915	NA21099	1	H28	rs417915	52842074	0	C	1
rs417915	NA21099	2	H99	rs417915	52842074	1	A	1
rs417915	NA21100	1	H26	rs417915	52842074	0	C	1
rs417915	NA21100	2	H288	rs417915	52842074	0	C	1
rs417915	NA21101	1	H4	rs417915	52842074	0	C	1
rs417915	NA21101	2	H1	rs417915	52842074	0	C	1
rs417915	NA21102	1	H1	rs417915	52842074	0	C	1
rs417915	NA21102	2	H1	rs417915	52842074	0	C	1
rs417915	NA21103	1	H44	rs417915	52842074	1	A	1
rs417915	NA21103	2	H6	rs417915	52842074	1	A	1
rs417915	NA21104	1	H137	rs417915	52842074	0	C	1
rs417915	NA21104	2	H44	rs417915	52842074	1	A	1
rs417915	NA21105	1	H58	rs417915	52842074	0	C	1
rs417915	NA21105	2	H44	rs417915	52842074	1	A	1
rs417915	NA21106	1	H4	rs417915	52842074	0	C	1
rs417915	NA21106	2	H2	rs417915	52842074	1	A	1
rs417915	NA21107	1	H68	rs417915	52842074	0	C	1
rs417915	NA21107	2	H147	rs417915	52842074	0	C	1
rs417915	NA21108	1	H1	rs417915	52842074	0	C	1
rs417915	NA21108	2	H15	rs417915	52842074	0	C	1
rs417915	NA21109	1	H15	rs417915	52842074	0	C	1
rs417915	NA21109	2	H119	rs417915	52842074	0	C	1
rs417915	NA21110	1	H58	rs417915	52842074	0	C	1
rs417915	NA21110	2	H73	rs417915	52842074	0	C	1
rs417915	NA21111	1	H2	rs417915	52842074	1	A	1
rs417915	NA21111	2	H38	rs417915	52842074	0	C	1
rs417915	NA21112	1	H44	rs417915	52842074	1	A	1
rs417915	NA21112	2	H1	rs417915	52842074	0	C	1
rs417915	NA21113	1	H276	rs417915	52842074	0	C	1
rs417915	NA21113	2	H97	rs417915	52842074	1	A	1
rs417915	NA21114	1	H44	rs417915	52842074	1	A	1
rs417915	NA21114	2	H10	rs417915	52842074	0	C	1
rs417915	NA21115	1	H1	rs417915	52842074	0	C	1
rs417915	NA21115	2	H15	rs417915	52842074	0	C	1
rs417915	NA21116	1	H1	rs417915	52842074	0	C	1
rs417915	NA21116	2	H65	rs417915	52842074	0	C	1
rs417915	NA21117	1	H4	rs417915	52842074	0	C	1
rs417915	NA21117	2	H2	rs417915	52842074	1	A	1
rs417915	NA21118	1	H15	rs417915	52842074	0	C	1
rs417915	NA21118	2	H28	rs417915	52842074	0	C	1
rs417915	NA21119	1	H53	rs417915	52842074	0	C	1
rs417915	NA21119	2	H1	rs417915	52842074	0	C	1
rs417915	NA21120	1	H15	rs417915	52842074	0	C	1
rs417915	NA21120	2	H97	rs417915	52842074	1	A	1
rs417915	NA21122	1	H2	rs417915	52842074	1	A	1
rs417915	NA21122	2	H2	rs417915	52842074	1	A	1
rs417915	NA21123	1	H15	rs417915	52842074	0	C	1
rs417915	NA21123	2	H230	rs417915	52842074	0	C	1
rs417915	NA21124	1	H21	rs417915	52842074	0	C	1
rs417915	NA21124	2	H70	rs417915	52842074	0	C	1
rs417915	NA21125	1	H1	rs417915	52842074	0	C	1
rs417915	NA21125	2	H68	rs417915	52842074	0	C	1
rs417915	NA21126	1	H1	rs417915	52842074	0	C	1
rs417915	NA21126	2	H1	rs417915	52842074	0	C	1
rs417915	NA21127	1	H137	rs417915	52842074	0	C	1
rs417915	NA21127	2	H4	rs417915	52842074	0	C	1
rs417915	NA21128	1	H1	rs417915	52842074	0	C	1
rs417915	NA21128	2	H70	rs417915	52842074	0	C	1
rs417915	NA21129	1	H44	rs417915	52842074	1	A	1
rs417915	NA21129	2	H4	rs417915	52842074	0	C	1
rs417915	NA21130	1	H147	rs417915	52842074	0	C	1
rs417915	NA21130	2	H244	rs417915	52842074	0	C	1
rs417915	NA21133	1	H33	rs417915	52842074	0	C	1
rs417915	NA21133	2	H10	rs417915	52842074	0	C	1
rs417915	NA21135	1	H160	rs417915	52842074	1	A	1
rs417915	NA21135	2	H1	rs417915	52842074	0	C	1
rs417915	NA21137	1	H230	rs417915	52842074	0	C	1
rs417915	NA21137	2	H38	rs417915	52842074	0	C	1
rs417915	NA21141	1	H370	rs417915	52842074	0	C	1
rs417915	NA21141	2	H2	rs417915	52842074	1	A	1
rs417915	NA21142	1	H58	rs417915	52842074	0	C	1
rs417915	NA21142	2	H97	rs417915	52842074	1	A	1
rs417915	NA21143	1	H502	rs417915	52842074	0	C	1
rs417915	NA21143	2	H10	rs417915	52842074	0	C	1
rs417915	NA21144	1	H54	rs417915	52842074	0	C	1
rs417915	NA21144	2	H276	rs417915	52842074	0	C	1
