method	genome_build	locus_id	hap_id	sample	haplotype
phyml	GRCh37	rs417915	H1	HG00096	2
phyml	GRCh37	rs417915	H1	HG00097	1
phyml	GRCh37	rs417915	H1	HG00101	2
phyml	GRCh37	rs417915	H1	HG00102	1
phyml	GRCh37	rs417915	H1	HG00106	1
phyml	GRCh37	rs417915	H1	HG00106	2
phyml	GRCh37	rs417915	H1	HG00107	2
phyml	GRCh37	rs417915	H1	HG00108	1
phyml	GRCh37	rs417915	H1	HG00109	2
phyml	GRCh37	rs417915	H1	HG00114	2
phyml	GRCh37	rs417915	H1	HG00117	2
phyml	GRCh37	rs417915	H1	HG00118	2
phyml	GRCh37	rs417915	H1	HG00122	1
phyml	GRCh37	rs417915	H1	HG00123	1
phyml	GRCh37	rs417915	H1	HG00125	1
phyml	GRCh37	rs417915	H1	HG00128	1
phyml	GRCh37	rs417915	H1	HG00128	2
phyml	GRCh37	rs417915	H1	HG00131	1
phyml	GRCh37	rs417915	H1	HG00132	2
phyml	GRCh37	rs417915	H1	HG00136	2
phyml	GRCh37	rs417915	H1	HG00138	2
phyml	GRCh37	rs417915	H1	HG00140	2
phyml	GRCh37	rs417915	H1	HG00145	1
phyml	GRCh37	rs417915	H1	HG00154	1
phyml	GRCh37	rs417915	H1	HG00154	2
phyml	GRCh37	rs417915	H1	HG00155	1
phyml	GRCh37	rs417915	H1	HG00157	1
phyml	GRCh37	rs417915	H1	HG00159	1
phyml	GRCh37	rs417915	H1	HG00159	2
phyml	GRCh37	rs417915	H1	HG00171	1
phyml	GRCh37	rs417915	H1	HG00173	1
phyml	GRCh37	rs417915	H1	HG00173	2
phyml	GRCh37	rs417915	H1	HG00176	1
phyml	GRCh37	rs417915	H1	HG00177	2
phyml	GRCh37	rs417915	H1	HG00178	1
phyml	GRCh37	rs417915	H1	HG00182	2
phyml	GRCh37	rs417915	H1	HG00187	1
phyml	GRCh37	rs417915	H1	HG00190	2
phyml	GRCh37	rs417915	H1	HG00232	2
phyml	GRCh37	rs417915	H1	HG00238	2
phyml	GRCh37	rs417915	H1	HG00240	1
phyml	GRCh37	rs417915	H1	HG00244	1
phyml	GRCh37	rs417915	H1	HG00244	2
phyml	GRCh37	rs417915	H1	HG00251	2
phyml	GRCh37	rs417915	H1	HG00257	1
phyml	GRCh37	rs417915	H1	HG00260	1
phyml	GRCh37	rs417915	H1	HG00262	2
phyml	GRCh37	rs417915	H1	HG00263	1
phyml	GRCh37	rs417915	H1	HG00263	2
phyml	GRCh37	rs417915	H1	HG00264	1
phyml	GRCh37	rs417915	H1	HG00265	1
phyml	GRCh37	rs417915	H1	HG00267	1
phyml	GRCh37	rs417915	H1	HG00269	1
phyml	GRCh37	rs417915	H1	HG00275	1
phyml	GRCh37	rs417915	H1	HG00280	2
phyml	GRCh37	rs417915	H1	HG00281	1
phyml	GRCh37	rs417915	H1	HG00281	2
phyml	GRCh37	rs417915	H1	HG00284	1
phyml	GRCh37	rs417915	H1	HG00285	1
phyml	GRCh37	rs417915	H1	HG00288	1
phyml	GRCh37	rs417915	H1	HG00290	2
phyml	GRCh37	rs417915	H1	HG00306	1
phyml	GRCh37	rs417915	H1	HG00309	2
phyml	GRCh37	rs417915	H1	HG00313	1
phyml	GRCh37	rs417915	H1	HG00319	1
phyml	GRCh37	rs417915	H1	HG00319	2
phyml	GRCh37	rs417915	H1	HG00320	1
phyml	GRCh37	rs417915	H1	HG00324	1
phyml	GRCh37	rs417915	H1	HG00327	1
phyml	GRCh37	rs417915	H1	HG00329	1
phyml	GRCh37	rs417915	H1	HG00329	2
phyml	GRCh37	rs417915	H1	HG00330	2
phyml	GRCh37	rs417915	H1	HG00331	1
phyml	GRCh37	rs417915	H1	HG00332	2
phyml	GRCh37	rs417915	H1	HG00336	2
phyml	GRCh37	rs417915	H1	HG00338	1
phyml	GRCh37	rs417915	H1	HG00338	2
phyml	GRCh37	rs417915	H1	HG00339	2
phyml	GRCh37	rs417915	H1	HG00341	2
phyml	GRCh37	rs417915	H1	HG00343	1
phyml	GRCh37	rs417915	H1	HG00345	1
phyml	GRCh37	rs417915	H1	HG00349	2
phyml	GRCh37	rs417915	H1	HG00355	2
phyml	GRCh37	rs417915	H1	HG00357	1
phyml	GRCh37	rs417915	H1	HG00358	2
phyml	GRCh37	rs417915	H1	HG00360	1
phyml	GRCh37	rs417915	H1	HG00361	2
phyml	GRCh37	rs417915	H1	HG00367	2
phyml	GRCh37	rs417915	H1	HG00373	1
phyml	GRCh37	rs417915	H1	HG00373	2
phyml	GRCh37	rs417915	H1	HG00376	2
phyml	GRCh37	rs417915	H1	HG00378	2
phyml	GRCh37	rs417915	H1	HG00382	1
phyml	GRCh37	rs417915	H1	HG00382	2
phyml	GRCh37	rs417915	H1	HG00404	1
phyml	GRCh37	rs417915	H1	HG00409	2
phyml	GRCh37	rs417915	H1	HG00410	2
phyml	GRCh37	rs417915	H1	HG00437	2
phyml	GRCh37	rs417915	H1	HG00442	2
phyml	GRCh37	rs417915	H1	HG00443	1
phyml	GRCh37	rs417915	H1	HG00475	2
phyml	GRCh37	rs417915	H1	HG00524	2
phyml	GRCh37	rs417915	H1	HG00530	2
phyml	GRCh37	rs417915	H1	HG00542	2
phyml	GRCh37	rs417915	H1	HG00543	1
phyml	GRCh37	rs417915	H1	HG00551	2
phyml	GRCh37	rs417915	H1	HG00556	1
phyml	GRCh37	rs417915	H1	HG00560	1
phyml	GRCh37	rs417915	H1	HG00581	1
phyml	GRCh37	rs417915	H1	HG00583	2
phyml	GRCh37	rs417915	H1	HG00592	1
phyml	GRCh37	rs417915	H1	HG00593	1
phyml	GRCh37	rs417915	H1	HG00593	2
phyml	GRCh37	rs417915	H1	HG00595	2
phyml	GRCh37	rs417915	H1	HG00623	1
phyml	GRCh37	rs417915	H1	HG00626	1
phyml	GRCh37	rs417915	H1	HG00628	1
phyml	GRCh37	rs417915	H1	HG00632	1
phyml	GRCh37	rs417915	H1	HG00634	2
phyml	GRCh37	rs417915	H1	HG00641	1
phyml	GRCh37	rs417915	H1	HG00650	2
phyml	GRCh37	rs417915	H1	HG00651	2
phyml	GRCh37	rs417915	H1	HG00662	1
phyml	GRCh37	rs417915	H1	HG00671	2
phyml	GRCh37	rs417915	H1	HG00672	1
phyml	GRCh37	rs417915	H1	HG00684	1
phyml	GRCh37	rs417915	H1	HG00693	2
phyml	GRCh37	rs417915	H1	HG00731	2
phyml	GRCh37	rs417915	H1	HG00732	1
phyml	GRCh37	rs417915	H1	HG00737	2
phyml	GRCh37	rs417915	H1	HG00740	2
phyml	GRCh37	rs417915	H1	HG00766	2
phyml	GRCh37	rs417915	H1	HG00844	1
phyml	GRCh37	rs417915	H1	HG00851	2
phyml	GRCh37	rs417915	H1	HG00864	2
phyml	GRCh37	rs417915	H1	HG00956	2
phyml	GRCh37	rs417915	H1	HG00978	1
phyml	GRCh37	rs417915	H1	HG00978	2
phyml	GRCh37	rs417915	H1	HG01028	1
phyml	GRCh37	rs417915	H1	HG01046	2
phyml	GRCh37	rs417915	H1	HG01049	1
phyml	GRCh37	rs417915	H1	HG01051	1
phyml	GRCh37	rs417915	H1	HG01052	2
phyml	GRCh37	rs417915	H1	HG01060	1
phyml	GRCh37	rs417915	H1	HG01082	1
phyml	GRCh37	rs417915	H1	HG01085	2
phyml	GRCh37	rs417915	H1	HG01086	2
phyml	GRCh37	rs417915	H1	HG01089	2
phyml	GRCh37	rs417915	H1	HG01092	1
phyml	GRCh37	rs417915	H1	HG01095	1
phyml	GRCh37	rs417915	H1	HG01097	1
phyml	GRCh37	rs417915	H1	HG01098	1
phyml	GRCh37	rs417915	H1	HG01101	2
phyml	GRCh37	rs417915	H1	HG01102	2
phyml	GRCh37	rs417915	H1	HG01113	1
phyml	GRCh37	rs417915	H1	HG01119	2
phyml	GRCh37	rs417915	H1	HG01130	2
phyml	GRCh37	rs417915	H1	HG01131	1
phyml	GRCh37	rs417915	H1	HG01133	2
phyml	GRCh37	rs417915	H1	HG01137	2
phyml	GRCh37	rs417915	H1	HG01142	1
phyml	GRCh37	rs417915	H1	HG01148	2
phyml	GRCh37	rs417915	H1	HG01161	2
phyml	GRCh37	rs417915	H1	HG01167	2
phyml	GRCh37	rs417915	H1	HG01171	2
phyml	GRCh37	rs417915	H1	HG01183	1
phyml	GRCh37	rs417915	H1	HG01183	2
phyml	GRCh37	rs417915	H1	HG01190	1
phyml	GRCh37	rs417915	H1	HG01190	2
phyml	GRCh37	rs417915	H1	HG01204	1
phyml	GRCh37	rs417915	H1	HG01241	2
phyml	GRCh37	rs417915	H1	HG01247	1
phyml	GRCh37	rs417915	H1	HG01247	2
phyml	GRCh37	rs417915	H1	HG01248	2
phyml	GRCh37	rs417915	H1	HG01250	1
phyml	GRCh37	rs417915	H1	HG01253	2
phyml	GRCh37	rs417915	H1	HG01259	2
phyml	GRCh37	rs417915	H1	HG01277	2
phyml	GRCh37	rs417915	H1	HG01280	1
phyml	GRCh37	rs417915	H1	HG01281	2
phyml	GRCh37	rs417915	H1	HG01308	2
phyml	GRCh37	rs417915	H1	HG01311	1
phyml	GRCh37	rs417915	H1	HG01312	1
phyml	GRCh37	rs417915	H1	HG01334	1
phyml	GRCh37	rs417915	H1	HG01334	2
phyml	GRCh37	rs417915	H1	HG01359	1
phyml	GRCh37	rs417915	H1	HG01362	2
phyml	GRCh37	rs417915	H1	HG01365	1
phyml	GRCh37	rs417915	H1	HG01378	1
phyml	GRCh37	rs417915	H1	HG01378	2
phyml	GRCh37	rs417915	H1	HG01392	2
phyml	GRCh37	rs417915	H1	HG01398	2
phyml	GRCh37	rs417915	H1	HG01402	1
phyml	GRCh37	rs417915	H1	HG01432	1
phyml	GRCh37	rs417915	H1	HG01435	1
phyml	GRCh37	rs417915	H1	HG01435	2
phyml	GRCh37	rs417915	H1	HG01440	2
phyml	GRCh37	rs417915	H1	HG01455	1
phyml	GRCh37	rs417915	H1	HG01456	1
phyml	GRCh37	rs417915	H1	HG01459	1
phyml	GRCh37	rs417915	H1	HG01461	1
phyml	GRCh37	rs417915	H1	HG01465	1
phyml	GRCh37	rs417915	H1	HG01468	1
phyml	GRCh37	rs417915	H1	HG01474	2
phyml	GRCh37	rs417915	H1	HG01485	2
phyml	GRCh37	rs417915	H1	HG01491	2
phyml	GRCh37	rs417915	H1	HG01492	2
phyml	GRCh37	rs417915	H1	HG01498	1
phyml	GRCh37	rs417915	H1	HG01507	1
phyml	GRCh37	rs417915	H1	HG01510	1
phyml	GRCh37	rs417915	H1	HG01518	1
phyml	GRCh37	rs417915	H1	HG01522	2
phyml	GRCh37	rs417915	H1	HG01524	2
phyml	GRCh37	rs417915	H1	HG01527	2
phyml	GRCh37	rs417915	H1	HG01572	2
phyml	GRCh37	rs417915	H1	HG01577	2
phyml	GRCh37	rs417915	H1	HG01578	1
phyml	GRCh37	rs417915	H1	HG01586	1
phyml	GRCh37	rs417915	H1	HG01586	2
phyml	GRCh37	rs417915	H1	HG01593	1
phyml	GRCh37	rs417915	H1	HG01596	1
phyml	GRCh37	rs417915	H1	HG01596	2
phyml	GRCh37	rs417915	H1	HG01599	1
phyml	GRCh37	rs417915	H1	HG01603	2
phyml	GRCh37	rs417915	H1	HG01606	2
phyml	GRCh37	rs417915	H1	HG01608	2
phyml	GRCh37	rs417915	H1	HG01619	2
phyml	GRCh37	rs417915	H1	HG01624	1
phyml	GRCh37	rs417915	H1	HG01631	2
phyml	GRCh37	rs417915	H1	HG01632	2
phyml	GRCh37	rs417915	H1	HG01680	1
phyml	GRCh37	rs417915	H1	HG01682	1
phyml	GRCh37	rs417915	H1	HG01685	2
phyml	GRCh37	rs417915	H1	HG01695	1
phyml	GRCh37	rs417915	H1	HG01702	2
phyml	GRCh37	rs417915	H1	HG01710	2
phyml	GRCh37	rs417915	H1	HG01762	2
phyml	GRCh37	rs417915	H1	HG01765	2
phyml	GRCh37	rs417915	H1	HG01767	1
phyml	GRCh37	rs417915	H1	HG01767	2
phyml	GRCh37	rs417915	H1	HG01779	2
phyml	GRCh37	rs417915	H1	HG01783	1
phyml	GRCh37	rs417915	H1	HG01785	1
phyml	GRCh37	rs417915	H1	HG01786	2
phyml	GRCh37	rs417915	H1	HG01796	2
phyml	GRCh37	rs417915	H1	HG01797	2
phyml	GRCh37	rs417915	H1	HG01799	1
phyml	GRCh37	rs417915	H1	HG01806	2
phyml	GRCh37	rs417915	H1	HG01810	2
phyml	GRCh37	rs417915	H1	HG01842	1
phyml	GRCh37	rs417915	H1	HG01843	1
phyml	GRCh37	rs417915	H1	HG01845	2
phyml	GRCh37	rs417915	H1	HG01850	1
phyml	GRCh37	rs417915	H1	HG01850	2
phyml	GRCh37	rs417915	H1	HG01852	1
phyml	GRCh37	rs417915	H1	HG01853	2
phyml	GRCh37	rs417915	H1	HG01857	1
phyml	GRCh37	rs417915	H1	HG01858	1
phyml	GRCh37	rs417915	H1	HG01862	1
phyml	GRCh37	rs417915	H1	HG01863	2
phyml	GRCh37	rs417915	H1	HG01864	2
phyml	GRCh37	rs417915	H1	HG01867	1
phyml	GRCh37	rs417915	H1	HG01869	1
phyml	GRCh37	rs417915	H1	HG01871	2
phyml	GRCh37	rs417915	H1	HG01890	1
phyml	GRCh37	rs417915	H1	HG01892	1
phyml	GRCh37	rs417915	H1	HG01915	1
phyml	GRCh37	rs417915	H1	HG01920	2
phyml	GRCh37	rs417915	H1	HG01933	2
phyml	GRCh37	rs417915	H1	HG01935	1
phyml	GRCh37	rs417915	H1	HG01938	1
phyml	GRCh37	rs417915	H1	HG01939	1
phyml	GRCh37	rs417915	H1	HG01941	2
phyml	GRCh37	rs417915	H1	HG01942	1
phyml	GRCh37	rs417915	H1	HG01942	2
phyml	GRCh37	rs417915	H1	HG01945	2
phyml	GRCh37	rs417915	H1	HG01948	2
phyml	GRCh37	rs417915	H1	HG01958	2
phyml	GRCh37	rs417915	H1	HG01968	1
phyml	GRCh37	rs417915	H1	HG01971	2
phyml	GRCh37	rs417915	H1	HG01976	1
phyml	GRCh37	rs417915	H1	HG01980	1
phyml	GRCh37	rs417915	H1	HG01982	1
phyml	GRCh37	rs417915	H1	HG01985	1
phyml	GRCh37	rs417915	H1	HG01990	2
phyml	GRCh37	rs417915	H1	HG01991	1
phyml	GRCh37	rs417915	H1	HG01992	1
phyml	GRCh37	rs417915	H1	HG01992	2
phyml	GRCh37	rs417915	H1	HG02008	2
phyml	GRCh37	rs417915	H1	HG02009	2
phyml	GRCh37	rs417915	H1	HG02014	2
phyml	GRCh37	rs417915	H1	HG02019	2
phyml	GRCh37	rs417915	H1	HG02020	1
phyml	GRCh37	rs417915	H1	HG02026	1
phyml	GRCh37	rs417915	H1	HG02031	2
phyml	GRCh37	rs417915	H1	HG02032	1
phyml	GRCh37	rs417915	H1	HG02035	2
phyml	GRCh37	rs417915	H1	HG02048	1
phyml	GRCh37	rs417915	H1	HG02054	2
phyml	GRCh37	rs417915	H1	HG02057	2
phyml	GRCh37	rs417915	H1	HG02061	1
phyml	GRCh37	rs417915	H1	HG02064	2
phyml	GRCh37	rs417915	H1	HG02069	1
phyml	GRCh37	rs417915	H1	HG02075	2
phyml	GRCh37	rs417915	H1	HG02078	1
phyml	GRCh37	rs417915	H1	HG02082	2
phyml	GRCh37	rs417915	H1	HG02084	1
phyml	GRCh37	rs417915	H1	HG02085	1
phyml	GRCh37	rs417915	H1	HG02090	1
phyml	GRCh37	rs417915	H1	HG02095	2
phyml	GRCh37	rs417915	H1	HG02105	1
phyml	GRCh37	rs417915	H1	HG02113	1
phyml	GRCh37	rs417915	H1	HG02116	1
phyml	GRCh37	rs417915	H1	HG02122	1
phyml	GRCh37	rs417915	H1	HG02127	2
phyml	GRCh37	rs417915	H1	HG02133	1
phyml	GRCh37	rs417915	H1	HG02134	1
phyml	GRCh37	rs417915	H1	HG02134	2
phyml	GRCh37	rs417915	H1	HG02140	1
phyml	GRCh37	rs417915	H1	HG02151	1
phyml	GRCh37	rs417915	H1	HG02151	2
phyml	GRCh37	rs417915	H1	HG02153	2
phyml	GRCh37	rs417915	H1	HG02155	1
phyml	GRCh37	rs417915	H1	HG02165	1
phyml	GRCh37	rs417915	H1	HG02165	2
phyml	GRCh37	rs417915	H1	HG02178	2
phyml	GRCh37	rs417915	H1	HG02179	1
phyml	GRCh37	rs417915	H1	HG02180	1
phyml	GRCh37	rs417915	H1	HG02181	1
phyml	GRCh37	rs417915	H1	HG02182	1
phyml	GRCh37	rs417915	H1	HG02182	2
phyml	GRCh37	rs417915	H1	HG02184	1
phyml	GRCh37	rs417915	H1	HG02184	2
phyml	GRCh37	rs417915	H1	HG02185	2
phyml	GRCh37	rs417915	H1	HG02215	1
phyml	GRCh37	rs417915	H1	HG02215	2
phyml	GRCh37	rs417915	H1	HG02219	1
phyml	GRCh37	rs417915	H1	HG02224	1
phyml	GRCh37	rs417915	H1	HG02230	1
phyml	GRCh37	rs417915	H1	HG02232	2
phyml	GRCh37	rs417915	H1	HG02236	2
phyml	GRCh37	rs417915	H1	HG02239	1
phyml	GRCh37	rs417915	H1	HG02265	1
phyml	GRCh37	rs417915	H1	HG02271	1
phyml	GRCh37	rs417915	H1	HG02272	2
phyml	GRCh37	rs417915	H1	HG02275	2
phyml	GRCh37	rs417915	H1	HG02281	2
phyml	GRCh37	rs417915	H1	HG02291	1
phyml	GRCh37	rs417915	H1	HG02291	2
phyml	GRCh37	rs417915	H1	HG02301	1
phyml	GRCh37	rs417915	H1	HG02334	1
phyml	GRCh37	rs417915	H1	HG02339	1
phyml	GRCh37	rs417915	H1	HG02348	2
phyml	GRCh37	rs417915	H1	HG02353	1
phyml	GRCh37	rs417915	H1	HG02355	1
phyml	GRCh37	rs417915	H1	HG02356	2
phyml	GRCh37	rs417915	H1	HG02360	2
phyml	GRCh37	rs417915	H1	HG02371	2
phyml	GRCh37	rs417915	H1	HG02373	2
phyml	GRCh37	rs417915	H1	HG02374	2
phyml	GRCh37	rs417915	H1	HG02379	1
phyml	GRCh37	rs417915	H1	HG02383	2
phyml	GRCh37	rs417915	H1	HG02386	1
phyml	GRCh37	rs417915	H1	HG02386	2
phyml	GRCh37	rs417915	H1	HG02394	1
phyml	GRCh37	rs417915	H1	HG02395	1
phyml	GRCh37	rs417915	H1	HG02397	1
phyml	GRCh37	rs417915	H1	HG02398	2
phyml	GRCh37	rs417915	H1	HG02399	1
phyml	GRCh37	rs417915	H1	HG02399	2
phyml	GRCh37	rs417915	H1	HG02401	2
phyml	GRCh37	rs417915	H1	HG02410	1
phyml	GRCh37	rs417915	H1	HG02420	1
phyml	GRCh37	rs417915	H1	HG02425	1
phyml	GRCh37	rs417915	H1	HG02433	2
phyml	GRCh37	rs417915	H1	HG02449	1
phyml	GRCh37	rs417915	H1	HG02462	1
phyml	GRCh37	rs417915	H1	HG02477	1
phyml	GRCh37	rs417915	H1	HG02508	1
phyml	GRCh37	rs417915	H1	HG02557	1
phyml	GRCh37	rs417915	H1	HG02558	2
phyml	GRCh37	rs417915	H1	HG02562	1
phyml	GRCh37	rs417915	H1	HG02571	2
phyml	GRCh37	rs417915	H1	HG02580	1
phyml	GRCh37	rs417915	H1	HG02582	1
phyml	GRCh37	rs417915	H1	HG02585	2
phyml	GRCh37	rs417915	H1	HG02594	2
phyml	GRCh37	rs417915	H1	HG02604	1
phyml	GRCh37	rs417915	H1	HG02613	1
phyml	GRCh37	rs417915	H1	HG02613	2
phyml	GRCh37	rs417915	H1	HG02629	1
phyml	GRCh37	rs417915	H1	HG02651	2
phyml	GRCh37	rs417915	H1	HG02652	2
phyml	GRCh37	rs417915	H1	HG02655	2
phyml	GRCh37	rs417915	H1	HG02657	2
phyml	GRCh37	rs417915	H1	HG02675	1
phyml	GRCh37	rs417915	H1	HG02682	2
phyml	GRCh37	rs417915	H1	HG02685	1
phyml	GRCh37	rs417915	H1	HG02694	1
phyml	GRCh37	rs417915	H1	HG02696	1
phyml	GRCh37	rs417915	H1	HG02702	2
phyml	GRCh37	rs417915	H1	HG02716	2
phyml	GRCh37	rs417915	H1	HG02725	2
phyml	GRCh37	rs417915	H1	HG02728	1
phyml	GRCh37	rs417915	H1	HG02756	2
phyml	GRCh37	rs417915	H1	HG02757	1
phyml	GRCh37	rs417915	H1	HG02759	2
phyml	GRCh37	rs417915	H1	HG02772	1
phyml	GRCh37	rs417915	H1	HG02786	1
phyml	GRCh37	rs417915	H1	HG02787	2
phyml	GRCh37	rs417915	H1	HG02789	1
phyml	GRCh37	rs417915	H1	HG02789	2
phyml	GRCh37	rs417915	H1	HG02790	1
phyml	GRCh37	rs417915	H1	HG02790	2
phyml	GRCh37	rs417915	H1	HG02793	2
phyml	GRCh37	rs417915	H1	HG02798	1
phyml	GRCh37	rs417915	H1	HG02811	1
phyml	GRCh37	rs417915	H1	HG02813	2
phyml	GRCh37	rs417915	H1	HG02837	1
phyml	GRCh37	rs417915	H1	HG02837	2
phyml	GRCh37	rs417915	H1	HG02852	1
phyml	GRCh37	rs417915	H1	HG02855	2
phyml	GRCh37	rs417915	H1	HG02861	2
phyml	GRCh37	rs417915	H1	HG02888	2
phyml	GRCh37	rs417915	H1	HG02890	2
phyml	GRCh37	rs417915	H1	HG02938	1
phyml	GRCh37	rs417915	H1	HG02944	1
phyml	GRCh37	rs417915	H1	HG02974	2
phyml	GRCh37	rs417915	H1	HG03012	2
phyml	GRCh37	rs417915	H1	HG03018	2
phyml	GRCh37	rs417915	H1	HG03021	1
phyml	GRCh37	rs417915	H1	HG03022	2
phyml	GRCh37	rs417915	H1	HG03045	1
phyml	GRCh37	rs417915	H1	HG03048	1
phyml	GRCh37	rs417915	H1	HG03066	1
phyml	GRCh37	rs417915	H1	HG03100	1
phyml	GRCh37	rs417915	H1	HG03120	2
phyml	GRCh37	rs417915	H1	HG03136	1
phyml	GRCh37	rs417915	H1	HG03162	2
phyml	GRCh37	rs417915	H1	HG03163	2
phyml	GRCh37	rs417915	H1	HG03169	1
phyml	GRCh37	rs417915	H1	HG03172	1
phyml	GRCh37	rs417915	H1	HG03195	1
phyml	GRCh37	rs417915	H1	HG03228	1
phyml	GRCh37	rs417915	H1	HG03237	2
phyml	GRCh37	rs417915	H1	HG03238	2
phyml	GRCh37	rs417915	H1	HG03241	1
phyml	GRCh37	rs417915	H1	HG03280	1
phyml	GRCh37	rs417915	H1	HG03294	1
phyml	GRCh37	rs417915	H1	HG03298	2
phyml	GRCh37	rs417915	H1	HG03300	2
phyml	GRCh37	rs417915	H1	HG03343	1
phyml	GRCh37	rs417915	H1	HG03436	2
phyml	GRCh37	rs417915	H1	HG03470	2
phyml	GRCh37	rs417915	H1	HG03567	1
phyml	GRCh37	rs417915	H1	HG03589	2
phyml	GRCh37	rs417915	H1	HG03607	1
phyml	GRCh37	rs417915	H1	HG03611	2
phyml	GRCh37	rs417915	H1	HG03619	1
phyml	GRCh37	rs417915	H1	HG03619	2
phyml	GRCh37	rs417915	H1	HG03625	2
phyml	GRCh37	rs417915	H1	HG03634	2
phyml	GRCh37	rs417915	H1	HG03642	2
phyml	GRCh37	rs417915	H1	HG03643	1
phyml	GRCh37	rs417915	H1	HG03644	1
phyml	GRCh37	rs417915	H1	HG03645	1
phyml	GRCh37	rs417915	H1	HG03660	1
phyml	GRCh37	rs417915	H1	HG03663	2
phyml	GRCh37	rs417915	H1	HG03668	1
phyml	GRCh37	rs417915	H1	HG03672	1
phyml	GRCh37	rs417915	H1	HG03684	1
phyml	GRCh37	rs417915	H1	HG03685	2
phyml	GRCh37	rs417915	H1	HG03686	2
phyml	GRCh37	rs417915	H1	HG03687	1
phyml	GRCh37	rs417915	H1	HG03687	2
phyml	GRCh37	rs417915	H1	HG03691	1
phyml	GRCh37	rs417915	H1	HG03695	2
phyml	GRCh37	rs417915	H1	HG03696	2
phyml	GRCh37	rs417915	H1	HG03697	2
phyml	GRCh37	rs417915	H1	HG03702	2
phyml	GRCh37	rs417915	H1	HG03703	2
phyml	GRCh37	rs417915	H1	HG03718	2
phyml	GRCh37	rs417915	H1	HG03722	2
phyml	GRCh37	rs417915	H1	HG03727	1
phyml	GRCh37	rs417915	H1	HG03729	1
phyml	GRCh37	rs417915	H1	HG03730	2
phyml	GRCh37	rs417915	H1	HG03731	2
phyml	GRCh37	rs417915	H1	HG03733	2
phyml	GRCh37	rs417915	H1	HG03736	1
phyml	GRCh37	rs417915	H1	HG03741	1
phyml	GRCh37	rs417915	H1	HG03743	1
phyml	GRCh37	rs417915	H1	HG03743	2
phyml	GRCh37	rs417915	H1	HG03752	2
phyml	GRCh37	rs417915	H1	HG03756	1
phyml	GRCh37	rs417915	H1	HG03757	2
phyml	GRCh37	rs417915	H1	HG03762	1
phyml	GRCh37	rs417915	H1	HG03765	1
phyml	GRCh37	rs417915	H1	HG03778	2
phyml	GRCh37	rs417915	H1	HG03780	2
phyml	GRCh37	rs417915	H1	HG03782	2
phyml	GRCh37	rs417915	H1	HG03784	1
phyml	GRCh37	rs417915	H1	HG03786	1
phyml	GRCh37	rs417915	H1	HG03787	2
phyml	GRCh37	rs417915	H1	HG03788	2
phyml	GRCh37	rs417915	H1	HG03789	2
phyml	GRCh37	rs417915	H1	HG03790	1
phyml	GRCh37	rs417915	H1	HG03800	1
phyml	GRCh37	rs417915	H1	HG03802	2
phyml	GRCh37	rs417915	H1	HG03805	1
phyml	GRCh37	rs417915	H1	HG03808	1
phyml	GRCh37	rs417915	H1	HG03809	1
phyml	GRCh37	rs417915	H1	HG03809	2
phyml	GRCh37	rs417915	H1	HG03812	1
phyml	GRCh37	rs417915	H1	HG03817	1
phyml	GRCh37	rs417915	H1	HG03837	2
phyml	GRCh37	rs417915	H1	HG03838	2
phyml	GRCh37	rs417915	H1	HG03844	2
phyml	GRCh37	rs417915	H1	HG03848	1
phyml	GRCh37	rs417915	H1	HG03848	2
phyml	GRCh37	rs417915	H1	HG03849	1
phyml	GRCh37	rs417915	H1	HG03854	2
phyml	GRCh37	rs417915	H1	HG03856	2
phyml	GRCh37	rs417915	H1	HG03857	2
phyml	GRCh37	rs417915	H1	HG03869	2
phyml	GRCh37	rs417915	H1	HG03872	1
phyml	GRCh37	rs417915	H1	HG03873	1
phyml	GRCh37	rs417915	H1	HG03873	2
phyml	GRCh37	rs417915	H1	HG03887	1
phyml	GRCh37	rs417915	H1	HG03890	2
phyml	GRCh37	rs417915	H1	HG03894	2
phyml	GRCh37	rs417915	H1	HG03895	1
phyml	GRCh37	rs417915	H1	HG03896	2
phyml	GRCh37	rs417915	H1	HG03899	2
phyml	GRCh37	rs417915	H1	HG03913	1
phyml	GRCh37	rs417915	H1	HG03914	2
phyml	GRCh37	rs417915	H1	HG03916	1
phyml	GRCh37	rs417915	H1	HG03931	1
phyml	GRCh37	rs417915	H1	HG03931	2
phyml	GRCh37	rs417915	H1	HG03937	1
phyml	GRCh37	rs417915	H1	HG03941	1
phyml	GRCh37	rs417915	H1	HG03941	2
phyml	GRCh37	rs417915	H1	HG03943	2
phyml	GRCh37	rs417915	H1	HG03950	1
phyml	GRCh37	rs417915	H1	HG03951	2
phyml	GRCh37	rs417915	H1	HG03960	2
phyml	GRCh37	rs417915	H1	HG03963	2
phyml	GRCh37	rs417915	H1	HG03965	1
phyml	GRCh37	rs417915	H1	HG03969	2
phyml	GRCh37	rs417915	H1	HG03971	1
phyml	GRCh37	rs417915	H1	HG03977	1
phyml	GRCh37	rs417915	H1	HG03977	2
phyml	GRCh37	rs417915	H1	HG03986	1
phyml	GRCh37	rs417915	H1	HG03986	2
phyml	GRCh37	rs417915	H1	HG03989	2
phyml	GRCh37	rs417915	H1	HG03990	2
phyml	GRCh37	rs417915	H1	HG03991	2
phyml	GRCh37	rs417915	H1	HG03998	1
phyml	GRCh37	rs417915	H1	HG03998	2
phyml	GRCh37	rs417915	H1	HG04014	2
phyml	GRCh37	rs417915	H1	HG04018	1
phyml	GRCh37	rs417915	H1	HG04022	2
phyml	GRCh37	rs417915	H1	HG04023	2
phyml	GRCh37	rs417915	H1	HG04026	1
phyml	GRCh37	rs417915	H1	HG04033	2
phyml	GRCh37	rs417915	H1	HG04039	1
phyml	GRCh37	rs417915	H1	HG04063	2
phyml	GRCh37	rs417915	H1	HG04070	1
phyml	GRCh37	rs417915	H1	HG04075	1
phyml	GRCh37	rs417915	H1	HG04080	2
phyml	GRCh37	rs417915	H1	HG04093	2
phyml	GRCh37	rs417915	H1	HG04094	2
phyml	GRCh37	rs417915	H1	HG04131	1
phyml	GRCh37	rs417915	H1	HG04144	2
phyml	GRCh37	rs417915	H1	HG04153	1
phyml	GRCh37	rs417915	H1	HG04155	2
phyml	GRCh37	rs417915	H1	HG04158	2
phyml	GRCh37	rs417915	H1	HG04173	1
phyml	GRCh37	rs417915	H1	HG04176	1
phyml	GRCh37	rs417915	H1	HG04176	2
phyml	GRCh37	rs417915	H1	HG04177	1
phyml	GRCh37	rs417915	H1	HG04183	2
phyml	GRCh37	rs417915	H1	HG04186	1
phyml	GRCh37	rs417915	H1	HG04188	1
phyml	GRCh37	rs417915	H1	HG04189	2
phyml	GRCh37	rs417915	H1	HG04195	1
phyml	GRCh37	rs417915	H1	HG04206	2
phyml	GRCh37	rs417915	H1	HG04216	1
phyml	GRCh37	rs417915	H1	HG04225	1
phyml	GRCh37	rs417915	H1	HG04227	1
phyml	GRCh37	rs417915	H1	HG04227	2
phyml	GRCh37	rs417915	H1	HG04229	1
phyml	GRCh37	rs417915	H1	HG04239	1
phyml	GRCh37	rs417915	H1	NA07000	1
phyml	GRCh37	rs417915	H1	NA07051	2
phyml	GRCh37	rs417915	H1	NA07347	2
phyml	GRCh37	rs417915	H1	NA07357	1
phyml	GRCh37	rs417915	H1	NA10847	2
phyml	GRCh37	rs417915	H1	NA11832	1
phyml	GRCh37	rs417915	H1	NA11832	2
phyml	GRCh37	rs417915	H1	NA11840	1
phyml	GRCh37	rs417915	H1	NA11843	1
phyml	GRCh37	rs417915	H1	NA11893	2
phyml	GRCh37	rs417915	H1	NA11918	1
phyml	GRCh37	rs417915	H1	NA11920	2
phyml	GRCh37	rs417915	H1	NA11930	1
phyml	GRCh37	rs417915	H1	NA11930	2
phyml	GRCh37	rs417915	H1	NA11931	1
phyml	GRCh37	rs417915	H1	NA12005	1
phyml	GRCh37	rs417915	H1	NA12044	1
phyml	GRCh37	rs417915	H1	NA12154	2
phyml	GRCh37	rs417915	H1	NA12155	2
phyml	GRCh37	rs417915	H1	NA12156	1
phyml	GRCh37	rs417915	H1	NA12249	2
phyml	GRCh37	rs417915	H1	NA12272	2
phyml	GRCh37	rs417915	H1	NA12275	1
phyml	GRCh37	rs417915	H1	NA12275	2
phyml	GRCh37	rs417915	H1	NA12282	1
phyml	GRCh37	rs417915	H1	NA12342	2
phyml	GRCh37	rs417915	H1	NA12347	2
phyml	GRCh37	rs417915	H1	NA12399	1
phyml	GRCh37	rs417915	H1	NA12546	1
phyml	GRCh37	rs417915	H1	NA12716	2
phyml	GRCh37	rs417915	H1	NA12749	1
phyml	GRCh37	rs417915	H1	NA12761	1
phyml	GRCh37	rs417915	H1	NA12762	1
phyml	GRCh37	rs417915	H1	NA12776	1
phyml	GRCh37	rs417915	H1	NA12812	1
phyml	GRCh37	rs417915	H1	NA12827	1
phyml	GRCh37	rs417915	H1	NA12827	2
phyml	GRCh37	rs417915	H1	NA12828	1
phyml	GRCh37	rs417915	H1	NA12829	2
phyml	GRCh37	rs417915	H1	NA12830	1
phyml	GRCh37	rs417915	H1	NA12842	1
phyml	GRCh37	rs417915	H1	NA12843	1
phyml	GRCh37	rs417915	H1	NA12872	2
phyml	GRCh37	rs417915	H1	NA12889	2
phyml	GRCh37	rs417915	H1	NA18488	2
phyml	GRCh37	rs417915	H1	NA18530	1
phyml	GRCh37	rs417915	H1	NA18534	2
phyml	GRCh37	rs417915	H1	NA18535	1
phyml	GRCh37	rs417915	H1	NA18536	2
phyml	GRCh37	rs417915	H1	NA18538	1
phyml	GRCh37	rs417915	H1	NA18539	2
phyml	GRCh37	rs417915	H1	NA18544	1
phyml	GRCh37	rs417915	H1	NA18546	1
phyml	GRCh37	rs417915	H1	NA18547	1
phyml	GRCh37	rs417915	H1	NA18548	1
phyml	GRCh37	rs417915	H1	NA18548	2
phyml	GRCh37	rs417915	H1	NA18550	2
phyml	GRCh37	rs417915	H1	NA18561	1
phyml	GRCh37	rs417915	H1	NA18565	1
phyml	GRCh37	rs417915	H1	NA18565	2
phyml	GRCh37	rs417915	H1	NA18570	1
phyml	GRCh37	rs417915	H1	NA18572	2
phyml	GRCh37	rs417915	H1	NA18582	1
phyml	GRCh37	rs417915	H1	NA18597	1
phyml	GRCh37	rs417915	H1	NA18609	2
phyml	GRCh37	rs417915	H1	NA18610	1
phyml	GRCh37	rs417915	H1	NA18613	2
phyml	GRCh37	rs417915	H1	NA18619	1
phyml	GRCh37	rs417915	H1	NA18619	2
phyml	GRCh37	rs417915	H1	NA18620	1
phyml	GRCh37	rs417915	H1	NA18625	1
phyml	GRCh37	rs417915	H1	NA18626	1
phyml	GRCh37	rs417915	H1	NA18636	2
phyml	GRCh37	rs417915	H1	NA18640	1
phyml	GRCh37	rs417915	H1	NA18640	2
phyml	GRCh37	rs417915	H1	NA18647	1
phyml	GRCh37	rs417915	H1	NA18745	1
phyml	GRCh37	rs417915	H1	NA18747	1
phyml	GRCh37	rs417915	H1	NA18747	2
phyml	GRCh37	rs417915	H1	NA18757	1
phyml	GRCh37	rs417915	H1	NA18873	1
phyml	GRCh37	rs417915	H1	NA18924	1
phyml	GRCh37	rs417915	H1	NA18942	2
phyml	GRCh37	rs417915	H1	NA18944	1
phyml	GRCh37	rs417915	H1	NA18947	2
phyml	GRCh37	rs417915	H1	NA18951	1
phyml	GRCh37	rs417915	H1	NA18957	2
phyml	GRCh37	rs417915	H1	NA18960	2
phyml	GRCh37	rs417915	H1	NA18961	2
phyml	GRCh37	rs417915	H1	NA18963	1
phyml	GRCh37	rs417915	H1	NA18968	2
phyml	GRCh37	rs417915	H1	NA18972	1
phyml	GRCh37	rs417915	H1	NA18974	2
phyml	GRCh37	rs417915	H1	NA18982	1
phyml	GRCh37	rs417915	H1	NA18985	1
phyml	GRCh37	rs417915	H1	NA18988	1
phyml	GRCh37	rs417915	H1	NA18998	2
phyml	GRCh37	rs417915	H1	NA19001	1
phyml	GRCh37	rs417915	H1	NA19006	1
phyml	GRCh37	rs417915	H1	NA19006	2
phyml	GRCh37	rs417915	H1	NA19028	2
phyml	GRCh37	rs417915	H1	NA19055	1
phyml	GRCh37	rs417915	H1	NA19056	1
phyml	GRCh37	rs417915	H1	NA19057	2
phyml	GRCh37	rs417915	H1	NA19066	2
phyml	GRCh37	rs417915	H1	NA19079	1
phyml	GRCh37	rs417915	H1	NA19081	2
phyml	GRCh37	rs417915	H1	NA19085	2
phyml	GRCh37	rs417915	H1	NA19086	1
phyml	GRCh37	rs417915	H1	NA19102	1
phyml	GRCh37	rs417915	H1	NA19102	2
phyml	GRCh37	rs417915	H1	NA19171	1
phyml	GRCh37	rs417915	H1	NA19198	1
phyml	GRCh37	rs417915	H1	NA19222	1
phyml	GRCh37	rs417915	H1	NA19248	2
phyml	GRCh37	rs417915	H1	NA19307	2
phyml	GRCh37	rs417915	H1	NA19312	1
phyml	GRCh37	rs417915	H1	NA19315	2
phyml	GRCh37	rs417915	H1	NA19334	1
phyml	GRCh37	rs417915	H1	NA19338	2
phyml	GRCh37	rs417915	H1	NA19372	1
phyml	GRCh37	rs417915	H1	NA19377	2
phyml	GRCh37	rs417915	H1	NA19383	2
phyml	GRCh37	rs417915	H1	NA19401	2
phyml	GRCh37	rs417915	H1	NA19428	1
phyml	GRCh37	rs417915	H1	NA19430	1
phyml	GRCh37	rs417915	H1	NA19449	2
phyml	GRCh37	rs417915	H1	NA19456	1
phyml	GRCh37	rs417915	H1	NA19462	1
phyml	GRCh37	rs417915	H1	NA19475	2
phyml	GRCh37	rs417915	H1	NA19649	1
phyml	GRCh37	rs417915	H1	NA19651	1
phyml	GRCh37	rs417915	H1	NA19652	2
phyml	GRCh37	rs417915	H1	NA19654	1
phyml	GRCh37	rs417915	H1	NA19664	2
phyml	GRCh37	rs417915	H1	NA19669	2
phyml	GRCh37	rs417915	H1	NA19679	1
phyml	GRCh37	rs417915	H1	NA19684	1
phyml	GRCh37	rs417915	H1	NA19684	2
phyml	GRCh37	rs417915	H1	NA19707	2
phyml	GRCh37	rs417915	H1	NA19716	2
phyml	GRCh37	rs417915	H1	NA19717	1
phyml	GRCh37	rs417915	H1	NA19723	1
phyml	GRCh37	rs417915	H1	NA19725	1
phyml	GRCh37	rs417915	H1	NA19726	1
phyml	GRCh37	rs417915	H1	NA19731	2
phyml	GRCh37	rs417915	H1	NA19740	1
phyml	GRCh37	rs417915	H1	NA19749	1
phyml	GRCh37	rs417915	H1	NA19764	1
phyml	GRCh37	rs417915	H1	NA19764	2
phyml	GRCh37	rs417915	H1	NA19774	1
phyml	GRCh37	rs417915	H1	NA19776	1
phyml	GRCh37	rs417915	H1	NA19785	2
phyml	GRCh37	rs417915	H1	NA19789	1
phyml	GRCh37	rs417915	H1	NA19834	2
phyml	GRCh37	rs417915	H1	NA19913	1
phyml	GRCh37	rs417915	H1	NA19916	2
phyml	GRCh37	rs417915	H1	NA19917	2
phyml	GRCh37	rs417915	H1	NA20278	2
phyml	GRCh37	rs417915	H1	NA20291	2
phyml	GRCh37	rs417915	H1	NA20321	2
phyml	GRCh37	rs417915	H1	NA20348	1
phyml	GRCh37	rs417915	H1	NA20356	1
phyml	GRCh37	rs417915	H1	NA20362	2
phyml	GRCh37	rs417915	H1	NA20502	2
phyml	GRCh37	rs417915	H1	NA20514	1
phyml	GRCh37	rs417915	H1	NA20515	1
phyml	GRCh37	rs417915	H1	NA20516	2
phyml	GRCh37	rs417915	H1	NA20518	2
phyml	GRCh37	rs417915	H1	NA20521	1
phyml	GRCh37	rs417915	H1	NA20525	2
phyml	GRCh37	rs417915	H1	NA20528	1
phyml	GRCh37	rs417915	H1	NA20530	1
phyml	GRCh37	rs417915	H1	NA20533	2
phyml	GRCh37	rs417915	H1	NA20534	2
phyml	GRCh37	rs417915	H1	NA20536	1
phyml	GRCh37	rs417915	H1	NA20538	1
phyml	GRCh37	rs417915	H1	NA20541	2
phyml	GRCh37	rs417915	H1	NA20542	1
phyml	GRCh37	rs417915	H1	NA20581	2
phyml	GRCh37	rs417915	H1	NA20587	2
phyml	GRCh37	rs417915	H1	NA20588	1
phyml	GRCh37	rs417915	H1	NA20754	2
phyml	GRCh37	rs417915	H1	NA20756	1
phyml	GRCh37	rs417915	H1	NA20758	1
phyml	GRCh37	rs417915	H1	NA20762	2
phyml	GRCh37	rs417915	H1	NA20763	2
phyml	GRCh37	rs417915	H1	NA20768	2
phyml	GRCh37	rs417915	H1	NA20769	1
phyml	GRCh37	rs417915	H1	NA20770	1
phyml	GRCh37	rs417915	H1	NA20770	2
phyml	GRCh37	rs417915	H1	NA20771	2
phyml	GRCh37	rs417915	H1	NA20778	1
phyml	GRCh37	rs417915	H1	NA20786	1
phyml	GRCh37	rs417915	H1	NA20799	1
phyml	GRCh37	rs417915	H1	NA20801	1
phyml	GRCh37	rs417915	H1	NA20802	2
phyml	GRCh37	rs417915	H1	NA20805	2
phyml	GRCh37	rs417915	H1	NA20806	1
phyml	GRCh37	rs417915	H1	NA20808	1
phyml	GRCh37	rs417915	H1	NA20814	1
phyml	GRCh37	rs417915	H1	NA20815	1
phyml	GRCh37	rs417915	H1	NA20815	2
phyml	GRCh37	rs417915	H1	NA20821	1
phyml	GRCh37	rs417915	H1	NA20827	1
phyml	GRCh37	rs417915	H1	NA20832	2
phyml	GRCh37	rs417915	H1	NA20851	1
phyml	GRCh37	rs417915	H1	NA20853	2
phyml	GRCh37	rs417915	H1	NA20858	2
phyml	GRCh37	rs417915	H1	NA20861	2
phyml	GRCh37	rs417915	H1	NA20863	2
phyml	GRCh37	rs417915	H1	NA20864	1
phyml	GRCh37	rs417915	H1	NA20864	2
phyml	GRCh37	rs417915	H1	NA20870	2
phyml	GRCh37	rs417915	H1	NA20874	2
phyml	GRCh37	rs417915	H1	NA20875	2
phyml	GRCh37	rs417915	H1	NA20882	1
phyml	GRCh37	rs417915	H1	NA20885	1
phyml	GRCh37	rs417915	H1	NA20885	2
phyml	GRCh37	rs417915	H1	NA20887	2
phyml	GRCh37	rs417915	H1	NA20888	2
phyml	GRCh37	rs417915	H1	NA20890	1
phyml	GRCh37	rs417915	H1	NA20891	2
phyml	GRCh37	rs417915	H1	NA20892	1
phyml	GRCh37	rs417915	H1	NA20900	1
phyml	GRCh37	rs417915	H1	NA20904	2
phyml	GRCh37	rs417915	H1	NA20905	2
phyml	GRCh37	rs417915	H1	NA20910	2
phyml	GRCh37	rs417915	H1	NA21088	1
phyml	GRCh37	rs417915	H1	NA21092	1
phyml	GRCh37	rs417915	H1	NA21092	2
phyml	GRCh37	rs417915	H1	NA21095	1
phyml	GRCh37	rs417915	H1	NA21095	2
phyml	GRCh37	rs417915	H1	NA21097	2
phyml	GRCh37	rs417915	H1	NA21101	2
phyml	GRCh37	rs417915	H1	NA21102	1
phyml	GRCh37	rs417915	H1	NA21102	2
phyml	GRCh37	rs417915	H1	NA21108	1
phyml	GRCh37	rs417915	H1	NA21112	2
phyml	GRCh37	rs417915	H1	NA21115	1
phyml	GRCh37	rs417915	H1	NA21116	1
phyml	GRCh37	rs417915	H1	NA21119	2
phyml	GRCh37	rs417915	H1	NA21125	1
phyml	GRCh37	rs417915	H1	NA21126	1
phyml	GRCh37	rs417915	H1	NA21126	2
phyml	GRCh37	rs417915	H1	NA21128	1
phyml	GRCh37	rs417915	H1	NA21135	2
phyml	GRCh37	rs417915	H2	HG00097	2
phyml	GRCh37	rs417915	H2	HG00099	1
phyml	GRCh37	rs417915	H2	HG00101	1
phyml	GRCh37	rs417915	H2	HG00103	1
phyml	GRCh37	rs417915	H2	HG00105	2
phyml	GRCh37	rs417915	H2	HG00109	1
phyml	GRCh37	rs417915	H2	HG00110	2
phyml	GRCh37	rs417915	H2	HG00111	1
phyml	GRCh37	rs417915	H2	HG00115	2
phyml	GRCh37	rs417915	H2	HG00118	1
phyml	GRCh37	rs417915	H2	HG00119	2
phyml	GRCh37	rs417915	H2	HG00123	2
phyml	GRCh37	rs417915	H2	HG00130	1
phyml	GRCh37	rs417915	H2	HG00130	2
phyml	GRCh37	rs417915	H2	HG00131	2
phyml	GRCh37	rs417915	H2	HG00133	1
phyml	GRCh37	rs417915	H2	HG00136	1
phyml	GRCh37	rs417915	H2	HG00137	1
phyml	GRCh37	rs417915	H2	HG00138	1
phyml	GRCh37	rs417915	H2	HG00142	1
phyml	GRCh37	rs417915	H2	HG00148	1
phyml	GRCh37	rs417915	H2	HG00149	2
phyml	GRCh37	rs417915	H2	HG00151	1
phyml	GRCh37	rs417915	H2	HG00160	1
phyml	GRCh37	rs417915	H2	HG00176	2
phyml	GRCh37	rs417915	H2	HG00180	2
phyml	GRCh37	rs417915	H2	HG00186	1
phyml	GRCh37	rs417915	H2	HG00231	2
phyml	GRCh37	rs417915	H2	HG00232	1
phyml	GRCh37	rs417915	H2	HG00235	1
phyml	GRCh37	rs417915	H2	HG00239	2
phyml	GRCh37	rs417915	H2	HG00240	2
phyml	GRCh37	rs417915	H2	HG00243	2
phyml	GRCh37	rs417915	H2	HG00245	2
phyml	GRCh37	rs417915	H2	HG00246	2
phyml	GRCh37	rs417915	H2	HG00250	2
phyml	GRCh37	rs417915	H2	HG00253	1
phyml	GRCh37	rs417915	H2	HG00254	1
phyml	GRCh37	rs417915	H2	HG00255	1
phyml	GRCh37	rs417915	H2	HG00256	2
phyml	GRCh37	rs417915	H2	HG00258	2
phyml	GRCh37	rs417915	H2	HG00261	2
phyml	GRCh37	rs417915	H2	HG00268	1
phyml	GRCh37	rs417915	H2	HG00271	1
phyml	GRCh37	rs417915	H2	HG00273	1
phyml	GRCh37	rs417915	H2	HG00282	1
phyml	GRCh37	rs417915	H2	HG00308	2
phyml	GRCh37	rs417915	H2	HG00313	2
phyml	GRCh37	rs417915	H2	HG00321	1
phyml	GRCh37	rs417915	H2	HG00323	1
phyml	GRCh37	rs417915	H2	HG00331	2
phyml	GRCh37	rs417915	H2	HG00332	1
phyml	GRCh37	rs417915	H2	HG00339	1
phyml	GRCh37	rs417915	H2	HG00342	2
phyml	GRCh37	rs417915	H2	HG00346	1
phyml	GRCh37	rs417915	H2	HG00353	1
phyml	GRCh37	rs417915	H2	HG00356	1
phyml	GRCh37	rs417915	H2	HG00358	1
phyml	GRCh37	rs417915	H2	HG00362	1
phyml	GRCh37	rs417915	H2	HG00364	1
phyml	GRCh37	rs417915	H2	HG00365	1
phyml	GRCh37	rs417915	H2	HG00369	1
phyml	GRCh37	rs417915	H2	HG00371	2
phyml	GRCh37	rs417915	H2	HG00372	2
phyml	GRCh37	rs417915	H2	HG00375	2
phyml	GRCh37	rs417915	H2	HG00376	1
phyml	GRCh37	rs417915	H2	HG00379	1
phyml	GRCh37	rs417915	H2	HG00381	2
phyml	GRCh37	rs417915	H2	HG00384	1
phyml	GRCh37	rs417915	H2	HG00553	1
phyml	GRCh37	rs417915	H2	HG00596	2
phyml	GRCh37	rs417915	H2	HG00610	1
phyml	GRCh37	rs417915	H2	HG00640	2
phyml	GRCh37	rs417915	H2	HG00692	1
phyml	GRCh37	rs417915	H2	HG00736	2
phyml	GRCh37	rs417915	H2	HG00740	1
phyml	GRCh37	rs417915	H2	HG01052	1
phyml	GRCh37	rs417915	H2	HG01054	2
phyml	GRCh37	rs417915	H2	HG01055	2
phyml	GRCh37	rs417915	H2	HG01070	1
phyml	GRCh37	rs417915	H2	HG01077	1
phyml	GRCh37	rs417915	H2	HG01085	1
phyml	GRCh37	rs417915	H2	HG01088	1
phyml	GRCh37	rs417915	H2	HG01121	2
phyml	GRCh37	rs417915	H2	HG01137	1
phyml	GRCh37	rs417915	H2	HG01164	1
phyml	GRCh37	rs417915	H2	HG01170	1
phyml	GRCh37	rs417915	H2	HG01173	1
phyml	GRCh37	rs417915	H2	HG01176	1
phyml	GRCh37	rs417915	H2	HG01187	1
phyml	GRCh37	rs417915	H2	HG01191	1
phyml	GRCh37	rs417915	H2	HG01191	2
phyml	GRCh37	rs417915	H2	HG01197	2
phyml	GRCh37	rs417915	H2	HG01251	1
phyml	GRCh37	rs417915	H2	HG01277	1
phyml	GRCh37	rs417915	H2	HG01286	1
phyml	GRCh37	rs417915	H2	HG01303	1
phyml	GRCh37	rs417915	H2	HG01326	2
phyml	GRCh37	rs417915	H2	HG01342	2
phyml	GRCh37	rs417915	H2	HG01345	1
phyml	GRCh37	rs417915	H2	HG01345	2
phyml	GRCh37	rs417915	H2	HG01348	1
phyml	GRCh37	rs417915	H2	HG01354	1
phyml	GRCh37	rs417915	H2	HG01356	2
phyml	GRCh37	rs417915	H2	HG01360	2
phyml	GRCh37	rs417915	H2	HG01377	2
phyml	GRCh37	rs417915	H2	HG01383	2
phyml	GRCh37	rs417915	H2	HG01389	1
phyml	GRCh37	rs417915	H2	HG01437	1
phyml	GRCh37	rs417915	H2	HG01437	2
phyml	GRCh37	rs417915	H2	HG01440	1
phyml	GRCh37	rs417915	H2	HG01447	1
phyml	GRCh37	rs417915	H2	HG01461	2
phyml	GRCh37	rs417915	H2	HG01489	1
phyml	GRCh37	rs417915	H2	HG01500	1
phyml	GRCh37	rs417915	H2	HG01504	1
phyml	GRCh37	rs417915	H2	HG01504	2
phyml	GRCh37	rs417915	H2	HG01510	2
phyml	GRCh37	rs417915	H2	HG01512	2
phyml	GRCh37	rs417915	H2	HG01513	1
phyml	GRCh37	rs417915	H2	HG01524	1
phyml	GRCh37	rs417915	H2	HG01530	2
phyml	GRCh37	rs417915	H2	HG01536	1
phyml	GRCh37	rs417915	H2	HG01556	1
phyml	GRCh37	rs417915	H2	HG01571	1
phyml	GRCh37	rs417915	H2	HG01602	1
phyml	GRCh37	rs417915	H2	HG01612	1
phyml	GRCh37	rs417915	H2	HG01615	2
phyml	GRCh37	rs417915	H2	HG01617	1
phyml	GRCh37	rs417915	H2	HG01618	1
phyml	GRCh37	rs417915	H2	HG01620	2
phyml	GRCh37	rs417915	H2	HG01623	1
phyml	GRCh37	rs417915	H2	HG01626	2
phyml	GRCh37	rs417915	H2	HG01628	2
phyml	GRCh37	rs417915	H2	HG01632	1
phyml	GRCh37	rs417915	H2	HG01670	1
phyml	GRCh37	rs417915	H2	HG01675	1
phyml	GRCh37	rs417915	H2	HG01676	2
phyml	GRCh37	rs417915	H2	HG01679	1
phyml	GRCh37	rs417915	H2	HG01680	2
phyml	GRCh37	rs417915	H2	HG01682	2
phyml	GRCh37	rs417915	H2	HG01685	1
phyml	GRCh37	rs417915	H2	HG01694	1
phyml	GRCh37	rs417915	H2	HG01695	2
phyml	GRCh37	rs417915	H2	HG01699	1
phyml	GRCh37	rs417915	H2	HG01700	1
phyml	GRCh37	rs417915	H2	HG01702	1
phyml	GRCh37	rs417915	H2	HG01704	1
phyml	GRCh37	rs417915	H2	HG01707	1
phyml	GRCh37	rs417915	H2	HG01708	2
phyml	GRCh37	rs417915	H2	HG01746	1
phyml	GRCh37	rs417915	H2	HG01746	2
phyml	GRCh37	rs417915	H2	HG01765	1
phyml	GRCh37	rs417915	H2	HG01768	2
phyml	GRCh37	rs417915	H2	HG01771	1
phyml	GRCh37	rs417915	H2	HG01773	2
phyml	GRCh37	rs417915	H2	HG01777	2
phyml	GRCh37	rs417915	H2	HG01781	1
phyml	GRCh37	rs417915	H2	HG01783	2
phyml	GRCh37	rs417915	H2	HG01784	2
phyml	GRCh37	rs417915	H2	HG01789	1
phyml	GRCh37	rs417915	H2	HG01791	1
phyml	GRCh37	rs417915	H2	HG01794	1
phyml	GRCh37	rs417915	H2	HG01873	2
phyml	GRCh37	rs417915	H2	HG01880	2
phyml	GRCh37	rs417915	H2	HG01893	2
phyml	GRCh37	rs417915	H2	HG01947	1
phyml	GRCh37	rs417915	H2	HG01965	2
phyml	GRCh37	rs417915	H2	HG01979	2
phyml	GRCh37	rs417915	H2	HG02010	1
phyml	GRCh37	rs417915	H2	HG02020	2
phyml	GRCh37	rs417915	H2	HG02025	2
phyml	GRCh37	rs417915	H2	HG02040	1
phyml	GRCh37	rs417915	H2	HG02067	2
phyml	GRCh37	rs417915	H2	HG02079	2
phyml	GRCh37	rs417915	H2	HG02087	1
phyml	GRCh37	rs417915	H2	HG02102	1
phyml	GRCh37	rs417915	H2	HG02156	1
phyml	GRCh37	rs417915	H2	HG02220	1
phyml	GRCh37	rs417915	H2	HG02221	1
phyml	GRCh37	rs417915	H2	HG02230	2
phyml	GRCh37	rs417915	H2	HG02231	2
phyml	GRCh37	rs417915	H2	HG02233	1
phyml	GRCh37	rs417915	H2	HG02235	1
phyml	GRCh37	rs417915	H2	HG02236	1
phyml	GRCh37	rs417915	H2	HG02238	1
phyml	GRCh37	rs417915	H2	HG02260	1
phyml	GRCh37	rs417915	H2	HG02283	1
phyml	GRCh37	rs417915	H2	HG02322	1
phyml	GRCh37	rs417915	H2	HG02508	2
phyml	GRCh37	rs417915	H2	HG02555	1
phyml	GRCh37	rs417915	H2	HG02642	1
phyml	GRCh37	rs417915	H2	HG02654	1
phyml	GRCh37	rs417915	H2	HG02661	2
phyml	GRCh37	rs417915	H2	HG02678	2
phyml	GRCh37	rs417915	H2	HG02725	1
phyml	GRCh37	rs417915	H2	HG02734	1
phyml	GRCh37	rs417915	H2	HG02778	2
phyml	GRCh37	rs417915	H2	HG03018	1
phyml	GRCh37	rs417915	H2	HG03238	1
phyml	GRCh37	rs417915	H2	HG03437	2
phyml	GRCh37	rs417915	H2	HG03460	1
phyml	GRCh37	rs417915	H2	HG03616	1
phyml	GRCh37	rs417915	H2	HG03653	2
phyml	GRCh37	rs417915	H2	HG03692	1
phyml	GRCh37	rs417915	H2	HG03762	2
phyml	GRCh37	rs417915	H2	HG03782	1
phyml	GRCh37	rs417915	H2	HG03789	1
phyml	GRCh37	rs417915	H2	HG03814	1
phyml	GRCh37	rs417915	H2	HG03832	1
phyml	GRCh37	rs417915	H2	HG03833	1
phyml	GRCh37	rs417915	H2	HG03844	1
phyml	GRCh37	rs417915	H2	HG03850	1
phyml	GRCh37	rs417915	H2	HG03866	1
phyml	GRCh37	rs417915	H2	HG03897	1
phyml	GRCh37	rs417915	H2	HG03907	2
phyml	GRCh37	rs417915	H2	HG03934	1
phyml	GRCh37	rs417915	H2	HG03940	1
phyml	GRCh37	rs417915	H2	HG03947	2
phyml	GRCh37	rs417915	H2	HG03949	2
phyml	GRCh37	rs417915	H2	HG03967	1
phyml	GRCh37	rs417915	H2	HG03990	1
phyml	GRCh37	rs417915	H2	HG04015	1
phyml	GRCh37	rs417915	H2	HG04018	2
phyml	GRCh37	rs417915	H2	HG04038	1
phyml	GRCh37	rs417915	H2	HG04062	2
phyml	GRCh37	rs417915	H2	HG04075	2
phyml	GRCh37	rs417915	H2	HG04093	1
phyml	GRCh37	rs417915	H2	HG04099	2
phyml	GRCh37	rs417915	H2	HG04144	1
phyml	GRCh37	rs417915	H2	HG04159	1
phyml	GRCh37	rs417915	H2	HG04182	2
phyml	GRCh37	rs417915	H2	HG04186	2
phyml	GRCh37	rs417915	H2	HG04200	1
phyml	GRCh37	rs417915	H2	HG04202	1
phyml	GRCh37	rs417915	H2	HG04214	2
phyml	GRCh37	rs417915	H2	HG04216	2
phyml	GRCh37	rs417915	H2	HG04238	2
phyml	GRCh37	rs417915	H2	NA06984	1
phyml	GRCh37	rs417915	H2	NA06984	2
phyml	GRCh37	rs417915	H2	NA06986	2
phyml	GRCh37	rs417915	H2	NA06989	2
phyml	GRCh37	rs417915	H2	NA06994	1
phyml	GRCh37	rs417915	H2	NA07037	1
phyml	GRCh37	rs417915	H2	NA07048	1
phyml	GRCh37	rs417915	H2	NA07056	2
phyml	GRCh37	rs417915	H2	NA07347	1
phyml	GRCh37	rs417915	H2	NA10851	2
phyml	GRCh37	rs417915	H2	NA11830	2
phyml	GRCh37	rs417915	H2	NA11831	1
phyml	GRCh37	rs417915	H2	NA11843	2
phyml	GRCh37	rs417915	H2	NA11892	1
phyml	GRCh37	rs417915	H2	NA11894	1
phyml	GRCh37	rs417915	H2	NA11918	2
phyml	GRCh37	rs417915	H2	NA11919	1
phyml	GRCh37	rs417915	H2	NA11920	1
phyml	GRCh37	rs417915	H2	NA11931	2
phyml	GRCh37	rs417915	H2	NA11932	2
phyml	GRCh37	rs417915	H2	NA11995	2
phyml	GRCh37	rs417915	H2	NA12004	1
phyml	GRCh37	rs417915	H2	NA12004	2
phyml	GRCh37	rs417915	H2	NA12044	2
phyml	GRCh37	rs417915	H2	NA12045	1
phyml	GRCh37	rs417915	H2	NA12058	2
phyml	GRCh37	rs417915	H2	NA12156	2
phyml	GRCh37	rs417915	H2	NA12340	1
phyml	GRCh37	rs417915	H2	NA12340	2
phyml	GRCh37	rs417915	H2	NA12347	1
phyml	GRCh37	rs417915	H2	NA12348	2
phyml	GRCh37	rs417915	H2	NA12413	2
phyml	GRCh37	rs417915	H2	NA12414	2
phyml	GRCh37	rs417915	H2	NA12489	2
phyml	GRCh37	rs417915	H2	NA12717	1
phyml	GRCh37	rs417915	H2	NA12762	2
phyml	GRCh37	rs417915	H2	NA12775	1
phyml	GRCh37	rs417915	H2	NA12776	2
phyml	GRCh37	rs417915	H2	NA12777	1
phyml	GRCh37	rs417915	H2	NA12778	2
phyml	GRCh37	rs417915	H2	NA12812	2
phyml	GRCh37	rs417915	H2	NA12815	2
phyml	GRCh37	rs417915	H2	NA12842	2
phyml	GRCh37	rs417915	H2	NA12874	2
phyml	GRCh37	rs417915	H2	NA12878	2
phyml	GRCh37	rs417915	H2	NA12889	1
phyml	GRCh37	rs417915	H2	NA12890	1
phyml	GRCh37	rs417915	H2	NA18573	2
phyml	GRCh37	rs417915	H2	NA18964	2
phyml	GRCh37	rs417915	H2	NA18969	1
phyml	GRCh37	rs417915	H2	NA18977	1
phyml	GRCh37	rs417915	H2	NA19084	1
phyml	GRCh37	rs417915	H2	NA19377	1
phyml	GRCh37	rs417915	H2	NA19434	2
phyml	GRCh37	rs417915	H2	NA19649	2
phyml	GRCh37	rs417915	H2	NA19655	1
phyml	GRCh37	rs417915	H2	NA19658	2
phyml	GRCh37	rs417915	H2	NA19663	2
phyml	GRCh37	rs417915	H2	NA19676	1
phyml	GRCh37	rs417915	H2	NA19711	2
phyml	GRCh37	rs417915	H2	NA19717	2
phyml	GRCh37	rs417915	H2	NA19719	2
phyml	GRCh37	rs417915	H2	NA19741	1
phyml	GRCh37	rs417915	H2	NA19759	1
phyml	GRCh37	rs417915	H2	NA19794	2
phyml	GRCh37	rs417915	H2	NA19835	2
phyml	GRCh37	rs417915	H2	NA19908	2
phyml	GRCh37	rs417915	H2	NA20314	1
phyml	GRCh37	rs417915	H2	NA20503	2
phyml	GRCh37	rs417915	H2	NA20504	1
phyml	GRCh37	rs417915	H2	NA20505	2
phyml	GRCh37	rs417915	H2	NA20506	1
phyml	GRCh37	rs417915	H2	NA20507	1
phyml	GRCh37	rs417915	H2	NA20507	2
phyml	GRCh37	rs417915	H2	NA20509	1
phyml	GRCh37	rs417915	H2	NA20510	2
phyml	GRCh37	rs417915	H2	NA20511	1
phyml	GRCh37	rs417915	H2	NA20512	2
phyml	GRCh37	rs417915	H2	NA20513	1
phyml	GRCh37	rs417915	H2	NA20517	2
phyml	GRCh37	rs417915	H2	NA20518	1
phyml	GRCh37	rs417915	H2	NA20521	2
phyml	GRCh37	rs417915	H2	NA20522	2
phyml	GRCh37	rs417915	H2	NA20524	1
phyml	GRCh37	rs417915	H2	NA20527	2
phyml	GRCh37	rs417915	H2	NA20535	1
phyml	GRCh37	rs417915	H2	NA20543	1
phyml	GRCh37	rs417915	H2	NA20582	1
phyml	GRCh37	rs417915	H2	NA20586	1
phyml	GRCh37	rs417915	H2	NA20753	2
phyml	GRCh37	rs417915	H2	NA20754	1
phyml	GRCh37	rs417915	H2	NA20755	1
phyml	GRCh37	rs417915	H2	NA20756	2
phyml	GRCh37	rs417915	H2	NA20757	2
phyml	GRCh37	rs417915	H2	NA20761	2
phyml	GRCh37	rs417915	H2	NA20762	1
phyml	GRCh37	rs417915	H2	NA20764	2
phyml	GRCh37	rs417915	H2	NA20766	1
phyml	GRCh37	rs417915	H2	NA20767	2
phyml	GRCh37	rs417915	H2	NA20771	1
phyml	GRCh37	rs417915	H2	NA20773	1
phyml	GRCh37	rs417915	H2	NA20775	2
phyml	GRCh37	rs417915	H2	NA20783	1
phyml	GRCh37	rs417915	H2	NA20792	1
phyml	GRCh37	rs417915	H2	NA20792	2
phyml	GRCh37	rs417915	H2	NA20797	1
phyml	GRCh37	rs417915	H2	NA20798	1
phyml	GRCh37	rs417915	H2	NA20800	2
phyml	GRCh37	rs417915	H2	NA20804	2
phyml	GRCh37	rs417915	H2	NA20808	2
phyml	GRCh37	rs417915	H2	NA20809	1
phyml	GRCh37	rs417915	H2	NA20828	2
phyml	GRCh37	rs417915	H2	NA20832	1
phyml	GRCh37	rs417915	H2	NA20847	1
phyml	GRCh37	rs417915	H2	NA20882	2
phyml	GRCh37	rs417915	H2	NA20895	2
phyml	GRCh37	rs417915	H2	NA20900	2
phyml	GRCh37	rs417915	H2	NA20904	1
phyml	GRCh37	rs417915	H2	NA20905	1
phyml	GRCh37	rs417915	H2	NA20906	1
phyml	GRCh37	rs417915	H2	NA21086	1
phyml	GRCh37	rs417915	H2	NA21087	1
phyml	GRCh37	rs417915	H2	NA21106	2
phyml	GRCh37	rs417915	H2	NA21111	1
phyml	GRCh37	rs417915	H2	NA21117	2
phyml	GRCh37	rs417915	H2	NA21122	1
phyml	GRCh37	rs417915	H2	NA21122	2
phyml	GRCh37	rs417915	H2	NA21141	2
phyml	GRCh37	rs417915	H3	HG00404	2
phyml	GRCh37	rs417915	H3	HG00409	1
phyml	GRCh37	rs417915	H3	HG00410	1
phyml	GRCh37	rs417915	H3	HG00419	1
phyml	GRCh37	rs417915	H3	HG00428	1
phyml	GRCh37	rs417915	H3	HG00436	1
phyml	GRCh37	rs417915	H3	HG00476	2
phyml	GRCh37	rs417915	H3	HG00478	2
phyml	GRCh37	rs417915	H3	HG00531	2
phyml	GRCh37	rs417915	H3	HG00533	1
phyml	GRCh37	rs417915	H3	HG00536	1
phyml	GRCh37	rs417915	H3	HG00537	1
phyml	GRCh37	rs417915	H3	HG00566	1
phyml	GRCh37	rs417915	H3	HG00580	2
phyml	GRCh37	rs417915	H3	HG00581	2
phyml	GRCh37	rs417915	H3	HG00589	1
phyml	GRCh37	rs417915	H3	HG00590	1
phyml	GRCh37	rs417915	H3	HG00592	2
phyml	GRCh37	rs417915	H3	HG00599	1
phyml	GRCh37	rs417915	H3	HG00607	1
phyml	GRCh37	rs417915	H3	HG00610	2
phyml	GRCh37	rs417915	H3	HG00611	1
phyml	GRCh37	rs417915	H3	HG00613	1
phyml	GRCh37	rs417915	H3	HG00614	2
phyml	GRCh37	rs417915	H3	HG00622	1
phyml	GRCh37	rs417915	H3	HG00625	2
phyml	GRCh37	rs417915	H3	HG00628	2
phyml	GRCh37	rs417915	H3	HG00629	1
phyml	GRCh37	rs417915	H3	HG00657	1
phyml	GRCh37	rs417915	H3	HG00675	1
phyml	GRCh37	rs417915	H3	HG00690	1
phyml	GRCh37	rs417915	H3	HG00701	1
phyml	GRCh37	rs417915	H3	HG00717	1
phyml	GRCh37	rs417915	H3	HG00728	2
phyml	GRCh37	rs417915	H3	HG00743	2
phyml	GRCh37	rs417915	H3	HG00864	1
phyml	GRCh37	rs417915	H3	HG00881	1
phyml	GRCh37	rs417915	H3	HG00982	2
phyml	GRCh37	rs417915	H3	HG01080	1
phyml	GRCh37	rs417915	H3	HG01305	1
phyml	GRCh37	rs417915	H3	HG01311	2
phyml	GRCh37	rs417915	H3	HG01374	1
phyml	GRCh37	rs417915	H3	HG01384	2
phyml	GRCh37	rs417915	H3	HG01464	1
phyml	GRCh37	rs417915	H3	HG01600	2
phyml	GRCh37	rs417915	H3	HG01800	2
phyml	GRCh37	rs417915	H3	HG01807	1
phyml	GRCh37	rs417915	H3	HG01808	1
phyml	GRCh37	rs417915	H3	HG01816	1
phyml	GRCh37	rs417915	H3	HG01817	1
phyml	GRCh37	rs417915	H3	HG01840	2
phyml	GRCh37	rs417915	H3	HG01842	2
phyml	GRCh37	rs417915	H3	HG01843	2
phyml	GRCh37	rs417915	H3	HG01844	1
phyml	GRCh37	rs417915	H3	HG01851	1
phyml	GRCh37	rs417915	H3	HG01853	1
phyml	GRCh37	rs417915	H3	HG01859	1
phyml	GRCh37	rs417915	H3	HG01865	1
phyml	GRCh37	rs417915	H3	HG01866	1
phyml	GRCh37	rs417915	H3	HG01867	2
phyml	GRCh37	rs417915	H3	HG01868	1
phyml	GRCh37	rs417915	H3	HG01869	2
phyml	GRCh37	rs417915	H3	HG01918	2
phyml	GRCh37	rs417915	H3	HG02002	2
phyml	GRCh37	rs417915	H3	HG02016	1
phyml	GRCh37	rs417915	H3	HG02017	1
phyml	GRCh37	rs417915	H3	HG02019	1
phyml	GRCh37	rs417915	H3	HG02026	2
phyml	GRCh37	rs417915	H3	HG02028	2
phyml	GRCh37	rs417915	H3	HG02029	2
phyml	GRCh37	rs417915	H3	HG02050	2
phyml	GRCh37	rs417915	H3	HG02081	1
phyml	GRCh37	rs417915	H3	HG02086	2
phyml	GRCh37	rs417915	H3	HG02088	1
phyml	GRCh37	rs417915	H3	HG02128	2
phyml	GRCh37	rs417915	H3	HG02130	1
phyml	GRCh37	rs417915	H3	HG02136	1
phyml	GRCh37	rs417915	H3	HG02138	1
phyml	GRCh37	rs417915	H3	HG02141	2
phyml	GRCh37	rs417915	H3	HG02150	2
phyml	GRCh37	rs417915	H3	HG02154	1
phyml	GRCh37	rs417915	H3	HG02178	1
phyml	GRCh37	rs417915	H3	HG02180	2
phyml	GRCh37	rs417915	H3	HG02185	1
phyml	GRCh37	rs417915	H3	HG02190	2
phyml	GRCh37	rs417915	H3	HG02250	2
phyml	GRCh37	rs417915	H3	HG02262	1
phyml	GRCh37	rs417915	H3	HG02286	1
phyml	GRCh37	rs417915	H3	HG02345	2
phyml	GRCh37	rs417915	H3	HG02353	2
phyml	GRCh37	rs417915	H3	HG02367	1
phyml	GRCh37	rs417915	H3	HG02374	1
phyml	GRCh37	rs417915	H3	HG02379	2
phyml	GRCh37	rs417915	H3	HG02384	1
phyml	GRCh37	rs417915	H3	HG02385	2
phyml	GRCh37	rs417915	H3	HG02390	2
phyml	GRCh37	rs417915	H3	HG02396	2
phyml	GRCh37	rs417915	H3	HG02398	1
phyml	GRCh37	rs417915	H3	HG02402	2
phyml	GRCh37	rs417915	H3	HG02406	1
phyml	GRCh37	rs417915	H3	HG02512	1
phyml	GRCh37	rs417915	H3	HG02513	1
phyml	GRCh37	rs417915	H3	HG02513	2
phyml	GRCh37	rs417915	H3	HG02522	1
phyml	GRCh37	rs417915	H3	HG03585	2
phyml	GRCh37	rs417915	H3	HG03663	1
phyml	GRCh37	rs417915	H3	HG03793	2
phyml	GRCh37	rs417915	H3	HG03870	1
phyml	GRCh37	rs417915	H3	HG03902	1
phyml	GRCh37	rs417915	H3	HG04140	1
phyml	GRCh37	rs417915	H3	NA18525	1
phyml	GRCh37	rs417915	H3	NA18526	2
phyml	GRCh37	rs417915	H3	NA18528	1
phyml	GRCh37	rs417915	H3	NA18532	2
phyml	GRCh37	rs417915	H3	NA18533	1
phyml	GRCh37	rs417915	H3	NA18535	2
phyml	GRCh37	rs417915	H3	NA18537	1
phyml	GRCh37	rs417915	H3	NA18538	2
phyml	GRCh37	rs417915	H3	NA18541	2
phyml	GRCh37	rs417915	H3	NA18545	1
phyml	GRCh37	rs417915	H3	NA18547	2
phyml	GRCh37	rs417915	H3	NA18549	1
phyml	GRCh37	rs417915	H3	NA18552	1
phyml	GRCh37	rs417915	H3	NA18553	2
phyml	GRCh37	rs417915	H3	NA18555	1
phyml	GRCh37	rs417915	H3	NA18560	2
phyml	GRCh37	rs417915	H3	NA18563	1
phyml	GRCh37	rs417915	H3	NA18571	2
phyml	GRCh37	rs417915	H3	NA18574	1
phyml	GRCh37	rs417915	H3	NA18595	2
phyml	GRCh37	rs417915	H3	NA18596	1
phyml	GRCh37	rs417915	H3	NA18599	1
phyml	GRCh37	rs417915	H3	NA18603	1
phyml	GRCh37	rs417915	H3	NA18609	1
phyml	GRCh37	rs417915	H3	NA18610	2
phyml	GRCh37	rs417915	H3	NA18611	1
phyml	GRCh37	rs417915	H3	NA18615	2
phyml	GRCh37	rs417915	H3	NA18616	1
phyml	GRCh37	rs417915	H3	NA18617	1
phyml	GRCh37	rs417915	H3	NA18618	1
phyml	GRCh37	rs417915	H3	NA18621	2
phyml	GRCh37	rs417915	H3	NA18622	1
phyml	GRCh37	rs417915	H3	NA18623	1
phyml	GRCh37	rs417915	H3	NA18624	1
phyml	GRCh37	rs417915	H3	NA18626	2
phyml	GRCh37	rs417915	H3	NA18627	2
phyml	GRCh37	rs417915	H3	NA18628	2
phyml	GRCh37	rs417915	H3	NA18630	1
phyml	GRCh37	rs417915	H3	NA18635	1
phyml	GRCh37	rs417915	H3	NA18638	1
phyml	GRCh37	rs417915	H3	NA18639	1
phyml	GRCh37	rs417915	H3	NA18644	1
phyml	GRCh37	rs417915	H3	NA18645	2
phyml	GRCh37	rs417915	H3	NA18648	1
phyml	GRCh37	rs417915	H3	NA18740	2
phyml	GRCh37	rs417915	H3	NA18745	2
phyml	GRCh37	rs417915	H3	NA18748	1
phyml	GRCh37	rs417915	H3	NA18757	2
phyml	GRCh37	rs417915	H3	NA18939	1
phyml	GRCh37	rs417915	H3	NA18940	2
phyml	GRCh37	rs417915	H3	NA18944	2
phyml	GRCh37	rs417915	H3	NA18945	1
phyml	GRCh37	rs417915	H3	NA18946	1
phyml	GRCh37	rs417915	H3	NA18948	1
phyml	GRCh37	rs417915	H3	NA18949	1
phyml	GRCh37	rs417915	H3	NA18950	1
phyml	GRCh37	rs417915	H3	NA18952	1
phyml	GRCh37	rs417915	H3	NA18953	1
phyml	GRCh37	rs417915	H3	NA18953	2
phyml	GRCh37	rs417915	H3	NA18956	2
phyml	GRCh37	rs417915	H3	NA18959	1
phyml	GRCh37	rs417915	H3	NA18965	2
phyml	GRCh37	rs417915	H3	NA18966	2
phyml	GRCh37	rs417915	H3	NA18967	1
phyml	GRCh37	rs417915	H3	NA18979	2
phyml	GRCh37	rs417915	H3	NA18980	2
phyml	GRCh37	rs417915	H3	NA18981	1
phyml	GRCh37	rs417915	H3	NA18982	2
phyml	GRCh37	rs417915	H3	NA18983	2
phyml	GRCh37	rs417915	H3	NA18984	2
phyml	GRCh37	rs417915	H3	NA18986	1
phyml	GRCh37	rs417915	H3	NA18987	2
phyml	GRCh37	rs417915	H3	NA18988	2
phyml	GRCh37	rs417915	H3	NA18990	1
phyml	GRCh37	rs417915	H3	NA18993	2
phyml	GRCh37	rs417915	H3	NA18994	1
phyml	GRCh37	rs417915	H3	NA18998	1
phyml	GRCh37	rs417915	H3	NA19000	1
phyml	GRCh37	rs417915	H3	NA19001	2
phyml	GRCh37	rs417915	H3	NA19003	1
phyml	GRCh37	rs417915	H3	NA19004	2
phyml	GRCh37	rs417915	H3	NA19005	2
phyml	GRCh37	rs417915	H3	NA19007	2
phyml	GRCh37	rs417915	H3	NA19010	2
phyml	GRCh37	rs417915	H3	NA19054	2
phyml	GRCh37	rs417915	H3	NA19055	2
phyml	GRCh37	rs417915	H3	NA19056	2
phyml	GRCh37	rs417915	H3	NA19057	1
phyml	GRCh37	rs417915	H3	NA19058	1
phyml	GRCh37	rs417915	H3	NA19060	2
phyml	GRCh37	rs417915	H3	NA19065	1
phyml	GRCh37	rs417915	H3	NA19066	1
phyml	GRCh37	rs417915	H3	NA19067	2
phyml	GRCh37	rs417915	H3	NA19068	2
phyml	GRCh37	rs417915	H3	NA19070	1
phyml	GRCh37	rs417915	H3	NA19072	1
phyml	GRCh37	rs417915	H3	NA19075	2
phyml	GRCh37	rs417915	H3	NA19077	1
phyml	GRCh37	rs417915	H3	NA19078	1
phyml	GRCh37	rs417915	H3	NA19079	2
phyml	GRCh37	rs417915	H3	NA19083	1
phyml	GRCh37	rs417915	H3	NA19087	1
phyml	GRCh37	rs417915	H3	NA19088	1
phyml	GRCh37	rs417915	H3	NA19625	1
phyml	GRCh37	rs417915	H3	NA19661	2
phyml	GRCh37	rs417915	H3	NA19664	1
phyml	GRCh37	rs417915	H3	NA19669	1
phyml	GRCh37	rs417915	H3	NA19679	2
phyml	GRCh37	rs417915	H3	NA19716	1
phyml	GRCh37	rs417915	H3	NA19795	1
phyml	GRCh37	rs417915	H3	NA19921	2
phyml	GRCh37	rs417915	H3	NA20858	1
phyml	GRCh37	rs417915	H4	HG00188	1
phyml	GRCh37	rs417915	H4	HG00189	1
phyml	GRCh37	rs417915	H4	HG00246	1
phyml	GRCh37	rs417915	H4	HG00251	1
phyml	GRCh37	rs417915	H4	HG00321	2
phyml	GRCh37	rs417915	H4	HG00342	1
phyml	GRCh37	rs417915	H4	HG00407	2
phyml	GRCh37	rs417915	H4	HG00442	1
phyml	GRCh37	rs417915	H4	HG00443	2
phyml	GRCh37	rs417915	H4	HG00446	1
phyml	GRCh37	rs417915	H4	HG00448	1
phyml	GRCh37	rs417915	H4	HG00449	1
phyml	GRCh37	rs417915	H4	HG00458	1
phyml	GRCh37	rs417915	H4	HG00463	2
phyml	GRCh37	rs417915	H4	HG00464	2
phyml	GRCh37	rs417915	H4	HG00473	1
phyml	GRCh37	rs417915	H4	HG00476	1
phyml	GRCh37	rs417915	H4	HG00479	1
phyml	GRCh37	rs417915	H4	HG00530	1
phyml	GRCh37	rs417915	H4	HG00534	1
phyml	GRCh37	rs417915	H4	HG00559	1
phyml	GRCh37	rs417915	H4	HG00580	1
phyml	GRCh37	rs417915	H4	HG00595	1
phyml	GRCh37	rs417915	H4	HG00599	2
phyml	GRCh37	rs417915	H4	HG00619	1
phyml	GRCh37	rs417915	H4	HG00620	2
phyml	GRCh37	rs417915	H4	HG00632	2
phyml	GRCh37	rs417915	H4	HG00634	1
phyml	GRCh37	rs417915	H4	HG00653	2
phyml	GRCh37	rs417915	H4	HG00654	1
phyml	GRCh37	rs417915	H4	HG00699	2
phyml	GRCh37	rs417915	H4	HG00701	2
phyml	GRCh37	rs417915	H4	HG00708	2
phyml	GRCh37	rs417915	H4	HG00728	1
phyml	GRCh37	rs417915	H4	HG00867	1
phyml	GRCh37	rs417915	H4	HG01031	2
phyml	GRCh37	rs417915	H4	HG01046	1
phyml	GRCh37	rs417915	H4	HG01047	1
phyml	GRCh37	rs417915	H4	HG01108	2
phyml	GRCh37	rs417915	H4	HG01121	1
phyml	GRCh37	rs417915	H4	HG01131	2
phyml	GRCh37	rs417915	H4	HG01168	1
phyml	GRCh37	rs417915	H4	HG01485	1
phyml	GRCh37	rs417915	H4	HG01497	2
phyml	GRCh37	rs417915	H4	HG01519	2
phyml	GRCh37	rs417915	H4	HG01537	2
phyml	GRCh37	rs417915	H4	HG01589	1
phyml	GRCh37	rs417915	H4	HG01776	2
phyml	GRCh37	rs417915	H4	HG01797	1
phyml	GRCh37	rs417915	H4	HG01801	2
phyml	GRCh37	rs417915	H4	HG01802	2
phyml	GRCh37	rs417915	H4	HG01805	1
phyml	GRCh37	rs417915	H4	HG01811	2
phyml	GRCh37	rs417915	H4	HG01847	2
phyml	GRCh37	rs417915	H4	HG01848	2
phyml	GRCh37	rs417915	H4	HG01858	2
phyml	GRCh37	rs417915	H4	HG01944	2
phyml	GRCh37	rs417915	H4	HG01973	1
phyml	GRCh37	rs417915	H4	HG02058	1
phyml	GRCh37	rs417915	H4	HG02058	2
phyml	GRCh37	rs417915	H4	HG02060	2
phyml	GRCh37	rs417915	H4	HG02067	1
phyml	GRCh37	rs417915	H4	HG02075	1
phyml	GRCh37	rs417915	H4	HG02076	2
phyml	GRCh37	rs417915	H4	HG02079	1
phyml	GRCh37	rs417915	H4	HG02081	2
phyml	GRCh37	rs417915	H4	HG02113	2
phyml	GRCh37	rs417915	H4	HG02131	1
phyml	GRCh37	rs417915	H4	HG02186	1
phyml	GRCh37	rs417915	H4	HG02188	1
phyml	GRCh37	rs417915	H4	HG02356	1
phyml	GRCh37	rs417915	H4	HG02382	2
phyml	GRCh37	rs417915	H4	HG02384	2
phyml	GRCh37	rs417915	H4	HG02397	2
phyml	GRCh37	rs417915	H4	HG02407	2
phyml	GRCh37	rs417915	H4	HG02408	1
phyml	GRCh37	rs417915	H4	HG02521	2
phyml	GRCh37	rs417915	H4	HG02603	1
phyml	GRCh37	rs417915	H4	HG02643	1
phyml	GRCh37	rs417915	H4	HG02645	2
phyml	GRCh37	rs417915	H4	HG02660	1
phyml	GRCh37	rs417915	H4	HG02690	1
phyml	GRCh37	rs417915	H4	HG02691	2
phyml	GRCh37	rs417915	H4	HG02696	2
phyml	GRCh37	rs417915	H4	HG02733	1
phyml	GRCh37	rs417915	H4	HG02780	1
phyml	GRCh37	rs417915	H4	HG03009	1
phyml	GRCh37	rs417915	H4	HG03009	2
phyml	GRCh37	rs417915	H4	HG03019	1
phyml	GRCh37	rs417915	H4	HG03019	2
phyml	GRCh37	rs417915	H4	HG03229	1
phyml	GRCh37	rs417915	H4	HG03234	1
phyml	GRCh37	rs417915	H4	HG03600	2
phyml	GRCh37	rs417915	H4	HG03615	2
phyml	GRCh37	rs417915	H4	HG03629	2
phyml	GRCh37	rs417915	H4	HG03643	2
phyml	GRCh37	rs417915	H4	HG03646	1
phyml	GRCh37	rs417915	H4	HG03672	2
phyml	GRCh37	rs417915	H4	HG03673	1
phyml	GRCh37	rs417915	H4	HG03686	1
phyml	GRCh37	rs417915	H4	HG03689	1
phyml	GRCh37	rs417915	H4	HG03689	2
phyml	GRCh37	rs417915	H4	HG03690	1
phyml	GRCh37	rs417915	H4	HG03709	1
phyml	GRCh37	rs417915	H4	HG03711	2
phyml	GRCh37	rs417915	H4	HG03713	1
phyml	GRCh37	rs417915	H4	HG03722	1
phyml	GRCh37	rs417915	H4	HG03727	2
phyml	GRCh37	rs417915	H4	HG03740	2
phyml	GRCh37	rs417915	H4	HG03767	1
phyml	GRCh37	rs417915	H4	HG03770	2
phyml	GRCh37	rs417915	H4	HG03771	2
phyml	GRCh37	rs417915	H4	HG03784	2
phyml	GRCh37	rs417915	H4	HG03815	2
phyml	GRCh37	rs417915	H4	HG03821	1
phyml	GRCh37	rs417915	H4	HG03824	1
phyml	GRCh37	rs417915	H4	HG03826	2
phyml	GRCh37	rs417915	H4	HG03838	1
phyml	GRCh37	rs417915	H4	HG03846	2
phyml	GRCh37	rs417915	H4	HG03858	2
phyml	GRCh37	rs417915	H4	HG03874	1
phyml	GRCh37	rs417915	H4	HG03882	2
phyml	GRCh37	rs417915	H4	HG03896	1
phyml	GRCh37	rs417915	H4	HG03917	1
phyml	GRCh37	rs417915	H4	HG03922	2
phyml	GRCh37	rs417915	H4	HG03953	2
phyml	GRCh37	rs417915	H4	HG04017	2
phyml	GRCh37	rs417915	H4	HG04023	1
phyml	GRCh37	rs417915	H4	HG04033	1
phyml	GRCh37	rs417915	H4	HG04035	2
phyml	GRCh37	rs417915	H4	HG04038	2
phyml	GRCh37	rs417915	H4	HG04054	1
phyml	GRCh37	rs417915	H4	HG04054	2
phyml	GRCh37	rs417915	H4	HG04060	1
phyml	GRCh37	rs417915	H4	HG04060	2
phyml	GRCh37	rs417915	H4	HG04061	1
phyml	GRCh37	rs417915	H4	HG04061	2
phyml	GRCh37	rs417915	H4	HG04063	1
phyml	GRCh37	rs417915	H4	HG04098	1
phyml	GRCh37	rs417915	H4	HG04146	2
phyml	GRCh37	rs417915	H4	HG04155	1
phyml	GRCh37	rs417915	H4	HG04156	2
phyml	GRCh37	rs417915	H4	HG04180	2
phyml	GRCh37	rs417915	H4	HG04211	2
phyml	GRCh37	rs417915	H4	HG04219	1
phyml	GRCh37	rs417915	H4	HG04219	2
phyml	GRCh37	rs417915	H4	NA18531	1
phyml	GRCh37	rs417915	H4	NA18531	2
phyml	GRCh37	rs417915	H4	NA18559	2
phyml	GRCh37	rs417915	H4	NA18560	1
phyml	GRCh37	rs417915	H4	NA18564	2
phyml	GRCh37	rs417915	H4	NA18566	2
phyml	GRCh37	rs417915	H4	NA18567	2
phyml	GRCh37	rs417915	H4	NA18579	1
phyml	GRCh37	rs417915	H4	NA18579	2
phyml	GRCh37	rs417915	H4	NA18591	1
phyml	GRCh37	rs417915	H4	NA18614	2
phyml	GRCh37	rs417915	H4	NA18615	1
phyml	GRCh37	rs417915	H4	NA18625	2
phyml	GRCh37	rs417915	H4	NA18632	2
phyml	GRCh37	rs417915	H4	NA18641	2
phyml	GRCh37	rs417915	H4	NA18642	1
phyml	GRCh37	rs417915	H4	NA18961	1
phyml	GRCh37	rs417915	H4	NA18985	2
phyml	GRCh37	rs417915	H4	NA19002	1
phyml	GRCh37	rs417915	H4	NA19002	2
phyml	GRCh37	rs417915	H4	NA19007	1
phyml	GRCh37	rs417915	H4	NA19054	1
phyml	GRCh37	rs417915	H4	NA19058	2
phyml	GRCh37	rs417915	H4	NA19059	2
phyml	GRCh37	rs417915	H4	NA19063	1
phyml	GRCh37	rs417915	H4	NA19063	2
phyml	GRCh37	rs417915	H4	NA19074	1
phyml	GRCh37	rs417915	H4	NA19081	1
phyml	GRCh37	rs417915	H4	NA19088	2
phyml	GRCh37	rs417915	H4	NA19090	1
phyml	GRCh37	rs417915	H4	NA19648	1
phyml	GRCh37	rs417915	H4	NA19982	1
phyml	GRCh37	rs417915	H4	NA20586	2
phyml	GRCh37	rs417915	H4	NA20589	1
phyml	GRCh37	rs417915	H4	NA20813	1
phyml	GRCh37	rs417915	H4	NA20861	1
phyml	GRCh37	rs417915	H4	NA20872	1
phyml	GRCh37	rs417915	H4	NA20875	1
phyml	GRCh37	rs417915	H4	NA20877	1
phyml	GRCh37	rs417915	H4	NA20884	1
phyml	GRCh37	rs417915	H4	NA20888	1
phyml	GRCh37	rs417915	H4	NA21090	2
phyml	GRCh37	rs417915	H4	NA21093	1
phyml	GRCh37	rs417915	H4	NA21093	2
phyml	GRCh37	rs417915	H4	NA21098	1
phyml	GRCh37	rs417915	H4	NA21101	1
phyml	GRCh37	rs417915	H4	NA21106	1
phyml	GRCh37	rs417915	H4	NA21117	1
phyml	GRCh37	rs417915	H4	NA21127	2
phyml	GRCh37	rs417915	H4	NA21129	2
phyml	GRCh37	rs417915	H5	HG00406	1
phyml	GRCh37	rs417915	H5	HG00407	1
phyml	GRCh37	rs417915	H5	HG00419	2
phyml	GRCh37	rs417915	H5	HG00422	1
phyml	GRCh37	rs417915	H5	HG00436	2
phyml	GRCh37	rs417915	H5	HG00446	2
phyml	GRCh37	rs417915	H5	HG00449	2
phyml	GRCh37	rs417915	H5	HG00451	2
phyml	GRCh37	rs417915	H5	HG00452	2
phyml	GRCh37	rs417915	H5	HG00458	2
phyml	GRCh37	rs417915	H5	HG00472	2
phyml	GRCh37	rs417915	H5	HG00473	2
phyml	GRCh37	rs417915	H5	HG00475	1
phyml	GRCh37	rs417915	H5	HG00479	2
phyml	GRCh37	rs417915	H5	HG00500	2
phyml	GRCh37	rs417915	H5	HG00513	1
phyml	GRCh37	rs417915	H5	HG00525	1
phyml	GRCh37	rs417915	H5	HG00531	1
phyml	GRCh37	rs417915	H5	HG00533	2
phyml	GRCh37	rs417915	H5	HG00536	2
phyml	GRCh37	rs417915	H5	HG00537	2
phyml	GRCh37	rs417915	H5	HG00543	2
phyml	GRCh37	rs417915	H5	HG00557	1
phyml	GRCh37	rs417915	H5	HG00583	1
phyml	GRCh37	rs417915	H5	HG00589	2
phyml	GRCh37	rs417915	H5	HG00607	2
phyml	GRCh37	rs417915	H5	HG00651	1
phyml	GRCh37	rs417915	H5	HG00653	1
phyml	GRCh37	rs417915	H5	HG00683	2
phyml	GRCh37	rs417915	H5	HG00693	1
phyml	GRCh37	rs417915	H5	HG00698	1
phyml	GRCh37	rs417915	H5	HG00705	2
phyml	GRCh37	rs417915	H5	HG00707	2
phyml	GRCh37	rs417915	H5	HG00708	1
phyml	GRCh37	rs417915	H5	HG00956	1
phyml	GRCh37	rs417915	H5	HG01098	2
phyml	GRCh37	rs417915	H5	HG01187	2
phyml	GRCh37	rs417915	H5	HG01302	2
phyml	GRCh37	rs417915	H5	HG01372	2
phyml	GRCh37	rs417915	H5	HG01598	1
phyml	GRCh37	rs417915	H5	HG01599	2
phyml	GRCh37	rs417915	H5	HG01798	2
phyml	GRCh37	rs417915	H5	HG01807	2
phyml	GRCh37	rs417915	H5	HG01809	1
phyml	GRCh37	rs417915	H5	HG01810	1
phyml	GRCh37	rs417915	H5	HG01812	1
phyml	GRCh37	rs417915	H5	HG01813	2
phyml	GRCh37	rs417915	H5	HG01841	2
phyml	GRCh37	rs417915	H5	HG01846	2
phyml	GRCh37	rs417915	H5	HG01851	2
phyml	GRCh37	rs417915	H5	HG01855	2
phyml	GRCh37	rs417915	H5	HG01859	2
phyml	GRCh37	rs417915	H5	HG01868	2
phyml	GRCh37	rs417915	H5	HG01870	2
phyml	GRCh37	rs417915	H5	HG01872	2
phyml	GRCh37	rs417915	H5	HG01874	2
phyml	GRCh37	rs417915	H5	HG01878	2
phyml	GRCh37	rs417915	H5	HG01917	1
phyml	GRCh37	rs417915	H5	HG01936	2
phyml	GRCh37	rs417915	H5	HG01970	1
phyml	GRCh37	rs417915	H5	HG01977	1
phyml	GRCh37	rs417915	H5	HG02023	2
phyml	GRCh37	rs417915	H5	HG02032	2
phyml	GRCh37	rs417915	H5	HG02040	2
phyml	GRCh37	rs417915	H5	HG02049	2
phyml	GRCh37	rs417915	H5	HG02050	1
phyml	GRCh37	rs417915	H5	HG02064	1
phyml	GRCh37	rs417915	H5	HG02070	2
phyml	GRCh37	rs417915	H5	HG02072	1
phyml	GRCh37	rs417915	H5	HG02073	2
phyml	GRCh37	rs417915	H5	HG02136	2
phyml	GRCh37	rs417915	H5	HG02304	1
phyml	GRCh37	rs417915	H5	HG02364	1
phyml	GRCh37	rs417915	H5	HG02382	1
phyml	GRCh37	rs417915	H5	HG02392	1
phyml	GRCh37	rs417915	H5	HG02406	2
phyml	GRCh37	rs417915	H5	HG03829	2
phyml	GRCh37	rs417915	H5	HG03832	2
phyml	GRCh37	rs417915	H5	HG03922	1
phyml	GRCh37	rs417915	H5	HG04090	1
phyml	GRCh37	rs417915	H5	NA18533	2
phyml	GRCh37	rs417915	H5	NA18534	1
phyml	GRCh37	rs417915	H5	NA18536	1
phyml	GRCh37	rs417915	H5	NA18537	2
phyml	GRCh37	rs417915	H5	NA18542	2
phyml	GRCh37	rs417915	H5	NA18543	2
phyml	GRCh37	rs417915	H5	NA18544	2
phyml	GRCh37	rs417915	H5	NA18546	2
phyml	GRCh37	rs417915	H5	NA18549	2
phyml	GRCh37	rs417915	H5	NA18558	1
phyml	GRCh37	rs417915	H5	NA18559	1
phyml	GRCh37	rs417915	H5	NA18562	2
phyml	GRCh37	rs417915	H5	NA18563	2
phyml	GRCh37	rs417915	H5	NA18572	1
phyml	GRCh37	rs417915	H5	NA18574	2
phyml	GRCh37	rs417915	H5	NA18582	2
phyml	GRCh37	rs417915	H5	NA18593	1
phyml	GRCh37	rs417915	H5	NA18595	1
phyml	GRCh37	rs417915	H5	NA18596	2
phyml	GRCh37	rs417915	H5	NA18599	2
phyml	GRCh37	rs417915	H5	NA18602	2
phyml	GRCh37	rs417915	H5	NA18606	1
phyml	GRCh37	rs417915	H5	NA18620	2
phyml	GRCh37	rs417915	H5	NA18623	2
phyml	GRCh37	rs417915	H5	NA18624	2
phyml	GRCh37	rs417915	H5	NA18632	1
phyml	GRCh37	rs417915	H5	NA18633	1
phyml	GRCh37	rs417915	H5	NA18635	2
phyml	GRCh37	rs417915	H5	NA18636	1
phyml	GRCh37	rs417915	H5	NA18637	2
phyml	GRCh37	rs417915	H5	NA18638	2
phyml	GRCh37	rs417915	H5	NA18643	2
phyml	GRCh37	rs417915	H5	NA18644	2
phyml	GRCh37	rs417915	H5	NA18646	2
phyml	GRCh37	rs417915	H5	NA18942	1
phyml	GRCh37	rs417915	H5	NA18945	2
phyml	GRCh37	rs417915	H5	NA18947	1
phyml	GRCh37	rs417915	H5	NA18948	2
phyml	GRCh37	rs417915	H5	NA18952	2
phyml	GRCh37	rs417915	H5	NA18964	1
phyml	GRCh37	rs417915	H5	NA18966	1
phyml	GRCh37	rs417915	H5	NA18968	1
phyml	GRCh37	rs417915	H5	NA18969	2
phyml	GRCh37	rs417915	H5	NA18972	2
phyml	GRCh37	rs417915	H5	NA18973	2
phyml	GRCh37	rs417915	H5	NA18974	1
phyml	GRCh37	rs417915	H5	NA18975	2
phyml	GRCh37	rs417915	H5	NA18976	1
phyml	GRCh37	rs417915	H5	NA18981	2
phyml	GRCh37	rs417915	H5	NA18984	1
phyml	GRCh37	rs417915	H5	NA18987	1
phyml	GRCh37	rs417915	H5	NA18990	2
phyml	GRCh37	rs417915	H5	NA18999	1
phyml	GRCh37	rs417915	H5	NA19000	2
phyml	GRCh37	rs417915	H5	NA19003	2
phyml	GRCh37	rs417915	H5	NA19011	1
phyml	GRCh37	rs417915	H5	NA19062	2
phyml	GRCh37	rs417915	H5	NA19065	2
phyml	GRCh37	rs417915	H5	NA19068	1
phyml	GRCh37	rs417915	H5	NA19074	2
phyml	GRCh37	rs417915	H5	NA19076	2
phyml	GRCh37	rs417915	H5	NA19077	2
phyml	GRCh37	rs417915	H5	NA19083	2
phyml	GRCh37	rs417915	H5	NA19084	2
phyml	GRCh37	rs417915	H5	NA19089	2
phyml	GRCh37	rs417915	H5	NA19090	2
phyml	GRCh37	rs417915	H5	NA19091	1
phyml	GRCh37	rs417915	H5	NA19676	2
phyml	GRCh37	rs417915	H5	NA19729	1
phyml	GRCh37	rs417915	H5	NA19731	1
phyml	GRCh37	rs417915	H5	NA19747	2
phyml	GRCh37	rs417915	H5	NA19758	1
phyml	GRCh37	rs417915	H5	NA19762	1
phyml	GRCh37	rs417915	H6	HG00100	1
phyml	GRCh37	rs417915	H6	HG00103	2
phyml	GRCh37	rs417915	H6	HG00113	2
phyml	GRCh37	rs417915	H6	HG00120	2
phyml	GRCh37	rs417915	H6	HG00121	2
phyml	GRCh37	rs417915	H6	HG00133	2
phyml	GRCh37	rs417915	H6	HG00178	2
phyml	GRCh37	rs417915	H6	HG00183	1
phyml	GRCh37	rs417915	H6	HG00185	2
phyml	GRCh37	rs417915	H6	HG00237	2
phyml	GRCh37	rs417915	H6	HG00253	2
phyml	GRCh37	rs417915	H6	HG00254	2
phyml	GRCh37	rs417915	H6	HG00260	2
phyml	GRCh37	rs417915	H6	HG00266	2
phyml	GRCh37	rs417915	H6	HG00271	2
phyml	GRCh37	rs417915	H6	HG00275	2
phyml	GRCh37	rs417915	H6	HG00282	2
phyml	GRCh37	rs417915	H6	HG00304	2
phyml	GRCh37	rs417915	H6	HG00334	2
phyml	GRCh37	rs417915	H6	HG00362	2
phyml	GRCh37	rs417915	H6	HG00383	1
phyml	GRCh37	rs417915	H6	HG00524	1
phyml	GRCh37	rs417915	H6	HG00542	1
phyml	GRCh37	rs417915	H6	HG00641	2
phyml	GRCh37	rs417915	H6	HG00736	1
phyml	GRCh37	rs417915	H6	HG01047	2
phyml	GRCh37	rs417915	H6	HG01055	1
phyml	GRCh37	rs417915	H6	HG01070	2
phyml	GRCh37	rs417915	H6	HG01072	2
phyml	GRCh37	rs417915	H6	HG01083	1
phyml	GRCh37	rs417915	H6	HG01088	2
phyml	GRCh37	rs417915	H6	HG01119	1
phyml	GRCh37	rs417915	H6	HG01134	2
phyml	GRCh37	rs417915	H6	HG01164	2
phyml	GRCh37	rs417915	H6	HG01173	2
phyml	GRCh37	rs417915	H6	HG01251	2
phyml	GRCh37	rs417915	H6	HG01275	1
phyml	GRCh37	rs417915	H6	HG01323	2
phyml	GRCh37	rs417915	H6	HG01341	2
phyml	GRCh37	rs417915	H6	HG01353	1
phyml	GRCh37	rs417915	H6	HG01363	1
phyml	GRCh37	rs417915	H6	HG01389	2
phyml	GRCh37	rs417915	H6	HG01392	1
phyml	GRCh37	rs417915	H6	HG01405	2
phyml	GRCh37	rs417915	H6	HG01444	1
phyml	GRCh37	rs417915	H6	HG01488	2
phyml	GRCh37	rs417915	H6	HG01489	2
phyml	GRCh37	rs417915	H6	HG01503	2
phyml	GRCh37	rs417915	H6	HG01516	2
phyml	GRCh37	rs417915	H6	HG01519	1
phyml	GRCh37	rs417915	H6	HG01521	1
phyml	GRCh37	rs417915	H6	HG01522	1
phyml	GRCh37	rs417915	H6	HG01525	1
phyml	GRCh37	rs417915	H6	HG01530	1
phyml	GRCh37	rs417915	H6	HG01531	2
phyml	GRCh37	rs417915	H6	HG01550	1
phyml	GRCh37	rs417915	H6	HG01556	2
phyml	GRCh37	rs417915	H6	HG01607	2
phyml	GRCh37	rs417915	H6	HG01615	1
phyml	GRCh37	rs417915	H6	HG01673	2
phyml	GRCh37	rs417915	H6	HG01686	2
phyml	GRCh37	rs417915	H6	HG01699	2
phyml	GRCh37	rs417915	H6	HG01756	1
phyml	GRCh37	rs417915	H6	HG01757	1
phyml	GRCh37	rs417915	H6	HG01762	1
phyml	GRCh37	rs417915	H6	HG01779	1
phyml	GRCh37	rs417915	H6	HG01804	1
phyml	GRCh37	rs417915	H6	HG01817	2
phyml	GRCh37	rs417915	H6	HG01953	2
phyml	GRCh37	rs417915	H6	HG01973	2
phyml	GRCh37	rs417915	H6	HG01976	2
phyml	GRCh37	rs417915	H6	HG02102	2
phyml	GRCh37	rs417915	H6	HG02238	2
phyml	GRCh37	rs417915	H6	HG02345	1
phyml	GRCh37	rs417915	H6	HG02494	2
phyml	GRCh37	rs417915	H6	HG02649	2
phyml	GRCh37	rs417915	H6	HG02681	2
phyml	GRCh37	rs417915	H6	HG02699	2
phyml	GRCh37	rs417915	H6	HG02736	2
phyml	GRCh37	rs417915	H6	HG02737	2
phyml	GRCh37	rs417915	H6	HG02774	2
phyml	GRCh37	rs417915	H6	HG02775	2
phyml	GRCh37	rs417915	H6	HG02792	1
phyml	GRCh37	rs417915	H6	HG02793	1
phyml	GRCh37	rs417915	H6	HG03022	1
phyml	GRCh37	rs417915	H6	HG03228	2
phyml	GRCh37	rs417915	H6	HG03631	2
phyml	GRCh37	rs417915	H6	HG03744	2
phyml	GRCh37	rs417915	H6	HG03875	1
phyml	GRCh37	rs417915	H6	HG03910	2
phyml	GRCh37	rs417915	H6	HG03920	1
phyml	GRCh37	rs417915	H6	HG04134	2
phyml	GRCh37	rs417915	H6	HG04140	2
phyml	GRCh37	rs417915	H6	HG04185	1
phyml	GRCh37	rs417915	H6	NA06994	2
phyml	GRCh37	rs417915	H6	NA11892	2
phyml	GRCh37	rs417915	H6	NA11893	1
phyml	GRCh37	rs417915	H6	NA11933	1
phyml	GRCh37	rs417915	H6	NA12058	1
phyml	GRCh37	rs417915	H6	NA12282	2
phyml	GRCh37	rs417915	H6	NA12283	2
phyml	GRCh37	rs417915	H6	NA12286	2
phyml	GRCh37	rs417915	H6	NA12383	2
phyml	GRCh37	rs417915	H6	NA12716	1
phyml	GRCh37	rs417915	H6	NA12717	2
phyml	GRCh37	rs417915	H6	NA12718	2
phyml	GRCh37	rs417915	H6	NA12749	2
phyml	GRCh37	rs417915	H6	NA12760	2
phyml	GRCh37	rs417915	H6	NA12763	2
phyml	GRCh37	rs417915	H6	NA12775	2
phyml	GRCh37	rs417915	H6	NA12777	2
phyml	GRCh37	rs417915	H6	NA12890	2
phyml	GRCh37	rs417915	H6	NA18621	1
phyml	GRCh37	rs417915	H6	NA19331	1
phyml	GRCh37	rs417915	H6	NA19779	2
phyml	GRCh37	rs417915	H6	NA20126	2
phyml	GRCh37	rs417915	H6	NA20276	2
phyml	GRCh37	rs417915	H6	NA20278	1
phyml	GRCh37	rs417915	H6	NA20318	2
phyml	GRCh37	rs417915	H6	NA20340	1
phyml	GRCh37	rs417915	H6	NA20509	2
phyml	GRCh37	rs417915	H6	NA20511	2
phyml	GRCh37	rs417915	H6	NA20513	2
phyml	GRCh37	rs417915	H6	NA20533	1
phyml	GRCh37	rs417915	H6	NA20544	1
phyml	GRCh37	rs417915	H6	NA20585	2
phyml	GRCh37	rs417915	H6	NA20587	1
phyml	GRCh37	rs417915	H6	NA20755	2
phyml	GRCh37	rs417915	H6	NA20757	1
phyml	GRCh37	rs417915	H6	NA20759	2
phyml	GRCh37	rs417915	H6	NA20760	2
phyml	GRCh37	rs417915	H6	NA20765	1
phyml	GRCh37	rs417915	H6	NA20790	1
phyml	GRCh37	rs417915	H6	NA20797	2
phyml	GRCh37	rs417915	H6	NA20814	2
phyml	GRCh37	rs417915	H6	NA20826	1
phyml	GRCh37	rs417915	H6	NA21094	1
phyml	GRCh37	rs417915	H6	NA21103	2
phyml	GRCh37	rs417915	H7	HG00119	1
phyml	GRCh37	rs417915	H7	HG00122	2
phyml	GRCh37	rs417915	H7	HG00129	2
phyml	GRCh37	rs417915	H7	HG00137	2
phyml	GRCh37	rs417915	H7	HG00140	1
phyml	GRCh37	rs417915	H7	HG00146	2
phyml	GRCh37	rs417915	H7	HG00171	2
phyml	GRCh37	rs417915	H7	HG00181	1
phyml	GRCh37	rs417915	H7	HG00186	2
phyml	GRCh37	rs417915	H7	HG00187	2
phyml	GRCh37	rs417915	H7	HG00233	2
phyml	GRCh37	rs417915	H7	HG00239	1
phyml	GRCh37	rs417915	H7	HG00250	1
phyml	GRCh37	rs417915	H7	HG00258	1
phyml	GRCh37	rs417915	H7	HG00259	2
phyml	GRCh37	rs417915	H7	HG00266	1
phyml	GRCh37	rs417915	H7	HG00276	1
phyml	GRCh37	rs417915	H7	HG00278	2
phyml	GRCh37	rs417915	H7	HG00284	2
phyml	GRCh37	rs417915	H7	HG00288	2
phyml	GRCh37	rs417915	H7	HG00308	1
phyml	GRCh37	rs417915	H7	HG00315	2
phyml	GRCh37	rs417915	H7	HG00318	1
phyml	GRCh37	rs417915	H7	HG00323	2
phyml	GRCh37	rs417915	H7	HG00325	1
phyml	GRCh37	rs417915	H7	HG00326	2
phyml	GRCh37	rs417915	H7	HG00337	1
phyml	GRCh37	rs417915	H7	HG00343	2
phyml	GRCh37	rs417915	H7	HG00344	2
phyml	GRCh37	rs417915	H7	HG00349	1
phyml	GRCh37	rs417915	H7	HG00350	2
phyml	GRCh37	rs417915	H7	HG00351	1
phyml	GRCh37	rs417915	H7	HG00353	2
phyml	GRCh37	rs417915	H7	HG00365	2
phyml	GRCh37	rs417915	H7	HG00368	1
phyml	GRCh37	rs417915	H7	HG00369	2
phyml	GRCh37	rs417915	H7	HG00372	1
phyml	GRCh37	rs417915	H7	HG00379	2
phyml	GRCh37	rs417915	H7	HG00554	2
phyml	GRCh37	rs417915	H7	HG00637	2
phyml	GRCh37	rs417915	H7	HG00731	1
phyml	GRCh37	rs417915	H7	HG00739	1
phyml	GRCh37	rs417915	H7	HG01054	1
phyml	GRCh37	rs417915	H7	HG01058	1
phyml	GRCh37	rs417915	H7	HG01063	1
phyml	GRCh37	rs417915	H7	HG01064	1
phyml	GRCh37	rs417915	H7	HG01067	1
phyml	GRCh37	rs417915	H7	HG01069	1
phyml	GRCh37	rs417915	H7	HG01077	2
phyml	GRCh37	rs417915	H7	HG01083	2
phyml	GRCh37	rs417915	H7	HG01089	1
phyml	GRCh37	rs417915	H7	HG01097	2
phyml	GRCh37	rs417915	H7	HG01105	1
phyml	GRCh37	rs417915	H7	HG01124	1
phyml	GRCh37	rs417915	H7	HG01124	2
phyml	GRCh37	rs417915	H7	HG01188	2
phyml	GRCh37	rs417915	H7	HG01197	1
phyml	GRCh37	rs417915	H7	HG01200	2
phyml	GRCh37	rs417915	H7	HG01286	2
phyml	GRCh37	rs417915	H7	HG01369	1
phyml	GRCh37	rs417915	H7	HG01398	1
phyml	GRCh37	rs417915	H7	HG01412	1
phyml	GRCh37	rs417915	H7	HG01438	2
phyml	GRCh37	rs417915	H7	HG01503	1
phyml	GRCh37	rs417915	H7	HG01512	1
phyml	GRCh37	rs417915	H7	HG01516	1
phyml	GRCh37	rs417915	H7	HG01528	2
phyml	GRCh37	rs417915	H7	HG01566	2
phyml	GRCh37	rs417915	H7	HG01602	2
phyml	GRCh37	rs417915	H7	HG01608	1
phyml	GRCh37	rs417915	H7	HG01613	1
phyml	GRCh37	rs417915	H7	HG01623	2
phyml	GRCh37	rs417915	H7	HG01625	1
phyml	GRCh37	rs417915	H7	HG01628	1
phyml	GRCh37	rs417915	H7	HG01669	2
phyml	GRCh37	rs417915	H7	HG01670	2
phyml	GRCh37	rs417915	H7	HG01672	1
phyml	GRCh37	rs417915	H7	HG01684	1
phyml	GRCh37	rs417915	H7	HG01694	2
phyml	GRCh37	rs417915	H7	HG01705	1
phyml	GRCh37	rs417915	H7	HG01708	1
phyml	GRCh37	rs417915	H7	HG01775	2
phyml	GRCh37	rs417915	H7	HG01790	1
phyml	GRCh37	rs417915	H7	HG01939	2
phyml	GRCh37	rs417915	H7	HG01970	2
phyml	GRCh37	rs417915	H7	HG02147	2
phyml	GRCh37	rs417915	H7	HG02223	2
phyml	GRCh37	rs417915	H7	HG02231	1
phyml	GRCh37	rs417915	H7	HG02285	1
phyml	GRCh37	rs417915	H7	HG02286	2
phyml	GRCh37	rs417915	H7	HG02450	2
phyml	GRCh37	rs417915	H7	HG02681	1
phyml	GRCh37	rs417915	H7	HG02691	1
phyml	GRCh37	rs417915	H7	HG03595	2
phyml	GRCh37	rs417915	H7	HG03600	1
phyml	GRCh37	rs417915	H7	HG03908	2
phyml	GRCh37	rs417915	H7	NA06986	1
phyml	GRCh37	rs417915	H7	NA07048	2
phyml	GRCh37	rs417915	H7	NA07056	1
phyml	GRCh37	rs417915	H7	NA07357	2
phyml	GRCh37	rs417915	H7	NA10851	1
phyml	GRCh37	rs417915	H7	NA11829	2
phyml	GRCh37	rs417915	H7	NA11840	2
phyml	GRCh37	rs417915	H7	NA11881	2
phyml	GRCh37	rs417915	H7	NA11932	1
phyml	GRCh37	rs417915	H7	NA11933	2
phyml	GRCh37	rs417915	H7	NA11994	1
phyml	GRCh37	rs417915	H7	NA12005	2
phyml	GRCh37	rs417915	H7	NA12045	2
phyml	GRCh37	rs417915	H7	NA12046	1
phyml	GRCh37	rs417915	H7	NA12155	1
phyml	GRCh37	rs417915	H7	NA12249	1
phyml	GRCh37	rs417915	H7	NA12273	2
phyml	GRCh37	rs417915	H7	NA12287	2
phyml	GRCh37	rs417915	H7	NA12348	1
phyml	GRCh37	rs417915	H7	NA12399	2
phyml	GRCh37	rs417915	H7	NA12400	1
phyml	GRCh37	rs417915	H7	NA12414	1
phyml	GRCh37	rs417915	H7	NA12750	1
phyml	GRCh37	rs417915	H7	NA12815	1
phyml	GRCh37	rs417915	H7	NA12843	2
phyml	GRCh37	rs417915	H7	NA19682	1
phyml	GRCh37	rs417915	H7	NA19746	1
phyml	GRCh37	rs417915	H7	NA19789	2
phyml	GRCh37	rs417915	H7	NA20357	2
phyml	GRCh37	rs417915	H7	NA20512	1
phyml	GRCh37	rs417915	H7	NA20519	1
phyml	GRCh37	rs417915	H7	NA20527	1
phyml	GRCh37	rs417915	H7	NA20529	1
phyml	GRCh37	rs417915	H7	NA20536	2
phyml	GRCh37	rs417915	H7	NA20589	2
phyml	GRCh37	rs417915	H7	NA20752	1
phyml	GRCh37	rs417915	H7	NA20758	2
phyml	GRCh37	rs417915	H7	NA20763	1
phyml	GRCh37	rs417915	H7	NA20787	1
phyml	GRCh37	rs417915	H7	NA20803	2
phyml	GRCh37	rs417915	H7	NA20811	2
phyml	GRCh37	rs417915	H8	HG00324	2
phyml	GRCh37	rs417915	H8	HG00371	1
phyml	GRCh37	rs417915	H8	HG00584	1
phyml	GRCh37	rs417915	H8	HG00640	1
phyml	GRCh37	rs417915	H8	HG00737	1
phyml	GRCh37	rs417915	H8	HG01060	2
phyml	GRCh37	rs417915	H8	HG01086	1
phyml	GRCh37	rs417915	H8	HG01104	2
phyml	GRCh37	rs417915	H8	HG01113	2
phyml	GRCh37	rs417915	H8	HG01136	2
phyml	GRCh37	rs417915	H8	HG01149	1
phyml	GRCh37	rs417915	H8	HG01260	1
phyml	GRCh37	rs417915	H8	HG01272	2
phyml	GRCh37	rs417915	H8	HG01303	2
phyml	GRCh37	rs417915	H8	HG01308	1
phyml	GRCh37	rs417915	H8	HG01341	1
phyml	GRCh37	rs417915	H8	HG01350	1
phyml	GRCh37	rs417915	H8	HG01350	2
phyml	GRCh37	rs417915	H8	HG01351	1
phyml	GRCh37	rs417915	H8	HG01359	2
phyml	GRCh37	rs417915	H8	HG01396	1
phyml	GRCh37	rs417915	H8	HG01396	2
phyml	GRCh37	rs417915	H8	HG01413	2
phyml	GRCh37	rs417915	H8	HG01414	1
phyml	GRCh37	rs417915	H8	HG01432	2
phyml	GRCh37	rs417915	H8	HG01441	2
phyml	GRCh37	rs417915	H8	HG01443	1
phyml	GRCh37	rs417915	H8	HG01444	2
phyml	GRCh37	rs417915	H8	HG01456	2
phyml	GRCh37	rs417915	H8	HG01465	2
phyml	GRCh37	rs417915	H8	HG01468	2
phyml	GRCh37	rs417915	H8	HG01486	1
phyml	GRCh37	rs417915	H8	HG01494	2
phyml	GRCh37	rs417915	H8	HG01497	1
phyml	GRCh37	rs417915	H8	HG01550	2
phyml	GRCh37	rs417915	H8	HG01565	1
phyml	GRCh37	rs417915	H8	HG01572	1
phyml	GRCh37	rs417915	H8	HG01578	2
phyml	GRCh37	rs417915	H8	HG01795	2
phyml	GRCh37	rs417915	H8	HG01813	1
phyml	GRCh37	rs417915	H8	HG01892	2
phyml	GRCh37	rs417915	H8	HG01893	1
phyml	GRCh37	rs417915	H8	HG01924	1
phyml	GRCh37	rs417915	H8	HG01926	2
phyml	GRCh37	rs417915	H8	HG01927	1
phyml	GRCh37	rs417915	H8	HG01927	2
phyml	GRCh37	rs417915	H8	HG01936	1
phyml	GRCh37	rs417915	H8	HG01941	1
phyml	GRCh37	rs417915	H8	HG01945	1
phyml	GRCh37	rs417915	H8	HG01947	2
phyml	GRCh37	rs417915	H8	HG01951	1
phyml	GRCh37	rs417915	H8	HG01951	2
phyml	GRCh37	rs417915	H8	HG01953	1
phyml	GRCh37	rs417915	H8	HG01954	1
phyml	GRCh37	rs417915	H8	HG01961	1
phyml	GRCh37	rs417915	H8	HG01971	1
phyml	GRCh37	rs417915	H8	HG01974	1
phyml	GRCh37	rs417915	H8	HG01979	1
phyml	GRCh37	rs417915	H8	HG01997	1
phyml	GRCh37	rs417915	H8	HG01997	2
phyml	GRCh37	rs417915	H8	HG02008	1
phyml	GRCh37	rs417915	H8	HG02089	1
phyml	GRCh37	rs417915	H8	HG02104	1
phyml	GRCh37	rs417915	H8	HG02104	2
phyml	GRCh37	rs417915	H8	HG02146	1
phyml	GRCh37	rs417915	H8	HG02150	1
phyml	GRCh37	rs417915	H8	HG02252	2
phyml	GRCh37	rs417915	H8	HG02253	1
phyml	GRCh37	rs417915	H8	HG02259	2
phyml	GRCh37	rs417915	H8	HG02262	2
phyml	GRCh37	rs417915	H8	HG02265	2
phyml	GRCh37	rs417915	H8	HG02266	1
phyml	GRCh37	rs417915	H8	HG02266	2
phyml	GRCh37	rs417915	H8	HG02274	1
phyml	GRCh37	rs417915	H8	HG02275	1
phyml	GRCh37	rs417915	H8	HG02277	2
phyml	GRCh37	rs417915	H8	HG02292	2
phyml	GRCh37	rs417915	H8	HG02299	1
phyml	GRCh37	rs417915	H8	HG02301	2
phyml	GRCh37	rs417915	H8	HG02312	1
phyml	GRCh37	rs417915	H8	HG02312	2
phyml	GRCh37	rs417915	H8	HG02348	1
phyml	GRCh37	rs417915	H8	NA12413	1
phyml	GRCh37	rs417915	H8	NA18593	2
phyml	GRCh37	rs417915	H8	NA18616	2
phyml	GRCh37	rs417915	H8	NA18957	1
phyml	GRCh37	rs417915	H8	NA19004	1
phyml	GRCh37	rs417915	H8	NA19625	2
phyml	GRCh37	rs417915	H8	NA19657	2
phyml	GRCh37	rs417915	H8	NA19661	1
phyml	GRCh37	rs417915	H8	NA19663	1
phyml	GRCh37	rs417915	H8	NA19670	2
phyml	GRCh37	rs417915	H8	NA19719	1
phyml	GRCh37	rs417915	H8	NA19720	2
phyml	GRCh37	rs417915	H8	NA19734	1
phyml	GRCh37	rs417915	H8	NA19734	2
phyml	GRCh37	rs417915	H8	NA19735	1
phyml	GRCh37	rs417915	H8	NA19741	2
phyml	GRCh37	rs417915	H8	NA19746	2
phyml	GRCh37	rs417915	H8	NA19750	2
phyml	GRCh37	rs417915	H8	NA19758	2
phyml	GRCh37	rs417915	H8	NA19759	2
phyml	GRCh37	rs417915	H8	NA19761	1
phyml	GRCh37	rs417915	H8	NA19780	1
phyml	GRCh37	rs417915	H8	NA19780	2
phyml	GRCh37	rs417915	H8	NA19788	1
phyml	GRCh37	rs417915	H8	NA19795	2
phyml	GRCh37	rs417915	H8	NA20299	1
phyml	GRCh37	rs417915	H8	NA20339	1
phyml	GRCh37	rs417915	H9	HG01094	1
phyml	GRCh37	rs417915	H9	HG01168	2
phyml	GRCh37	rs417915	H9	HG01250	2
phyml	GRCh37	rs417915	H9	HG01253	1
phyml	GRCh37	rs417915	H9	HG01281	1
phyml	GRCh37	rs417915	H9	HG01431	2
phyml	GRCh37	rs417915	H9	HG01882	1
phyml	GRCh37	rs417915	H9	HG01883	2
phyml	GRCh37	rs417915	H9	HG01989	2
phyml	GRCh37	rs417915	H9	HG02013	2
phyml	GRCh37	rs417915	H9	HG02111	1
phyml	GRCh37	rs417915	H9	HG02255	1
phyml	GRCh37	rs417915	H9	HG02309	2
phyml	GRCh37	rs417915	H9	HG02323	1
phyml	GRCh37	rs417915	H9	HG02332	1
phyml	GRCh37	rs417915	H9	HG02427	1
phyml	GRCh37	rs417915	H9	HG02470	1
phyml	GRCh37	rs417915	H9	HG02496	1
phyml	GRCh37	rs417915	H9	HG02546	2
phyml	GRCh37	rs417915	H9	HG02586	1
phyml	GRCh37	rs417915	H9	HG02594	1
phyml	GRCh37	rs417915	H9	HG02611	1
phyml	GRCh37	rs417915	H9	HG02629	2
phyml	GRCh37	rs417915	H9	HG02676	1
phyml	GRCh37	rs417915	H9	HG02679	1
phyml	GRCh37	rs417915	H9	HG02721	1
phyml	GRCh37	rs417915	H9	HG02772	2
phyml	GRCh37	rs417915	H9	HG02780	2
phyml	GRCh37	rs417915	H9	HG02807	1
phyml	GRCh37	rs417915	H9	HG02814	2
phyml	GRCh37	rs417915	H9	HG02816	2
phyml	GRCh37	rs417915	H9	HG02839	1
phyml	GRCh37	rs417915	H9	HG02970	2
phyml	GRCh37	rs417915	H9	HG02973	1
phyml	GRCh37	rs417915	H9	HG03040	1
phyml	GRCh37	rs417915	H9	HG03052	1
phyml	GRCh37	rs417915	H9	HG03072	1
phyml	GRCh37	rs417915	H9	HG03073	2
phyml	GRCh37	rs417915	H9	HG03079	2
phyml	GRCh37	rs417915	H9	HG03091	1
phyml	GRCh37	rs417915	H9	HG03099	1
phyml	GRCh37	rs417915	H9	HG03111	2
phyml	GRCh37	rs417915	H9	HG03121	1
phyml	GRCh37	rs417915	H9	HG03135	2
phyml	GRCh37	rs417915	H9	HG03193	1
phyml	GRCh37	rs417915	H9	HG03199	1
phyml	GRCh37	rs417915	H9	HG03224	2
phyml	GRCh37	rs417915	H9	HG03247	2
phyml	GRCh37	rs417915	H9	HG03388	2
phyml	GRCh37	rs417915	H9	HG03394	2
phyml	GRCh37	rs417915	H9	HG03436	1
phyml	GRCh37	rs417915	H9	HG03442	1
phyml	GRCh37	rs417915	H9	HG03452	1
phyml	GRCh37	rs417915	H9	HG03514	2
phyml	GRCh37	rs417915	H9	HG03518	1
phyml	GRCh37	rs417915	H9	HG03521	2
phyml	GRCh37	rs417915	H9	HG03571	1
phyml	GRCh37	rs417915	H9	NA18489	2
phyml	GRCh37	rs417915	H9	NA18502	2
phyml	GRCh37	rs417915	H9	NA18870	1
phyml	GRCh37	rs417915	H9	NA18907	2
phyml	GRCh37	rs417915	H9	NA19023	1
phyml	GRCh37	rs417915	H9	NA19023	2
phyml	GRCh37	rs417915	H9	NA19027	2
phyml	GRCh37	rs417915	H9	NA19030	1
phyml	GRCh37	rs417915	H9	NA19035	1
phyml	GRCh37	rs417915	H9	NA19036	2
phyml	GRCh37	rs417915	H9	NA19038	1
phyml	GRCh37	rs417915	H9	NA19107	1
phyml	GRCh37	rs417915	H9	NA19130	1
phyml	GRCh37	rs417915	H9	NA19144	1
phyml	GRCh37	rs417915	H9	NA19146	1
phyml	GRCh37	rs417915	H9	NA19160	1
phyml	GRCh37	rs417915	H9	NA19172	1
phyml	GRCh37	rs417915	H9	NA19209	2
phyml	GRCh37	rs417915	H9	NA19223	1
phyml	GRCh37	rs417915	H9	NA19309	2
phyml	GRCh37	rs417915	H9	NA19310	2
phyml	GRCh37	rs417915	H9	NA19315	1
phyml	GRCh37	rs417915	H9	NA19319	1
phyml	GRCh37	rs417915	H9	NA19327	1
phyml	GRCh37	rs417915	H9	NA19346	2
phyml	GRCh37	rs417915	H9	NA19355	1
phyml	GRCh37	rs417915	H9	NA19355	2
phyml	GRCh37	rs417915	H9	NA19384	2
phyml	GRCh37	rs417915	H9	NA19394	1
phyml	GRCh37	rs417915	H9	NA19395	2
phyml	GRCh37	rs417915	H9	NA19429	2
phyml	GRCh37	rs417915	H9	NA19437	2
phyml	GRCh37	rs417915	H9	NA19443	1
phyml	GRCh37	rs417915	H9	NA19445	2
phyml	GRCh37	rs417915	H9	NA19454	1
phyml	GRCh37	rs417915	H9	NA19454	2
phyml	GRCh37	rs417915	H9	NA19455	1
phyml	GRCh37	rs417915	H9	NA19456	2
phyml	GRCh37	rs417915	H9	NA19461	1
phyml	GRCh37	rs417915	H9	NA19462	2
phyml	GRCh37	rs417915	H9	NA19473	2
phyml	GRCh37	rs417915	H9	NA19475	1
phyml	GRCh37	rs417915	H9	NA19712	1
phyml	GRCh37	rs417915	H9	NA20340	2
phyml	GRCh37	rs417915	H10	HG00116	1
phyml	GRCh37	rs417915	H10	HG00141	1
phyml	GRCh37	rs417915	H10	HG00150	1
phyml	GRCh37	rs417915	H10	HG00150	2
phyml	GRCh37	rs417915	H10	HG00174	1
phyml	GRCh37	rs417915	H10	HG00180	1
phyml	GRCh37	rs417915	H10	HG00231	1
phyml	GRCh37	rs417915	H10	HG00234	1
phyml	GRCh37	rs417915	H10	HG00242	1
phyml	GRCh37	rs417915	H10	HG00245	1
phyml	GRCh37	rs417915	H10	HG00252	1
phyml	GRCh37	rs417915	H10	HG00315	1
phyml	GRCh37	rs417915	H10	HG00364	2
phyml	GRCh37	rs417915	H10	HG00380	1
phyml	GRCh37	rs417915	H10	HG01051	2
phyml	GRCh37	rs417915	H10	HG01075	2
phyml	GRCh37	rs417915	H10	HG01112	2
phyml	GRCh37	rs417915	H10	HG01122	2
phyml	GRCh37	rs417915	H10	HG01198	1
phyml	GRCh37	rs417915	H10	HG01242	2
phyml	GRCh37	rs417915	H10	HG01256	1
phyml	GRCh37	rs417915	H10	HG01280	2
phyml	GRCh37	rs417915	H10	HG01356	1
phyml	GRCh37	rs417915	H10	HG01366	2
phyml	GRCh37	rs417915	H10	HG01384	1
phyml	GRCh37	rs417915	H10	HG01431	1
phyml	GRCh37	rs417915	H10	HG01438	1
phyml	GRCh37	rs417915	H10	HG01515	1
phyml	GRCh37	rs417915	H10	HG01521	2
phyml	GRCh37	rs417915	H10	HG01525	2
phyml	GRCh37	rs417915	H10	HG01528	1
phyml	GRCh37	rs417915	H10	HG01624	2
phyml	GRCh37	rs417915	H10	HG01631	1
phyml	GRCh37	rs417915	H10	HG01678	2
phyml	GRCh37	rs417915	H10	HG01747	2
phyml	GRCh37	rs417915	H10	HG01770	1
phyml	GRCh37	rs417915	H10	HG01771	2
phyml	GRCh37	rs417915	H10	HG01789	2
phyml	GRCh37	rs417915	H10	HG01791	2
phyml	GRCh37	rs417915	H10	HG01932	2
phyml	GRCh37	rs417915	H10	HG01967	1
phyml	GRCh37	rs417915	H10	HG02006	1
phyml	GRCh37	rs417915	H10	HG02299	2
phyml	GRCh37	rs417915	H10	HG02493	1
phyml	GRCh37	rs417915	H10	HG02601	2
phyml	GRCh37	rs417915	H10	HG02603	2
phyml	GRCh37	rs417915	H10	HG02697	2
phyml	GRCh37	rs417915	H10	HG03679	1
phyml	GRCh37	rs417915	H10	HG03685	1
phyml	GRCh37	rs417915	H10	HG03691	2
phyml	GRCh37	rs417915	H10	HG03695	1
phyml	GRCh37	rs417915	H10	HG03753	1
phyml	GRCh37	rs417915	H10	HG03792	2
phyml	GRCh37	rs417915	H10	HG03796	2
phyml	GRCh37	rs417915	H10	HG03833	2
phyml	GRCh37	rs417915	H10	HG03871	2
phyml	GRCh37	rs417915	H10	HG03885	2
phyml	GRCh37	rs417915	H10	HG03926	2
phyml	GRCh37	rs417915	H10	HG04039	2
phyml	GRCh37	rs417915	H10	NA06985	2
phyml	GRCh37	rs417915	H10	NA11919	2
phyml	GRCh37	rs417915	H10	NA12006	2
phyml	GRCh37	rs417915	H10	NA12043	1
phyml	GRCh37	rs417915	H10	NA12144	1
phyml	GRCh37	rs417915	H10	NA12286	1
phyml	GRCh37	rs417915	H10	NA12341	1
phyml	GRCh37	rs417915	H10	NA12342	1
phyml	GRCh37	rs417915	H10	NA12814	2
phyml	GRCh37	rs417915	H10	NA19658	1
phyml	GRCh37	rs417915	H10	NA19670	1
phyml	GRCh37	rs417915	H10	NA19725	2
phyml	GRCh37	rs417915	H10	NA19794	1
phyml	GRCh37	rs417915	H10	NA20294	1
phyml	GRCh37	rs417915	H10	NA20351	2
phyml	GRCh37	rs417915	H10	NA20504	2
phyml	GRCh37	rs417915	H10	NA20752	2
phyml	GRCh37	rs417915	H10	NA20785	1
phyml	GRCh37	rs417915	H10	NA20787	2
phyml	GRCh37	rs417915	H10	NA20802	1
phyml	GRCh37	rs417915	H10	NA20807	1
phyml	GRCh37	rs417915	H10	NA20810	2
phyml	GRCh37	rs417915	H10	NA20813	2
phyml	GRCh37	rs417915	H10	NA20818	2
phyml	GRCh37	rs417915	H10	NA20822	1
phyml	GRCh37	rs417915	H10	NA20828	1
phyml	GRCh37	rs417915	H10	NA21114	2
phyml	GRCh37	rs417915	H10	NA21133	2
phyml	GRCh37	rs417915	H10	NA21143	2
phyml	GRCh37	rs417915	H11	HG00742	2
phyml	GRCh37	rs417915	H11	HG01551	2
phyml	GRCh37	rs417915	H11	HG01885	1
phyml	GRCh37	rs417915	H11	HG01915	2
phyml	GRCh37	rs417915	H11	HG01956	2
phyml	GRCh37	rs417915	H11	HG01958	1
phyml	GRCh37	rs417915	H11	HG02052	1
phyml	GRCh37	rs417915	H11	HG02052	2
phyml	GRCh37	rs417915	H11	HG02108	1
phyml	GRCh37	rs417915	H11	HG02325	1
phyml	GRCh37	rs417915	H11	HG02429	2
phyml	GRCh37	rs417915	H11	HG02465	1
phyml	GRCh37	rs417915	H11	HG02470	2
phyml	GRCh37	rs417915	H11	HG02476	1
phyml	GRCh37	rs417915	H11	HG02496	2
phyml	GRCh37	rs417915	H11	HG02549	1
phyml	GRCh37	rs417915	H11	HG02570	1
phyml	GRCh37	rs417915	H11	HG02570	2
phyml	GRCh37	rs417915	H11	HG02588	2
phyml	GRCh37	rs417915	H11	HG02813	1
phyml	GRCh37	rs417915	H11	HG02820	2
phyml	GRCh37	rs417915	H11	HG02855	1
phyml	GRCh37	rs417915	H11	HG02878	2
phyml	GRCh37	rs417915	H11	HG02879	2
phyml	GRCh37	rs417915	H11	HG02885	1
phyml	GRCh37	rs417915	H11	HG02943	1
phyml	GRCh37	rs417915	H11	HG02974	1
phyml	GRCh37	rs417915	H11	HG02982	1
phyml	GRCh37	rs417915	H11	HG03064	2
phyml	GRCh37	rs417915	H11	HG03121	2
phyml	GRCh37	rs417915	H11	HG03129	1
phyml	GRCh37	rs417915	H11	HG03268	1
phyml	GRCh37	rs417915	H11	HG03301	1
phyml	GRCh37	rs417915	H11	HG03301	2
phyml	GRCh37	rs417915	H11	HG03303	1
phyml	GRCh37	rs417915	H11	HG03313	2
phyml	GRCh37	rs417915	H11	HG03352	1
phyml	GRCh37	rs417915	H11	HG03370	1
phyml	GRCh37	rs417915	H11	HG03382	2
phyml	GRCh37	rs417915	H11	HG03385	2
phyml	GRCh37	rs417915	H11	HG03397	1
phyml	GRCh37	rs417915	H11	HG03401	2
phyml	GRCh37	rs417915	H11	HG03449	1
phyml	GRCh37	rs417915	H11	HG03449	2
phyml	GRCh37	rs417915	H11	HG03469	1
phyml	GRCh37	rs417915	H11	HG03472	2
phyml	GRCh37	rs417915	H11	HG03478	1
phyml	GRCh37	rs417915	H11	HG03485	1
phyml	GRCh37	rs417915	H11	HG03515	2
phyml	GRCh37	rs417915	H11	HG03521	1
phyml	GRCh37	rs417915	H11	HG03539	1
phyml	GRCh37	rs417915	H11	HG03539	2
phyml	GRCh37	rs417915	H11	NA18498	2
phyml	GRCh37	rs417915	H11	NA18499	1
phyml	GRCh37	rs417915	H11	NA18504	1
phyml	GRCh37	rs417915	H11	NA18504	2
phyml	GRCh37	rs417915	H11	NA18519	2
phyml	GRCh37	rs417915	H11	NA18864	2
phyml	GRCh37	rs417915	H11	NA18881	2
phyml	GRCh37	rs417915	H11	NA18909	2
phyml	GRCh37	rs417915	H11	NA18933	1
phyml	GRCh37	rs417915	H11	NA19025	1
phyml	GRCh37	rs417915	H11	NA19138	2
phyml	GRCh37	rs417915	H11	NA19149	1
phyml	GRCh37	rs417915	H11	NA19171	2
phyml	GRCh37	rs417915	H11	NA19172	2
phyml	GRCh37	rs417915	H11	NA19190	1
phyml	GRCh37	rs417915	H11	NA19235	2
phyml	GRCh37	rs417915	H11	NA19236	2
phyml	GRCh37	rs417915	H11	NA19239	1
phyml	GRCh37	rs417915	H11	NA19318	2
phyml	GRCh37	rs417915	H11	NA19360	1
phyml	GRCh37	rs417915	H11	NA19372	2
phyml	GRCh37	rs417915	H11	NA19393	1
phyml	GRCh37	rs417915	H11	NA19404	1
phyml	GRCh37	rs417915	H11	NA19430	2
phyml	GRCh37	rs417915	H11	NA19431	1
phyml	GRCh37	rs417915	H11	NA19431	2
phyml	GRCh37	rs417915	H11	NA19457	1
phyml	GRCh37	rs417915	H11	NA19461	2
phyml	GRCh37	rs417915	H11	NA19466	1
phyml	GRCh37	rs417915	H11	NA19703	2
phyml	GRCh37	rs417915	H11	NA19901	1
phyml	GRCh37	rs417915	H11	NA19982	2
phyml	GRCh37	rs417915	H11	NA20126	1
phyml	GRCh37	rs417915	H12	HG00181	2
phyml	GRCh37	rs417915	H12	HG00259	1
phyml	GRCh37	rs417915	H12	HG00278	1
phyml	GRCh37	rs417915	H12	HG00290	1
phyml	GRCh37	rs417915	H12	HG00361	1
phyml	GRCh37	rs417915	H12	HG01061	1
phyml	GRCh37	rs417915	H12	HG01080	2
phyml	GRCh37	rs417915	H12	HG01403	1
phyml	GRCh37	rs417915	H12	HG01405	1
phyml	GRCh37	rs417915	H12	HG01507	2
phyml	GRCh37	rs417915	H12	HG01577	1
phyml	GRCh37	rs417915	H12	HG01799	2
phyml	GRCh37	rs417915	H12	HG01886	1
phyml	GRCh37	rs417915	H12	HG01924	2
phyml	GRCh37	rs417915	H12	HG01985	2
phyml	GRCh37	rs417915	H12	HG02053	1
phyml	GRCh37	rs417915	H12	HG02255	2
phyml	GRCh37	rs417915	H12	HG02278	1
phyml	GRCh37	rs417915	H12	HG02449	2
phyml	GRCh37	rs417915	H12	HG02481	1
phyml	GRCh37	rs417915	H12	HG02485	2
phyml	GRCh37	rs417915	H12	HG02511	1
phyml	GRCh37	rs417915	H12	HG02562	2
phyml	GRCh37	rs417915	H12	HG02574	1
phyml	GRCh37	rs417915	H12	HG02583	2
phyml	GRCh37	rs417915	H12	HG02586	2
phyml	GRCh37	rs417915	H12	HG02614	1
phyml	GRCh37	rs417915	H12	HG02628	1
phyml	GRCh37	rs417915	H12	HG02702	1
phyml	GRCh37	rs417915	H12	HG02715	2
phyml	GRCh37	rs417915	H12	HG02716	1
phyml	GRCh37	rs417915	H12	HG02882	2
phyml	GRCh37	rs417915	H12	HG02888	1
phyml	GRCh37	rs417915	H12	HG02891	1
phyml	GRCh37	rs417915	H12	HG02970	1
phyml	GRCh37	rs417915	H12	HG02976	1
phyml	GRCh37	rs417915	H12	HG02981	2
phyml	GRCh37	rs417915	H12	HG03061	2
phyml	GRCh37	rs417915	H12	HG03105	2
phyml	GRCh37	rs417915	H12	HG03114	2
phyml	GRCh37	rs417915	H12	HG03124	2
phyml	GRCh37	rs417915	H12	HG03126	2
phyml	GRCh37	rs417915	H12	HG03159	2
phyml	GRCh37	rs417915	H12	HG03258	1
phyml	GRCh37	rs417915	H12	HG03270	1
phyml	GRCh37	rs417915	H12	HG03270	2
phyml	GRCh37	rs417915	H12	HG03376	2
phyml	GRCh37	rs417915	H12	HG03439	2
phyml	GRCh37	rs417915	H12	HG03442	2
phyml	GRCh37	rs417915	H12	HG03779	2
phyml	GRCh37	rs417915	H12	HG03925	2
phyml	GRCh37	rs417915	H12	HG04003	2
phyml	GRCh37	rs417915	H12	NA07000	2
phyml	GRCh37	rs417915	H12	NA11994	2
phyml	GRCh37	rs417915	H12	NA12283	1
phyml	GRCh37	rs417915	H12	NA18853	1
phyml	GRCh37	rs417915	H12	NA18861	2
phyml	GRCh37	rs417915	H12	NA18879	1
phyml	GRCh37	rs417915	H12	NA18910	1
phyml	GRCh37	rs417915	H12	NA19107	2
phyml	GRCh37	rs417915	H12	NA19117	1
phyml	GRCh37	rs417915	H12	NA19131	2
phyml	GRCh37	rs417915	H12	NA19144	2
phyml	GRCh37	rs417915	H12	NA19147	2
phyml	GRCh37	rs417915	H12	NA19307	1
phyml	GRCh37	rs417915	H12	NA19312	2
phyml	GRCh37	rs417915	H12	NA19383	1
phyml	GRCh37	rs417915	H12	NA19390	1
phyml	GRCh37	rs417915	H12	NA19452	1
phyml	GRCh37	rs417915	H12	NA19472	1
phyml	GRCh37	rs417915	H12	NA19473	1
phyml	GRCh37	rs417915	H12	NA19648	2
phyml	GRCh37	rs417915	H12	NA19777	1
phyml	GRCh37	rs417915	H12	NA19779	1
phyml	GRCh37	rs417915	H12	NA19818	2
phyml	GRCh37	rs417915	H12	NA20291	1
phyml	GRCh37	rs417915	H12	NA20314	2
phyml	GRCh37	rs417915	H12	NA20357	1
phyml	GRCh37	rs417915	H12	NA20359	2
phyml	GRCh37	rs417915	H12	NA20519	2
phyml	GRCh37	rs417915	H12	NA21087	2
phyml	GRCh37	rs417915	H13	HG01886	2
phyml	GRCh37	rs417915	H13	HG02014	1
phyml	GRCh37	rs417915	H13	HG02051	2
phyml	GRCh37	rs417915	H13	HG02054	1
phyml	GRCh37	rs417915	H13	HG02111	2
phyml	GRCh37	rs417915	H13	HG02307	1
phyml	GRCh37	rs417915	H13	HG02450	1
phyml	GRCh37	rs417915	H13	HG02471	2
phyml	GRCh37	rs417915	H13	HG02484	1
phyml	GRCh37	rs417915	H13	HG02502	2
phyml	GRCh37	rs417915	H13	HG02505	1
phyml	GRCh37	rs417915	H13	HG02577	2
phyml	GRCh37	rs417915	H13	HG02646	2
phyml	GRCh37	rs417915	H13	HG02676	2
phyml	GRCh37	rs417915	H13	HG02884	2
phyml	GRCh37	rs417915	H13	HG02938	2
phyml	GRCh37	rs417915	H13	HG02971	1
phyml	GRCh37	rs417915	H13	HG02976	2
phyml	GRCh37	rs417915	H13	HG03108	2
phyml	GRCh37	rs417915	H13	HG03115	1
phyml	GRCh37	rs417915	H13	HG03120	1
phyml	GRCh37	rs417915	H13	HG03135	1
phyml	GRCh37	rs417915	H13	HG03159	1
phyml	GRCh37	rs417915	H13	HG03175	2
phyml	GRCh37	rs417915	H13	HG03198	2
phyml	GRCh37	rs417915	H13	HG03271	1
phyml	GRCh37	rs417915	H13	HG03291	2
phyml	GRCh37	rs417915	H13	HG03294	2
phyml	GRCh37	rs417915	H13	HG03367	1
phyml	GRCh37	rs417915	H13	HG03372	1
phyml	GRCh37	rs417915	H13	NA18498	1
phyml	GRCh37	rs417915	H13	NA18871	2
phyml	GRCh37	rs417915	H13	NA18907	1
phyml	GRCh37	rs417915	H13	NA18915	2
phyml	GRCh37	rs417915	H13	NA19026	2
phyml	GRCh37	rs417915	H13	NA19114	1
phyml	GRCh37	rs417915	H13	NA19116	1
phyml	GRCh37	rs417915	H13	NA19119	2
phyml	GRCh37	rs417915	H13	NA19129	1
phyml	GRCh37	rs417915	H13	NA19131	1
phyml	GRCh37	rs417915	H13	NA19153	1
phyml	GRCh37	rs417915	H13	NA19175	1
phyml	GRCh37	rs417915	H13	NA19207	2
phyml	GRCh37	rs417915	H13	NA19213	1
phyml	GRCh37	rs417915	H13	NA19236	1
phyml	GRCh37	rs417915	H13	NA19247	1
phyml	GRCh37	rs417915	H13	NA19308	2
phyml	GRCh37	rs417915	H13	NA19347	1
phyml	GRCh37	rs417915	H13	NA19374	2
phyml	GRCh37	rs417915	H13	NA19375	1
phyml	GRCh37	rs417915	H13	NA19376	1
phyml	GRCh37	rs417915	H13	NA19435	1
phyml	GRCh37	rs417915	H13	NA19438	1
phyml	GRCh37	rs417915	H13	NA19446	1
phyml	GRCh37	rs417915	H13	NA19700	1
phyml	GRCh37	rs417915	H13	NA19704	2
phyml	GRCh37	rs417915	H13	NA19777	2
phyml	GRCh37	rs417915	H13	NA19909	2
phyml	GRCh37	rs417915	H13	NA19984	2
phyml	GRCh37	rs417915	H13	NA20282	2
phyml	GRCh37	rs417915	H13	NA20342	1
phyml	GRCh37	rs417915	H14	HG00099	2
phyml	GRCh37	rs417915	H14	HG00108	2
phyml	GRCh37	rs417915	H14	HG00114	1
phyml	GRCh37	rs417915	H14	HG00115	1
phyml	GRCh37	rs417915	H14	HG00139	1
phyml	GRCh37	rs417915	H14	HG00145	2
phyml	GRCh37	rs417915	H14	HG00160	2
phyml	GRCh37	rs417915	H14	HG00234	2
phyml	GRCh37	rs417915	H14	HG00242	2
phyml	GRCh37	rs417915	H14	HG00255	2
phyml	GRCh37	rs417915	H14	HG00256	1
phyml	GRCh37	rs417915	H14	HG00272	2
phyml	GRCh37	rs417915	H14	HG00277	1
phyml	GRCh37	rs417915	H14	HG00356	2
phyml	GRCh37	rs417915	H14	HG00732	2
phyml	GRCh37	rs417915	H14	HG00743	1
phyml	GRCh37	rs417915	H14	HG01058	2
phyml	GRCh37	rs417915	H14	HG01066	1
phyml	GRCh37	rs417915	H14	HG01073	2
phyml	GRCh37	rs417915	H14	HG01122	1
phyml	GRCh37	rs417915	H14	HG01125	2
phyml	GRCh37	rs417915	H14	HG01140	1
phyml	GRCh37	rs417915	H14	HG01259	1
phyml	GRCh37	rs417915	H14	HG01271	1
phyml	GRCh37	rs417915	H14	HG01271	2
phyml	GRCh37	rs417915	H14	HG01275	2
phyml	GRCh37	rs417915	H14	HG01284	1
phyml	GRCh37	rs417915	H14	HG01325	1
phyml	GRCh37	rs417915	H14	HG01395	2
phyml	GRCh37	rs417915	H14	HG01414	2
phyml	GRCh37	rs417915	H14	HG01447	2
phyml	GRCh37	rs417915	H14	HG01479	1
phyml	GRCh37	rs417915	H14	HG01479	2
phyml	GRCh37	rs417915	H14	HG01494	1
phyml	GRCh37	rs417915	H14	HG01571	2
phyml	GRCh37	rs417915	H14	HG01676	1
phyml	GRCh37	rs417915	H14	HG02292	1
phyml	GRCh37	rs417915	H14	HG03679	2
phyml	GRCh37	rs417915	H14	HG03944	2
phyml	GRCh37	rs417915	H14	NA12003	1
phyml	GRCh37	rs417915	H14	NA12043	2
phyml	GRCh37	rs417915	H14	NA12234	1
phyml	GRCh37	rs417915	H14	NA12751	1
phyml	GRCh37	rs417915	H14	NA19722	2
phyml	GRCh37	rs417915	H14	NA19723	2
phyml	GRCh37	rs417915	H14	NA19771	2
phyml	GRCh37	rs417915	H14	NA20502	1
phyml	GRCh37	rs417915	H14	NA20520	1
phyml	GRCh37	rs417915	H14	NA20520	2
phyml	GRCh37	rs417915	H14	NA20531	2
phyml	GRCh37	rs417915	H14	NA20542	2
phyml	GRCh37	rs417915	H14	NA20581	1
phyml	GRCh37	rs417915	H14	NA20783	2
phyml	GRCh37	rs417915	H14	NA20795	1
phyml	GRCh37	rs417915	H14	NA20798	2
phyml	GRCh37	rs417915	H14	NA20803	1
phyml	GRCh37	rs417915	H14	NA20807	2
phyml	GRCh37	rs417915	H14	NA20822	2
phyml	GRCh37	rs417915	H14	NA20911	2
phyml	GRCh37	rs417915	H15	HG00158	1
phyml	GRCh37	rs417915	H15	HG00355	1
phyml	GRCh37	rs417915	H15	HG01079	1
phyml	GRCh37	rs417915	H15	HG01363	2
phyml	GRCh37	rs417915	H15	HG01441	1
phyml	GRCh37	rs417915	H15	HG01459	2
phyml	GRCh37	rs417915	H15	HG01790	2
phyml	GRCh37	rs417915	H15	HG01982	2
phyml	GRCh37	rs417915	H15	HG02219	2
phyml	GRCh37	rs417915	H15	HG02604	2
phyml	GRCh37	rs417915	H15	HG02649	1
phyml	GRCh37	rs417915	H15	HG02657	1
phyml	GRCh37	rs417915	H15	HG02658	1
phyml	GRCh37	rs417915	H15	HG02658	2
phyml	GRCh37	rs417915	H15	HG02700	2
phyml	GRCh37	rs417915	H15	HG03229	2
phyml	GRCh37	rs417915	H15	HG03490	1
phyml	GRCh37	rs417915	H15	HG03491	2
phyml	GRCh37	rs417915	H15	HG03598	2
phyml	GRCh37	rs417915	H15	HG03660	2
phyml	GRCh37	rs417915	H15	HG03667	1
phyml	GRCh37	rs417915	H15	HG03720	1
phyml	GRCh37	rs417915	H15	HG03730	1
phyml	GRCh37	rs417915	H15	HG03742	1
phyml	GRCh37	rs417915	H15	HG03760	2
phyml	GRCh37	rs417915	H15	HG03788	1
phyml	GRCh37	rs417915	H15	HG03856	1
phyml	GRCh37	rs417915	H15	HG03886	2
phyml	GRCh37	rs417915	H15	HG03897	2
phyml	GRCh37	rs417915	H15	HG03899	1
phyml	GRCh37	rs417915	H15	HG03916	2
phyml	GRCh37	rs417915	H15	HG03934	2
phyml	GRCh37	rs417915	H15	HG03947	1
phyml	GRCh37	rs417915	H15	HG03950	2
phyml	GRCh37	rs417915	H15	HG03999	1
phyml	GRCh37	rs417915	H15	HG04001	1
phyml	GRCh37	rs417915	H15	HG04019	2
phyml	GRCh37	rs417915	H15	HG04141	1
phyml	GRCh37	rs417915	H15	HG04177	2
phyml	GRCh37	rs417915	H15	HG04189	1
phyml	GRCh37	rs417915	H15	HG04209	2
phyml	GRCh37	rs417915	H15	HG04235	2
phyml	GRCh37	rs417915	H15	NA12813	1
phyml	GRCh37	rs417915	H15	NA19756	1
phyml	GRCh37	rs417915	H15	NA20795	2
phyml	GRCh37	rs417915	H15	NA20850	1
phyml	GRCh37	rs417915	H15	NA20867	1
phyml	GRCh37	rs417915	H15	NA20886	2
phyml	GRCh37	rs417915	H15	NA20911	1
phyml	GRCh37	rs417915	H15	NA21086	2
phyml	GRCh37	rs417915	H15	NA21098	2
phyml	GRCh37	rs417915	H15	NA21108	2
phyml	GRCh37	rs417915	H15	NA21109	1
phyml	GRCh37	rs417915	H15	NA21115	2
phyml	GRCh37	rs417915	H15	NA21118	1
phyml	GRCh37	rs417915	H15	NA21120	1
phyml	GRCh37	rs417915	H15	NA21123	1
phyml	GRCh37	rs417915	H16	HG01182	1
phyml	GRCh37	rs417915	H16	HG01260	2
phyml	GRCh37	rs417915	H16	HG01551	1
phyml	GRCh37	rs417915	H16	HG01950	2
phyml	GRCh37	rs417915	H16	HG02284	1
phyml	GRCh37	rs417915	H16	HG02307	2
phyml	GRCh37	rs417915	H16	HG02419	1
phyml	GRCh37	rs417915	H16	HG02536	1
phyml	GRCh37	rs417915	H16	HG02545	1
phyml	GRCh37	rs417915	H16	HG02573	2
phyml	GRCh37	rs417915	H16	HG02621	2
phyml	GRCh37	rs417915	H16	HG02817	1
phyml	GRCh37	rs417915	H16	HG02836	2
phyml	GRCh37	rs417915	H16	HG02881	1
phyml	GRCh37	rs417915	H16	HG02881	2
phyml	GRCh37	rs417915	H16	HG02896	2
phyml	GRCh37	rs417915	H16	HG02946	2
phyml	GRCh37	rs417915	H16	HG03074	2
phyml	GRCh37	rs417915	H16	HG03082	1
phyml	GRCh37	rs417915	H16	HG03086	1
phyml	GRCh37	rs417915	H16	HG03109	1
phyml	GRCh37	rs417915	H16	HG03115	2
phyml	GRCh37	rs417915	H16	HG03130	2
phyml	GRCh37	rs417915	H16	HG03189	2
phyml	GRCh37	rs417915	H16	HG03295	2
phyml	GRCh37	rs417915	H16	HG03311	2
phyml	GRCh37	rs417915	H16	HG03351	1
phyml	GRCh37	rs417915	H16	HG03363	2
phyml	GRCh37	rs417915	H16	HG03517	1
phyml	GRCh37	rs417915	H16	NA18501	1
phyml	GRCh37	rs417915	H16	NA18505	1
phyml	GRCh37	rs417915	H16	NA18507	2
phyml	GRCh37	rs417915	H16	NA18508	2
phyml	GRCh37	rs417915	H16	NA18511	1
phyml	GRCh37	rs417915	H16	NA18517	1
phyml	GRCh37	rs417915	H16	NA18878	2
phyml	GRCh37	rs417915	H16	NA19025	2
phyml	GRCh37	rs417915	H16	NA19036	1
phyml	GRCh37	rs417915	H16	NA19092	1
phyml	GRCh37	rs417915	H16	NA19096	2
phyml	GRCh37	rs417915	H16	NA19153	2
phyml	GRCh37	rs417915	H16	NA19189	1
phyml	GRCh37	rs417915	H16	NA19200	2
phyml	GRCh37	rs417915	H16	NA19324	1
phyml	GRCh37	rs417915	H16	NA19327	2
phyml	GRCh37	rs417915	H16	NA19375	2
phyml	GRCh37	rs417915	H16	NA19395	1
phyml	GRCh37	rs417915	H16	NA19403	2
phyml	GRCh37	rs417915	H16	NA19434	1
phyml	GRCh37	rs417915	H16	NA19440	1
phyml	GRCh37	rs417915	H16	NA19443	2
phyml	GRCh37	rs417915	H16	NA19474	2
phyml	GRCh37	rs417915	H16	NA19700	2
phyml	GRCh37	rs417915	H16	NA19834	1
phyml	GRCh37	rs417915	H16	NA19914	2
phyml	GRCh37	rs417915	H16	NA20281	2
phyml	GRCh37	rs417915	H17	HG01176	2
phyml	GRCh37	rs417915	H17	HG01323	1
phyml	GRCh37	rs417915	H17	HG01879	2
phyml	GRCh37	rs417915	H17	HG01912	2
phyml	GRCh37	rs417915	H17	HG01989	1
phyml	GRCh37	rs417915	H17	HG02051	1
phyml	GRCh37	rs417915	H17	HG02143	1
phyml	GRCh37	rs417915	H17	HG02318	1
phyml	GRCh37	rs417915	H17	HG02337	2
phyml	GRCh37	rs417915	H17	HG02546	1
phyml	GRCh37	rs417915	H17	HG02589	2
phyml	GRCh37	rs417915	H17	HG02595	2
phyml	GRCh37	rs417915	H17	HG02634	2
phyml	GRCh37	rs417915	H17	HG02667	1
phyml	GRCh37	rs417915	H17	HG02675	2
phyml	GRCh37	rs417915	H17	HG02679	2
phyml	GRCh37	rs417915	H17	HG02715	1
phyml	GRCh37	rs417915	H17	HG02722	1
phyml	GRCh37	rs417915	H17	HG02805	1
phyml	GRCh37	rs417915	H17	HG02820	1
phyml	GRCh37	rs417915	H17	HG02851	1
phyml	GRCh37	rs417915	H17	HG02952	2
phyml	GRCh37	rs417915	H17	HG02968	2
phyml	GRCh37	rs417915	H17	HG03046	1
phyml	GRCh37	rs417915	H17	HG03054	2
phyml	GRCh37	rs417915	H17	HG03060	2
phyml	GRCh37	rs417915	H17	HG03072	2
phyml	GRCh37	rs417915	H17	HG03073	1
phyml	GRCh37	rs417915	H17	HG03105	1
phyml	GRCh37	rs417915	H17	HG03109	2
phyml	GRCh37	rs417915	H17	HG03111	1
phyml	GRCh37	rs417915	H17	HG03259	1
phyml	GRCh37	rs417915	H17	HG03259	2
phyml	GRCh37	rs417915	H17	HG03267	1
phyml	GRCh37	rs417915	H17	HG03343	2
phyml	GRCh37	rs417915	H17	HG03394	1
phyml	GRCh37	rs417915	H17	HG03464	2
phyml	GRCh37	rs417915	H17	HG03473	2
phyml	GRCh37	rs417915	H17	HG03484	1
phyml	GRCh37	rs417915	H17	HG03567	2
phyml	GRCh37	rs417915	H17	HG03572	1
phyml	GRCh37	rs417915	H17	NA18511	2
phyml	GRCh37	rs417915	H17	NA18856	2
phyml	GRCh37	rs417915	H17	NA18909	1
phyml	GRCh37	rs417915	H17	NA19043	1
phyml	GRCh37	rs417915	H17	NA19093	2
phyml	GRCh37	rs417915	H17	NA19117	2
phyml	GRCh37	rs417915	H17	NA19130	2
phyml	GRCh37	rs417915	H17	NA19141	1
phyml	GRCh37	rs417915	H17	NA19159	1
phyml	GRCh37	rs417915	H17	NA19185	2
phyml	GRCh37	rs417915	H17	NA19190	2
phyml	GRCh37	rs417915	H17	NA19351	2
phyml	GRCh37	rs417915	H17	NA19463	1
phyml	GRCh37	rs417915	H17	NA19713	1
phyml	GRCh37	rs417915	H18	HG00102	2
phyml	GRCh37	rs417915	H18	HG00142	2
phyml	GRCh37	rs417915	H18	HG00236	1
phyml	GRCh37	rs417915	H18	HG00237	1
phyml	GRCh37	rs417915	H18	HG00257	2
phyml	GRCh37	rs417915	H18	HG00264	2
phyml	GRCh37	rs417915	H18	HG00267	2
phyml	GRCh37	rs417915	H18	HG00337	2
phyml	GRCh37	rs417915	H18	HG00381	1
phyml	GRCh37	rs417915	H18	HG01066	2
phyml	GRCh37	rs417915	H18	HG01130	1
phyml	GRCh37	rs417915	H18	HG01133	1
phyml	GRCh37	rs417915	H18	HG01139	2
phyml	GRCh37	rs417915	H18	HG01174	2
phyml	GRCh37	rs417915	H18	HG01257	2
phyml	GRCh37	rs417915	H18	HG01360	1
phyml	GRCh37	rs417915	H18	HG01375	1
phyml	GRCh37	rs417915	H18	HG01443	2
phyml	GRCh37	rs417915	H18	HG01515	2
phyml	GRCh37	rs417915	H18	HG01603	1
phyml	GRCh37	rs417915	H18	HG01697	2
phyml	GRCh37	rs417915	H18	HG01704	2
phyml	GRCh37	rs417915	H18	HG01768	1
phyml	GRCh37	rs417915	H18	HG01894	2
phyml	GRCh37	rs417915	H18	HG01923	2
phyml	GRCh37	rs417915	H18	HG01988	2
phyml	GRCh37	rs417915	H18	HG01991	2
phyml	GRCh37	rs417915	H18	HG02142	2
phyml	GRCh37	rs417915	H18	HG02224	2
phyml	GRCh37	rs417915	H18	HG02233	2
phyml	GRCh37	rs417915	H18	HG02239	2
phyml	GRCh37	rs417915	H18	HG02271	2
phyml	GRCh37	rs417915	H18	HG02315	2
phyml	GRCh37	rs417915	H18	HG02597	1
phyml	GRCh37	rs417915	H18	HG03607	2
phyml	GRCh37	rs417915	H18	NA11881	1
phyml	GRCh37	rs417915	H18	NA11995	1
phyml	GRCh37	rs417915	H18	NA12154	1
phyml	GRCh37	rs417915	H18	NA12234	2
phyml	GRCh37	rs417915	H18	NA12272	1
phyml	GRCh37	rs417915	H18	NA12718	1
phyml	GRCh37	rs417915	H18	NA12748	2
phyml	GRCh37	rs417915	H18	NA12761	2
phyml	GRCh37	rs417915	H18	NA12829	1
phyml	GRCh37	rs417915	H18	NA19728	1
phyml	GRCh37	rs417915	H18	NA20299	2
phyml	GRCh37	rs417915	H18	NA20515	2
phyml	GRCh37	rs417915	H18	NA20522	1
phyml	GRCh37	rs417915	H18	NA20525	1
phyml	GRCh37	rs417915	H18	NA20528	2
phyml	GRCh37	rs417915	H18	NA20530	2
phyml	GRCh37	rs417915	H18	NA20772	1
phyml	GRCh37	rs417915	H18	NA20800	1
phyml	GRCh37	rs417915	H18	NA20818	1
phyml	GRCh37	rs417915	H18	NA20852	1
phyml	GRCh37	rs417915	H19	HG00096	1
phyml	GRCh37	rs417915	H19	HG00111	2
phyml	GRCh37	rs417915	H19	HG00112	1
phyml	GRCh37	rs417915	H19	HG00112	2
phyml	GRCh37	rs417915	H19	HG00127	2
phyml	GRCh37	rs417915	H19	HG00143	1
phyml	GRCh37	rs417915	H19	HG00149	1
phyml	GRCh37	rs417915	H19	HG00157	2
phyml	GRCh37	rs417915	H19	HG00235	2
phyml	GRCh37	rs417915	H19	HG00252	2
phyml	GRCh37	rs417915	H19	HG00265	2
phyml	GRCh37	rs417915	H19	HG00272	1
phyml	GRCh37	rs417915	H19	HG00734	2
phyml	GRCh37	rs417915	H19	HG01064	2
phyml	GRCh37	rs417915	H19	HG01079	2
phyml	GRCh37	rs417915	H19	HG01082	2
phyml	GRCh37	rs417915	H19	HG01110	1
phyml	GRCh37	rs417915	H19	HG01170	2
phyml	GRCh37	rs417915	H19	HG01242	1
phyml	GRCh37	rs417915	H19	HG01344	1
phyml	GRCh37	rs417915	H19	HG01393	1
phyml	GRCh37	rs417915	H19	HG01393	2
phyml	GRCh37	rs417915	H19	HG01402	2
phyml	GRCh37	rs417915	H19	HG01492	1
phyml	GRCh37	rs417915	H19	HG01498	2
phyml	GRCh37	rs417915	H19	HG01500	2
phyml	GRCh37	rs417915	H19	HG01501	2
phyml	GRCh37	rs417915	H19	HG01509	1
phyml	GRCh37	rs417915	H19	HG01527	1
phyml	GRCh37	rs417915	H19	HG01606	1
phyml	GRCh37	rs417915	H19	HG01617	2
phyml	GRCh37	rs417915	H19	HG01618	2
phyml	GRCh37	rs417915	H19	HG01669	1
phyml	GRCh37	rs417915	H19	HG01679	2
phyml	GRCh37	rs417915	H19	HG01697	1
phyml	GRCh37	rs417915	H19	HG01700	2
phyml	GRCh37	rs417915	H19	HG01709	1
phyml	GRCh37	rs417915	H19	HG02003	2
phyml	GRCh37	rs417915	H19	HG02298	1
phyml	GRCh37	rs417915	H19	NA19467	2
phyml	GRCh37	rs417915	H19	NA19792	1
phyml	GRCh37	rs417915	H19	NA20505	1
phyml	GRCh37	rs417915	H19	NA20508	1
phyml	GRCh37	rs417915	H19	NA20544	2
phyml	GRCh37	rs417915	H19	NA20759	1
phyml	GRCh37	rs417915	H19	NA20772	2
phyml	GRCh37	rs417915	H19	NA20774	2
phyml	GRCh37	rs417915	H19	NA20806	2
phyml	GRCh37	rs417915	H19	NA20819	1
phyml	GRCh37	rs417915	H20	HG00113	1
phyml	GRCh37	rs417915	H20	HG00151	2
phyml	GRCh37	rs417915	H20	HG00269	2
phyml	GRCh37	rs417915	H20	HG00310	2
phyml	GRCh37	rs417915	H20	HG00326	1
phyml	GRCh37	rs417915	H20	HG00366	1
phyml	GRCh37	rs417915	H20	HG00553	2
phyml	GRCh37	rs417915	H20	HG01069	2
phyml	GRCh37	rs417915	H20	HG01256	2
phyml	GRCh37	rs417915	H20	HG01395	1
phyml	GRCh37	rs417915	H20	HG01462	1
phyml	GRCh37	rs417915	H20	HG01464	2
phyml	GRCh37	rs417915	H20	HG01501	1
phyml	GRCh37	rs417915	H20	HG01583	1
phyml	GRCh37	rs417915	H20	HG01619	1
phyml	GRCh37	rs417915	H20	HG01710	1
phyml	GRCh37	rs417915	H20	HG01761	1
phyml	GRCh37	rs417915	H20	HG01773	1
phyml	GRCh37	rs417915	H20	HG01784	1
phyml	GRCh37	rs417915	H20	HG01967	2
phyml	GRCh37	rs417915	H20	HG02420	2
phyml	GRCh37	rs417915	H20	HG02684	2
phyml	GRCh37	rs417915	H20	HG02690	2
phyml	GRCh37	rs417915	H20	HG03006	1
phyml	GRCh37	rs417915	H20	HG03593	2
phyml	GRCh37	rs417915	H20	HG03902	2
phyml	GRCh37	rs417915	H20	HG03919	1
phyml	GRCh37	rs417915	H20	HG04090	2
phyml	GRCh37	rs417915	H20	HG04211	1
phyml	GRCh37	rs417915	H20	NA12003	2
phyml	GRCh37	rs417915	H20	NA12383	1
phyml	GRCh37	rs417915	H20	NA12748	1
phyml	GRCh37	rs417915	H20	NA12751	2
phyml	GRCh37	rs417915	H20	NA12813	2
phyml	GRCh37	rs417915	H20	NA12878	1
phyml	GRCh37	rs417915	H20	NA19771	1
phyml	GRCh37	rs417915	H20	NA19786	2
phyml	GRCh37	rs417915	H20	NA19923	1
phyml	GRCh37	rs417915	H20	NA20274	2
phyml	GRCh37	rs417915	H20	NA20503	1
phyml	GRCh37	rs417915	H20	NA20535	2
phyml	GRCh37	rs417915	H20	NA20588	2
phyml	GRCh37	rs417915	H20	NA20775	1
phyml	GRCh37	rs417915	H20	NA20805	1
phyml	GRCh37	rs417915	H20	NA20812	1
phyml	GRCh37	rs417915	H20	NA20859	2
phyml	GRCh37	rs417915	H20	NA20869	2
phyml	GRCh37	rs417915	H20	NA21091	2
phyml	GRCh37	rs417915	H21	HG01709	2
phyml	GRCh37	rs417915	H21	HG01894	1
phyml	GRCh37	rs417915	H21	HG02108	2
phyml	GRCh37	rs417915	H21	HG02497	2
phyml	GRCh37	rs417915	H21	HG02511	2
phyml	GRCh37	rs417915	H21	HG02699	1
phyml	GRCh37	rs417915	H21	HG02700	1
phyml	GRCh37	rs417915	H21	HG02879	1
phyml	GRCh37	rs417915	H21	HG02891	2
phyml	GRCh37	rs417915	H21	HG02968	1
phyml	GRCh37	rs417915	H21	HG03039	2
phyml	GRCh37	rs417915	H21	HG03055	2
phyml	GRCh37	rs417915	H21	HG03103	1
phyml	GRCh37	rs417915	H21	HG03168	1
phyml	GRCh37	rs417915	H21	HG03291	1
phyml	GRCh37	rs417915	H21	HG03351	2
phyml	GRCh37	rs417915	H21	HG03460	2
phyml	GRCh37	rs417915	H21	HG03476	1
phyml	GRCh37	rs417915	H21	HG03499	2
phyml	GRCh37	rs417915	H21	HG03571	2
phyml	GRCh37	rs417915	H21	HG03603	1
phyml	GRCh37	rs417915	H21	HG03775	1
phyml	GRCh37	rs417915	H21	HG03775	2
phyml	GRCh37	rs417915	H21	HG03976	2
phyml	GRCh37	rs417915	H21	HG04198	2
phyml	GRCh37	rs417915	H21	HG04200	2
phyml	GRCh37	rs417915	H21	NA07037	2
phyml	GRCh37	rs417915	H21	NA12750	2
phyml	GRCh37	rs417915	H21	NA18861	1
phyml	GRCh37	rs417915	H21	NA19017	1
phyml	GRCh37	rs417915	H21	NA19017	2
phyml	GRCh37	rs417915	H21	NA19223	2
phyml	GRCh37	rs417915	H21	NA19384	1
phyml	GRCh37	rs417915	H21	NA19394	2
phyml	GRCh37	rs417915	H21	NA19436	2
phyml	GRCh37	rs417915	H21	NA19448	1
phyml	GRCh37	rs417915	H21	NA19448	2
phyml	GRCh37	rs417915	H21	NA19449	1
phyml	GRCh37	rs417915	H21	NA19467	1
phyml	GRCh37	rs417915	H21	NA19468	2
phyml	GRCh37	rs417915	H21	NA19762	2
phyml	GRCh37	rs417915	H21	NA19914	1
phyml	GRCh37	rs417915	H21	NA20298	1
phyml	GRCh37	rs417915	H21	NA20862	1
phyml	GRCh37	rs417915	H21	NA20894	2
phyml	GRCh37	rs417915	H21	NA21124	1
phyml	GRCh37	rs417915	H22	HG00368	2
phyml	GRCh37	rs417915	H22	HG00614	1
phyml	GRCh37	rs417915	H22	HG00623	2
phyml	GRCh37	rs417915	H22	HG00637	1
phyml	GRCh37	rs417915	H22	HG01061	2
phyml	GRCh37	rs417915	H22	HG01148	1
phyml	GRCh37	rs417915	H22	HG01162	2
phyml	GRCh37	rs417915	H22	HG01200	1
phyml	GRCh37	rs417915	H22	HG01612	2
phyml	GRCh37	rs417915	H22	HG01625	2
phyml	GRCh37	rs417915	H22	HG01626	1
phyml	GRCh37	rs417915	H22	HG01766	1
phyml	GRCh37	rs417915	H22	HG02407	1
phyml	GRCh37	rs417915	H22	HG02946	1
phyml	GRCh37	rs417915	H22	HG03594	2
phyml	GRCh37	rs417915	H22	HG03616	2
phyml	GRCh37	rs417915	H22	HG03624	1
phyml	GRCh37	rs417915	H22	HG03911	1
phyml	GRCh37	rs417915	H22	HG03944	1
phyml	GRCh37	rs417915	H22	HG04134	1
phyml	GRCh37	rs417915	H22	HG04146	1
phyml	GRCh37	rs417915	H22	HG04209	1
phyml	GRCh37	rs417915	H22	NA11894	2
phyml	GRCh37	rs417915	H22	NA12830	2
phyml	GRCh37	rs417915	H22	NA18561	2
phyml	GRCh37	rs417915	H22	NA18647	2
phyml	GRCh37	rs417915	H22	NA18976	2
phyml	GRCh37	rs417915	H22	NA18991	1
phyml	GRCh37	rs417915	H22	NA19321	2
phyml	GRCh37	rs417915	H22	NA19374	1
phyml	GRCh37	rs417915	H22	NA19379	1
phyml	GRCh37	rs417915	H22	NA19428	2
phyml	GRCh37	rs417915	H22	NA19438	2
phyml	GRCh37	rs417915	H22	NA19701	1
phyml	GRCh37	rs417915	H22	NA20532	1
phyml	GRCh37	rs417915	H22	NA20796	1
phyml	GRCh37	rs417915	H22	NA20801	2
phyml	GRCh37	rs417915	H22	NA20894	1
phyml	GRCh37	rs417915	H23	HG01882	2
phyml	GRCh37	rs417915	H23	HG01912	1
phyml	GRCh37	rs417915	H23	HG02537	2
phyml	GRCh37	rs417915	H23	HG02922	2
phyml	GRCh37	rs417915	H23	HG02953	1
phyml	GRCh37	rs417915	H23	HG03112	1
phyml	GRCh37	rs417915	H23	HG03130	1
phyml	GRCh37	rs417915	H23	HG03133	1
phyml	GRCh37	rs417915	H23	HG03157	1
phyml	GRCh37	rs417915	H23	HG03189	1
phyml	GRCh37	rs417915	H23	HG03366	1
phyml	GRCh37	rs417915	H23	HG03366	2
phyml	GRCh37	rs417915	H23	HG03391	1
phyml	GRCh37	rs417915	H23	HG03428	2
phyml	GRCh37	rs417915	H23	HG03464	1
phyml	GRCh37	rs417915	H23	HG03557	2
phyml	GRCh37	rs417915	H23	HG03558	1
phyml	GRCh37	rs417915	H23	HG03563	1
phyml	GRCh37	rs417915	H23	NA18853	2
phyml	GRCh37	rs417915	H23	NA18858	2
phyml	GRCh37	rs417915	H23	NA18934	1
phyml	GRCh37	rs417915	H23	NA19093	1
phyml	GRCh37	rs417915	H23	NA19121	1
phyml	GRCh37	rs417915	H23	NA19207	1
phyml	GRCh37	rs417915	H23	NA19222	2
phyml	GRCh37	rs417915	H23	NA19225	2
phyml	GRCh37	rs417915	H23	NA19239	2
phyml	GRCh37	rs417915	H23	NA19318	1
phyml	GRCh37	rs417915	H23	NA19328	2
phyml	GRCh37	rs417915	H23	NA19332	2
phyml	GRCh37	rs417915	H23	NA19334	2
phyml	GRCh37	rs417915	H23	NA19360	2
phyml	GRCh37	rs417915	H23	NA19380	1
phyml	GRCh37	rs417915	H23	NA19385	1
phyml	GRCh37	rs417915	H23	NA19385	2
phyml	GRCh37	rs417915	H23	NA19404	2
phyml	GRCh37	rs417915	H23	NA19429	1
phyml	GRCh37	rs417915	H23	NA19818	1
phyml	GRCh37	rs417915	H24	HG00559	2
phyml	GRCh37	rs417915	H24	HG00565	1
phyml	GRCh37	rs417915	H24	HG00566	2
phyml	GRCh37	rs417915	H24	HG00596	1
phyml	GRCh37	rs417915	H24	HG00611	2
phyml	GRCh37	rs417915	H24	HG00705	1
phyml	GRCh37	rs417915	H24	HG01566	1
phyml	GRCh37	rs417915	H24	HG02121	1
phyml	GRCh37	rs417915	H24	HG02154	2
phyml	GRCh37	rs417915	H24	HG02188	2
phyml	GRCh37	rs417915	H24	HG02190	1
phyml	GRCh37	rs417915	H24	NA18525	2
phyml	GRCh37	rs417915	H24	NA18618	2
phyml	GRCh37	rs417915	H24	NA18627	1
phyml	GRCh37	rs417915	H24	NA18630	2
phyml	GRCh37	rs417915	H24	NA18633	2
phyml	GRCh37	rs417915	H24	NA18641	1
phyml	GRCh37	rs417915	H24	NA18643	1
phyml	GRCh37	rs417915	H24	NA18646	1
phyml	GRCh37	rs417915	H24	NA18749	1
phyml	GRCh37	rs417915	H24	NA18939	2
phyml	GRCh37	rs417915	H24	NA18946	2
phyml	GRCh37	rs417915	H24	NA18962	1
phyml	GRCh37	rs417915	H24	NA18971	2
phyml	GRCh37	rs417915	H24	NA18978	2
phyml	GRCh37	rs417915	H24	NA18980	1
phyml	GRCh37	rs417915	H24	NA18999	2
phyml	GRCh37	rs417915	H24	NA19009	2
phyml	GRCh37	rs417915	H24	NA19082	1
phyml	GRCh37	rs417915	H24	NA19089	1
phyml	GRCh37	rs417915	H24	NA19752	1
phyml	GRCh37	rs417915	H24	NA19782	2
phyml	GRCh37	rs417915	H25	HG01102	1
phyml	GRCh37	rs417915	H25	HG01107	2
phyml	GRCh37	rs417915	H25	HG01879	1
phyml	GRCh37	rs417915	H25	HG01988	1
phyml	GRCh37	rs417915	H25	HG02315	1
phyml	GRCh37	rs417915	H25	HG02536	2
phyml	GRCh37	rs417915	H25	HG02568	1
phyml	GRCh37	rs417915	H25	HG02628	2
phyml	GRCh37	rs417915	H25	HG02703	1
phyml	GRCh37	rs417915	H25	HG03045	2
phyml	GRCh37	rs417915	H25	HG03060	1
phyml	GRCh37	rs417915	H25	HG03086	2
phyml	GRCh37	rs417915	H25	HG03088	1
phyml	GRCh37	rs417915	H25	HG03088	2
phyml	GRCh37	rs417915	H25	HG03091	2
phyml	GRCh37	rs417915	H25	HG03126	1
phyml	GRCh37	rs417915	H25	HG03199	2
phyml	GRCh37	rs417915	H25	HG03209	1
phyml	GRCh37	rs417915	H25	HG03241	2
phyml	GRCh37	rs417915	H25	HG03300	1
phyml	GRCh37	rs417915	H25	HG03378	2
phyml	GRCh37	rs417915	H25	HG03382	1
phyml	GRCh37	rs417915	H25	HG03455	1
phyml	GRCh37	rs417915	H25	HG03575	2
phyml	GRCh37	rs417915	H25	NA18516	1
phyml	GRCh37	rs417915	H25	NA18917	2
phyml	GRCh37	rs417915	H25	NA18924	2
phyml	GRCh37	rs417915	H25	NA19114	2
phyml	GRCh37	rs417915	H25	NA19328	1
phyml	GRCh37	rs417915	H25	NA19350	2
phyml	GRCh37	rs417915	H25	NA20287	2
phyml	GRCh37	rs417915	H25	NA20334	2
phyml	GRCh37	rs417915	H26	HG02116	2
phyml	GRCh37	rs417915	H26	HG02654	2
phyml	GRCh37	rs417915	H26	HG02688	2
phyml	GRCh37	rs417915	H26	HG02724	1
phyml	GRCh37	rs417915	H26	HG02731	1
phyml	GRCh37	rs417915	H26	HG03234	2
phyml	GRCh37	rs417915	H26	HG03636	1
phyml	GRCh37	rs417915	H26	HG03684	2
phyml	GRCh37	rs417915	H26	HG03705	1
phyml	GRCh37	rs417915	H26	HG03709	2
phyml	GRCh37	rs417915	H26	HG03753	2
phyml	GRCh37	rs417915	H26	HG03781	2
phyml	GRCh37	rs417915	H26	HG03785	1
phyml	GRCh37	rs417915	H26	HG03826	1
phyml	GRCh37	rs417915	H26	HG03890	1
phyml	GRCh37	rs417915	H26	HG03920	2
phyml	GRCh37	rs417915	H26	HG03945	1
phyml	GRCh37	rs417915	H26	HG03949	1
phyml	GRCh37	rs417915	H26	HG03953	1
phyml	GRCh37	rs417915	H26	HG03955	2
phyml	GRCh37	rs417915	H26	HG04025	2
phyml	GRCh37	rs417915	H26	HG04106	1
phyml	GRCh37	rs417915	H26	HG04180	1
phyml	GRCh37	rs417915	H26	HG04188	2
phyml	GRCh37	rs417915	H26	HG04212	1
phyml	GRCh37	rs417915	H26	HG04238	1
phyml	GRCh37	rs417915	H26	NA20852	2
phyml	GRCh37	rs417915	H26	NA20853	1
phyml	GRCh37	rs417915	H26	NA20874	1
phyml	GRCh37	rs417915	H26	NA20908	1
phyml	GRCh37	rs417915	H26	NA20908	2
phyml	GRCh37	rs417915	H26	NA21100	1
phyml	GRCh37	rs417915	H27	HG00445	1
phyml	GRCh37	rs417915	H27	HG00445	2
phyml	GRCh37	rs417915	H27	HG00472	1
phyml	GRCh37	rs417915	H27	HG00534	2
phyml	GRCh37	rs417915	H27	HG00662	2
phyml	GRCh37	rs417915	H27	HG00674	2
phyml	GRCh37	rs417915	H27	HG00689	1
phyml	GRCh37	rs417915	H27	HG00759	1
phyml	GRCh37	rs417915	H27	HG00766	1
phyml	GRCh37	rs417915	H27	HG01805	2
phyml	GRCh37	rs417915	H27	HG01812	2
phyml	GRCh37	rs417915	H27	HG01852	2
phyml	GRCh37	rs417915	H27	HG01860	2
phyml	GRCh37	rs417915	H27	HG01865	2
phyml	GRCh37	rs417915	H27	HG01866	2
phyml	GRCh37	rs417915	H27	HG02070	1
phyml	GRCh37	rs417915	H27	HG02131	2
phyml	GRCh37	rs417915	H27	HG02152	1
phyml	GRCh37	rs417915	H27	HG02364	2
phyml	GRCh37	rs417915	H27	HG02375	2
phyml	GRCh37	rs417915	H27	HG02385	1
phyml	GRCh37	rs417915	H27	HG02392	2
phyml	GRCh37	rs417915	H27	HG02402	1
phyml	GRCh37	rs417915	H27	HG02408	2
phyml	GRCh37	rs417915	H27	HG02409	2
phyml	GRCh37	rs417915	H27	HG02521	1
phyml	GRCh37	rs417915	H27	HG03796	1
phyml	GRCh37	rs417915	H27	HG03815	1
phyml	GRCh37	rs417915	H27	NA18570	2
phyml	GRCh37	rs417915	H27	NA18941	2
phyml	GRCh37	rs417915	H28	HG00179	1
phyml	GRCh37	rs417915	H28	HG01933	1
phyml	GRCh37	rs417915	H28	HG02600	2
phyml	GRCh37	rs417915	H28	HG03007	1
phyml	GRCh37	rs417915	H28	HG03491	1
phyml	GRCh37	rs417915	H28	HG03680	1
phyml	GRCh37	rs417915	H28	HG03681	1
phyml	GRCh37	rs417915	H28	HG03703	1
phyml	GRCh37	rs417915	H28	HG03746	2
phyml	GRCh37	rs417915	H28	HG03779	1
phyml	GRCh37	rs417915	H28	HG03792	1
phyml	GRCh37	rs417915	H28	HG03830	2
phyml	GRCh37	rs417915	H28	HG03836	1
phyml	GRCh37	rs417915	H28	HG03863	1
phyml	GRCh37	rs417915	H28	HG03874	2
phyml	GRCh37	rs417915	H28	HG03887	2
phyml	GRCh37	rs417915	H28	HG03945	2
phyml	GRCh37	rs417915	H28	HG03965	2
phyml	GRCh37	rs417915	H28	HG03978	1
phyml	GRCh37	rs417915	H28	HG04022	1
phyml	GRCh37	rs417915	H28	HG04070	2
phyml	GRCh37	rs417915	H28	HG04096	1
phyml	GRCh37	rs417915	H28	HG04118	1
phyml	GRCh37	rs417915	H28	HG04171	2
phyml	GRCh37	rs417915	H28	NA19682	2
phyml	GRCh37	rs417915	H28	NA20774	1
phyml	GRCh37	rs417915	H28	NA20846	1
phyml	GRCh37	rs417915	H28	NA20876	2
phyml	GRCh37	rs417915	H28	NA21099	1
phyml	GRCh37	rs417915	H28	NA21118	2
phyml	GRCh37	rs417915	H29	HG01312	2
phyml	GRCh37	rs417915	H29	HG01885	2
phyml	GRCh37	rs417915	H29	HG02053	2
phyml	GRCh37	rs417915	H29	HG02274	2
phyml	GRCh37	rs417915	H29	HG02282	1
phyml	GRCh37	rs417915	H29	HG02339	2
phyml	GRCh37	rs417915	H29	HG02439	1
phyml	GRCh37	rs417915	H29	HG02583	1
phyml	GRCh37	rs417915	H29	HG02760	2
phyml	GRCh37	rs417915	H29	HG02811	2
phyml	GRCh37	rs417915	H29	HG02854	2
phyml	GRCh37	rs417915	H29	HG02941	2
phyml	GRCh37	rs417915	H29	HG03096	2
phyml	GRCh37	rs417915	H29	HG03127	2
phyml	GRCh37	rs417915	H29	HG03160	1
phyml	GRCh37	rs417915	H29	HG03297	2
phyml	GRCh37	rs417915	H29	HG03303	2
phyml	GRCh37	rs417915	H29	HG03388	1
phyml	GRCh37	rs417915	H29	HG03433	2
phyml	GRCh37	rs417915	H29	NA18856	1
phyml	GRCh37	rs417915	H29	NA18933	2
phyml	GRCh37	rs417915	H29	NA19095	1
phyml	GRCh37	rs417915	H29	NA19099	2
phyml	GRCh37	rs417915	H29	NA19452	2
phyml	GRCh37	rs417915	H29	NA20287	1
phyml	GRCh37	rs417915	H29	NA20320	1
phyml	GRCh37	rs417915	H29	NA20321	1
phyml	GRCh37	rs417915	H30	HG01107	1
phyml	GRCh37	rs417915	H30	HG01342	1
phyml	GRCh37	rs417915	H30	HG01412	2
phyml	GRCh37	rs417915	H30	HG01917	2
phyml	GRCh37	rs417915	H30	HG01918	1
phyml	GRCh37	rs417915	H30	HG01920	1
phyml	GRCh37	rs417915	H30	HG01921	2
phyml	GRCh37	rs417915	H30	HG01923	1
phyml	GRCh37	rs417915	H30	HG01932	1
phyml	GRCh37	rs417915	H30	HG01935	2
phyml	GRCh37	rs417915	H30	HG01954	2
phyml	GRCh37	rs417915	H30	HG01961	2
phyml	GRCh37	rs417915	H30	HG01968	2
phyml	GRCh37	rs417915	H30	HG01977	2
phyml	GRCh37	rs417915	H30	HG02002	1
phyml	GRCh37	rs417915	H30	HG02146	2
phyml	GRCh37	rs417915	H30	HG02259	1
phyml	GRCh37	rs417915	H30	HG02260	2
phyml	GRCh37	rs417915	H30	HG02277	1
phyml	GRCh37	rs417915	H30	HG02298	2
phyml	GRCh37	rs417915	H30	NA19681	1
phyml	GRCh37	rs417915	H30	NA19681	2
phyml	GRCh37	rs417915	H30	NA19728	2
phyml	GRCh37	rs417915	H30	NA19732	1
phyml	GRCh37	rs417915	H30	NA19774	2
phyml	GRCh37	rs417915	H30	NA19792	2
phyml	GRCh37	rs417915	H31	HG00457	1
phyml	GRCh37	rs417915	H31	HG00590	2
phyml	GRCh37	rs417915	H31	HG00699	1
phyml	GRCh37	rs417915	H31	HG00881	2
phyml	GRCh37	rs417915	H31	HG01029	1
phyml	GRCh37	rs417915	H31	HG01597	2
phyml	GRCh37	rs417915	H31	HG01795	1
phyml	GRCh37	rs417915	H31	HG01806	1
phyml	GRCh37	rs417915	H31	HG01808	2
phyml	GRCh37	rs417915	H31	HG01816	2
phyml	GRCh37	rs417915	H31	HG01844	2
phyml	GRCh37	rs417915	H31	HG01872	1
phyml	GRCh37	rs417915	H31	HG02087	2
phyml	GRCh37	rs417915	H31	HG02137	1
phyml	GRCh37	rs417915	H31	HG02137	2
phyml	GRCh37	rs417915	H31	HG02153	1
phyml	GRCh37	rs417915	H31	HG02155	2
phyml	GRCh37	rs417915	H31	HG02181	2
phyml	GRCh37	rs417915	H31	HG02512	2
phyml	GRCh37	rs417915	H31	HG03615	1
phyml	GRCh37	rs417915	H31	NA18543	1
phyml	GRCh37	rs417915	H31	NA18545	2
phyml	GRCh37	rs417915	H31	NA18573	1
phyml	GRCh37	rs417915	H31	NA18608	2
phyml	GRCh37	rs417915	H31	NA18986	2
phyml	GRCh37	rs417915	H31	NA19712	2
phyml	GRCh37	rs417915	H32	HG01883	1
phyml	GRCh37	rs417915	H32	HG01986	2
phyml	GRCh37	rs417915	H32	HG02144	1
phyml	GRCh37	rs417915	H32	HG02322	2
phyml	GRCh37	rs417915	H32	HG02330	2
phyml	GRCh37	rs417915	H32	HG02343	1
phyml	GRCh37	rs417915	H32	HG02479	1
phyml	GRCh37	rs417915	H32	HG02620	2
phyml	GRCh37	rs417915	H32	HG02799	2
phyml	GRCh37	rs417915	H32	HG02882	1
phyml	GRCh37	rs417915	H32	HG02971	2
phyml	GRCh37	rs417915	H32	HG03040	2
phyml	GRCh37	rs417915	H32	HG03057	2
phyml	GRCh37	rs417915	H32	HG03063	2
phyml	GRCh37	rs417915	H32	HG03079	1
phyml	GRCh37	rs417915	H32	HG03114	1
phyml	GRCh37	rs417915	H32	HG03376	1
phyml	GRCh37	rs417915	H32	HG03484	2
phyml	GRCh37	rs417915	H32	NA18507	1
phyml	GRCh37	rs417915	H32	NA18516	2
phyml	GRCh37	rs417915	H32	NA19026	1
phyml	GRCh37	rs417915	H32	NA19035	2
phyml	GRCh37	rs417915	H32	NA19900	2
phyml	GRCh37	rs417915	H32	NA20412	2
phyml	GRCh37	rs417915	H33	HG00148	2
phyml	GRCh37	rs417915	H33	HG00158	2
phyml	GRCh37	rs417915	H33	HG01403	2
phyml	GRCh37	rs417915	H33	HG01630	2
phyml	GRCh37	rs417915	H33	HG02682	1
phyml	GRCh37	rs417915	H33	HG02727	2
phyml	GRCh37	rs417915	H33	HG02728	2
phyml	GRCh37	rs417915	H33	HG03015	2
phyml	GRCh37	rs417915	H33	HG03624	2
phyml	GRCh37	rs417915	H33	HG03642	1
phyml	GRCh37	rs417915	H33	HG03705	2
phyml	GRCh37	rs417915	H33	HG03718	1
phyml	GRCh37	rs417915	H33	HG03771	1
phyml	GRCh37	rs417915	H33	HG03781	1
phyml	GRCh37	rs417915	H33	HG03850	2
phyml	GRCh37	rs417915	H33	HG03926	1
phyml	GRCh37	rs417915	H33	HG04096	2
phyml	GRCh37	rs417915	H33	HG04107	1
phyml	GRCh37	rs417915	H33	HG04107	2
phyml	GRCh37	rs417915	H33	NA20538	2
phyml	GRCh37	rs417915	H33	NA20849	1
phyml	GRCh37	rs417915	H33	NA20902	2
phyml	GRCh37	rs417915	H33	NA21133	1
phyml	GRCh37	rs417915	H34	HG00143	2
phyml	GRCh37	rs417915	H34	HG00185	1
phyml	GRCh37	rs417915	H34	HG00274	2
phyml	GRCh37	rs417915	H34	HG00277	2
phyml	GRCh37	rs417915	H34	HG00325	2
phyml	GRCh37	rs417915	H34	HG00327	2
phyml	GRCh37	rs417915	H34	HG00336	1
phyml	GRCh37	rs417915	H34	HG01073	1
phyml	GRCh37	rs417915	H34	HG01094	2
phyml	GRCh37	rs417915	H34	HG01284	2
phyml	GRCh37	rs417915	H34	HG01302	1
phyml	GRCh37	rs417915	H34	HG01613	2
phyml	GRCh37	rs417915	H34	HG01686	1
phyml	GRCh37	rs417915	H34	HG01707	2
phyml	GRCh37	rs417915	H34	HG02220	2
phyml	GRCh37	rs417915	H34	HG02685	2
phyml	GRCh37	rs417915	H34	HG03716	1
phyml	GRCh37	rs417915	H34	NA11831	2
phyml	GRCh37	rs417915	H34	NA20524	2
phyml	GRCh37	rs417915	H34	NA20790	2
phyml	GRCh37	rs417915	H34	NA20851	2
phyml	GRCh37	rs417915	H34	NA20887	1
phyml	GRCh37	rs417915	H35	HG00656	1
phyml	GRCh37	rs417915	H35	HG00671	1
phyml	GRCh37	rs417915	H35	HG00759	2
phyml	GRCh37	rs417915	H35	HG01595	2
phyml	GRCh37	rs417915	H35	HG01801	1
phyml	GRCh37	rs417915	H35	HG01860	1
phyml	GRCh37	rs417915	H35	HG02049	1
phyml	GRCh37	rs417915	H35	HG02121	2
phyml	GRCh37	rs417915	H35	HG02380	2
phyml	GRCh37	rs417915	H35	HG02389	1
phyml	GRCh37	rs417915	H35	HG02394	2
phyml	GRCh37	rs417915	H35	HG02396	1
phyml	GRCh37	rs417915	H35	HG03812	2
phyml	GRCh37	rs417915	H35	NA18541	1
phyml	GRCh37	rs417915	H35	NA18555	2
phyml	GRCh37	rs417915	H35	NA18592	2
phyml	GRCh37	rs417915	H35	NA18617	2
phyml	GRCh37	rs417915	H35	NA18622	2
phyml	GRCh37	rs417915	H35	NA18629	1
phyml	GRCh37	rs417915	H35	NA18634	2
phyml	GRCh37	rs417915	H35	NA18941	1
phyml	GRCh37	rs417915	H35	NA20346	1
phyml	GRCh37	rs417915	H36	HG02010	2
phyml	GRCh37	rs417915	H36	HG02256	2
phyml	GRCh37	rs417915	H36	HG02317	2
phyml	GRCh37	rs417915	H36	HG02337	1
phyml	GRCh37	rs417915	H36	HG02541	2
phyml	GRCh37	rs417915	H36	HG02585	1
phyml	GRCh37	rs417915	H36	HG02595	1
phyml	GRCh37	rs417915	H36	HG02624	2
phyml	GRCh37	rs417915	H36	HG02768	2
phyml	GRCh37	rs417915	H36	HG02771	1
phyml	GRCh37	rs417915	H36	HG02839	2
phyml	GRCh37	rs417915	H36	HG02895	2
phyml	GRCh37	rs417915	H36	HG02941	1
phyml	GRCh37	rs417915	H36	HG03049	1
phyml	GRCh37	rs417915	H36	HG03097	2
phyml	GRCh37	rs417915	H36	HG03247	1
phyml	GRCh37	rs417915	H36	HG03548	1
phyml	GRCh37	rs417915	H36	HG03565	2
phyml	GRCh37	rs417915	H36	NA18520	2
phyml	GRCh37	rs417915	H36	NA19095	2
phyml	GRCh37	rs417915	H36	NA19331	2
phyml	GRCh37	rs417915	H36	NA19347	2
phyml	GRCh37	rs417915	H37	HG02445	1
phyml	GRCh37	rs417915	H37	HG02461	2
phyml	GRCh37	rs417915	H37	HG02477	2
phyml	GRCh37	rs417915	H37	HG02568	2
phyml	GRCh37	rs417915	H37	HG02610	2
phyml	GRCh37	rs417915	H37	HG02611	2
phyml	GRCh37	rs417915	H37	HG02808	2
phyml	GRCh37	rs417915	H37	HG03049	2
phyml	GRCh37	rs417915	H37	HG03054	1
phyml	GRCh37	rs417915	H37	HG03058	1
phyml	GRCh37	rs417915	H37	HG03157	2
phyml	GRCh37	rs417915	H37	HG03169	2
phyml	GRCh37	rs417915	H37	HG03451	1
phyml	GRCh37	rs417915	H37	HG03479	2
phyml	GRCh37	rs417915	H37	HG03572	2
phyml	GRCh37	rs417915	H37	NA18908	1
phyml	GRCh37	rs417915	H37	NA18910	2
phyml	GRCh37	rs417915	H37	NA19197	1
phyml	GRCh37	rs417915	H37	NA19225	1
phyml	GRCh37	rs417915	H37	NA19257	2
phyml	GRCh37	rs417915	H37	NA19655	2
phyml	GRCh37	rs417915	H38	HG03235	1
phyml	GRCh37	rs417915	H38	HG03604	1
phyml	GRCh37	rs417915	H38	HG03611	1
phyml	GRCh37	rs417915	H38	HG03625	1
phyml	GRCh37	rs417915	H38	HG03696	1
phyml	GRCh37	rs417915	H38	HG03742	2
phyml	GRCh37	rs417915	H38	HG03802	1
phyml	GRCh37	rs417915	H38	HG03861	1
phyml	GRCh37	rs417915	H38	HG03867	1
phyml	GRCh37	rs417915	H38	HG03882	1
phyml	GRCh37	rs417915	H38	HG03951	1
phyml	GRCh37	rs417915	H38	HG03985	1
phyml	GRCh37	rs417915	H38	HG04094	1
phyml	GRCh37	rs417915	H38	HG04185	2
phyml	GRCh37	rs417915	H38	NA20543	2
phyml	GRCh37	rs417915	H38	NA20877	2
phyml	GRCh37	rs417915	H38	NA20886	1
phyml	GRCh37	rs417915	H38	NA20906	2
phyml	GRCh37	rs417915	H38	NA21094	2
phyml	GRCh37	rs417915	H38	NA21111	2
phyml	GRCh37	rs417915	H38	NA21137	2
phyml	GRCh37	rs417915	H39	HG02012	2
phyml	GRCh37	rs417915	H39	HG02317	1
phyml	GRCh37	rs417915	H39	HG02541	1
phyml	GRCh37	rs417915	H39	HG02623	2
phyml	GRCh37	rs417915	H39	HG02769	1
phyml	GRCh37	rs417915	H39	HG02861	1
phyml	GRCh37	rs417915	H39	HG02983	1
phyml	GRCh37	rs417915	H39	HG03081	2
phyml	GRCh37	rs417915	H39	HG03117	2
phyml	GRCh37	rs417915	H39	HG03225	1
phyml	GRCh37	rs417915	H39	HG03563	2
phyml	GRCh37	rs417915	H39	NA18502	1
phyml	GRCh37	rs417915	H39	NA18868	1
phyml	GRCh37	rs417915	H39	NA18878	1
phyml	GRCh37	rs417915	H39	NA19019	2
phyml	GRCh37	rs417915	H39	NA19146	2
phyml	GRCh37	rs417915	H39	NA19238	1
phyml	GRCh37	rs417915	H39	NA19900	1
phyml	GRCh37	rs417915	H39	NA20294	2
phyml	GRCh37	rs417915	H39	NA20298	2
phyml	GRCh37	rs417915	H40	HG00132	1
phyml	GRCh37	rs417915	H40	HG00155	2
phyml	GRCh37	rs417915	H40	HG00183	2
phyml	GRCh37	rs417915	H40	HG00335	2
phyml	GRCh37	rs417915	H40	HG00350	1
phyml	GRCh37	rs417915	H40	HG00366	2
phyml	GRCh37	rs417915	H40	HG00375	1
phyml	GRCh37	rs417915	H40	HG00380	2
phyml	GRCh37	rs417915	H40	HG01509	2
phyml	GRCh37	rs417915	H40	HG01747	1
phyml	GRCh37	rs417915	H40	HG01761	2
phyml	GRCh37	rs417915	H40	NA10847	1
phyml	GRCh37	rs417915	H40	NA12144	2
phyml	GRCh37	rs417915	H40	NA12874	1
phyml	GRCh37	rs417915	H40	NA19713	2
phyml	GRCh37	rs417915	H40	NA20412	1
phyml	GRCh37	rs417915	H40	NA20514	2
phyml	GRCh37	rs417915	H40	NA20767	1
phyml	GRCh37	rs417915	H40	NA20810	1
phyml	GRCh37	rs417915	H40	NA20869	1
phyml	GRCh37	rs417915	H41	HG01182	2
phyml	GRCh37	rs417915	H41	HG01375	2
phyml	GRCh37	rs417915	H41	HG02501	1
phyml	GRCh37	rs417915	H41	HG02645	1
phyml	GRCh37	rs417915	H41	HG02678	1
phyml	GRCh37	rs417915	H41	HG02769	2
phyml	GRCh37	rs417915	H41	HG02860	1
phyml	GRCh37	rs417915	H41	HG03046	2
phyml	GRCh37	rs417915	H41	HG03127	1
phyml	GRCh37	rs417915	H41	HG03363	1
phyml	GRCh37	rs417915	H41	HG03476	2
phyml	GRCh37	rs417915	H41	NA18489	1
phyml	GRCh37	rs417915	H41	NA19184	2
phyml	GRCh37	rs417915	H41	NA19210	1
phyml	GRCh37	rs417915	H41	NA19210	2
phyml	GRCh37	rs417915	H41	NA19309	1
phyml	GRCh37	rs417915	H41	NA19435	2
phyml	GRCh37	rs417915	H41	NA19446	2
phyml	GRCh37	rs417915	H41	NA19917	1
phyml	GRCh37	rs417915	H41	NA20317	2
phyml	GRCh37	rs417915	H42	HG00351	2
phyml	GRCh37	rs417915	H42	HG01462	2
phyml	GRCh37	rs417915	H42	HG02309	1
phyml	GRCh37	rs417915	H42	HG02485	1
phyml	GRCh37	rs417915	H42	HG02555	2
phyml	GRCh37	rs417915	H42	HG02944	2
phyml	GRCh37	rs417915	H42	HG03055	1
phyml	GRCh37	rs417915	H42	HG03077	2
phyml	GRCh37	rs417915	H42	HG03078	2
phyml	GRCh37	rs417915	H42	HG03224	1
phyml	GRCh37	rs417915	H42	HG03354	2
phyml	GRCh37	rs417915	H42	HG03419	2
phyml	GRCh37	rs417915	H42	HG03457	2
phyml	GRCh37	rs417915	H42	HG03578	1
phyml	GRCh37	rs417915	H42	NA18867	2
phyml	GRCh37	rs417915	H42	NA19031	1
phyml	GRCh37	rs417915	H42	NA19439	1
phyml	GRCh37	rs417915	H42	NA19909	1
phyml	GRCh37	rs417915	H42	NA20356	2
phyml	GRCh37	rs417915	H43	HG01610	1
phyml	GRCh37	rs417915	H43	HG01890	2
phyml	GRCh37	rs417915	H43	HG01896	1
phyml	GRCh37	rs417915	H43	HG01914	1
phyml	GRCh37	rs417915	H43	HG02144	2
phyml	GRCh37	rs417915	H43	HG02314	1
phyml	GRCh37	rs417915	H43	HG02419	2
phyml	GRCh37	rs417915	H43	HG02461	1
phyml	GRCh37	rs417915	H43	HG02549	2
phyml	GRCh37	rs417915	H43	HG02580	2
phyml	GRCh37	rs417915	H43	HG02634	1
phyml	GRCh37	rs417915	H43	HG02768	1
phyml	GRCh37	rs417915	H43	HG03066	2
phyml	GRCh37	rs417915	H43	HG03112	2
phyml	GRCh37	rs417915	H43	HG03280	2
phyml	GRCh37	rs417915	H43	HG03311	1
phyml	GRCh37	rs417915	H43	HG03575	1
phyml	GRCh37	rs417915	H43	NA19198	2
phyml	GRCh37	rs417915	H43	NA19819	2
phyml	GRCh37	rs417915	H44	HG03629	1
phyml	GRCh37	rs417915	H44	HG03636	2
phyml	GRCh37	rs417915	H44	HG03711	1
phyml	GRCh37	rs417915	H44	HG03733	1
phyml	GRCh37	rs417915	H44	HG03837	1
phyml	GRCh37	rs417915	H44	HG03854	1
phyml	GRCh37	rs417915	H44	HG03885	1
phyml	GRCh37	rs417915	H44	HG03908	1
phyml	GRCh37	rs417915	H44	HG03911	2
phyml	GRCh37	rs417915	H44	HG04002	1
phyml	GRCh37	rs417915	H44	NA20872	2
phyml	GRCh37	rs417915	H44	NA20901	2
phyml	GRCh37	rs417915	H44	NA21103	1
phyml	GRCh37	rs417915	H44	NA21104	2
phyml	GRCh37	rs417915	H44	NA21105	2
phyml	GRCh37	rs417915	H44	NA21112	1
phyml	GRCh37	rs417915	H44	NA21114	1
phyml	GRCh37	rs417915	H44	NA21129	1
phyml	GRCh37	rs417915	H45	HG02330	1
phyml	GRCh37	rs417915	H45	HG02502	1
phyml	GRCh37	rs417915	H45	HG02819	1
phyml	GRCh37	rs417915	H45	HG02854	1
phyml	GRCh37	rs417915	H45	HG03097	1
phyml	GRCh37	rs417915	H45	HG03118	1
phyml	GRCh37	rs417915	H45	HG03202	1
phyml	GRCh37	rs417915	H45	HG03265	2
phyml	GRCh37	rs417915	H45	HG03304	1
phyml	GRCh37	rs417915	H45	NA18486	1
phyml	GRCh37	rs417915	H45	NA18499	2
phyml	GRCh37	rs417915	H45	NA18523	1
phyml	GRCh37	rs417915	H45	NA18871	1
phyml	GRCh37	rs417915	H45	NA18881	1
phyml	GRCh37	rs417915	H45	NA18912	2
phyml	GRCh37	rs417915	H45	NA19037	2
phyml	GRCh37	rs417915	H45	NA19113	2
phyml	GRCh37	rs417915	H45	NA19651	2
phyml	GRCh37	rs417915	H46	HG01305	2
phyml	GRCh37	rs417915	H46	HG03006	2
phyml	GRCh37	rs417915	H46	HG03646	2
phyml	GRCh37	rs417915	H46	HG03708	1
phyml	GRCh37	rs417915	H46	HG03745	2
phyml	GRCh37	rs417915	H46	HG03755	2
phyml	GRCh37	rs417915	H46	HG03800	2
phyml	GRCh37	rs417915	H46	HG03872	2
phyml	GRCh37	rs417915	H46	HG03875	2
phyml	GRCh37	rs417915	H46	HG03925	1
phyml	GRCh37	rs417915	H46	HG03928	2
phyml	GRCh37	rs417915	H46	HG04026	2
phyml	GRCh37	rs417915	H46	HG04042	1
phyml	GRCh37	rs417915	H46	HG04098	2
phyml	GRCh37	rs417915	H46	HG04152	1
phyml	GRCh37	rs417915	H46	HG04164	2
phyml	GRCh37	rs417915	H46	HG04210	2
phyml	GRCh37	rs417915	H46	NA20897	2
phyml	GRCh37	rs417915	H47	HG01495	2
phyml	GRCh37	rs417915	H47	HG02013	1
phyml	GRCh37	rs417915	H47	HG02284	2
phyml	GRCh37	rs417915	H47	HG02318	2
phyml	GRCh37	rs417915	H47	HG02323	2
phyml	GRCh37	rs417915	H47	HG02334	2
phyml	GRCh37	rs417915	H47	HG02462	2
phyml	GRCh37	rs417915	H47	HG02471	1
phyml	GRCh37	rs417915	H47	HG02952	1
phyml	GRCh37	rs417915	H47	HG02977	2
phyml	GRCh37	rs417915	H47	HG03084	1
phyml	GRCh37	rs417915	H47	HG03103	2
phyml	GRCh37	rs417915	H47	HG03342	1
phyml	GRCh37	rs417915	H47	NA18877	1
phyml	GRCh37	rs417915	H47	NA19020	1
phyml	GRCh37	rs417915	H47	NA19143	1
phyml	GRCh37	rs417915	H47	NA19984	1
phyml	GRCh37	rs417915	H47	NA20127	1
phyml	GRCh37	rs417915	H48	HG00406	2
phyml	GRCh37	rs417915	H48	HG00463	1
phyml	GRCh37	rs417915	H48	HG00478	1
phyml	GRCh37	rs417915	H48	HG00625	1
phyml	GRCh37	rs417915	H48	HG00704	1
phyml	GRCh37	rs417915	H48	HG00717	2
phyml	GRCh37	rs417915	H48	NA18542	1
phyml	GRCh37	rs417915	H48	NA18567	1
phyml	GRCh37	rs417915	H48	NA18577	2
phyml	GRCh37	rs417915	H48	NA18597	2
phyml	GRCh37	rs417915	H48	NA18631	2
phyml	GRCh37	rs417915	H48	NA18637	1
phyml	GRCh37	rs417915	H48	NA18645	1
phyml	GRCh37	rs417915	H48	NA18740	1
phyml	GRCh37	rs417915	H48	NA18959	2
phyml	GRCh37	rs417915	H48	NA18973	1
phyml	GRCh37	rs417915	H48	NA19059	1
phyml	GRCh37	rs417915	H49	HG01108	1
phyml	GRCh37	rs417915	H49	HG01956	1
phyml	GRCh37	rs417915	H49	HG02012	1
phyml	GRCh37	rs417915	H49	HG02314	2
phyml	GRCh37	rs417915	H49	HG02537	1
phyml	GRCh37	rs417915	H49	HG02922	1
phyml	GRCh37	rs417915	H49	HG03085	2
phyml	GRCh37	rs417915	H49	HG03095	1
phyml	GRCh37	rs417915	H49	HG03108	1
phyml	GRCh37	rs417915	H49	HG03132	2
phyml	GRCh37	rs417915	H49	HG03268	2
phyml	GRCh37	rs417915	H49	HG03271	2
phyml	GRCh37	rs417915	H49	HG03558	2
phyml	GRCh37	rs417915	H49	NA18864	1
phyml	GRCh37	rs417915	H49	NA19143	2
phyml	GRCh37	rs417915	H49	NA19200	1
phyml	GRCh37	rs417915	H49	NA19923	2
phyml	GRCh37	rs417915	H50	HG01167	1
phyml	GRCh37	rs417915	H50	HG01390	1
phyml	GRCh37	rs417915	H50	HG01990	1
phyml	GRCh37	rs417915	H50	HG02308	2
phyml	GRCh37	rs417915	H50	HG02771	2
phyml	GRCh37	rs417915	H50	HG02836	1
phyml	GRCh37	rs417915	H50	HG02979	1
phyml	GRCh37	rs417915	H50	HG03095	2
phyml	GRCh37	rs417915	H50	HG03100	2
phyml	GRCh37	rs417915	H50	HG03172	2
phyml	GRCh37	rs417915	H50	HG03432	2
phyml	GRCh37	rs417915	H50	NA18510	2
phyml	GRCh37	rs417915	H50	NA18916	2
phyml	GRCh37	rs417915	H50	NA19321	1
phyml	GRCh37	rs417915	H50	NA19901	2
phyml	GRCh37	rs417915	H50	NA19904	2
phyml	GRCh37	rs417915	H50	NA19913	2
phyml	GRCh37	rs417915	H51	HG00285	2
phyml	GRCh37	rs417915	H51	HG00318	2
phyml	GRCh37	rs417915	H51	HG00320	2
phyml	GRCh37	rs417915	H51	HG01241	1
phyml	GRCh37	rs417915	H51	HG01486	2
phyml	GRCh37	rs417915	H51	HG01777	1
phyml	GRCh37	rs417915	H51	HG01786	1
phyml	GRCh37	rs417915	H51	HG03693	2
phyml	GRCh37	rs417915	H51	HG03913	2
phyml	GRCh37	rs417915	H51	NA11829	1
phyml	GRCh37	rs417915	H51	NA12814	1
phyml	GRCh37	rs417915	H51	NA20541	1
phyml	GRCh37	rs417915	H51	NA20760	1
phyml	GRCh37	rs417915	H51	NA20773	2
phyml	GRCh37	rs417915	H51	NA20819	2
phyml	GRCh37	rs417915	H51	NA20866	2
phyml	GRCh37	rs417915	H52	HG01889	2
phyml	GRCh37	rs417915	H52	HG02439	2
phyml	GRCh37	rs417915	H52	HG02442	1
phyml	GRCh37	rs417915	H52	HG02667	2
phyml	GRCh37	rs417915	H52	HG02763	2
phyml	GRCh37	rs417915	H52	HG03209	2
phyml	GRCh37	rs417915	H52	HG03410	1
phyml	GRCh37	rs417915	H52	HG03410	2
phyml	GRCh37	rs417915	H52	HG03461	1
phyml	GRCh37	rs417915	H52	NA18522	2
phyml	GRCh37	rs417915	H52	NA18934	2
phyml	GRCh37	rs417915	H52	NA19152	1
phyml	GRCh37	rs417915	H52	NA19256	2
phyml	GRCh37	rs417915	H52	NA19310	1
phyml	GRCh37	rs417915	H52	NA19701	2
phyml	GRCh37	rs417915	H52	NA20332	1
phyml	GRCh37	rs417915	H53	HG00261	1
phyml	GRCh37	rs417915	H53	HG00274	1
phyml	GRCh37	rs417915	H53	HG00328	1
phyml	GRCh37	rs417915	H53	HG00328	2
phyml	GRCh37	rs417915	H53	HG00330	1
phyml	GRCh37	rs417915	H53	HG01390	2
phyml	GRCh37	rs417915	H53	HG01506	2
phyml	GRCh37	rs417915	H53	HG01610	2
phyml	GRCh37	rs417915	H53	HG01630	1
phyml	GRCh37	rs417915	H53	HG01678	1
phyml	GRCh37	rs417915	H53	HG02661	1
phyml	GRCh37	rs417915	H53	HG03914	1
phyml	GRCh37	rs417915	H53	NA12489	1
phyml	GRCh37	rs417915	H53	NA20508	2
phyml	GRCh37	rs417915	H53	NA20510	1
phyml	GRCh37	rs417915	H53	NA21119	1
phyml	GRCh37	rs417915	H54	HG02648	1
phyml	GRCh37	rs417915	H54	HG03593	1
phyml	GRCh37	rs417915	H54	HG03708	2
phyml	GRCh37	rs417915	H54	HG03729	2
phyml	GRCh37	rs417915	H54	HG03746	1
phyml	GRCh37	rs417915	H54	HG03787	1
phyml	GRCh37	rs417915	H54	HG03849	2
phyml	GRCh37	rs417915	H54	HG03905	1
phyml	GRCh37	rs417915	H54	HG03917	2
phyml	GRCh37	rs417915	H54	HG03973	2
phyml	GRCh37	rs417915	H54	HG03976	1
phyml	GRCh37	rs417915	H54	HG04056	1
phyml	GRCh37	rs417915	H54	HG04183	1
phyml	GRCh37	rs417915	H54	NA21091	1
phyml	GRCh37	rs417915	H54	NA21097	1
phyml	GRCh37	rs417915	H54	NA21144	1
phyml	GRCh37	rs417915	H55	HG00105	1
phyml	GRCh37	rs417915	H55	HG00304	1
phyml	GRCh37	rs417915	H55	HG00310	1
phyml	GRCh37	rs417915	H55	HG00311	2
phyml	GRCh37	rs417915	H55	HG00345	2
phyml	GRCh37	rs417915	H55	HG01531	1
phyml	GRCh37	rs417915	H55	HG03488	1
phyml	GRCh37	rs417915	H55	HG03668	2
phyml	GRCh37	rs417915	H55	HG03717	1
phyml	GRCh37	rs417915	H55	NA12341	2
phyml	GRCh37	rs417915	H55	NA12763	1
phyml	GRCh37	rs417915	H55	NA20585	1
phyml	GRCh37	rs417915	H55	NA20765	2
phyml	GRCh37	rs417915	H55	NA20826	2
phyml	GRCh37	rs417915	H55	NA20845	1
phyml	GRCh37	rs417915	H56	HG00464	1
phyml	GRCh37	rs417915	H56	HG00513	2
phyml	GRCh37	rs417915	H56	HG00619	2
phyml	GRCh37	rs417915	H56	HG00622	2
phyml	GRCh37	rs417915	H56	HG00689	2
phyml	GRCh37	rs417915	H56	HG01796	1
phyml	GRCh37	rs417915	H56	HG02047	1
phyml	GRCh37	rs417915	H56	HG02186	2
phyml	GRCh37	rs417915	H56	HG02250	1
phyml	GRCh37	rs417915	H56	HG02373	1
phyml	GRCh37	rs417915	H56	NA18553	1
phyml	GRCh37	rs417915	H56	NA18602	1
phyml	GRCh37	rs417915	H56	NA18648	2
phyml	GRCh37	rs417915	H56	NA18954	2
phyml	GRCh37	rs417915	H56	NA19064	2
phyml	GRCh37	rs417915	H57	HG01605	1
phyml	GRCh37	rs417915	H57	HG02325	2
phyml	GRCh37	rs417915	H57	HG03027	2
phyml	GRCh37	rs417915	H57	HG03074	1
phyml	GRCh37	rs417915	H57	HG03162	1
phyml	GRCh37	rs417915	H57	HG03547	1
phyml	GRCh37	rs417915	H57	NA18876	2
phyml	GRCh37	rs417915	H57	NA19042	1
phyml	GRCh37	rs417915	H57	NA19129	2
phyml	GRCh37	rs417915	H57	NA19141	2
phyml	GRCh37	rs417915	H57	NA19204	1
phyml	GRCh37	rs417915	H57	NA19317	1
phyml	GRCh37	rs417915	H57	NA19463	2
phyml	GRCh37	rs417915	H57	NA19472	2
phyml	GRCh37	rs417915	H58	HG03634	1
phyml	GRCh37	rs417915	H58	HG03667	2
phyml	GRCh37	rs417915	H58	HG03731	1
phyml	GRCh37	rs417915	H58	HG03770	1
phyml	GRCh37	rs417915	H58	HG03785	2
phyml	GRCh37	rs417915	H58	HG03960	1
phyml	GRCh37	rs417915	H58	HG04076	1
phyml	GRCh37	rs417915	H58	HG04225	2
phyml	GRCh37	rs417915	H58	NA20862	2
phyml	GRCh37	rs417915	H58	NA20868	1
phyml	GRCh37	rs417915	H58	NA21090	1
phyml	GRCh37	rs417915	H58	NA21105	1
phyml	GRCh37	rs417915	H58	NA21110	1
phyml	GRCh37	rs417915	H58	NA21142	1
phyml	GRCh37	rs417915	H59	HG00638	2
phyml	GRCh37	rs417915	H59	HG02429	1
phyml	GRCh37	rs417915	H59	HG02442	2
phyml	GRCh37	rs417915	H59	HG02479	2
phyml	GRCh37	rs417915	H59	HG02760	1
phyml	GRCh37	rs417915	H59	HG03198	1
phyml	GRCh37	rs417915	H59	HG03202	2
phyml	GRCh37	rs417915	H59	HG03304	2
phyml	GRCh37	rs417915	H59	HG03372	2
phyml	GRCh37	rs417915	H59	NA19201	2
phyml	GRCh37	rs417915	H59	NA19214	2
phyml	GRCh37	rs417915	H59	NA20276	1
phyml	GRCh37	rs417915	H59	NA20346	2
phyml	GRCh37	rs417915	H60	HG02282	2
phyml	GRCh37	rs417915	H60	HG02433	1
phyml	GRCh37	rs417915	H60	HG02977	1
phyml	GRCh37	rs417915	H60	HG03193	2
phyml	GRCh37	rs417915	H60	HG03295	1
phyml	GRCh37	rs417915	H60	HG03313	1
phyml	GRCh37	rs417915	H60	HG03556	1
phyml	GRCh37	rs417915	H60	NA18865	2
phyml	GRCh37	rs417915	H60	NA18908	2
phyml	GRCh37	rs417915	H60	NA19037	1
phyml	GRCh37	rs417915	H60	NA19119	1
phyml	GRCh37	rs417915	H60	NA19149	2
phyml	GRCh37	rs417915	H60	NA19376	2
phyml	GRCh37	rs417915	H61	HG00116	2
phyml	GRCh37	rs417915	H61	HG00383	2
phyml	GRCh37	rs417915	H61	HG01104	1
phyml	GRCh37	rs417915	H61	HG01105	2
phyml	GRCh37	rs417915	H61	HG01757	2
phyml	GRCh37	rs417915	H61	HG02660	2
phyml	GRCh37	rs417915	H61	HG03851	1
phyml	GRCh37	rs417915	H61	HG04029	2
phyml	GRCh37	rs417915	H61	NA12400	2
phyml	GRCh37	rs417915	H61	NA19788	2
phyml	GRCh37	rs417915	H61	NA20296	2
phyml	GRCh37	rs417915	H61	NA20318	1
phyml	GRCh37	rs417915	H61	NA20529	2
phyml	GRCh37	rs417915	H62	HG02490	2
phyml	GRCh37	rs417915	H62	HG02687	1
phyml	GRCh37	rs417915	H62	HG03649	1
phyml	GRCh37	rs417915	H62	HG03652	1
phyml	GRCh37	rs417915	H62	HG03698	1
phyml	GRCh37	rs417915	H62	HG03836	2
phyml	GRCh37	rs417915	H62	HG03851	2
phyml	GRCh37	rs417915	H62	HG03864	1
phyml	GRCh37	rs417915	H62	NA20854	2
phyml	GRCh37	rs417915	H62	NA20856	2
phyml	GRCh37	rs417915	H62	NA20878	2
phyml	GRCh37	rs417915	H62	NA20881	2
phyml	GRCh37	rs417915	H63	HG02343	2
phyml	GRCh37	rs417915	H63	HG02666	1
phyml	GRCh37	rs417915	H63	HG02808	1
phyml	GRCh37	rs417915	H63	HG02819	2
phyml	GRCh37	rs417915	H63	HG03057	1
phyml	GRCh37	rs417915	H63	HG03190	2
phyml	GRCh37	rs417915	H63	HG03380	2
phyml	GRCh37	rs417915	H63	HG03548	2
phyml	GRCh37	rs417915	H63	HG03583	1
phyml	GRCh37	rs417915	H63	NA18501	2
phyml	GRCh37	rs417915	H63	NA19137	2
phyml	GRCh37	rs417915	H63	NA19378	1
phyml	GRCh37	rs417915	H64	HG02635	2
phyml	GRCh37	rs417915	H64	HG02923	2
phyml	GRCh37	rs417915	H64	HG02953	2
phyml	GRCh37	rs417915	H64	HG02981	1
phyml	GRCh37	rs417915	H64	HG03133	2
phyml	GRCh37	rs417915	H64	HG03196	2
phyml	GRCh37	rs417915	H64	HG03445	2
phyml	GRCh37	rs417915	H64	NA18876	1
phyml	GRCh37	rs417915	H64	NA18923	2
phyml	GRCh37	rs417915	H64	NA19092	2
phyml	GRCh37	rs417915	H64	NA19159	2
phyml	GRCh37	rs417915	H64	NA19189	2
phyml	GRCh37	rs417915	H65	HG02783	1
phyml	GRCh37	rs417915	H65	HG02786	2
phyml	GRCh37	rs417915	H65	HG03645	2
phyml	GRCh37	rs417915	H65	HG03999	2
phyml	GRCh37	rs417915	H65	HG04017	1
phyml	GRCh37	rs417915	H65	HG04019	1
phyml	GRCh37	rs417915	H65	HG04076	2
phyml	GRCh37	rs417915	H65	HG04118	2
phyml	GRCh37	rs417915	H65	HG04212	2
phyml	GRCh37	rs417915	H65	NA20859	1
phyml	GRCh37	rs417915	H65	NA20895	1
phyml	GRCh37	rs417915	H65	NA21116	2
phyml	GRCh37	rs417915	H66	HG01921	1
phyml	GRCh37	rs417915	H66	HG01926	1
phyml	GRCh37	rs417915	H66	HG02003	1
phyml	GRCh37	rs417915	H66	HG02147	1
phyml	GRCh37	rs417915	H66	HG02278	2
phyml	GRCh37	rs417915	H66	HG02285	2
phyml	GRCh37	rs417915	H66	NA19652	1
phyml	GRCh37	rs417915	H66	NA19722	1
phyml	GRCh37	rs417915	H66	NA19735	2
phyml	GRCh37	rs417915	H66	NA19740	2
phyml	GRCh37	rs417915	H66	NA19783	1
phyml	GRCh37	rs417915	H67	HG00403	2
phyml	GRCh37	rs417915	H67	HG02017	2
phyml	GRCh37	rs417915	H67	HG02086	1
phyml	GRCh37	rs417915	H67	HG03694	2
phyml	GRCh37	rs417915	H67	NA18950	2
phyml	GRCh37	rs417915	H67	NA18967	2
phyml	GRCh37	rs417915	H67	NA18989	2
phyml	GRCh37	rs417915	H67	NA18992	2
phyml	GRCh37	rs417915	H67	NA18994	2
phyml	GRCh37	rs417915	H67	NA18997	1
phyml	GRCh37	rs417915	H67	NA19075	1
phyml	GRCh37	rs417915	H68	HG03016	1
phyml	GRCh37	rs417915	H68	HG03235	2
phyml	GRCh37	rs417915	H68	HG03772	2
phyml	GRCh37	rs417915	H68	HG03870	2
phyml	GRCh37	rs417915	H68	HG03884	1
phyml	GRCh37	rs417915	H68	HG03937	2
phyml	GRCh37	rs417915	H68	HG04152	2
phyml	GRCh37	rs417915	H68	NA20890	2
phyml	GRCh37	rs417915	H68	NA20897	1
phyml	GRCh37	rs417915	H68	NA21107	1
phyml	GRCh37	rs417915	H68	NA21125	2
phyml	GRCh37	rs417915	H69	HG00422	2
phyml	GRCh37	rs417915	H69	HG00851	1
phyml	GRCh37	rs417915	H69	HG01794	2
phyml	GRCh37	rs417915	H69	HG01815	2
phyml	GRCh37	rs417915	H69	HG01845	1
phyml	GRCh37	rs417915	H69	HG02082	1
phyml	GRCh37	rs417915	H69	HG02084	2
phyml	GRCh37	rs417915	H69	HG02140	2
phyml	GRCh37	rs417915	H69	NA18591	2
phyml	GRCh37	rs417915	H69	NA18975	1
phyml	GRCh37	rs417915	H69	NA19070	2
phyml	GRCh37	rs417915	H70	HG00311	1
phyml	GRCh37	rs417915	H70	HG03604	2
phyml	GRCh37	rs417915	H70	HG03717	2
phyml	GRCh37	rs417915	H70	HG03786	2
phyml	GRCh37	rs417915	H70	HG03888	1
phyml	GRCh37	rs417915	H70	HG03919	2
phyml	GRCh37	rs417915	H70	NA19678	2
phyml	GRCh37	rs417915	H70	NA20540	2
phyml	GRCh37	rs417915	H70	NA20582	2
phyml	GRCh37	rs417915	H70	NA21124	2
phyml	GRCh37	rs417915	H70	NA21128	2
phyml	GRCh37	rs417915	H71	HG02009	1
phyml	GRCh37	rs417915	H71	HG02501	2
phyml	GRCh37	rs417915	H71	HG02810	1
phyml	GRCh37	rs417915	H71	HG03565	1
phyml	GRCh37	rs417915	H71	NA19020	2
phyml	GRCh37	rs417915	H71	NA19147	1
phyml	GRCh37	rs417915	H71	NA19185	1
phyml	GRCh37	rs417915	H71	NA19209	1
phyml	GRCh37	rs417915	H71	NA19308	1
phyml	GRCh37	rs417915	H71	NA19397	1
phyml	GRCh37	rs417915	H71	NA19707	1
phyml	GRCh37	rs417915	H72	HG00557	2
phyml	GRCh37	rs417915	H72	HG00620	1
phyml	GRCh37	rs417915	H72	HG00844	2
phyml	GRCh37	rs417915	H72	HG01800	1
phyml	GRCh37	rs417915	H72	HG01847	1
phyml	GRCh37	rs417915	H72	HG02047	2
phyml	GRCh37	rs417915	H72	HG02057	1
phyml	GRCh37	rs417915	H72	HG02072	2
phyml	GRCh37	rs417915	H72	HG02164	1
phyml	GRCh37	rs417915	H72	NA18530	2
phyml	GRCh37	rs417915	H73	HG01593	2
phyml	GRCh37	rs417915	H73	HG03720	2
phyml	GRCh37	rs417915	H73	HG03803	2
phyml	GRCh37	rs417915	H73	HG03886	1
phyml	GRCh37	rs417915	H73	HG03900	2
phyml	GRCh37	rs417915	H73	HG03973	1
phyml	GRCh37	rs417915	H73	HG04047	2
phyml	GRCh37	rs417915	H73	HG04106	2
phyml	GRCh37	rs417915	H73	NA20901	1
phyml	GRCh37	rs417915	H73	NA21110	2
phyml	GRCh37	rs417915	H74	HG02281	1
phyml	GRCh37	rs417915	H74	HG03124	1
phyml	GRCh37	rs417915	H74	HG03354	1
phyml	GRCh37	rs417915	H74	HG03369	1
phyml	GRCh37	rs417915	H74	HG03370	2
phyml	GRCh37	rs417915	H74	HG03515	1
phyml	GRCh37	rs417915	H74	NA18508	1
phyml	GRCh37	rs417915	H74	NA19380	2
phyml	GRCh37	rs417915	H74	NA19468	1
phyml	GRCh37	rs417915	H74	NA20342	2
phyml	GRCh37	rs417915	H75	HG01188	1
phyml	GRCh37	rs417915	H75	HG01413	1
phyml	GRCh37	rs417915	H75	HG02107	2
phyml	GRCh37	rs417915	H75	HG02979	2
phyml	GRCh37	rs417915	H75	HG03117	1
phyml	GRCh37	rs417915	H75	HG03139	2
phyml	GRCh37	rs417915	H75	NA19024	1
phyml	GRCh37	rs417915	H75	NA19319	2
phyml	GRCh37	rs417915	H75	NA19445	1
phyml	GRCh37	rs417915	H75	NA19922	1
phyml	GRCh37	rs417915	H76	HG01366	1
phyml	GRCh37	rs417915	H76	HG01889	1
phyml	GRCh37	rs417915	H76	HG01986	1
phyml	GRCh37	rs417915	H76	HG02573	1
phyml	GRCh37	rs417915	H76	HG02887	1
phyml	GRCh37	rs417915	H76	HG03048	2
phyml	GRCh37	rs417915	H76	HG03240	1
phyml	GRCh37	rs417915	H76	HG03240	2
phyml	GRCh37	rs417915	H76	NA19471	1
phyml	GRCh37	rs417915	H76	NA19921	1
phyml	GRCh37	rs417915	H77	HG00626	2
phyml	GRCh37	rs417915	H77	HG00629	2
phyml	GRCh37	rs417915	H77	HG00650	1
phyml	GRCh37	rs417915	H77	HG01863	1
phyml	GRCh37	rs417915	H77	HG02076	1
phyml	GRCh37	rs417915	H77	HG02164	2
phyml	GRCh37	rs417915	H77	HG02410	2
phyml	GRCh37	rs417915	H77	HG02724	2
phyml	GRCh37	rs417915	H77	HG02787	1
phyml	GRCh37	rs417915	H78	HG03585	1
phyml	GRCh37	rs417915	H78	HG03713	2
phyml	GRCh37	rs417915	H78	HG03773	1
phyml	GRCh37	rs417915	H78	HG03898	1
phyml	GRCh37	rs417915	H78	HG03943	1
phyml	GRCh37	rs417915	H78	HG03969	1
phyml	GRCh37	rs417915	H78	NA20846	2
phyml	GRCh37	rs417915	H78	NA20867	2
phyml	GRCh37	rs417915	H78	NA20903	1
phyml	GRCh37	rs417915	H79	HG03007	2
phyml	GRCh37	rs417915	H79	HG03644	2
phyml	GRCh37	rs417915	H79	HG03777	1
phyml	GRCh37	rs417915	H79	HG03985	2
phyml	GRCh37	rs417915	H79	HG04015	2
phyml	GRCh37	rs417915	H79	HG04173	2
phyml	GRCh37	rs417915	H79	NA20532	2
phyml	GRCh37	rs417915	H79	NA20764	1
phyml	GRCh37	rs417915	H79	NA20769	2
phyml	GRCh37	rs417915	H80	HG02642	2
phyml	GRCh37	rs417915	H80	HG02884	1
phyml	GRCh37	rs417915	H80	HG02890	1
phyml	GRCh37	rs417915	H80	HG03064	1
phyml	GRCh37	rs417915	H80	HG03082	2
phyml	GRCh37	rs417915	H80	HG03246	1
phyml	GRCh37	rs417915	H80	HG03432	1
phyml	GRCh37	rs417915	H80	HG03556	2
phyml	GRCh37	rs417915	H81	HG01880	1
phyml	GRCh37	rs417915	H81	HG02489	2
phyml	GRCh37	rs417915	H81	HG02574	2
phyml	GRCh37	rs417915	H81	HG02870	2
phyml	GRCh37	rs417915	H81	HG03437	1
phyml	GRCh37	rs417915	H81	HG03577	2
phyml	GRCh37	rs417915	H81	NA19399	2
phyml	GRCh37	rs417915	H81	NA19755	1
phyml	GRCh37	rs417915	H82	HG00560	2
phyml	GRCh37	rs417915	H82	HG02029	1
phyml	GRCh37	rs417915	H82	HG02035	1
phyml	GRCh37	rs417915	H82	NA18526	1
phyml	GRCh37	rs417915	H82	NA18557	1
phyml	GRCh37	rs417915	H82	NA18558	2
phyml	GRCh37	rs417915	H82	NA18603	2
phyml	GRCh37	rs417915	H82	NA19091	2
phyml	GRCh37	rs417915	H83	HG01362	1
phyml	GRCh37	rs417915	H83	HG02973	2
phyml	GRCh37	rs417915	H83	HG03099	2
phyml	GRCh37	rs417915	H83	HG03160	2
phyml	GRCh37	rs417915	H83	HG03557	1
phyml	GRCh37	rs417915	H83	NA18522	1
phyml	GRCh37	rs417915	H83	NA18923	1
phyml	GRCh37	rs417915	H83	NA19113	1
phyml	GRCh37	rs417915	H84	HG03195	2
phyml	GRCh37	rs417915	H84	HG03385	1
phyml	GRCh37	rs417915	H84	HG03401	1
phyml	GRCh37	rs417915	H84	NA18877	2
phyml	GRCh37	rs417915	H84	NA19437	1
phyml	GRCh37	rs417915	H84	NA19704	1
phyml	GRCh37	rs417915	H84	NA20274	1
phyml	GRCh37	rs417915	H84	NA20282	1
phyml	GRCh37	rs417915	H85	HG01589	2
phyml	GRCh37	rs417915	H85	HG03653	1
phyml	GRCh37	rs417915	H85	HG03702	1
phyml	GRCh37	rs417915	H85	HG03805	2
phyml	GRCh37	rs417915	H85	HG03888	2
phyml	GRCh37	rs417915	H85	HG04156	1
phyml	GRCh37	rs417915	H85	HG04161	2
phyml	GRCh37	rs417915	H85	NA20850	2
phyml	GRCh37	rs417915	H86	HG02807	2
phyml	GRCh37	rs417915	H86	HG03061	1
phyml	GRCh37	rs417915	H86	HG03485	2
phyml	GRCh37	rs417915	H86	HG03499	1
phyml	GRCh37	rs417915	H86	HG03559	1
phyml	GRCh37	rs417915	H86	NA19121	2
phyml	GRCh37	rs417915	H86	NA19184	1
phyml	GRCh37	rs417915	H86	NA19213	2
phyml	GRCh37	rs417915	H87	HG02655	1
phyml	GRCh37	rs417915	H87	HG03237	1
phyml	GRCh37	rs417915	H87	HG03738	1
phyml	GRCh37	rs417915	H87	HG03745	1
phyml	GRCh37	rs417915	H87	HG03756	2
phyml	GRCh37	rs417915	H87	HG03869	1
phyml	GRCh37	rs417915	H87	HG03991	1
phyml	GRCh37	rs417915	H87	NA20847	2
phyml	GRCh37	rs417915	H88	HG01049	2
phyml	GRCh37	rs417915	H88	HG02860	2
phyml	GRCh37	rs417915	H88	HG03118	2
phyml	GRCh37	rs417915	H88	HG03378	1
phyml	GRCh37	rs417915	H88	HG03445	1
phyml	GRCh37	rs417915	H88	HG03538	1
phyml	GRCh37	rs417915	H88	NA19835	1
phyml	GRCh37	rs417915	H88	NA19920	1
phyml	GRCh37	rs417915	H89	HG02721	2
phyml	GRCh37	rs417915	H89	HG02816	1
phyml	GRCh37	rs417915	H89	HG02885	2
phyml	GRCh37	rs417915	H89	HG03139	1
phyml	GRCh37	rs417915	H89	HG03458	1
phyml	GRCh37	rs417915	H89	HG03479	1
phyml	GRCh37	rs417915	H89	NA18865	1
phyml	GRCh37	rs417915	H89	NA19098	2
phyml	GRCh37	rs417915	H90	HG02727	1
phyml	GRCh37	rs417915	H90	HG02733	2
phyml	GRCh37	rs417915	H90	HG03814	2
phyml	GRCh37	rs417915	H90	HG03830	1
phyml	GRCh37	rs417915	H90	HG03900	1
phyml	GRCh37	rs417915	H90	HG04042	2
phyml	GRCh37	rs417915	H90	HG04059	1
phyml	GRCh37	rs417915	H90	HG04235	1
phyml	GRCh37	rs417915	H91	HG03640	2
phyml	GRCh37	rs417915	H91	HG03774	2
phyml	GRCh37	rs417915	H91	HG03823	2
phyml	GRCh37	rs417915	H91	HG03974	1
phyml	GRCh37	rs417915	H91	HG04047	1
phyml	GRCh37	rs417915	H91	HG04100	2
phyml	GRCh37	rs417915	H91	HG04222	1
phyml	GRCh37	rs417915	H92	HG03297	1
phyml	GRCh37	rs417915	H92	NA18510	1
phyml	GRCh37	rs417915	H92	NA18868	2
phyml	GRCh37	rs417915	H92	NA19041	1
phyml	GRCh37	rs417915	H92	NA19204	2
phyml	GRCh37	rs417915	H92	NA19323	2
phyml	GRCh37	rs417915	H92	NA19346	1
phyml	GRCh37	rs417915	H93	HG00729	2
phyml	GRCh37	rs417915	H93	HG01809	2
phyml	GRCh37	rs417915	H93	HG01861	2
phyml	GRCh37	rs417915	H93	HG02061	2
phyml	GRCh37	rs417915	H93	HG02139	1
phyml	GRCh37	rs417915	H93	HG02401	1
phyml	GRCh37	rs417915	H93	NA18631	1
phyml	GRCh37	rs417915	H94	HG00448	2
phyml	GRCh37	rs417915	H94	HG00598	1
phyml	GRCh37	rs417915	H94	HG00598	2
phyml	GRCh37	rs417915	H94	HG02375	1
phyml	GRCh37	rs417915	H94	HG02522	2
phyml	GRCh37	rs417915	H94	NA18614	1
phyml	GRCh37	rs417915	H94	NA19011	2
phyml	GRCh37	rs417915	H95	HG01029	2
phyml	GRCh37	rs417915	H95	HG01849	1
phyml	GRCh37	rs417915	H95	HG01861	1
phyml	GRCh37	rs417915	H95	HG02069	2
phyml	GRCh37	rs417915	H95	HG02133	2
phyml	GRCh37	rs417915	H95	HG02156	2
phyml	GRCh37	rs417915	H95	HG02380	1
phyml	GRCh37	rs417915	H96	HG03129	2
phyml	GRCh37	rs417915	H96	HG03265	1
phyml	GRCh37	rs417915	H96	HG03520	1
phyml	GRCh37	rs417915	H96	NA19108	2
phyml	GRCh37	rs417915	H96	NA19137	1
phyml	GRCh37	rs417915	H96	NA19316	2
phyml	GRCh37	rs417915	H96	NA19390	2
phyml	GRCh37	rs417915	H97	HG02737	1
phyml	GRCh37	rs417915	H97	HG03741	2
phyml	GRCh37	rs417915	H97	NA20891	1
phyml	GRCh37	rs417915	H97	NA21113	2
phyml	GRCh37	rs417915	H97	NA21120	2
phyml	GRCh37	rs417915	H97	NA21142	2
phyml	GRCh37	rs417915	H98	HG01365	2
phyml	GRCh37	rs417915	H98	HG01565	2
phyml	GRCh37	rs417915	H98	HG02252	1
phyml	GRCh37	rs417915	H98	HG02272	1
phyml	GRCh37	rs417915	H98	NA19747	1
phyml	GRCh37	rs417915	H98	NA19770	1
phyml	GRCh37	rs417915	H99	HG03772	1
phyml	GRCh37	rs417915	H99	NA20870	1
phyml	GRCh37	rs417915	H99	NA20884	2
phyml	GRCh37	rs417915	H99	NA20899	2
phyml	GRCh37	rs417915	H99	NA20902	1
phyml	GRCh37	rs417915	H99	NA21099	2
phyml	GRCh37	rs417915	H100	HG02577	1
phyml	GRCh37	rs417915	H100	NA19028	1
phyml	GRCh37	rs417915	H100	NA19399	1
phyml	GRCh37	rs417915	H100	NA19440	2
phyml	GRCh37	rs417915	H100	NA20334	1
phyml	GRCh37	rs417915	H100	NA20355	1
phyml	GRCh37	rs417915	H101	HG02494	1
phyml	GRCh37	rs417915	H101	HG02651	1
phyml	GRCh37	rs417915	H101	HG03594	1
phyml	GRCh37	rs417915	H101	HG03750	2
phyml	GRCh37	rs417915	H101	HG03754	2
phyml	GRCh37	rs417915	H101	HG04198	1
phyml	GRCh37	rs417915	H102	HG00500	1
phyml	GRCh37	rs417915	H102	HG01600	1
phyml	GRCh37	rs417915	H102	HG02025	1
phyml	GRCh37	rs417915	H102	HG02775	1
phyml	GRCh37	rs417915	H102	HG04164	1
phyml	GRCh37	rs417915	H102	HG04195	2
phyml	GRCh37	rs417915	H103	HG02095	1
phyml	GRCh37	rs417915	H103	HG02427	2
phyml	GRCh37	rs417915	H103	HG03472	1
phyml	GRCh37	rs417915	H103	NA18523	2
phyml	GRCh37	rs417915	H103	NA18858	1
phyml	GRCh37	rs417915	H103	NA18874	1
phyml	GRCh37	rs417915	H104	HG02332	2
phyml	GRCh37	rs417915	H104	HG03132	1
phyml	GRCh37	rs417915	H104	NA18517	2
phyml	GRCh37	rs417915	H104	NA18520	1
phyml	GRCh37	rs417915	H104	NA18912	1
phyml	GRCh37	rs417915	H104	NA19235	1
phyml	GRCh37	rs417915	H105	HG00335	1
phyml	GRCh37	rs417915	H105	HG00346	2
phyml	GRCh37	rs417915	H105	HG01374	2
phyml	GRCh37	rs417915	H105	HG04206	1
phyml	GRCh37	rs417915	H105	NA20812	2
phyml	GRCh37	rs417915	H106	HG00584	2
phyml	GRCh37	rs417915	H106	HG00867	2
phyml	GRCh37	rs417915	H106	HG01811	1
phyml	GRCh37	rs417915	H106	HG04080	1
phyml	GRCh37	rs417915	H106	HG04162	2
phyml	GRCh37	rs417915	H107	HG02455	2
phyml	GRCh37	rs417915	H107	HG03246	2
phyml	GRCh37	rs417915	H107	HG03439	1
phyml	GRCh37	rs417915	H107	NA20127	2
phyml	GRCh37	rs417915	H107	NA20296	1
phyml	GRCh37	rs417915	H108	HG03069	1
phyml	GRCh37	rs417915	H108	HG03455	2
phyml	GRCh37	rs417915	H108	HG03458	2
phyml	GRCh37	rs417915	H108	NA19393	2
phyml	GRCh37	rs417915	H108	NA19397	2
phyml	GRCh37	rs417915	H109	HG03744	1
phyml	GRCh37	rs417915	H109	HG03778	1
phyml	GRCh37	rs417915	H109	HG03861	2
phyml	GRCh37	rs417915	H109	HG03898	2
phyml	GRCh37	rs417915	H109	HG03955	1
phyml	GRCh37	rs417915	H110	HG00657	2
phyml	GRCh37	rs417915	H110	HG02122	2
phyml	GRCh37	rs417915	H110	NA18592	1
phyml	GRCh37	rs417915	H110	NA18629	2
phyml	GRCh37	rs417915	H110	NA18749	2
phyml	GRCh37	rs417915	H111	HG00243	1
phyml	GRCh37	rs417915	H111	HG01673	1
phyml	GRCh37	rs417915	H111	HG01766	2
phyml	GRCh37	rs417915	H111	NA11992	1
phyml	GRCh37	rs417915	H111	NA20534	1
phyml	GRCh37	rs417915	H112	HG02571	1
phyml	GRCh37	rs417915	H112	HG02582	2
phyml	GRCh37	rs417915	H112	HG02614	2
phyml	GRCh37	rs417915	H112	HG02666	2
phyml	GRCh37	rs417915	H112	HG02840	2
phyml	GRCh37	rs417915	H113	HG02497	1
phyml	GRCh37	rs417915	H113	NA18870	2
phyml	GRCh37	rs417915	H113	NA19201	1
phyml	GRCh37	rs417915	H113	NA19256	1
phyml	GRCh37	rs417915	H113	NA19257	1
phyml	GRCh37	rs417915	H114	HG02464	2
phyml	GRCh37	rs417915	H114	HG02554	1
phyml	GRCh37	rs417915	H114	HG02558	1
phyml	GRCh37	rs417915	H114	HG02983	2
phyml	GRCh37	rs417915	H114	HG03166	2
phyml	GRCh37	rs417915	H115	HG00551	1
phyml	GRCh37	rs417915	H115	HG01770	2
phyml	GRCh37	rs417915	H115	HG02235	2
phyml	GRCh37	rs417915	H115	NA20348	2
phyml	GRCh37	rs417915	H115	NA20753	1
phyml	GRCh37	rs417915	H116	HG00690	2
phyml	GRCh37	rs417915	H116	HG01804	2
phyml	GRCh37	rs417915	H116	HG01840	1
phyml	GRCh37	rs417915	H116	NA18965	1
phyml	GRCh37	rs417915	H116	NA19067	1
phyml	GRCh37	rs417915	H117	HG03012	1
phyml	GRCh37	rs417915	H117	HG03714	1
phyml	GRCh37	rs417915	H117	HG03757	1
phyml	GRCh37	rs417915	H117	HG04029	1
phyml	GRCh37	rs417915	H117	HG04062	1
phyml	GRCh37	rs417915	H118	HG03078	1
phyml	GRCh37	rs417915	H118	HG03212	2
phyml	GRCh37	rs417915	H118	HG03428	1
phyml	GRCh37	rs417915	H118	HG03457	1
phyml	GRCh37	rs417915	H118	HG03473	1
phyml	GRCh37	rs417915	H119	HG00879	2
phyml	GRCh37	rs417915	H119	HG03714	2
phyml	GRCh37	rs417915	H119	HG03817	2
phyml	GRCh37	rs417915	H119	NA21089	2
phyml	GRCh37	rs417915	H119	NA21109	2
phyml	GRCh37	rs417915	H120	HG00236	2
phyml	GRCh37	rs417915	H120	HG01965	1
phyml	GRCh37	rs417915	H120	HG02253	2
phyml	GRCh37	rs417915	H120	NA07051	1
phyml	GRCh37	rs417915	H120	NA12828	2
phyml	GRCh37	rs417915	H121	HG01095	2
phyml	GRCh37	rs417915	H121	HG01204	2
phyml	GRCh37	rs417915	H121	HG01672	2
phyml	GRCh37	rs417915	H121	HG01756	2
phyml	GRCh37	rs417915	H121	HG02223	1
phyml	GRCh37	rs417915	H122	HG01134	1
phyml	GRCh37	rs417915	H122	HG01136	1
phyml	GRCh37	rs417915	H122	HG01353	2
phyml	GRCh37	rs417915	H122	NA19678	1
phyml	GRCh37	rs417915	H123	HG00100	2
phyml	GRCh37	rs417915	H123	HG00360	2
phyml	GRCh37	rs417915	H123	HG01607	1
phyml	GRCh37	rs417915	H123	NA12046	2
phyml	GRCh37	rs417915	H124	HG01325	2
phyml	GRCh37	rs417915	H124	HG01377	1
phyml	GRCh37	rs417915	H124	HG01488	1
phyml	GRCh37	rs417915	H124	NA11992	2
phyml	GRCh37	rs417915	H125	HG00129	1
phyml	GRCh37	rs417915	H125	HG00179	2
phyml	GRCh37	rs417915	H125	HG01785	2
phyml	GRCh37	rs417915	H125	NA12760	1
phyml	GRCh37	rs417915	H126	HG03773	2
phyml	GRCh37	rs417915	H126	NA19786	1
phyml	GRCh37	rs417915	H126	NA20778	2
phyml	GRCh37	rs417915	H126	NA20863	1
phyml	GRCh37	rs417915	H127	HG00117	1
phyml	GRCh37	rs417915	H127	HG01111	2
phyml	GRCh37	rs417915	H127	NA20539	1
phyml	GRCh37	rs417915	H127	NA20811	1
phyml	GRCh37	rs417915	H128	NA18571	1
phyml	GRCh37	rs417915	H128	NA18971	1
phyml	GRCh37	rs417915	H128	NA18991	2
phyml	GRCh37	rs417915	H128	NA19087	2
phyml	GRCh37	rs417915	H129	NA19761	2
phyml	GRCh37	rs417915	H129	NA19782	1
phyml	GRCh37	rs417915	H129	NA19783	2
phyml	GRCh37	rs417915	H129	NA19785	1
phyml	GRCh37	rs417915	H130	HG00692	2
phyml	GRCh37	rs417915	H130	NA18564	1
phyml	GRCh37	rs417915	H130	NA18612	2
phyml	GRCh37	rs417915	H130	NA19080	1
phyml	GRCh37	rs417915	H131	NA19043	2
phyml	GRCh37	rs417915	H131	NA19320	2
phyml	GRCh37	rs417915	H131	NA19350	1
phyml	GRCh37	rs417915	H131	NA19451	1
phyml	GRCh37	rs417915	H132	HG03136	2
phyml	GRCh37	rs417915	H132	NA18505	2
phyml	GRCh37	rs417915	H132	NA19024	2
phyml	GRCh37	rs417915	H132	NA19248	1
phyml	GRCh37	rs417915	H133	HG01092	2
phyml	GRCh37	rs417915	H133	HG02814	1
phyml	GRCh37	rs417915	H133	HG03025	2
phyml	GRCh37	rs417915	H133	NA19160	2
phyml	GRCh37	rs417915	H134	HG00654	2
phyml	GRCh37	rs417915	H134	HG00663	1
phyml	GRCh37	rs417915	H134	HG02078	2
phyml	GRCh37	rs417915	H134	HG02389	2
phyml	GRCh37	rs417915	H135	HG01896	2
phyml	GRCh37	rs417915	H135	HG03279	2
phyml	GRCh37	rs417915	H135	HG03342	2
phyml	GRCh37	rs417915	H135	NA19138	1
phyml	GRCh37	rs417915	H136	HG00177	1
phyml	GRCh37	rs417915	H136	HG00357	2
phyml	GRCh37	rs417915	H136	NA19720	1
phyml	GRCh37	rs417915	H136	NA20281	1
phyml	GRCh37	rs417915	H137	HG01583	2
phyml	GRCh37	rs417915	H137	NA20876	1
phyml	GRCh37	rs417915	H137	NA21104	1
phyml	GRCh37	rs417915	H137	NA21127	1
phyml	GRCh37	rs417915	H138	HG02943	2
phyml	GRCh37	rs417915	H138	NA19041	2
phyml	GRCh37	rs417915	H138	NA19314	2
phyml	GRCh37	rs417915	H138	NA19391	1
phyml	GRCh37	rs417915	H139	NA19027	1
phyml	GRCh37	rs417915	H139	NA19038	2
phyml	GRCh37	rs417915	H139	NA19042	2
phyml	GRCh37	rs417915	H139	NA19314	1
phyml	GRCh37	rs417915	H140	HG03595	1
phyml	GRCh37	rs417915	H140	HG03750	1
phyml	GRCh37	rs417915	H140	HG03910	1
phyml	GRCh37	rs417915	H140	HG04006	2
phyml	GRCh37	rs417915	H141	HG02734	2
phyml	GRCh37	rs417915	H141	HG03631	1
phyml	GRCh37	rs417915	H141	NA20892	2
phyml	GRCh37	rs417915	H141	NA20899	1
phyml	GRCh37	rs417915	H142	HG01372	1
phyml	GRCh37	rs417915	H142	HG01620	1
phyml	GRCh37	rs417915	H142	NA12273	1
phyml	GRCh37	rs417915	H142	NA20539	2
phyml	GRCh37	rs417915	H143	HG01140	2
phyml	GRCh37	rs417915	H143	HG01257	1
phyml	GRCh37	rs417915	H143	HG01351	2
phyml	GRCh37	rs417915	H143	HG02232	1
phyml	GRCh37	rs417915	H144	HG02588	1
phyml	GRCh37	rs417915	H144	HG03058	2
phyml	GRCh37	rs417915	H144	HG03452	2
phyml	GRCh37	rs417915	H144	HG03469	2
phyml	GRCh37	rs417915	H145	NA18642	2
phyml	GRCh37	rs417915	H145	NA18951	2
phyml	GRCh37	rs417915	H145	NA18977	2
phyml	GRCh37	rs417915	H145	NA18995	2
phyml	GRCh37	rs417915	H146	HG02687	2
phyml	GRCh37	rs417915	H146	HG03974	2
phyml	GRCh37	rs417915	H146	HG04100	1
phyml	GRCh37	rs417915	H146	NA20878	1
phyml	GRCh37	rs417915	H147	HG04003	1
phyml	GRCh37	rs417915	H147	NA20849	2
phyml	GRCh37	rs417915	H147	NA21107	2
phyml	GRCh37	rs417915	H147	NA21130	1
phyml	GRCh37	rs417915	H148	HG02694	2
phyml	GRCh37	rs417915	H148	HG03884	2
phyml	GRCh37	rs417915	H148	HG03971	2
phyml	GRCh37	rs417915	H148	NA20868	2
phyml	GRCh37	rs417915	H149	HG02561	1
phyml	GRCh37	rs417915	H149	HG02851	2
phyml	GRCh37	rs417915	H149	HG03433	1
phyml	GRCh37	rs417915	H149	NA19711	1
phyml	GRCh37	rs417915	H150	HG02493	2
phyml	GRCh37	rs417915	H150	HG03780	1
phyml	GRCh37	rs417915	H150	HG03894	1
phyml	GRCh37	rs417915	H150	NA20516	1
phyml	GRCh37	rs417915	H151	HG03793	1
phyml	GRCh37	rs417915	H151	HG03871	1
phyml	GRCh37	rs417915	H151	HG04214	1
phyml	GRCh37	rs417915	H151	NA20889	2
phyml	GRCh37	rs417915	H152	HG01139	1
phyml	GRCh37	rs417915	H152	HG04153	2
phyml	GRCh37	rs417915	H152	NA20866	1
phyml	GRCh37	rs417915	H152	NA20903	2
phyml	GRCh37	rs417915	H153	HG01272	1
phyml	GRCh37	rs417915	H153	HG01455	2
phyml	GRCh37	rs417915	H153	HG01705	2
phyml	GRCh37	rs417915	H153	HG03077	1
phyml	GRCh37	rs417915	H154	NA19324	2
phyml	GRCh37	rs417915	H154	NA19332	1
phyml	GRCh37	rs417915	H154	NA19451	2
phyml	GRCh37	rs417915	H154	NA19471	2
phyml	GRCh37	rs417915	H155	HG01857	2
phyml	GRCh37	rs417915	H155	NA18562	1
phyml	GRCh37	rs417915	H155	NA18997	2
phyml	GRCh37	rs417915	H156	NA19064	1
phyml	GRCh37	rs417915	H156	NA19076	1
phyml	GRCh37	rs417915	H156	NA19080	2
phyml	GRCh37	rs417915	H157	HG01125	1
phyml	GRCh37	rs417915	H157	HG01142	2
phyml	GRCh37	rs417915	H157	HG01149	2
phyml	GRCh37	rs417915	H158	HG01815	1
phyml	GRCh37	rs417915	H158	HG02391	1
phyml	GRCh37	rs417915	H158	HG03694	1
phyml	GRCh37	rs417915	H159	NA18605	1
phyml	GRCh37	rs417915	H159	NA18634	1
phyml	GRCh37	rs417915	H159	NA19062	1
phyml	GRCh37	rs417915	H160	HG02648	2
phyml	GRCh37	rs417915	H160	HG03821	2
phyml	GRCh37	rs417915	H160	NA21135	1
phyml	GRCh37	rs417915	H161	HG03765	2
phyml	GRCh37	rs417915	H161	HG03940	2
phyml	GRCh37	rs417915	H161	HG04002	2
phyml	GRCh37	rs417915	H162	HG01506	1
phyml	GRCh37	rs417915	H162	HG02652	1
phyml	GRCh37	rs417915	H162	NA20332	2
phyml	GRCh37	rs417915	H163	HG00421	2
phyml	GRCh37	rs417915	H163	HG00428	2
phyml	GRCh37	rs417915	H163	HG00608	1
phyml	GRCh37	rs417915	H164	HG00437	1
phyml	GRCh37	rs417915	H164	NA18970	2
phyml	GRCh37	rs417915	H164	NA19085	1
phyml	GRCh37	rs417915	H165	HG00189	2
phyml	GRCh37	rs417915	H165	HG03603	2
phyml	GRCh37	rs417915	H165	HG03706	1
phyml	GRCh37	rs417915	H166	HG03905	2
phyml	GRCh37	rs417915	H166	HG04014	1
phyml	GRCh37	rs417915	H166	HG04229	2
phyml	GRCh37	rs417915	H167	HG02505	2
phyml	GRCh37	rs417915	H167	HG03470	1
phyml	GRCh37	rs417915	H167	HG03559	2
phyml	GRCh37	rs417915	H168	HG02804	1
phyml	GRCh37	rs417915	H168	HG02887	2
phyml	GRCh37	rs417915	H168	HG03028	2
phyml	GRCh37	rs417915	H169	HG03419	1
phyml	GRCh37	rs417915	H169	HG03446	2
phyml	GRCh37	rs417915	H169	HG03583	2
phyml	GRCh37	rs417915	H170	HG00982	1
phyml	GRCh37	rs417915	H170	HG02152	2
phyml	GRCh37	rs417915	H170	NA18611	2
phyml	GRCh37	rs417915	H171	HG02774	1
phyml	GRCh37	rs417915	H171	HG02783	2
phyml	GRCh37	rs417915	H171	HG02784	1
phyml	GRCh37	rs417915	H172	HG00457	2
phyml	GRCh37	rs417915	H172	HG03716	2
phyml	GRCh37	rs417915	H172	NA18550	1
phyml	GRCh37	rs417915	H173	HG01354	2
phyml	GRCh37	rs417915	H173	HG01383	1
phyml	GRCh37	rs417915	H173	NA06985	1
phyml	GRCh37	rs417915	H174	HG00739	2
phyml	GRCh37	rs417915	H174	HG02759	1
phyml	GRCh37	rs417915	H174	HG03968	2
phyml	GRCh37	rs417915	H175	HG02383	1
phyml	GRCh37	rs417915	H175	HG02390	1
phyml	GRCh37	rs417915	H175	HG02409	1
phyml	GRCh37	rs417915	H176	HG01874	1
phyml	GRCh37	rs417915	H176	HG02395	2
phyml	GRCh37	rs417915	H176	NA18577	1
phyml	GRCh37	rs417915	H177	HG03673	2
phyml	GRCh37	rs417915	H177	HG04171	1
phyml	GRCh37	rs417915	H177	HG04194	2
phyml	GRCh37	rs417915	H178	NA18557	2
phyml	GRCh37	rs417915	H178	NA18954	1
phyml	GRCh37	rs417915	H178	NA18983	1
phyml	GRCh37	rs417915	H179	HG03697	1
phyml	GRCh37	rs417915	H179	HG03846	1
phyml	GRCh37	rs417915	H179	HG03895	2
phyml	GRCh37	rs417915	H180	HG01112	1
phyml	GRCh37	rs417915	H180	HG01171	1
phyml	GRCh37	rs417915	H180	HG01198	2
phyml	GRCh37	rs417915	H181	HG01848	1
phyml	GRCh37	rs417915	H181	HG02141	1
phyml	GRCh37	rs417915	H181	HG02355	2
phyml	GRCh37	rs417915	H182	HG00110	1
phyml	GRCh37	rs417915	H182	HG00276	2
phyml	GRCh37	rs417915	H182	HG00384	2
phyml	GRCh37	rs417915	H183	HG03777	2
phyml	GRCh37	rs417915	H183	HG03829	1
phyml	GRCh37	rs417915	H183	NA20506	2
phyml	GRCh37	rs417915	H184	HG02561	2
phyml	GRCh37	rs417915	H184	HG03039	1
phyml	GRCh37	rs417915	H184	NA19819	1
phyml	GRCh37	rs417915	H185	HG03488	2
phyml	GRCh37	rs417915	H185	HG03995	1
phyml	GRCh37	rs417915	H185	HG03995	2
phyml	GRCh37	rs417915	H186	HG02597	2
phyml	GRCh37	rs417915	H186	HG03867	2
phyml	GRCh37	rs417915	H186	HG03978	2
phyml	GRCh37	rs417915	H187	HG02371	1
phyml	GRCh37	rs417915	H187	NA18528	2
phyml	GRCh37	rs417915	H187	NA18606	2
phyml	GRCh37	rs417915	H188	HG03690	2
phyml	GRCh37	rs417915	H188	HG03963	1
phyml	GRCh37	rs417915	H188	HG04001	2
phyml	GRCh37	rs417915	H189	HG01048	1
phyml	GRCh37	rs417915	H189	HG01177	2
phyml	GRCh37	rs417915	H189	HG01205	1
phyml	GRCh37	rs417915	H190	HG01675	2
phyml	GRCh37	rs417915	H190	HG01781	2
phyml	GRCh37	rs417915	H190	NA20827	2
phyml	GRCh37	rs417915	H191	HG02256	1
phyml	GRCh37	rs417915	H191	NA19019	1
phyml	GRCh37	rs417915	H191	NA19316	1
phyml	GRCh37	rs417915	H192	HG02601	1
phyml	GRCh37	rs417915	H192	HG03824	2
phyml	GRCh37	rs417915	H192	HG03866	2
phyml	GRCh37	rs417915	H193	HG01110	2
phyml	GRCh37	rs417915	H193	HG02697	1
phyml	GRCh37	rs417915	H193	HG02731	2
phyml	GRCh37	rs417915	H194	HG01348	2
phyml	GRCh37	rs417915	H194	HG01474	1
phyml	GRCh37	rs417915	H194	HG02006	2
phyml	GRCh37	rs417915	H195	NA19657	1
phyml	GRCh37	rs417915	H195	NA19755	2
phyml	GRCh37	rs417915	H195	NA19773	2
phyml	GRCh37	rs417915	H196	HG02804	2
phyml	GRCh37	rs417915	H196	HG03025	1
phyml	GRCh37	rs417915	H196	HG03027	1
phyml	GRCh37	rs417915	H197	HG01495	1
phyml	GRCh37	rs417915	H197	NA19756	2
phyml	GRCh37	rs417915	H198	HG02646	1
phyml	GRCh37	rs417915	H198	HG03258	2
phyml	GRCh37	rs417915	H199	HG01248	1
phyml	GRCh37	rs417915	H199	NA19749	2
phyml	GRCh37	rs417915	H200	HG00121	1
phyml	GRCh37	rs417915	H200	NA21088	2
phyml	GRCh37	rs417915	H201	HG03868	1
phyml	GRCh37	rs417915	H201	HG04025	1
phyml	GRCh37	rs417915	H202	HG03163	1
phyml	GRCh37	rs417915	H202	NA19922	2
phyml	GRCh37	rs417915	H203	HG00656	2
phyml	GRCh37	rs417915	H203	NA18613	1
phyml	GRCh37	rs417915	H204	HG01802	1
phyml	GRCh37	rs417915	H204	HG02187	1
phyml	GRCh37	rs417915	H205	NA18960	1
phyml	GRCh37	rs417915	H205	NA19012	2
phyml	GRCh37	rs417915	H206	HG01028	2
phyml	GRCh37	rs417915	H206	HG02351	1
phyml	GRCh37	rs417915	H207	HG00127	1
phyml	GRCh37	rs417915	H207	HG00554	1
phyml	GRCh37	rs417915	H208	HG00403	1
phyml	GRCh37	rs417915	H208	HG01841	1
phyml	GRCh37	rs417915	H209	NA20289	2
phyml	GRCh37	rs417915	H209	NA20768	1
phyml	GRCh37	rs417915	H210	NA12287	1
phyml	GRCh37	rs417915	H210	NA20809	2
phyml	GRCh37	rs417915	H211	HG01513	2
phyml	GRCh37	rs417915	H211	HG03598	1
phyml	GRCh37	rs417915	H212	HG01873	1
phyml	GRCh37	rs417915	H212	NA19770	2
phyml	GRCh37	rs417915	H213	NA18532	1
phyml	GRCh37	rs417915	H213	NA18962	2
phyml	GRCh37	rs417915	H214	HG00704	2
phyml	GRCh37	rs417915	H214	HG02088	2
phyml	GRCh37	rs417915	H215	HG00613	2
phyml	GRCh37	rs417915	H215	HG02130	2
phyml	GRCh37	rs417915	H216	HG02028	1
phyml	GRCh37	rs417915	H216	HG02138	2
phyml	GRCh37	rs417915	H217	NA18949	2
phyml	GRCh37	rs417915	H217	NA19082	2
phyml	GRCh37	rs417915	H218	HG03175	1
phyml	GRCh37	rs417915	H218	HG03298	1
phyml	GRCh37	rs417915	H219	HG02465	2
phyml	GRCh37	rs417915	H219	HG03478	2
phyml	GRCh37	rs417915	H220	NA18915	1
phyml	GRCh37	rs417915	H220	NA18916	1
phyml	GRCh37	rs417915	H221	HG03369	2
phyml	GRCh37	rs417915	H221	NA18873	2
phyml	GRCh37	rs417915	H222	HG03862	1
phyml	GRCh37	rs417915	H222	HG03862	2
phyml	GRCh37	rs417915	H223	HG01111	1
phyml	GRCh37	rs417915	H223	HG02425	2
phyml	GRCh37	rs417915	H224	HG01862	2
phyml	GRCh37	rs417915	H224	NA18979	1
phyml	GRCh37	rs417915	H225	HG02792	2
phyml	GRCh37	rs417915	H225	HG03016	2
phyml	GRCh37	rs417915	H226	HG02179	2
phyml	GRCh37	rs417915	H226	HG02360	1
phyml	GRCh37	rs417915	H227	HG00631	2
phyml	GRCh37	rs417915	H227	HG04194	1
phyml	GRCh37	rs417915	H228	HG00306	2
phyml	GRCh37	rs417915	H228	NA12873	2
phyml	GRCh37	rs417915	H229	HG01048	2
phyml	GRCh37	rs417915	H229	HG01357	1
phyml	GRCh37	rs417915	H230	NA21123	2
phyml	GRCh37	rs417915	H230	NA21137	1
phyml	GRCh37	rs417915	H231	HG03967	2
phyml	GRCh37	rs417915	H231	NA21089	1
phyml	GRCh37	rs417915	H232	HG02810	2
phyml	GRCh37	rs417915	H232	HG02878	1
phyml	GRCh37	rs417915	H233	HG00367	1
phyml	GRCh37	rs417915	H233	NA12872	1
phyml	GRCh37	rs417915	H234	NA19323	1
phyml	GRCh37	rs417915	H234	NA19466	2
phyml	GRCh37	rs417915	H235	HG00683	1
phyml	GRCh37	rs417915	H235	NA18566	1
phyml	GRCh37	rs417915	H236	NA20359	1
phyml	GRCh37	rs417915	H236	NA20362	1
phyml	GRCh37	rs417915	H237	HG03096	1
phyml	GRCh37	rs417915	H237	NA19378	2
phyml	GRCh37	rs417915	H238	HG03397	2
phyml	GRCh37	rs417915	H238	HG03446	1
phyml	GRCh37	rs417915	H239	HG02870	1
phyml	GRCh37	rs417915	H239	HG03451	2
phyml	GRCh37	rs417915	H240	HG00452	1
phyml	GRCh37	rs417915	H240	HG00879	1
phyml	GRCh37	rs417915	H241	HG01798	1
phyml	GRCh37	rs417915	H241	HG02048	2
phyml	GRCh37	rs417915	H242	HG03267	2
phyml	GRCh37	rs417915	H242	NA19118	1
phyml	GRCh37	rs417915	H243	NA19108	1
phyml	GRCh37	rs417915	H243	NA19247	2
phyml	GRCh37	rs417915	H244	NA20889	1
phyml	GRCh37	rs417915	H244	NA21130	2
phyml	GRCh37	rs417915	H245	HG00556	2
phyml	GRCh37	rs417915	H245	HG00684	2
phyml	GRCh37	rs417915	H246	HG02684	1
phyml	GRCh37	rs417915	H246	HG03740	1
phyml	GRCh37	rs417915	H247	HG02756	1
phyml	GRCh37	rs417915	H247	HG02757	2
phyml	GRCh37	rs417915	H248	HG02142	1
phyml	GRCh37	rs417915	H248	NA20339	2
phyml	GRCh37	rs417915	H249	HG00139	2
phyml	GRCh37	rs417915	H249	HG02308	1
phyml	GRCh37	rs417915	H250	HG00174	2
phyml	GRCh37	rs417915	H250	HG00280	1
phyml	GRCh37	rs417915	H251	HG00707	1
phyml	GRCh37	rs417915	H251	HG01849	2
phyml	GRCh37	rs417915	H252	HG03803	1
phyml	GRCh37	rs417915	H252	HG04239	2
phyml	GRCh37	rs417915	H253	HG01536	2
phyml	GRCh37	rs417915	H253	NA20910	1
phyml	GRCh37	rs417915	H254	NA20531	1
phyml	GRCh37	rs417915	H254	NA20761	1
phyml	GRCh37	rs417915	H255	HG01357	2
phyml	GRCh37	rs417915	H255	NA12873	1
phyml	GRCh37	rs417915	H256	HG01864	1
phyml	GRCh37	rs417915	H256	HG02060	1
phyml	GRCh37	rs417915	H257	HG04161	1
phyml	GRCh37	rs417915	H257	HG04162	1
phyml	GRCh37	rs417915	H258	HG00698	2
phyml	GRCh37	rs417915	H258	HG02073	1
phyml	GRCh37	rs417915	H259	HG03069	2
phyml	GRCh37	rs417915	H259	NA19403	1
phyml	GRCh37	rs417915	H260	HG02840	1
phyml	GRCh37	rs417915	H260	HG03380	1
phyml	GRCh37	rs417915	H261	HG02621	1
phyml	GRCh37	rs417915	H261	HG02722	2
phyml	GRCh37	rs417915	H262	HG01878	1
phyml	GRCh37	rs417915	H262	NA19012	1
phyml	GRCh37	rs417915	H263	HG00146	1
phyml	GRCh37	rs417915	H263	NA12006	1
phyml	GRCh37	rs417915	H264	NA19320	1
phyml	GRCh37	rs417915	H264	NA19439	2
phyml	GRCh37	rs417915	H265	HG02600	1
phyml	GRCh37	rs417915	H265	HG04202	2
phyml	GRCh37	rs417915	H266	HG02610	1
phyml	GRCh37	rs417915	H266	HG02798	2
phyml	GRCh37	rs417915	H267	NA18917	1
phyml	GRCh37	rs417915	H267	NA19096	1
phyml	GRCh37	rs417915	H268	HG02545	2
phyml	GRCh37	rs417915	H268	NA19920	2
phyml	GRCh37	rs417915	H269	HG03123	1
phyml	GRCh37	rs417915	H269	NA18488	1
phyml	GRCh37	rs417915	H270	HG00734	1
phyml	GRCh37	rs417915	H270	HG01075	1
phyml	GRCh37	rs417915	H271	NA19030	2
phyml	GRCh37	rs417915	H271	NA20320	2
phyml	GRCh37	rs417915	H272	HG03166	1
phyml	GRCh37	rs417915	H272	HG03511	2
phyml	GRCh37	rs417915	H273	NA19703	1
phyml	GRCh37	rs417915	H273	NA19904	1
phyml	GRCh37	rs417915	H274	HG03808	2
phyml	GRCh37	rs417915	H274	HG03989	1
phyml	GRCh37	rs417915	H275	HG01101	1
phyml	GRCh37	rs417915	H275	HG01326	1
phyml	GRCh37	rs417915	H276	NA21113	1
phyml	GRCh37	rs417915	H276	NA21144	2
phyml	GRCh37	rs417915	H277	HG03738	2
phyml	GRCh37	rs417915	H277	HG03752	1
phyml	GRCh37	rs417915	H278	HG02799	1
phyml	GRCh37	rs417915	H278	NA19031	2
phyml	GRCh37	rs417915	H279	HG03754	1
phyml	GRCh37	rs417915	H279	HG03755	1
phyml	GRCh37	rs417915	H280	HG01537	1
phyml	GRCh37	rs417915	H280	HG01684	2
phyml	GRCh37	rs417915	H281	HG02557	2
phyml	GRCh37	rs417915	H281	NA19206	2
phyml	GRCh37	rs417915	H282	HG02688	1
phyml	GRCh37	rs417915	H282	HG03706	2
phyml	GRCh37	rs417915	H283	NA19654	2
phyml	GRCh37	rs417915	H283	NA20804	1
phyml	GRCh37	rs417915	H284	HG02923	1
phyml	GRCh37	rs417915	H284	NA19214	1
phyml	GRCh37	rs417915	H285	HG02554	2
phyml	GRCh37	rs417915	H285	HG03461	2
phyml	GRCh37	rs417915	H286	NA19379	2
phyml	GRCh37	rs417915	H286	NA19474	1
phyml	GRCh37	rs417915	H287	HG00190	1
phyml	GRCh37	rs417915	H287	NA20786	2
phyml	GRCh37	rs417915	H288	HG03907	1
phyml	GRCh37	rs417915	H288	NA21100	2
phyml	GRCh37	rs417915	H289	HG02391	2
phyml	GRCh37	rs417915	H290	HG02703	2
phyml	GRCh37	rs417915	H291	HG00309	1
phyml	GRCh37	rs417915	H292	HG02023	1
phyml	GRCh37	rs417915	H293	NA19009	1
phyml	GRCh37	rs417915	H294	NA18639	2
phyml	GRCh37	rs417915	H295	NA20799	2
phyml	GRCh37	rs417915	H296	HG02736	1
phyml	GRCh37	rs417915	H297	NA20845	2
phyml	GRCh37	rs417915	H298	NA19726	2
phyml	GRCh37	rs417915	H299	HG01269	1
phyml	GRCh37	rs417915	H300	NA20540	1
phyml	GRCh37	rs417915	H301	HG01948	1
phyml	GRCh37	rs417915	H302	NA19752	2
phyml	GRCh37	rs417915	H303	HG01668	1
phyml	GRCh37	rs417915	H304	HG02852	2
phyml	GRCh37	rs417915	H305	NA20517	1
phyml	GRCh37	rs417915	H306	HG00125	2
phyml	GRCh37	rs417915	H307	NA18992	1
phyml	GRCh37	rs417915	H308	HG00126	1
phyml	GRCh37	rs417915	H309	HG03693	1
phyml	GRCh37	rs417915	H310	HG00126	2
phyml	GRCh37	rs417915	H311	HG02166	1
phyml	GRCh37	rs417915	H312	HG01491	1
phyml	GRCh37	rs417915	H313	HG03640	1
phyml	GRCh37	rs417915	H314	HG01605	2
phyml	GRCh37	rs417915	H315	HG00341	1
phyml	GRCh37	rs417915	H316	NA19750	1
phyml	GRCh37	rs417915	H317	HG00451	1
phyml	GRCh37	rs417915	H318	HG02166	2
phyml	GRCh37	rs417915	H319	HG01944	1
phyml	GRCh37	rs417915	H320	HG01855	1
phyml	GRCh37	rs417915	H321	NA18963	2
phyml	GRCh37	rs417915	H322	NA18989	1
phyml	GRCh37	rs417915	H323	NA19010	1
phyml	GRCh37	rs417915	H324	NA18748	2
phyml	GRCh37	rs417915	H325	NA18970	1
phyml	GRCh37	rs417915	H326	NA19005	1
phyml	GRCh37	rs417915	H327	HG01870	1
phyml	GRCh37	rs417915	H328	HG02127	1
phyml	GRCh37	rs417915	H329	HG00674	1
phyml	GRCh37	rs417915	H330	HG04059	2
phyml	GRCh37	rs417915	H331	HG02128	1
phyml	GRCh37	rs417915	H332	NA18612	1
phyml	GRCh37	rs417915	H333	HG02139	2
phyml	GRCh37	rs417915	H334	HG02283	2
phyml	GRCh37	rs417915	H335	HG02143	2
phyml	GRCh37	rs417915	H336	NA18943	1
phyml	GRCh37	rs417915	H337	NA18978	1
phyml	GRCh37	rs417915	H338	HG00273	2
phyml	GRCh37	rs417915	H339	NA18552	2
phyml	GRCh37	rs417915	H340	HG03868	2
phyml	GRCh37	rs417915	H341	HG01668	2
phyml	GRCh37	rs417915	H342	HG04210	1
phyml	GRCh37	rs417915	H343	HG03015	1
phyml	GRCh37	rs417915	H344	HG00182	1
phyml	GRCh37	rs417915	H345	HG00663	2
phyml	GRCh37	rs417915	H346	HG00107	1
phyml	GRCh37	rs417915	H347	HG00638	1
phyml	GRCh37	rs417915	H348	HG03649	2
phyml	GRCh37	rs417915	H349	NA19098	1
phyml	GRCh37	rs417915	H350	HG00344	1
phyml	GRCh37	rs417915	H351	HG00238	1
phyml	GRCh37	rs417915	H352	NA19773	1
phyml	GRCh37	rs417915	H353	NA19078	2
phyml	GRCh37	rs417915	H354	NA18605	2
phyml	GRCh37	rs417915	H355	HG01871	1
phyml	GRCh37	rs417915	H356	NA19072	2
phyml	GRCh37	rs417915	H357	NA20881	1
phyml	GRCh37	rs417915	H358	HG00672	2
phyml	GRCh37	rs417915	H359	NA18956	1
phyml	GRCh37	rs417915	H360	HG00565	2
phyml	GRCh37	rs417915	H361	NA19060	1
phyml	GRCh37	rs417915	H362	NA18940	1
phyml	GRCh37	rs417915	H363	HG01518	2
phyml	GRCh37	rs417915	H364	HG01846	1
phyml	GRCh37	rs417915	H365	HG01598	2
phyml	GRCh37	rs417915	H366	HG02031	1
phyml	GRCh37	rs417915	H367	HG02016	2
phyml	GRCh37	rs417915	H368	HG00675	2
phyml	GRCh37	rs417915	H369	HG00631	1
phyml	GRCh37	rs417915	H370	NA21141	1
phyml	GRCh37	rs417915	H371	HG02624	1
phyml	GRCh37	rs417915	H372	HG02763	1
phyml	GRCh37	rs417915	H373	NA18867	1
phyml	GRCh37	rs417915	H374	HG03518	2
phyml	GRCh37	rs417915	H375	NA19197	2
phyml	GRCh37	rs417915	H376	NA20355	2
phyml	GRCh37	rs417915	H377	HG03279	1
phyml	GRCh37	rs417915	H378	HG02455	1
phyml	GRCh37	rs417915	H379	HG02620	1
phyml	GRCh37	rs417915	H380	NA19401	1
phyml	GRCh37	rs417915	H381	HG03928	1
phyml	GRCh37	rs417915	H382	HG03577	1
phyml	GRCh37	rs417915	H383	HG02489	1
phyml	GRCh37	rs417915	H384	HG03123	2
phyml	GRCh37	rs417915	H385	HG03081	1
phyml	GRCh37	rs417915	H386	NA20289	1
phyml	GRCh37	rs417915	H387	NA19436	1
phyml	GRCh37	rs417915	H388	HG02947	2
phyml	GRCh37	rs417915	H389	HG04141	2
phyml	GRCh37	rs417915	H390	NA12778	1
phyml	GRCh37	rs417915	H391	HG04222	2
phyml	GRCh37	rs417915	H392	HG01031	1
phyml	GRCh37	rs417915	H393	NA18608	1
phyml	GRCh37	rs417915	H394	NA18539	1
phyml	GRCh37	rs417915	H395	HG00525	2
phyml	GRCh37	rs417915	H396	HG03511	1
phyml	GRCh37	rs417915	H397	NA18874	2
phyml	GRCh37	rs417915	H398	HG03352	2
phyml	GRCh37	rs417915	H399	HG00729	1
phyml	GRCh37	rs417915	H400	NA19729	2
phyml	GRCh37	rs417915	H401	HG02090	2
phyml	GRCh37	rs417915	H402	HG01938	2
phyml	GRCh37	rs417915	H403	HG01369	2
phyml	GRCh37	rs417915	H404	NA19086	2
phyml	GRCh37	rs417915	H405	HG01980	2
phyml	GRCh37	rs417915	H406	HG01254	1
phyml	GRCh37	rs417915	H407	HG03692	2
phyml	GRCh37	rs417915	H408	HG03790	2
phyml	GRCh37	rs417915	H409	NA20796	2
phyml	GRCh37	rs417915	H410	NA20766	2
phyml	GRCh37	rs417915	H411	HG04159	2
phyml	GRCh37	rs417915	H412	HG00334	1
phyml	GRCh37	rs417915	H413	NA18995	1
phyml	GRCh37	rs417915	H414	HG03490	2
phyml	GRCh37	rs417915	H415	HG02491	2
phyml	GRCh37	rs417915	H416	HG02105	2
phyml	GRCh37	rs417915	H417	HG02778	1
phyml	GRCh37	rs417915	H418	NA19238	2
phyml	GRCh37	rs417915	H419	HG02589	1
phyml	GRCh37	rs417915	H420	NA19118	2
phyml	GRCh37	rs417915	H421	HG00268	2
phyml	GRCh37	rs417915	H422	HG04056	2
phyml	GRCh37	rs417915	H423	NA19099	1
phyml	GRCh37	rs417915	H424	HG03391	2
phyml	GRCh37	rs417915	H425	HG03028	1
phyml	GRCh37	rs417915	H426	NA19116	2
phyml	GRCh37	rs417915	H427	HG02351	2
phyml	GRCh37	rs417915	H428	NA18943	2
phyml	GRCh37	rs417915	H429	NA19351	1
phyml	GRCh37	rs417915	H430	NA19916	1
phyml	GRCh37	rs417915	H431	NA19206	1
phyml	GRCh37	rs417915	H432	HG03520	2
phyml	GRCh37	rs417915	H433	HG02635	1
phyml	GRCh37	rs417915	H434	HG03063	1
phyml	GRCh37	rs417915	H435	NA19152	2
phyml	GRCh37	rs417915	H436	HG02089	2
phyml	GRCh37	rs417915	H437	HG01067	2
phyml	GRCh37	rs417915	H438	NA19175	2
phyml	GRCh37	rs417915	H439	NA19908	1
phyml	GRCh37	rs417915	H440	HG02805	2
phyml	GRCh37	rs417915	H441	HG00233	1
phyml	GRCh37	rs417915	H442	HG02304	2
phyml	GRCh37	rs417915	H443	NA18628	1
phyml	GRCh37	rs417915	H444	HG01595	1
phyml	GRCh37	rs417915	H445	HG03589	1
phyml	GRCh37	rs417915	H446	HG04020	1
phyml	GRCh37	rs417915	H447	HG01776	1
phyml	GRCh37	rs417915	H448	HG00742	1
phyml	GRCh37	rs417915	H449	HG00120	1
phyml	GRCh37	rs417915	H450	HG00188	2
phyml	GRCh37	rs417915	H451	HG02623	1
phyml	GRCh37	rs417915	H452	HG02464	1
phyml	GRCh37	rs417915	H453	HG03857	1
phyml	GRCh37	rs417915	H454	HG03823	1
phyml	GRCh37	rs417915	H455	NA20785	2
phyml	GRCh37	rs417915	H456	NA19732	2
phyml	GRCh37	rs417915	H457	HG03225	2
phyml	GRCh37	rs417915	H458	HG04158	1
phyml	GRCh37	rs417915	H459	NA20856	1
phyml	GRCh37	rs417915	H460	NA12546	2
phyml	GRCh37	rs417915	H461	HG00421	1
phyml	GRCh37	rs417915	H462	HG04035	1
phyml	GRCh37	rs417915	H463	HG03547	2
phyml	GRCh37	rs417915	H464	HG01177	1
phyml	GRCh37	rs417915	H465	HG02784	2
phyml	GRCh37	rs417915	H466	HG01174	1
phyml	GRCh37	rs417915	H467	NA18993	1
phyml	GRCh37	rs417915	H468	HG03968	1
phyml	GRCh37	rs417915	H469	HG01344	2
phyml	GRCh37	rs417915	H470	HG02476	2
phyml	GRCh37	rs417915	H471	HG01205	2
phyml	GRCh37	rs417915	H472	HG01775	1
phyml	GRCh37	rs417915	H473	HG01162	1
phyml	GRCh37	rs417915	H474	HG00141	2
phyml	GRCh37	rs417915	H475	HG02367	2
phyml	GRCh37	rs417915	H476	HG01950	1
phyml	GRCh37	rs417915	H477	NA20896	2
phyml	GRCh37	rs417915	H478	HG02643	2
phyml	GRCh37	rs417915	H479	NA20854	1
phyml	GRCh37	rs417915	H480	NA19776	2
phyml	GRCh37	rs417915	H481	HG00262	1
phyml	GRCh37	rs417915	H482	NA20821	2
phyml	GRCh37	rs417915	H483	HG01254	2
phyml	GRCh37	rs417915	H484	HG03190	1
phyml	GRCh37	rs417915	H485	HG01974	2
phyml	GRCh37	rs417915	H486	HG02187	2
phyml	GRCh37	rs417915	H487	HG03196	1
phyml	GRCh37	rs417915	H488	NA18879	2
phyml	GRCh37	rs417915	H489	HG02481	2
phyml	GRCh37	rs417915	H490	NA19317	2
phyml	GRCh37	rs417915	H491	HG00608	2
phyml	GRCh37	rs417915	H492	HG01597	1
phyml	GRCh37	rs417915	H493	HG02085	2
phyml	GRCh37	rs417915	H494	HG01914	2
phyml	GRCh37	rs417915	H495	HG02491	1
phyml	GRCh37	rs417915	H496	HG03652	2
phyml	GRCh37	rs417915	H497	HG03864	2
phyml	GRCh37	rs417915	H498	HG03085	1
phyml	GRCh37	rs417915	H499	HG04131	2
phyml	GRCh37	rs417915	H500	HG03021	2
phyml	GRCh37	rs417915	H501	HG03858	1
phyml	GRCh37	rs417915	H502	NA21143	1
phyml	GRCh37	rs417915	H503	NA20317	1
phyml	GRCh37	rs417915	H504	HG03863	2
phyml	GRCh37	rs417915	H505	NA20351	1
phyml	GRCh37	rs417915	H506	HG02221	2
phyml	GRCh37	rs417915	H507	HG03698	2
phyml	GRCh37	rs417915	H508	HG03767	2
phyml	GRCh37	rs417915	H509	HG01072	1
phyml	GRCh37	rs417915	H510	HG03680	2
phyml	GRCh37	rs417915	H511	HG04006	1
phyml	GRCh37	rs417915	H512	HG03168	2
phyml	GRCh37	rs417915	H513	HG03052	2
phyml	GRCh37	rs417915	H514	HG03578	2
phyml	GRCh37	rs417915	H515	HG03538	2
phyml	GRCh37	rs417915	H516	HG01063	2
phyml	GRCh37	rs417915	H517	HG03084	2
phyml	GRCh37	rs417915	H518	HG02484	2
phyml	GRCh37	rs417915	H519	HG02896	1
phyml	GRCh37	rs417915	H520	HG01161	1
phyml	GRCh37	rs417915	H521	NA19338	1
phyml	GRCh37	rs417915	H522	HG03367	2
phyml	GRCh37	rs417915	H523	HG03212	1
phyml	GRCh37	rs417915	H524	HG03681	2
phyml	GRCh37	rs417915	H525	HG02895	1
phyml	GRCh37	rs417915	H526	HG04020	2
phyml	GRCh37	rs417915	H527	HG03760	1
phyml	GRCh37	rs417915	H528	NA06989	1
phyml	GRCh37	rs417915	H529	HG02445	2
phyml	GRCh37	rs417915	H530	HG03517	2
phyml	GRCh37	rs417915	H531	NA11830	1
phyml	GRCh37	rs417915	H532	HG03024	2
phyml	GRCh37	rs417915	H533	HG03514	1
phyml	GRCh37	rs417915	H534	NA19391	2
phyml	GRCh37	rs417915	H535	HG02490	1
phyml	GRCh37	rs417915	H536	HG04182	1
phyml	GRCh37	rs417915	H537	HG02947	1
phyml	GRCh37	rs417915	H538	HG01269	2
phyml	GRCh37	rs417915	H539	HG00378	1
phyml	GRCh37	rs417915	H540	NA19455	2
phyml	GRCh37	rs417915	H541	HG03774	1
phyml	GRCh37	rs417915	H542	NA19457	2
phyml	GRCh37	rs417915	H543	HG02817	2
phyml	GRCh37	rs417915	H544	NA18519	1
phyml	GRCh37	rs417915	H545	HG02107	1
phyml	GRCh37	rs417915	H546	HG04099	1
phyml	GRCh37	rs417915	H547	HG02982	2
phyml	GRCh37	rs417915	H548	HG03024	1
phyml	GRCh37	rs417915	H549	NA18486	2
phyml	GRCh37	rs417915	H550	HG03736	2
phyml	GRCh37	rs417915	H551	NA20896	1
