locus_id	hap_id	hap_n	copies	anchor_id	anchor_pos	ref	alt	variant_type	called_copies	allele_index_set	allele_set	allele_index_counts	allele_counts	mixed_anchor_within_snp_haplotype	common_tree_min_copies	common_tree_eligible	raw_best_archaic	raw_best_lineage	raw_n_compared	raw_n_match	raw_prop_match	neanderthal_consensus_allele_index	denisovan_consensus_allele_index	matches_neanderthal_anchor	matches_denisovan_anchor
rs9349320	H1	42	HG00112:1;HG00125:1;HG00133:1;HG00142:2;HG00178:1;HG00183:2;HG00269:1;HG00273:1;HG00325:2;HG00329:2;HG00345:2;HG00357:1;HG00369:2;HG00373:2;HG00743:2;HG01063:1;HG01072:2;HG01242:2;HG01396:1;HG01630:1;HG01704:1;HG01789:1;HG02215:2;HG02221:1;HG02230:1;HG02652:2;HG02792:1;HG04238:1;NA07000:1;NA11843:1;NA12286:2;NA12718:2;NA12872:1;NA19725:1;NA20503:2;NA20585:1;NA20588:1;NA20589:1;NA20764:1;NA20771:2;NA20847:1;NA20903:1	rs9349320	45269814	G	T	SNV	42	0	G	0:42	G:42	0	11	1						1	1	0	0
rs9349320	H10	15	HG01251:2;HG01362:1;HG01378:2;HG01384:2;HG01413:1;HG01432:1;HG01455:1;HG01462:2;HG01917:2;HG01941:1;HG02008:2;HG02146:1;HG02304:2;NA19670:1;NA19771:2	rs9349320	45269814	G	T	SNV	15	1	T	1:15	T:15	0	11	1						1	1	1	1
rs9349320	H100	5	HG01537:1;HG02236:1;HG03907:1;NA12830:2;NA21088:2	rs9349320	45269814	G	T	SNV	5	1	T	1:5	T:5	0	11	0						1	1	1	1
rs9349320	H1000	1	HG00766:2	rs9349320	45269814	G	T	SNV	1	1	T	1:1	T:1	0	11	0						1	1	1	1
rs9349320	H1001	1	HG02028:2	rs9349320	45269814	G	T	SNV	1	1	T	1:1	T:1	0	11	0						1	1	1	1
rs9349320	H1002	1	HG00463:1	rs9349320	45269814	G	T	SNV	1	1	T	1:1	T:1	0	11	0						1	1	1	1
rs9349320	H1003	1	NA19010:1	rs9349320	45269814	G	T	SNV	1	1	T	1:1	T:1	0	11	0						1	1	1	1
rs9349320	H1004	1	NA18558:2	rs9349320	45269814	G	T	SNV	1	1	T	1:1	T:1	0	11	0						1	1	1	1
rs9349320	H1005	1	NA18574:1	rs9349320	45269814	G	T	SNV	1	1	T	1:1	T:1	0	11	0						1	1	1	1
rs9349320	H1006	1	HG01802:2	rs9349320	45269814	G	T	SNV	1	1	T	1:1	T:1	0	11	0						1	1	1	1
rs9349320	H1007	1	HG02025:1	rs9349320	45269814	G	T	SNV	1	1	T	1:1	T:1	0	11	0						1	1	1	1
rs9349320	H1008	1	HG00631:1	rs9349320	45269814	G	T	SNV	1	1	T	1:1	T:1	0	11	0						1	1	1	1
rs9349320	H1009	1	NA18982:2	rs9349320	45269814	G	T	SNV	1	1	T	1:1	T:1	0	11	0						1	1	1	1
rs9349320	H101	5	HG00190:1;HG01188:1;HG02790:2;NA11840:1;NA20773:2	rs9349320	45269814	G	T	SNV	5	1	T	1:5	T:5	0	11	0						1	1	1	1
rs9349320	H1010	1	HG02031:2	rs9349320	45269814	G	T	SNV	1	1	T	1:1	T:1	0	11	0						1	1	1	1
rs9349320	H1011	1	HG02398:2	rs9349320	45269814	G	T	SNV	1	1	T	1:1	T:1	0	11	0						1	1	1	1
rs9349320	H1012	1	HG00689:2	rs9349320	45269814	G	T	SNV	1	1	T	1:1	T:1	0	11	0						1	1	1	1
rs9349320	H1013	1	NA18646:1	rs9349320	45269814	G	T	SNV	1	1	T	1:1	T:1	0	11	0						1	1	1	1
rs9349320	H1014	1	HG02190:2	rs9349320	45269814	G	T	SNV	1	1	T	1:1	T:1	0	11	0						1	1	1	1
rs9349320	H1015	1	HG01815:2	rs9349320	45269814	G	T	SNV	1	1	T	1:1	T:1	0	11	0						1	1	1	1
rs9349320	H1016	1	HG01817:1	rs9349320	45269814	G	T	SNV	1	1	T	1:1	T:1	0	11	0						1	1	1	1
rs9349320	H1017	1	HG00589:1	rs9349320	45269814	G	T	SNV	1	1	T	1:1	T:1	0	11	0						1	1	1	1
rs9349320	H1018	1	HG02113:1	rs9349320	45269814	G	T	SNV	1	1	T	1:1	T:1	0	11	0						1	1	1	1
rs9349320	H1019	1	HG02049:1	rs9349320	45269814	G	T	SNV	1	1	T	1:1	T:1	0	11	0						1	1	1	1
rs9349320	H102	5	HG01883:2;HG03114:2;HG03129:1;HG03190:2;NA20356:1	rs9349320	45269814	G	T	SNV	5	1	T	1:5	T:5	0	11	0						1	1	1	1
rs9349320	H1020	1	HG00406:1	rs9349320	45269814	G	T	SNV	1	1	T	1:1	T:1	0	11	0						1	1	1	1
rs9349320	H1021	1	NA18622:1	rs9349320	45269814	G	T	SNV	1	1	T	1:1	T:1	0	11	0						1	1	1	1
rs9349320	H1022	1	HG00445:2	rs9349320	45269814	G	T	SNV	1	1	T	1:1	T:1	0	11	0						1	1	1	1
rs9349320	H1023	1	HG02028:1	rs9349320	45269814	G	T	SNV	1	1	T	1:1	T:1	0	11	0						1	1	1	1
rs9349320	H1024	1	NA18579:1	rs9349320	45269814	G	T	SNV	1	1	T	1:1	T:1	0	11	0						1	1	1	1
rs9349320	H1025	1	NA18964:1	rs9349320	45269814	G	T	SNV	1	1	T	1:1	T:1	0	11	0						1	1	1	1
rs9349320	H1026	1	NA19065:2	rs9349320	45269814	G	T	SNV	1	1	T	1:1	T:1	0	11	0						1	1	1	1
rs9349320	H1027	1	NA19089:2	rs9349320	45269814	G	T	SNV	1	1	T	1:1	T:1	0	11	0						1	1	1	1
rs9349320	H1028	1	NA19060:2	rs9349320	45269814	G	T	SNV	1	1	T	1:1	T:1	0	11	0						1	1	1	1
rs9349320	H1029	1	NA18528:2	rs9349320	45269814	G	T	SNV	1	1	T	1:1	T:1	0	11	0						1	1	1	1
rs9349320	H103	5	HG03052:2;HG03132:2;HG03515:1;NA19184:2;NA19197:2	rs9349320	45269814	G	T	SNV	5	1	T	1:5	T:5	0	11	0						1	1	1	1
rs9349320	H1030	1	NA18945:2	rs9349320	45269814	G	T	SNV	1	1	T	1:1	T:1	0	11	0						1	1	1	1
rs9349320	H1031	1	HG01694:2	rs9349320	45269814	G	T	SNV	1	1	T	1:1	T:1	0	11	0						1	1	1	1
rs9349320	H1032	1	NA12775:2	rs9349320	45269814	G	T	SNV	1	1	T	1:1	T:1	0	11	0						1	1	1	1
rs9349320	H1033	1	NA12489:1	rs9349320	45269814	G	T	SNV	1	1	T	1:1	T:1	0	11	0						1	1	1	1
rs9349320	H1034	1	HG01679:2	rs9349320	45269814	G	T	SNV	1	1	T	1:1	T:1	0	11	0						1	1	1	1
rs9349320	H1035	1	NA20587:1	rs9349320	45269814	G	T	SNV	1	1	T	1:1	T:1	0	11	0						1	1	1	1
rs9349320	H1036	1	HG01939:2	rs9349320	45269814	G	T	SNV	1	1	T	1:1	T:1	0	11	0						1	1	1	1
rs9349320	H1037	1	NA12842:1	rs9349320	45269814	G	T	SNV	1	1	T	1:1	T:1	0	11	0						1	1	1	1
rs9349320	H1038	1	HG01766:1	rs9349320	45269814	G	T	SNV	1	1	T	1:1	T:1	0	11	0						1	1	1	1
rs9349320	H1039	1	HG01578:2	rs9349320	45269814	G	T	SNV	1	1	T	1:1	T:1	0	11	0						1	1	1	1
rs9349320	H104	5	HG02635:2;HG02816:1;HG02982:2;HG03024:1;HG03464:1	rs9349320	45269814	G	T	SNV	5	1	T	1:5	T:5	0	11	0						1	1	1	1
rs9349320	H1040	1	HG02661:1	rs9349320	45269814	G	T	SNV	1	1	T	1:1	T:1	0	11	0						1	1	1	1
rs9349320	H1041	1	NA19663:2	rs9349320	45269814	G	T	SNV	1	1	T	1:1	T:1	0	11	0						1	1	1	1
rs9349320	H1042	1	HG01785:1	rs9349320	45269814	G	T	SNV	1	1	T	1:1	T:1	0	11	0						1	1	1	1
rs9349320	H1043	1	HG00622:2	rs9349320	45269814	G	T	SNV	1	1	T	1:1	T:1	0	11	0						1	1	1	1
rs9349320	H1044	1	NA18747:1	rs9349320	45269814	G	T	SNV	1	1	T	1:1	T:1	0	11	0						1	1	1	1
rs9349320	H1045	1	NA18543:2	rs9349320	45269814	G	T	SNV	1	1	T	1:1	T:1	0	11	0						1	1	1	1
rs9349320	H1046	1	HG02775:2	rs9349320	45269814	G	T	SNV	1	1	T	1:1	T:1	0	11	0						1	1	1	1
rs9349320	H1047	1	HG03899:1	rs9349320	45269814	G	T	SNV	1	1	T	1:1	T:1	0	11	0						1	1	1	1
rs9349320	H1048	1	HG03703:2	rs9349320	45269814	G	T	SNV	1	1	T	1:1	T:1	0	11	0						1	1	1	1
rs9349320	H1049	1	HG03875:1	rs9349320	45269814	G	T	SNV	1	1	T	1:1	T:1	0	11	0						1	1	1	1
rs9349320	H105	5	HG01890:1;HG02429:1;HG02952:1;HG03123:2;NA19130:2	rs9349320	45269814	G	T	SNV	5	1	T	1:5	T:5	0	11	0						1	1	1	1
rs9349320	H1050	1	HG04198:1	rs9349320	45269814	G	T	SNV	1	1	T	1:1	T:1	0	11	0						1	1	1	1
rs9349320	H1051	1	HG03802:1	rs9349320	45269814	G	T	SNV	1	1	T	1:1	T:1	0	11	0						1	1	1	1
rs9349320	H1052	1	NA18623:1	rs9349320	45269814	G	T	SNV	1	1	T	1:1	T:1	0	11	0						1	1	1	1
rs9349320	H1053	1	HG02047:1	rs9349320	45269814	G	T	SNV	1	1	T	1:1	T:1	0	11	0						1	1	1	1
rs9349320	H1054	1	HG00729:1	rs9349320	45269814	G	T	SNV	1	1	T	1:1	T:1	0	11	0						1	1	1	1
rs9349320	H1055	1	NA19064:2	rs9349320	45269814	G	T	SNV	1	1	T	1:1	T:1	0	11	0						1	1	1	1
rs9349320	H1056	1	HG02050:2	rs9349320	45269814	G	T	SNV	1	1	T	1:1	T:1	0	11	0						1	1	1	1
rs9349320	H1057	1	HG00422:1	rs9349320	45269814	G	T	SNV	1	1	T	1:1	T:1	0	11	0						1	1	1	1
rs9349320	H1058	1	HG03697:2	rs9349320	45269814	G	T	SNV	1	1	T	1:1	T:1	0	11	0						1	1	1	1
rs9349320	H1059	1	HG04141:2	rs9349320	45269814	G	T	SNV	1	1	T	1:1	T:1	0	11	0						1	1	1	1
rs9349320	H106	5	HG02284:1;HG02322:1;NA19038:2;NA19108:2;NA20334:2	rs9349320	45269814	G	T	SNV	5	1	T	1:5	T:5	0	11	0						1	1	1	1
rs9349320	H1060	1	NA18640:1	rs9349320	45269814	G	T	SNV	1	1	T	1:1	T:1	0	11	0						1	1	1	1
rs9349320	H1061	1	HG00452:2	rs9349320	45269814	G	T	SNV	1	1	T	1:1	T:1	0	11	0						1	1	1	1
rs9349320	H1062	1	HG01807:2	rs9349320	45269814	G	T	SNV	1	1	T	1:1	T:1	0	11	0						1	1	1	1
rs9349320	H1063	1	NA12045:1	rs9349320	45269814	G	T	SNV	1	1	T	1:1	T:1	0	11	0						1	1	1	1
rs9349320	H1064	1	HG04038:2	rs9349320	45269814	G	T	SNV	1	1	T	1:1	T:1	0	11	0						1	1	1	1
rs9349320	H1065	1	NA12004:1	rs9349320	45269814	G	T	SNV	1	1	T	1:1	T:1	0	11	0						1	1	1	1
rs9349320	H1066	1	HG02231:1	rs9349320	45269814	G	T	SNV	1	1	T	1:1	T:1	0	11	0						1	1	1	1
rs9349320	H1067	1	HG00638:2	rs9349320	45269814	G	T	SNV	1	1	T	1:1	T:1	0	11	0						1	1	1	1
rs9349320	H1068	1	NA20527:2	rs9349320	45269814	G	T	SNV	1	1	T	1:1	T:1	0	11	0						1	1	1	1
rs9349320	H1069	1	NA20811:2	rs9349320	45269814	G	T	SNV	1	1	T	1:1	T:1	0	11	0						1	1	1	1
rs9349320	H107	5	HG01488:1;HG02574:1;HG02769:1;HG03436:1;NA19917:2	rs9349320	45269814	G	T	SNV	5	1	T	1:5	T:5	0	11	0						1	1	1	1
rs9349320	H1070	1	HG00445:1	rs9349320	45269814	G	T	SNV	1	1	T	1:1	T:1	0	11	0						1	1	1	1
rs9349320	H1071	1	HG02053:1	rs9349320	45269814	G	T	SNV	1	1	T	1:1	T:1	0	11	0						1	1	1	1
rs9349320	H1072	1	NA12249:1	rs9349320	45269814	G	T	SNV	1	1	T	1:1	T:1	0	11	0						1	1	1	1
rs9349320	H1073	1	HG02684:2	rs9349320	45269814	G	T	SNV	1	1	T	1:1	T:1	0	11	0						1	1	1	1
rs9349320	H1074	1	NA20525:1	rs9349320	45269814	G	T	SNV	1	1	T	1:1	T:1	0	11	0						1	1	1	1
rs9349320	H1075	1	NA20589:2	rs9349320	45269814	G	T	SNV	1	1	T	1:1	T:1	0	11	0						1	1	1	1
rs9349320	H1076	1	NA20890:2	rs9349320	45269814	G	T	SNV	1	1	T	1:1	T:1	0	11	0						1	1	1	1
rs9349320	H1077	1	HG01791:1	rs9349320	45269814	G	T	SNV	1	1	T	1:1	T:1	0	11	0						1	1	1	1
rs9349320	H1078	1	HG02685:2	rs9349320	45269814	G	T	SNV	1	1	T	1:1	T:1	0	11	0						1	1	1	1
rs9349320	H1079	1	HG00254:1	rs9349320	45269814	G	T	SNV	1	1	T	1:1	T:1	0	11	0						1	1	1	1
rs9349320	H108	5	HG01107:2;HG01377:1;HG01494:2;HG01497:1;NA19755:1	rs9349320	45269814	G	T	SNV	5	1	T	1:5	T:5	0	11	0						1	1	1	1
rs9349320	H1080	1	HG01790:1	rs9349320	45269814	G	T	SNV	1	1	T	1:1	T:1	0	11	0						1	1	1	1
rs9349320	H1081	1	HG04146:2	rs9349320	45269814	G	T	SNV	1	1	T	1:1	T:1	0	11	0						1	1	1	1
rs9349320	H1082	1	HG02154:1	rs9349320	45269814	G	T	SNV	1	1	T	1:1	T:1	0	11	0						1	1	1	1
rs9349320	H1083	1	HG01853:1	rs9349320	45269814	G	T	SNV	1	1	T	1:1	T:1	0	11	0						1	1	1	1
rs9349320	H1084	1	HG00844:1	rs9349320	45269814	G	T	SNV	1	1	T	1:1	T:1	0	11	0						1	1	1	1
rs9349320	H1085	1	HG01861:2	rs9349320	45269814	G	T	SNV	1	1	T	1:1	T:1	0	11	0						1	1	1	1
rs9349320	H1086	1	NA18975:2	rs9349320	45269814	G	T	SNV	1	1	T	1:1	T:1	0	11	0						1	1	1	1
rs9349320	H1087	1	NA18947:1	rs9349320	45269814	G	T	SNV	1	1	T	1:1	T:1	0	11	0						1	1	1	1
rs9349320	H1088	1	NA19075:1	rs9349320	45269814	G	T	SNV	1	1	T	1:1	T:1	0	11	0						1	1	1	1
rs9349320	H1089	1	NA18566:2	rs9349320	45269814	G	T	SNV	1	1	T	1:1	T:1	0	11	0						1	1	1	1
rs9349320	H109	5	HG01926:1;HG01933:2;HG02104:1;NA19788:1;NA20299:1	rs9349320	45269814	G	T	SNV	5	1	T	1:5	T:5	0	11	0						1	1	1	1
rs9349320	H1090	1	NA20888:2	rs9349320	45269814	G	T	SNV	1	1	T	1:1	T:1	0	11	0						1	1	1	1
rs9349320	H1091	1	NA21119:1	rs9349320	45269814	G	T	SNV	1	1	T	1:1	T:1	0	11	0						1	1	1	1
rs9349320	H1092	1	NA11831:1	rs9349320	45269814	G	T	SNV	1	1	T	1:1	T:1	0	11	0						1	1	1	1
rs9349320	H1093	1	HG00382:2	rs9349320	45269814	G	T	SNV	1	1	T	1:1	T:1	0	11	0						1	1	1	1
rs9349320	H1094	1	HG02239:2	rs9349320	45269814	G	T	SNV	1	1	T	1:1	T:1	0	11	0						1	1	1	1
rs9349320	H1095	1	NA20587:2	rs9349320	45269814	G	T	SNV	1	1	T	1:1	T:1	0	11	0						1	1	1	1
rs9349320	H1096	1	HG00238:1	rs9349320	45269814	G	T	SNV	1	1	T	1:1	T:1	0	11	0						1	1	1	1
rs9349320	H1097	1	HG01623:1	rs9349320	45269814	G	T	SNV	1	1	T	1:1	T:1	0	11	0						1	1	1	1
rs9349320	H1098	1	NA18941:1	rs9349320	45269814	G	T	SNV	1	1	T	1:1	T:1	0	11	0						1	1	1	1
rs9349320	H1099	1	HG02299:1	rs9349320	45269814	G	T	SNV	1	1	T	1:1	T:1	0	11	0						1	1	1	1
rs9349320	H11	14	HG01398:1;HG01801:2;HG01855:1;HG02165:1;HG02179:2;HG02367:2;HG03646:2;HG03691:2;HG03817:1;HG03846:1;HG03895:1;NA18954:1;NA19060:1;NA19711:2	rs9349320	45269814	G	T	SNV	14	1	T	1:14	T:14	0	11	1						1	1	1	1
rs9349320	H110	5	HG00593:1;HG02152:1;HG02156:1;HG02382:1;HG03603:2	rs9349320	45269814	G	T	SNV	5	1	T	1:5	T:5	0	11	0						1	1	1	1
rs9349320	H1100	1	HG00590:1	rs9349320	45269814	G	T	SNV	1	1	T	1:1	T:1	0	11	0						1	1	1	1
rs9349320	H1101	1	HG02076:2	rs9349320	45269814	G	T	SNV	1	1	T	1:1	T:1	0	11	0						1	1	1	1
rs9349320	H1102	1	HG01863:1	rs9349320	45269814	G	T	SNV	1	1	T	1:1	T:1	0	11	0						1	1	1	1
rs9349320	H1103	1	HG01866:1	rs9349320	45269814	G	T	SNV	1	1	T	1:1	T:1	0	11	0						1	1	1	1
rs9349320	H1104	1	HG04015:1	rs9349320	45269814	G	T	SNV	1	1	T	1:1	T:1	0	11	0						1	1	1	1
rs9349320	H1105	1	HG03756:2	rs9349320	45269814	G	T	SNV	1	1	T	1:1	T:1	0	11	0						1	1	1	1
rs9349320	H1106	1	NA18526:1	rs9349320	45269814	G	T	SNV	1	1	T	1:1	T:1	0	11	0						1	1	1	1
rs9349320	H1107	1	HG00557:2	rs9349320	45269814	G	T	SNV	1	1	T	1:1	T:1	0	11	0						1	1	1	1
rs9349320	H1108	1	HG01767:2	rs9349320	45269814	G	T	SNV	1	1	T	1:1	T:1	0	11	0						1	1	1	1
rs9349320	H1109	1	HG02002:2	rs9349320	45269814	G	T	SNV	1	1	T	1:1	T:1	0	11	0						1	1	1	1
rs9349320	H111	5	HG01491:2;HG01761:1;HG03863:2;NA20769:1;NA20790:1	rs9349320	45269814	G	T	SNV	5	1	T	1:5	T:5	0	11	0						1	1	1	1
rs9349320	H1110	1	HG00353:2	rs9349320	45269814	G	T	SNV	1	1	T	1:1	T:1	0	11	0						1	1	1	1
rs9349320	H1111	1	NA21142:2	rs9349320	45269814	G	T	SNV	1	1	T	1:1	T:1	0	11	0						1	1	1	1
rs9349320	H1112	1	HG03949:1	rs9349320	45269814	G	T	SNV	1	1	T	1:1	T:1	0	11	0						1	1	1	1
rs9349320	H1113	1	HG00739:2	rs9349320	45269814	G	T	SNV	1	1	T	1:1	T:1	0	11	0						1	1	1	1
rs9349320	H1114	1	HG03488:1	rs9349320	45269814	G	T	SNV	1	1	T	1:1	T:1	0	11	0						1	1	1	1
rs9349320	H1115	1	NA20863:1	rs9349320	45269814	G	T	SNV	1	1	T	1:1	T:1	0	11	0						1	1	1	1
rs9349320	H1116	1	HG04140:2	rs9349320	45269814	G	T	SNV	1	1	T	1:1	T:1	0	11	0						1	1	1	1
rs9349320	H1117	1	NA20882:1	rs9349320	45269814	G	T	SNV	1	1	T	1:1	T:1	0	11	0						1	1	1	1
rs9349320	H1118	1	HG03850:2	rs9349320	45269814	G	T	SNV	1	1	T	1:1	T:1	0	11	0						1	1	1	1
rs9349320	H1119	1	NA20888:1	rs9349320	45269814	G	T	SNV	1	1	T	1:1	T:1	0	11	0						1	1	1	1
rs9349320	H112	5	HG00308:1;HG00327:1;HG01168:1;NA11933:1;NA20531:1	rs9349320	45269814	G	T	SNV	5	1	T	1:5	T:5	0	11	0						1	1	1	1
rs9349320	H1120	1	HG04015:2	rs9349320	45269814	G	T	SNV	1	1	T	1:1	T:1	0	11	0						1	1	1	1
rs9349320	H1121	1	NA20902:1	rs9349320	45269814	G	T	SNV	1	1	T	1:1	T:1	0	11	0						1	1	1	1
rs9349320	H1122	1	HG03644:1	rs9349320	45269814	G	T	SNV	1	1	T	1:1	T:1	0	11	0						1	1	1	1
rs9349320	H1123	1	HG03015:1	rs9349320	45269814	G	T	SNV	1	1	T	1:1	T:1	0	11	0						1	1	1	1
rs9349320	H1124	1	HG03991:1	rs9349320	45269814	G	T	SNV	1	1	T	1:1	T:1	0	11	0						1	1	1	1
rs9349320	H1125	1	NA20774:1	rs9349320	45269814	G	T	SNV	1	1	T	1:1	T:1	0	11	0						1	1	1	1
rs9349320	H1126	1	HG02737:1	rs9349320	45269814	G	T	SNV	1	1	T	1:1	T:1	0	11	0						1	1	1	1
rs9349320	H1127	1	HG02086:1	rs9349320	45269814	G	T	SNV	1	1	T	1:1	T:1	0	11	0						1	1	1	1
rs9349320	H1128	1	HG02151:2	rs9349320	45269814	G	T	SNV	1	1	T	1:1	T:1	0	11	0						1	1	1	1
rs9349320	H1129	1	HG03812:1	rs9349320	45269814	G	T	SNV	1	1	T	1:1	T:1	0	11	0						1	1	1	1
rs9349320	H113	5	HG01058:2;HG01161:1;HG02053:2;HG03439:1;NA18874:1	rs9349320	45269814	G	T	SNV	5	1	T	1:5	T:5	0	11	0						1	1	1	1
rs9349320	H1130	1	HG03928:1	rs9349320	45269814	G	T	SNV	1	1	T	1:1	T:1	0	11	0						1	1	1	1
rs9349320	H1131	1	HG03905:2	rs9349320	45269814	G	T	SNV	1	1	T	1:1	T:1	0	11	0						1	1	1	1
rs9349320	H1132	1	HG04227:1	rs9349320	45269814	G	T	SNV	1	1	T	1:1	T:1	0	11	0						1	1	1	1
rs9349320	H1133	1	HG03645:1	rs9349320	45269814	G	T	SNV	1	1	T	1:1	T:1	0	11	0						1	1	1	1
rs9349320	H1134	1	HG01350:1	rs9349320	45269814	G	T	SNV	1	1	T	1:1	T:1	0	11	0						1	1	1	1
rs9349320	H1135	1	NA20812:2	rs9349320	45269814	G	T	SNV	1	1	T	1:1	T:1	0	11	0						1	1	1	1
rs9349320	H1136	1	NA20582:2	rs9349320	45269814	G	T	SNV	1	1	T	1:1	T:1	0	11	0						1	1	1	1
rs9349320	H1137	1	HG04158:1	rs9349320	45269814	G	T	SNV	1	1	T	1:1	T:1	0	11	0						1	1	1	1
rs9349320	H1138	1	HG01082:2	rs9349320	45269814	G	T	SNV	1	1	T	1:1	T:1	0	11	0						1	1	1	1
rs9349320	H1139	1	HG03782:2	rs9349320	45269814	G	T	SNV	1	1	T	1:1	T:1	0	11	0						1	1	1	1
rs9349320	H114	5	HG02586:1;HG02667:2;HG02855:2;HG03473:1;NA19247:1	rs9349320	45269814	G	T	SNV	5	1	T	1:5	T:5	0	11	0						1	1	1	1
rs9349320	H1140	1	NA19900:2	rs9349320	45269814	G	T	SNV	1	1	T	1:1	T:1	0	11	0						1	1	1	1
rs9349320	H1141	1	NA20516:2	rs9349320	45269814	G	T	SNV	1	1	T	1:1	T:1	0	11	0						1	1	1	1
rs9349320	H1142	1	NA20531:2	rs9349320	45269814	G	T	SNV	1	1	T	1:1	T:1	0	11	0						1	1	1	1
rs9349320	H1143	1	HG01063:2	rs9349320	45269814	G	T	SNV	1	1	T	1:1	T:1	0	11	0						1	1	1	1
rs9349320	H1144	1	HG01776:1	rs9349320	45269814	G	T	SNV	1	1	T	1:1	T:1	0	11	0						1	1	1	1
rs9349320	H1145	1	HG01501:2	rs9349320	45269814	G	T	SNV	1	1	T	1:1	T:1	0	11	0						1	1	1	1
rs9349320	H1146	1	NA11892:2	rs9349320	45269814	G	T	SNV	1	1	T	1:1	T:1	0	11	0						1	1	1	1
rs9349320	H1147	1	HG01550:1	rs9349320	45269814	G	T	SNV	1	1	T	1:1	T:1	0	11	0						1	1	1	1
rs9349320	H1148	1	NA21089:2	rs9349320	45269814	G	T	SNV	1	1	T	1:1	T:1	0	11	0						1	1	1	1
rs9349320	H1149	1	HG04035:2	rs9349320	45269814	G	T	SNV	1	1	T	1:1	T:1	0	11	0						1	1	1	1
rs9349320	H115	5	HG02944:1;HG03132:1;HG03280:1;NA18519:2;NA19209:1	rs9349320	45269814	G	T	SNV	5	1	T	1:5	T:5	0	11	0						1	1	1	1
rs9349320	H1150	1	NA20525:2	rs9349320	45269814	G	T	SNV	1	1	T	1:1	T:1	0	11	0						1	1	1	1
rs9349320	H1151	1	HG03756:1	rs9349320	45269814	G	T	SNV	1	1	T	1:1	T:1	0	11	0						1	1	1	1
rs9349320	H1152	1	NA20897:2	rs9349320	45269814	G	T	SNV	1	1	T	1:1	T:1	0	11	0						1	1	1	1
rs9349320	H1153	1	NA19088:1	rs9349320	45269814	G	T	SNV	1	1	T	1:1	T:1	0	11	0						1	1	1	1
rs9349320	H1154	1	NA12400:1	rs9349320	45269814	G	T	SNV	1	1	T	1:1	T:1	0	11	0						1	1	1	1
rs9349320	H1155	1	HG00268:1	rs9349320	45269814	G	T	SNV	1	1	T	1:1	T:1	0	11	0						1	1	1	1
rs9349320	H1156	1	HG00262:1	rs9349320	45269814	G	T	SNV	1	1	T	1:1	T:1	0	11	0						1	1	1	1
rs9349320	H1157	1	HG02252:1	rs9349320	45269814	G	T	SNV	1	1	T	1:1	T:1	0	11	0						1	1	1	1
rs9349320	H1158	1	HG00155:2	rs9349320	45269814	G	T	SNV	1	1	T	1:1	T:1	0	11	0						1	1	1	1
rs9349320	H1159	1	HG00376:2	rs9349320	45269814	G	T	SNV	1	1	T	1:1	T:1	0	11	0						1	1	1	1
rs9349320	H116	5	HG03680:1;HG03745:2;HG03787:2;HG03809:2;HG04038:1	rs9349320	45269814	G	T	SNV	5	1	T	1:5	T:5	0	11	0						1	1	1	1
rs9349320	H1160	1	HG01242:1	rs9349320	45269814	G	T	SNV	1	1	T	1:1	T:1	0	11	0						1	1	1	1
rs9349320	H1161	1	HG02064:2	rs9349320	45269814	G	T	SNV	1	1	T	1:1	T:1	0	11	0						1	1	1	1
rs9349320	H1162	1	NA18979:2	rs9349320	45269814	G	T	SNV	1	1	T	1:1	T:1	0	11	0						1	1	1	1
rs9349320	H1163	1	NA18618:2	rs9349320	45269814	G	T	SNV	1	1	T	1:1	T:1	0	11	0						1	1	1	1
rs9349320	H1164	1	NA18944:2	rs9349320	45269814	G	T	SNV	1	1	T	1:1	T:1	0	11	0						1	1	1	1
rs9349320	H1165	1	HG03774:2	rs9349320	45269814	G	T	SNV	1	1	T	1:1	T:1	0	11	0						1	1	1	1
rs9349320	H1166	1	HG03698:2	rs9349320	45269814	G	T	SNV	1	1	T	1:1	T:1	0	11	0						1	1	1	1
rs9349320	H1167	1	HG01413:2	rs9349320	45269814	G	T	SNV	1	1	T	1:1	T:1	0	11	0						1	1	1	1
rs9349320	H1168	1	HG02786:2	rs9349320	45269814	G	T	SNV	1	1	T	1:1	T:1	0	11	0						1	1	1	1
rs9349320	H1169	1	HG03871:2	rs9349320	45269814	G	T	SNV	1	1	T	1:1	T:1	0	11	0						1	1	1	1
rs9349320	H117	5	HG00551:1;HG01437:1;HG02220:2;NA20543:2;NA20808:1	rs9349320	45269814	G	T	SNV	5	1	T	1:5	T:5	0	11	0						1	1	1	1
rs9349320	H1170	1	HG04159:2	rs9349320	45269814	G	T	SNV	1	1	T	1:1	T:1	0	11	0						1	1	1	1
rs9349320	H1171	1	HG01080:2	rs9349320	45269814	G	T	SNV	1	1	T	1:1	T:1	0	11	0						1	1	1	1
rs9349320	H1172	1	HG01395:1	rs9349320	45269814	G	T	SNV	1	1	T	1:1	T:1	0	11	0						1	1	1	1
rs9349320	H1173	1	HG04195:1	rs9349320	45269814	G	T	SNV	1	1	T	1:1	T:1	0	11	0						1	1	1	1
rs9349320	H1174	1	HG00717:2	rs9349320	45269814	G	T	SNV	1	1	T	1:1	T:1	0	11	0						1	1	1	1
rs9349320	H1175	1	HG01878:2	rs9349320	45269814	G	T	SNV	1	1	T	1:1	T:1	0	11	0						1	1	1	1
rs9349320	H1176	1	HG03696:1	rs9349320	45269814	G	T	SNV	1	1	T	1:1	T:1	0	11	0						1	1	1	1
rs9349320	H1177	1	HG01046:2	rs9349320	45269814	G	T	SNV	1	1	T	1:1	T:1	0	11	0						1	1	1	1
rs9349320	H1178	1	HG01802:1	rs9349320	45269814	G	T	SNV	1	1	T	1:1	T:1	0	11	0						1	1	1	1
rs9349320	H1179	1	HG00154:1	rs9349320	45269814	G	T	SNV	1	1	T	1:1	T:1	0	11	0						1	1	1	1
rs9349320	H118	5	HG02511:2;NA18522:1;NA19038:1;NA19129:1;NA19819:2	rs9349320	45269814	G	T	SNV	5	1	T	1:5	T:5	0	11	0						1	1	1	1
rs9349320	H1180	1	HG03914:2	rs9349320	45269814	G	T	SNV	1	1	T	1:1	T:1	0	11	0						1	1	1	1
rs9349320	H1181	1	HG03680:2	rs9349320	45269814	G	T	SNV	1	1	T	1:1	T:1	0	11	0						1	1	1	1
rs9349320	H1182	1	HG00584:1	rs9349320	45269814	G	T	SNV	1	1	T	1:1	T:1	0	11	0						1	1	1	1
rs9349320	H1183	1	HG02410:2	rs9349320	45269814	G	T	SNV	1	1	T	1:1	T:1	0	11	0						1	1	1	1
rs9349320	H1184	1	HG03862:2	rs9349320	45269814	G	T	SNV	1	1	T	1:1	T:1	0	11	0						1	1	1	1
rs9349320	H1185	1	NA18557:1	rs9349320	45269814	G	T	SNV	1	1	T	1:1	T:1	0	11	0						1	1	1	1
rs9349320	H1186	1	NA18997:2	rs9349320	45269814	G	T	SNV	1	1	T	1:1	T:1	0	11	0						1	1	1	1
rs9349320	H1187	1	HG00656:2	rs9349320	45269814	G	T	SNV	1	1	T	1:1	T:1	0	11	0						1	1	1	1
rs9349320	H1188	1	NA18624:1	rs9349320	45269814	G	T	SNV	1	1	T	1:1	T:1	0	11	0						1	1	1	1
rs9349320	H1189	1	NA18591:1	rs9349320	45269814	G	T	SNV	1	1	T	1:1	T:1	0	11	0						1	1	1	1
rs9349320	H119	5	HG00125:2;HG00320:1;HG00339:2;HG01746:2;NA19682:2	rs9349320	45269814	G	T	SNV	5	1	T	1:5	T:5	0	11	0						1	1	1	1
rs9349320	H1190	1	HG00531:2	rs9349320	45269814	G	T	SNV	1	1	T	1:1	T:1	0	11	0						1	1	1	1
rs9349320	H1191	1	HG02373:1	rs9349320	45269814	G	T	SNV	1	1	T	1:1	T:1	0	11	0						1	1	1	1
rs9349320	H1192	1	NA18564:1	rs9349320	45269814	G	T	SNV	1	1	T	1:1	T:1	0	11	0						1	1	1	1
rs9349320	H1193	1	HG02061:2	rs9349320	45269814	G	T	SNV	1	1	T	1:1	T:1	0	11	0						1	1	1	1
rs9349320	H1194	1	HG00626:1	rs9349320	45269814	G	T	SNV	1	1	T	1:1	T:1	0	11	0						1	1	1	1
rs9349320	H1195	1	HG01857:1	rs9349320	45269814	G	T	SNV	1	1	T	1:1	T:1	0	11	0						1	1	1	1
rs9349320	H1196	1	NA18574:2	rs9349320	45269814	G	T	SNV	1	1	T	1:1	T:1	0	11	0						1	1	1	1
rs9349320	H1197	1	NA18941:2	rs9349320	45269814	G	T	SNV	1	1	T	1:1	T:1	0	11	0						1	1	1	1
rs9349320	H1198	1	HG00326:2	rs9349320	45269814	G	T	SNV	1	1	T	1:1	T:1	0	11	0						1	1	1	1
rs9349320	H1199	1	HG02397:1	rs9349320	45269814	G	T	SNV	1	1	T	1:1	T:1	0	11	0						1	1	1	1
rs9349320	H12	14	HG02282:1;HG02309:2;HG02470:1;HG02485:1;HG02635:1;HG03212:2;HG03267:2;NA19030:1;NA19236:1;NA19239:1;NA19256:1;NA19256:2;NA19320:2;NA20296:2	rs9349320	45269814	G	T	SNV	14	1	T	1:14	T:14	0	11	1						1	1	1	1
rs9349320	H120	5	HG00174:2;HG00641:2;HG01253:1;HG01518:2;NA20786:1	rs9349320	45269814	G	T	SNV	5	1	T	1:5	T:5	0	11	0						1	1	1	1
rs9349320	H1200	1	HG00623:2	rs9349320	45269814	G	T	SNV	1	1	T	1:1	T:1	0	11	0						1	1	1	1
rs9349320	H1201	1	NA18626:2	rs9349320	45269814	G	T	SNV	1	1	T	1:1	T:1	0	11	0						1	1	1	1
rs9349320	H1202	1	HG01254:2	rs9349320	45269814	G	T	SNV	1	1	T	1:1	T:1	0	11	0						1	1	1	1
rs9349320	H1203	1	HG01365:1	rs9349320	45269814	G	T	SNV	1	1	T	1:1	T:1	0	11	0						1	1	1	1
rs9349320	H1204	1	HG04054:2	rs9349320	45269814	G	T	SNV	1	1	T	1:1	T:1	0	11	0						1	1	1	1
rs9349320	H1205	1	HG01134:1	rs9349320	45269814	G	T	SNV	1	1	T	1:1	T:1	0	11	0						1	1	1	1
rs9349320	H1206	1	HG00698:2	rs9349320	45269814	G	T	SNV	1	1	T	1:1	T:1	0	11	0						1	1	1	1
rs9349320	H1207	1	HG00542:2	rs9349320	45269814	G	T	SNV	1	1	T	1:1	T:1	0	11	0						1	1	1	1
rs9349320	H1208	1	NA19058:1	rs9349320	45269814	G	T	SNV	1	1	T	1:1	T:1	0	11	0						1	1	1	1
rs9349320	H1209	1	HG02408:1	rs9349320	45269814	G	T	SNV	1	1	T	1:1	T:1	0	11	0						1	1	1	1
rs9349320	H121	5	HG00096:1;HG01504:2;HG01510:1;HG01631:2;NA20519:1	rs9349320	45269814	G	T	SNV	5	1	T	1:5	T:5	0	11	0						1	1	1	1
rs9349320	H1210	1	HG03792:1	rs9349320	45269814	G	T	SNV	1	1	T	1:1	T:1	0	11	0						1	1	1	1
rs9349320	H1211	1	NA18633:2	rs9349320	45269814	G	T	SNV	1	1	T	1:1	T:1	0	11	0						1	1	1	1
rs9349320	H1212	1	NA18977:1	rs9349320	45269814	G	T	SNV	1	1	T	1:1	T:1	0	11	0						1	1	1	1
rs9349320	H1213	1	NA18973:1	rs9349320	45269814	G	T	SNV	1	1	T	1:1	T:1	0	11	0						1	1	1	1
rs9349320	H1214	1	HG03711:2	rs9349320	45269814	G	T	SNV	1	1	T	1:1	T:1	0	11	0						1	1	1	1
rs9349320	H1215	1	HG02102:2	rs9349320	45269814	G	T	SNV	1	1	T	1:1	T:1	0	11	0						1	1	1	1
rs9349320	H1216	1	HG02649:1	rs9349320	45269814	G	T	SNV	1	1	T	1:1	T:1	0	11	0						1	1	1	1
rs9349320	H1217	1	NA18602:2	rs9349320	45269814	G	T	SNV	1	1	T	1:1	T:1	0	11	0						1	1	1	1
rs9349320	H1218	1	HG01851:2	rs9349320	45269814	G	T	SNV	1	1	T	1:1	T:1	0	11	0						1	1	1	1
rs9349320	H1219	1	HG01595:2	rs9349320	45269814	G	T	SNV	1	1	T	1:1	T:1	0	11	0						1	1	1	1
rs9349320	H122	5	HG03789:1;NA20758:2;NA20889:1;NA21087:1;NA21133:1	rs9349320	45269814	G	T	SNV	5	1	T	1:5	T:5	0	11	0						1	1	1	1
rs9349320	H1220	1	NA19776:2	rs9349320	45269814	G	T	SNV	1	1	T	1:1	T:1	0	11	0						1	1	1	1
rs9349320	H1221	1	HG03731:1	rs9349320	45269814	G	T	SNV	1	1	T	1:1	T:1	0	11	0						1	1	1	1
rs9349320	H1222	1	HG00650:1	rs9349320	45269814	G	T	SNV	1	1	T	1:1	T:1	0	11	0						1	1	1	1
rs9349320	H1223	1	NA18944:1	rs9349320	45269814	G	T	SNV	1	1	T	1:1	T:1	0	11	0						1	1	1	1
rs9349320	H1224	1	NA18994:2	rs9349320	45269814	G	T	SNV	1	1	T	1:1	T:1	0	11	0						1	1	1	1
rs9349320	H1225	1	NA18609:2	rs9349320	45269814	G	T	SNV	1	1	T	1:1	T:1	0	11	0						1	1	1	1
rs9349320	H1226	1	NA18960:1	rs9349320	45269814	G	T	SNV	1	1	T	1:1	T:1	0	11	0						1	1	1	1
rs9349320	H1227	1	NA18961:1	rs9349320	45269814	G	T	SNV	1	1	T	1:1	T:1	0	11	0						1	1	1	1
rs9349320	H1228	1	HG00148:1	rs9349320	45269814	G	T	SNV	1	1	T	1:1	T:1	0	11	0						1	1	1	1
rs9349320	H1229	1	NA19003:1	rs9349320	45269814	G	T	SNV	1	1	T	1:1	T:1	0	11	0						1	1	1	1
rs9349320	H123	5	HG00436:1;HG00475:1;HG02406:2;NA18644:2;NA18993:2	rs9349320	45269814	G	T	SNV	5	1	T	1:5	T:5	0	11	0						1	1	1	1
rs9349320	H1230	1	HG03006:2	rs9349320	45269814	G	T	SNV	1	1	T	1:1	T:1	0	11	0						1	1	1	1
rs9349320	H1231	1	NA19011:1	rs9349320	45269814	G	T	SNV	1	1	T	1:1	T:1	0	11	0						1	1	1	1
rs9349320	H1232	1	HG01354:1	rs9349320	45269814	G	T	SNV	1	1	T	1:1	T:1	0	11	0						1	1	1	1
rs9349320	H1233	1	HG00137:1	rs9349320	45269814	G	T	SNV	1	1	T	1:1	T:1	0	11	0						1	1	1	1
rs9349320	H1234	1	NA18599:2	rs9349320	45269814	G	T	SNV	1	1	T	1:1	T:1	0	11	0						1	1	1	1
rs9349320	H1235	1	HG01578:1	rs9349320	45269814	G	T	SNV	1	1	T	1:1	T:1	0	11	0						1	1	1	1
rs9349320	H1236	1	HG00580:1	rs9349320	45269814	G	T	SNV	1	1	T	1:1	T:1	0	11	0						1	1	1	1
rs9349320	H1237	1	HG01286:2	rs9349320	45269814	G	T	SNV	1	1	T	1:1	T:1	0	11	0						1	1	1	1
rs9349320	H1238	1	HG01625:1	rs9349320	45269814	G	T	SNV	1	1	T	1:1	T:1	0	11	0						1	1	1	1
rs9349320	H1239	1	NA19625:2	rs9349320	45269814	G	T	SNV	1	1	T	1:1	T:1	0	11	0						1	1	1	1
rs9349320	H124	5	HG00458:1;HG01811:1;HG01811:2;HG02026:2;NA18943:1	rs9349320	45269814	G	T	SNV	5	1	T	1:5	T:5	0	11	0						1	1	1	1
rs9349320	H1240	1	NA20768:2	rs9349320	45269814	G	T	SNV	1	1	T	1:1	T:1	0	11	0						1	1	1	1
rs9349320	H1241	1	HG01110:1	rs9349320	45269814	G	T	SNV	1	1	T	1:1	T:1	0	11	0						1	1	1	1
rs9349320	H1242	1	HG01108:1	rs9349320	45269814	G	T	SNV	1	1	T	1:1	T:1	0	11	0						1	1	1	1
rs9349320	H1243	1	HG01366:1	rs9349320	45269814	G	T	SNV	1	1	T	1:1	T:1	0	11	0						1	1	1	1
rs9349320	H1244	1	HG02272:1	rs9349320	45269814	G	T	SNV	1	1	T	1:1	T:1	0	11	0						1	1	1	1
rs9349320	H1245	1	HG01122:1	rs9349320	45269814	G	T	SNV	1	1	T	1:1	T:1	0	11	0						1	1	1	1
rs9349320	H1246	1	HG02081:2	rs9349320	45269814	G	T	SNV	1	1	T	1:1	T:1	0	11	0						1	1	1	1
rs9349320	H1247	1	HG02725:2	rs9349320	45269814	G	T	SNV	1	1	T	1:1	T:1	0	11	0						1	1	1	1
rs9349320	H1248	1	HG00699:1	rs9349320	45269814	G	T	SNV	1	1	T	1:1	T:1	0	11	0						1	1	1	1
rs9349320	H1249	1	NA19076:1	rs9349320	45269814	G	T	SNV	1	1	T	1:1	T:1	0	11	0						1	1	1	1
rs9349320	H125	5	HG03366:2;NA19394:1;NA19435:1;NA19437:1;NA20412:1	rs9349320	45269814	G	T	SNV	5	1	T	1:5	T:5	0	11	0						1	1	1	1
rs9349320	H1250	1	HG02140:1	rs9349320	45269814	G	T	SNV	1	1	T	1:1	T:1	0	11	0						1	1	1	1
rs9349320	H1251	1	HG00851:2	rs9349320	45269814	G	T	SNV	1	1	T	1:1	T:1	0	11	0						1	1	1	1
rs9349320	H1252	1	NA18985:1	rs9349320	45269814	G	T	SNV	1	1	T	1:1	T:1	0	11	0						1	1	1	1
rs9349320	H1253	1	NA20904:1	rs9349320	45269814	G	T	SNV	1	1	T	1:1	T:1	0	11	0						1	1	1	1
rs9349320	H1254	1	HG03896:2	rs9349320	45269814	G	T	SNV	1	1	T	1:1	T:1	0	11	0						1	1	1	1
rs9349320	H1255	1	NA20876:2	rs9349320	45269814	G	T	SNV	1	1	T	1:1	T:1	0	11	0						1	1	1	1
rs9349320	H1256	1	HG01070:2	rs9349320	45269814	G	T	SNV	1	1	T	1:1	T:1	0	11	0						1	1	1	1
rs9349320	H1257	1	HG00367:1	rs9349320	45269814	G	T	SNV	1	1	T	1:1	T:1	0	11	0						1	1	1	1
rs9349320	H1258	1	NA18617:1	rs9349320	45269814	G	T	SNV	1	1	T	1:1	T:1	0	11	0						1	1	1	1
rs9349320	H1259	1	HG02299:2	rs9349320	45269814	G	T	SNV	1	1	T	1:1	T:1	0	11	0						1	1	1	1
rs9349320	H126	5	HG02497:1;HG02613:2;HG02938:2;NA19451:1;NA20362:2	rs9349320	45269814	G	T	SNV	5	1	T	1:5	T:5	0	11	0						1	1	1	1
rs9349320	H1260	1	NA19080:1	rs9349320	45269814	G	T	SNV	1	1	T	1:1	T:1	0	11	0						1	1	1	1
rs9349320	H1261	1	NA19086:2	rs9349320	45269814	G	T	SNV	1	1	T	1:1	T:1	0	11	0						1	1	1	1
rs9349320	H1262	1	NA11893:1	rs9349320	45269814	G	T	SNV	1	1	T	1:1	T:1	0	11	0						1	1	1	1
rs9349320	H1263	1	NA18993:1	rs9349320	45269814	G	T	SNV	1	1	T	1:1	T:1	0	11	0						1	1	1	1
rs9349320	H1264	1	HG02128:2	rs9349320	45269814	G	T	SNV	1	1	T	1:1	T:1	0	11	0						1	1	1	1
rs9349320	H1265	1	HG01845:1	rs9349320	45269814	G	T	SNV	1	1	T	1:1	T:1	0	11	0						1	1	1	1
rs9349320	H1266	1	HG01848:2	rs9349320	45269814	G	T	SNV	1	1	T	1:1	T:1	0	11	0						1	1	1	1
rs9349320	H1267	1	HG03705:1	rs9349320	45269814	G	T	SNV	1	1	T	1:1	T:1	0	11	0						1	1	1	1
rs9349320	H1268	1	HG01485:2	rs9349320	45269814	G	T	SNV	1	1	T	1:1	T:1	0	11	0						1	1	1	1
rs9349320	H1269	1	HG00543:1	rs9349320	45269814	G	T	SNV	1	1	T	1:1	T:1	0	11	0						1	1	1	1
rs9349320	H127	4	HG03099:1;NA19147:2;NA19190:1;NA19399:1	rs9349320	45269814	G	T	SNV	4	1	T	1:4	T:4	0	11	0						1	1	1	1
rs9349320	H1270	1	HG02086:2	rs9349320	45269814	G	T	SNV	1	1	T	1:1	T:1	0	11	0						1	1	1	1
rs9349320	H1271	1	NA20505:1	rs9349320	45269814	G	T	SNV	1	1	T	1:1	T:1	0	11	0						1	1	1	1
rs9349320	H1272	1	HG02373:2	rs9349320	45269814	G	T	SNV	1	1	T	1:1	T:1	0	11	0						1	1	1	1
rs9349320	H1273	1	HG03009:1	rs9349320	45269814	G	T	SNV	1	1	T	1:1	T:1	0	11	0						1	1	1	1
rs9349320	H1274	1	HG03951:1	rs9349320	45269814	G	T	SNV	1	1	T	1:1	T:1	0	11	0						1	1	1	1
rs9349320	H1275	1	HG01843:1	rs9349320	45269814	G	T	SNV	1	1	T	1:1	T:1	0	11	0						1	1	1	1
rs9349320	H1276	1	HG02019:2	rs9349320	45269814	G	T	SNV	1	1	T	1:1	T:1	0	11	0						1	1	1	1
rs9349320	H1277	1	HG03709:1	rs9349320	45269814	G	T	SNV	1	1	T	1:1	T:1	0	11	0						1	1	1	1
rs9349320	H1278	1	HG00693:2	rs9349320	45269814	G	T	SNV	1	1	T	1:1	T:1	0	11	0						1	1	1	1
rs9349320	H1279	1	HG04047:2	rs9349320	45269814	G	T	SNV	1	1	T	1:1	T:1	0	11	0						1	1	1	1
rs9349320	H128	4	HG00731:1;HG01205:1;HG01326:2;NA11894:2	rs9349320	45269814	G	T	SNV	4	1	T	1:4	T:4	0	11	0						1	1	1	1
rs9349320	H1280	1	HG02493:2	rs9349320	45269814	G	T	SNV	1	1	T	1:1	T:1	0	11	0						1	1	1	1
rs9349320	H1281	1	HG02102:1	rs9349320	45269814	G	T	SNV	1	1	T	1:1	T:1	0	11	0						1	1	1	1
rs9349320	H1282	1	HG04158:2	rs9349320	45269814	G	T	SNV	1	1	T	1:1	T:1	0	11	0						1	1	1	1
rs9349320	H1283	1	HG03706:2	rs9349320	45269814	G	T	SNV	1	1	T	1:1	T:1	0	11	0						1	1	1	1
rs9349320	H1284	1	HG01383:1	rs9349320	45269814	G	T	SNV	1	1	T	1:1	T:1	0	11	0						1	1	1	1
rs9349320	H1285	1	HG03238:2	rs9349320	45269814	G	T	SNV	1	1	T	1:1	T:1	0	11	0						1	1	1	1
rs9349320	H1286	1	NA21123:2	rs9349320	45269814	G	T	SNV	1	1	T	1:1	T:1	0	11	0						1	1	1	1
rs9349320	H1287	1	HG01694:1	rs9349320	45269814	G	T	SNV	1	1	T	1:1	T:1	0	11	0						1	1	1	1
rs9349320	H1288	1	HG04003:1	rs9349320	45269814	G	T	SNV	1	1	T	1:1	T:1	0	11	0						1	1	1	1
rs9349320	H1289	1	NA20845:2	rs9349320	45269814	G	T	SNV	1	1	T	1:1	T:1	0	11	0						1	1	1	1
rs9349320	H129	4	HG01188:2;HG03511:1;NA18856:2;NA18916:2	rs9349320	45269814	G	T	SNV	4	1	T	1:4	T:4	0	11	0						1	1	1	1
rs9349320	H1290	1	HG04001:2	rs9349320	45269814	G	T	SNV	1	1	T	1:1	T:1	0	11	0						1	1	1	1
rs9349320	H1291	1	NA20512:2	rs9349320	45269814	G	T	SNV	1	1	T	1:1	T:1	0	11	0						1	1	1	1
rs9349320	H1292	1	NA20813:2	rs9349320	45269814	G	T	SNV	1	1	T	1:1	T:1	0	11	0						1	1	1	1
rs9349320	H1293	1	HG00357:2	rs9349320	45269814	G	T	SNV	1	1	T	1:1	T:1	0	11	0						1	1	1	1
rs9349320	H1294	1	NA20887:2	rs9349320	45269814	G	T	SNV	1	1	T	1:1	T:1	0	11	0						1	1	1	1
rs9349320	H1295	1	HG01859:2	rs9349320	45269814	G	T	SNV	1	1	T	1:1	T:1	0	11	0						1	1	1	1
rs9349320	H1296	1	NA18573:2	rs9349320	45269814	G	T	SNV	1	1	T	1:1	T:1	0	11	0						1	1	1	1
rs9349320	H1297	1	HG01479:2	rs9349320	45269814	G	T	SNV	1	1	T	1:1	T:1	0	11	0						1	1	1	1
rs9349320	H1298	1	NA20856:2	rs9349320	45269814	G	T	SNV	1	1	T	1:1	T:1	0	11	0						1	1	1	1
rs9349320	H1299	1	HG04080:2	rs9349320	45269814	G	T	SNV	1	1	T	1:1	T:1	0	11	0						1	1	1	1
rs9349320	H13	13	HG02339:2;HG02511:1;HG02571:1;HG02586:2;HG02760:1;HG02799:1;HG02983:2;HG03268:1;HG03370:1;NA18861:1;NA19098:1;NA20339:1;NA20346:1	rs9349320	45269814	G	T	SNV	13	1	T	1:13	T:13	0	11	1						1	1	1	1
rs9349320	H130	4	HG02484:1;HG03157:1;NA18501:2;NA19317:2	rs9349320	45269814	G	T	SNV	4	1	T	1:4	T:4	0	11	0						1	1	1	1
rs9349320	H1300	1	NA18619:1	rs9349320	45269814	G	T	SNV	1	1	T	1:1	T:1	0	11	0						1	1	1	1
rs9349320	H1301	1	HG02394:1	rs9349320	45269814	G	T	SNV	1	1	T	1:1	T:1	0	11	0						1	1	1	1
rs9349320	H1302	1	HG02379:2	rs9349320	45269814	G	T	SNV	1	1	T	1:1	T:1	0	11	0						1	1	1	1
rs9349320	H1303	1	NA18748:1	rs9349320	45269814	G	T	SNV	1	1	T	1:1	T:1	0	11	0						1	1	1	1
rs9349320	H1304	1	NA18940:1	rs9349320	45269814	G	T	SNV	1	1	T	1:1	T:1	0	11	0						1	1	1	1
rs9349320	H1305	1	NA18525:2	rs9349320	45269814	G	T	SNV	1	1	T	1:1	T:1	0	11	0						1	1	1	1
rs9349320	H1306	1	NA18961:2	rs9349320	45269814	G	T	SNV	1	1	T	1:1	T:1	0	11	0						1	1	1	1
rs9349320	H1307	1	HG00690:2	rs9349320	45269814	G	T	SNV	1	1	T	1:1	T:1	0	11	0						1	1	1	1
rs9349320	H1308	1	HG01600:1	rs9349320	45269814	G	T	SNV	1	1	T	1:1	T:1	0	11	0						1	1	1	1
rs9349320	H1309	1	HG02360:2	rs9349320	45269814	G	T	SNV	1	1	T	1:1	T:1	0	11	0						1	1	1	1
rs9349320	H131	4	NA18965:1;NA18991:2;NA19007:1;NA19063:1	rs9349320	45269814	G	T	SNV	4	1	T	1:4	T:4	0	11	0						1	1	1	1
rs9349320	H1310	1	HG00410:1	rs9349320	45269814	G	T	SNV	1	1	T	1:1	T:1	0	11	0						1	1	1	1
rs9349320	H1311	1	HG02179:1	rs9349320	45269814	G	T	SNV	1	1	T	1:1	T:1	0	11	0						1	1	1	1
rs9349320	H1312	1	HG02384:1	rs9349320	45269814	G	T	SNV	1	1	T	1:1	T:1	0	11	0						1	1	1	1
rs9349320	H1313	1	HG04155:1	rs9349320	45269814	G	T	SNV	1	1	T	1:1	T:1	0	11	0						1	1	1	1
rs9349320	H1314	1	HG04018:2	rs9349320	45269814	G	T	SNV	1	1	T	1:1	T:1	0	11	0						1	1	1	1
rs9349320	H1315	1	HG03679:2	rs9349320	45269814	G	T	SNV	1	1	T	1:1	T:1	0	11	0						1	1	1	1
rs9349320	H1316	1	NA21110:1	rs9349320	45269814	G	T	SNV	1	1	T	1:1	T:1	0	11	0						1	1	1	1
rs9349320	H1317	1	HG03698:1	rs9349320	45269814	G	T	SNV	1	1	T	1:1	T:1	0	11	0						1	1	1	1
rs9349320	H1318	1	HG03844:2	rs9349320	45269814	G	T	SNV	1	1	T	1:1	T:1	0	11	0						1	1	1	1
rs9349320	H1319	1	HG03925:1	rs9349320	45269814	G	T	SNV	1	1	T	1:1	T:1	0	11	0						1	1	1	1
rs9349320	H132	4	NA18947:2;NA18950:1;NA18979:1;NA19085:1	rs9349320	45269814	G	T	SNV	4	1	T	1:4	T:4	0	11	0						1	1	1	1
rs9349320	H1320	1	HG03999:1	rs9349320	45269814	G	T	SNV	1	1	T	1:1	T:1	0	11	0						1	1	1	1
rs9349320	H1321	1	HG03916:1	rs9349320	45269814	G	T	SNV	1	1	T	1:1	T:1	0	11	0						1	1	1	1
rs9349320	H1322	1	HG04039:2	rs9349320	45269814	G	T	SNV	1	1	T	1:1	T:1	0	11	0						1	1	1	1
rs9349320	H1323	1	HG02687:1	rs9349320	45269814	G	T	SNV	1	1	T	1:1	T:1	0	11	0						1	1	1	1
rs9349320	H1324	1	HG02790:1	rs9349320	45269814	G	T	SNV	1	1	T	1:1	T:1	0	11	0						1	1	1	1
rs9349320	H1325	1	HG03019:1	rs9349320	45269814	G	T	SNV	1	1	T	1:1	T:1	0	11	0						1	1	1	1
rs9349320	H1326	1	HG04200:1	rs9349320	45269814	G	T	SNV	1	1	T	1:1	T:1	0	11	0						1	1	1	1
rs9349320	H1327	1	HG01971:2	rs9349320	45269814	G	T	SNV	1	1	T	1:1	T:1	0	11	0						1	1	1	1
rs9349320	H1328	1	NA18596:2	rs9349320	45269814	G	T	SNV	1	1	T	1:1	T:1	0	11	0						1	1	1	1
rs9349320	H1329	1	HG00584:2	rs9349320	45269814	G	T	SNV	1	1	T	1:1	T:1	0	11	0						1	1	1	1
rs9349320	H133	4	HG03829:2;HG03986:2;NA20849:1;NA20891:2	rs9349320	45269814	G	T	SNV	4	1	T	1:4	T:4	0	11	0						1	1	1	1
rs9349320	H1330	1	HG04106:2	rs9349320	45269814	G	T	SNV	1	1	T	1:1	T:1	0	11	0						1	1	1	1
rs9349320	H1331	1	NA18977:2	rs9349320	45269814	G	T	SNV	1	1	T	1:1	T:1	0	11	0						1	1	1	1
rs9349320	H1332	1	NA21110:2	rs9349320	45269814	G	T	SNV	1	1	T	1:1	T:1	0	11	0						1	1	1	1
rs9349320	H1333	1	HG03803:1	rs9349320	45269814	G	T	SNV	1	1	T	1:1	T:1	0	11	0						1	1	1	1
rs9349320	H1334	1	HG03833:1	rs9349320	45269814	G	T	SNV	1	1	T	1:1	T:1	0	11	0						1	1	1	1
rs9349320	H1335	1	HG04161:1	rs9349320	45269814	G	T	SNV	1	1	T	1:1	T:1	0	11	0						1	1	1	1
rs9349320	H1336	1	HG00589:2	rs9349320	45269814	G	T	SNV	1	1	T	1:1	T:1	0	11	0						1	1	1	1
rs9349320	H1337	1	HG02023:2	rs9349320	45269814	G	T	SNV	1	1	T	1:1	T:1	0	11	0						1	1	1	1
rs9349320	H1338	1	HG02019:1	rs9349320	45269814	G	T	SNV	1	1	T	1:1	T:1	0	11	0						1	1	1	1
rs9349320	H1339	1	HG01864:1	rs9349320	45269814	G	T	SNV	1	1	T	1:1	T:1	0	11	0						1	1	1	1
rs9349320	H134	4	HG00610:2;HG01878:1;HG02040:2;NA18562:2	rs9349320	45269814	G	T	SNV	4	1	T	1:4	T:4	0	11	0						1	1	1	1
rs9349320	H1340	1	HG02409:1	rs9349320	45269814	G	T	SNV	1	1	T	1:1	T:1	0	11	0						1	1	1	1
rs9349320	H1341	1	HG02360:1	rs9349320	45269814	G	T	SNV	1	1	T	1:1	T:1	0	11	0						1	1	1	1
rs9349320	H1342	1	HG02604:1	rs9349320	45269814	G	T	SNV	1	1	T	1:1	T:1	0	11	0						1	1	1	1
rs9349320	H1343	1	HG03746:2	rs9349320	45269814	G	T	SNV	1	1	T	1:1	T:1	0	11	0						1	1	1	1
rs9349320	H1344	1	HG00338:2	rs9349320	45269814	G	T	SNV	1	1	T	1:1	T:1	0	11	0						1	1	1	1
rs9349320	H1345	1	HG00177:1	rs9349320	45269814	G	T	SNV	1	1	T	1:1	T:1	0	11	0						1	1	1	1
rs9349320	H1346	1	HG01686:2	rs9349320	45269814	G	T	SNV	1	1	T	1:1	T:1	0	11	0						1	1	1	1
rs9349320	H1347	1	HG01768:1	rs9349320	45269814	G	T	SNV	1	1	T	1:1	T:1	0	11	0						1	1	1	1
rs9349320	H1348	1	NA12144:1	rs9349320	45269814	G	T	SNV	1	1	T	1:1	T:1	0	11	0						1	1	1	1
rs9349320	H1349	1	NA11919:2	rs9349320	45269814	G	T	SNV	1	1	T	1:1	T:1	0	11	0						1	1	1	1
rs9349320	H135	4	HG01844:2;HG02178:1;NA18539:2;NA18627:2	rs9349320	45269814	G	T	SNV	4	1	T	1:4	T:4	0	11	0						1	1	1	1
rs9349320	H1350	1	HG00365:2	rs9349320	45269814	G	T	SNV	1	1	T	1:1	T:1	0	11	0						1	1	1	1
rs9349320	H1351	1	HG04099:2	rs9349320	45269814	G	T	SNV	1	1	T	1:1	T:1	0	11	0						1	1	1	1
rs9349320	H1352	1	HG04054:1	rs9349320	45269814	G	T	SNV	1	1	T	1:1	T:1	0	11	0						1	1	1	1
rs9349320	H1353	1	NA21115:2	rs9349320	45269814	G	T	SNV	1	1	T	1:1	T:1	0	11	0						1	1	1	1
rs9349320	H1354	1	HG02694:2	rs9349320	45269814	G	T	SNV	1	1	T	1:1	T:1	0	11	0						1	1	1	1
rs9349320	H1355	1	HG00336:1	rs9349320	45269814	G	T	SNV	1	1	T	1:1	T:1	0	11	0						1	1	1	1
rs9349320	H1356	1	NA18966:1	rs9349320	45269814	G	T	SNV	1	1	T	1:1	T:1	0	11	0						1	1	1	1
rs9349320	H1357	1	NA18989:2	rs9349320	45269814	G	T	SNV	1	1	T	1:1	T:1	0	11	0						1	1	1	1
rs9349320	H1358	1	NA19002:1	rs9349320	45269814	G	T	SNV	1	1	T	1:1	T:1	0	11	0						1	1	1	1
rs9349320	H1359	1	NA19068:2	rs9349320	45269814	G	T	SNV	1	1	T	1:1	T:1	0	11	0						1	1	1	1
rs9349320	H136	4	HG03714:1;NA20864:1;NA21129:2;NA21144:2	rs9349320	45269814	G	T	SNV	4	1	T	1:4	T:4	0	11	0						1	1	1	1
rs9349320	H1360	1	NA19059:2	rs9349320	45269814	G	T	SNV	1	1	T	1:1	T:1	0	11	0						1	1	1	1
rs9349320	H1361	1	HG01868:1	rs9349320	45269814	G	T	SNV	1	1	T	1:1	T:1	0	11	0						1	1	1	1
rs9349320	H1362	1	HG01853:2	rs9349320	45269814	G	T	SNV	1	1	T	1:1	T:1	0	11	0						1	1	1	1
rs9349320	H1363	1	NA18988:2	rs9349320	45269814	G	T	SNV	1	1	T	1:1	T:1	0	11	0						1	1	1	1
rs9349320	H1364	1	HG02382:2	rs9349320	45269814	G	T	SNV	1	1	T	1:1	T:1	0	11	0						1	1	1	1
rs9349320	H1365	1	HG03870:1	rs9349320	45269814	G	T	SNV	1	1	T	1:1	T:1	0	11	0						1	1	1	1
rs9349320	H1366	1	NA18976:1	rs9349320	45269814	G	T	SNV	1	1	T	1:1	T:1	0	11	0						1	1	1	1
rs9349320	H1367	1	NA18984:1	rs9349320	45269814	G	T	SNV	1	1	T	1:1	T:1	0	11	0						1	1	1	1
rs9349320	H1368	1	HG01817:2	rs9349320	45269814	G	T	SNV	1	1	T	1:1	T:1	0	11	0						1	1	1	1
rs9349320	H1369	1	NA19759:1	rs9349320	45269814	G	T	SNV	1	1	T	1:1	T:1	0	11	0						1	1	1	1
rs9349320	H137	4	HG00107:2;HG00143:2;HG01363:2;NA07357:1	rs9349320	45269814	G	T	SNV	4	1	T	1:4	T:4	0	11	0						1	1	1	1
rs9349320	H1370	1	NA11832:2	rs9349320	45269814	G	T	SNV	1	1	T	1:1	T:1	0	11	0						1	1	1	1
rs9349320	H1371	1	HG01348:1	rs9349320	45269814	G	T	SNV	1	1	T	1:1	T:1	0	11	0						1	1	1	1
rs9349320	H1372	1	HG00232:2	rs9349320	45269814	G	T	SNV	1	1	T	1:1	T:1	0	11	0						1	1	1	1
rs9349320	H1373	1	NA11920:1	rs9349320	45269814	G	T	SNV	1	1	T	1:1	T:1	0	11	0						1	1	1	1
rs9349320	H1374	1	HG01530:1	rs9349320	45269814	G	T	SNV	1	1	T	1:1	T:1	0	11	0						1	1	1	1
rs9349320	H1375	1	HG00349:2	rs9349320	45269814	G	T	SNV	1	1	T	1:1	T:1	0	11	0						1	1	1	1
rs9349320	H1376	1	NA12878:2	rs9349320	45269814	G	T	SNV	1	1	T	1:1	T:1	0	11	0						1	1	1	1
rs9349320	H1377	1	NA12763:1	rs9349320	45269814	G	T	SNV	1	1	T	1:1	T:1	0	11	0						1	1	1	1
rs9349320	H1378	1	NA19056:1	rs9349320	45269814	G	T	SNV	1	1	T	1:1	T:1	0	11	0						1	1	1	1
rs9349320	H1379	1	HG03234:2	rs9349320	45269814	G	T	SNV	1	1	T	1:1	T:1	0	11	0						1	1	1	1
rs9349320	H138	4	HG00245:1;HG01101:2;HG01776:2;NA06984:2	rs9349320	45269814	G	T	SNV	4	1	T	1:4	T:4	0	11	0						1	1	1	1
rs9349320	H1380	1	HG03742:1	rs9349320	45269814	G	T	SNV	1	1	T	1:1	T:1	0	11	0						1	1	1	1
rs9349320	H1381	1	NA19723:1	rs9349320	45269814	G	T	SNV	1	1	T	1:1	T:1	0	11	0						1	1	1	1
rs9349320	H1382	1	NA18968:1	rs9349320	45269814	G	T	SNV	1	1	T	1:1	T:1	0	11	0						1	1	1	1
rs9349320	H1383	1	NA11930:2	rs9349320	45269814	G	T	SNV	1	1	T	1:1	T:1	0	11	0						1	1	1	1
rs9349320	H1384	1	HG03757:2	rs9349320	45269814	G	T	SNV	1	1	T	1:1	T:1	0	11	0						1	1	1	1
rs9349320	H1385	1	HG03792:2	rs9349320	45269814	G	T	SNV	1	1	T	1:1	T:1	0	11	0						1	1	1	1
rs9349320	H1386	1	NA21094:2	rs9349320	45269814	G	T	SNV	1	1	T	1:1	T:1	0	11	0						1	1	1	1
rs9349320	H1387	1	NA18953:1	rs9349320	45269814	G	T	SNV	1	1	T	1:1	T:1	0	11	0						1	1	1	1
rs9349320	H1388	1	HG00583:2	rs9349320	45269814	G	T	SNV	1	1	T	1:1	T:1	0	11	0						1	1	1	1
rs9349320	H1389	1	HG00662:1	rs9349320	45269814	G	T	SNV	1	1	T	1:1	T:1	0	11	0						1	1	1	1
rs9349320	H139	4	HG00321:1;HG02282:2;NA11832:1;NA12872:2	rs9349320	45269814	G	T	SNV	4	1	T	1:4	T:4	0	11	0						1	1	1	1
rs9349320	H1390	1	HG02058:2	rs9349320	45269814	G	T	SNV	1	1	T	1:1	T:1	0	11	0						1	1	1	1
rs9349320	H1391	1	NA18602:1	rs9349320	45269814	G	T	SNV	1	1	T	1:1	T:1	0	11	0						1	1	1	1
rs9349320	H1392	1	HG00619:1	rs9349320	45269814	G	T	SNV	1	1	T	1:1	T:1	0	11	0						1	1	1	1
rs9349320	H1393	1	HG01859:1	rs9349320	45269814	G	T	SNV	1	1	T	1:1	T:1	0	11	0						1	1	1	1
rs9349320	H1394	1	NA18975:1	rs9349320	45269814	G	T	SNV	1	1	T	1:1	T:1	0	11	0						1	1	1	1
rs9349320	H1395	1	HG02140:2	rs9349320	45269814	G	T	SNV	1	1	T	1:1	T:1	0	11	0						1	1	1	1
rs9349320	H1396	1	HG00446:1	rs9349320	45269814	G	T	SNV	1	1	T	1:1	T:1	0	11	0						1	1	1	1
rs9349320	H1397	1	HG01804:2	rs9349320	45269814	G	T	SNV	1	1	T	1:1	T:1	0	11	0						1	1	1	1
rs9349320	H1398	1	HG02250:2	rs9349320	45269814	G	T	SNV	1	1	T	1:1	T:1	0	11	0						1	1	1	1
rs9349320	H1399	1	HG01149:2	rs9349320	45269814	G	T	SNV	1	1	T	1:1	T:1	0	11	0						1	1	1	1
rs9349320	H14	12	HG00114:1;HG01182:1;HG01341:2;HG01921:1;HG01971:1;HG02003:1;HG02006:1;HG02090:1;HG02345:2;NA19661:2;NA19758:2;NA20274:2	rs9349320	45269814	G	T	SNV	12	1	T	1:12	T:12	0	11	1						1	1	1	1
rs9349320	H140	4	HG00120:2;HG00173:1;HG01522:1;NA20518:1	rs9349320	45269814	G	T	SNV	4	1	T	1:4	T:4	0	11	0						1	1	1	1
rs9349320	H1400	1	HG02367:1	rs9349320	45269814	G	T	SNV	1	1	T	1:1	T:1	0	11	0						1	1	1	1
rs9349320	H1401	1	HG01589:2	rs9349320	45269814	G	T	SNV	1	1	T	1:1	T:1	0	11	0						1	1	1	1
rs9349320	H1402	1	HG01855:2	rs9349320	45269814	G	T	SNV	1	1	T	1:1	T:1	0	11	0						1	1	1	1
rs9349320	H1403	1	HG02035:2	rs9349320	45269814	G	T	SNV	1	1	T	1:1	T:1	0	11	0						1	1	1	1
rs9349320	H1404	1	HG04173:2	rs9349320	45269814	G	T	SNV	1	1	T	1:1	T:1	0	11	0						1	1	1	1
rs9349320	H1405	1	HG02389:1	rs9349320	45269814	G	T	SNV	1	1	T	1:1	T:1	0	11	0						1	1	1	1
rs9349320	H1406	1	HG02081:1	rs9349320	45269814	G	T	SNV	1	1	T	1:1	T:1	0	11	0						1	1	1	1
rs9349320	H1407	1	NA19058:2	rs9349320	45269814	G	T	SNV	1	1	T	1:1	T:1	0	11	0						1	1	1	1
rs9349320	H1408	1	NA19089:1	rs9349320	45269814	G	T	SNV	1	1	T	1:1	T:1	0	11	0						1	1	1	1
rs9349320	H1409	1	HG00625:1	rs9349320	45269814	G	T	SNV	1	1	T	1:1	T:1	0	11	0						1	1	1	1
rs9349320	H141	4	HG00446:2;HG00530:1;HG01797:1;HG02351:1	rs9349320	45269814	G	T	SNV	4	1	T	1:4	T:4	0	11	0						1	1	1	1
rs9349320	H1410	1	HG00560:2	rs9349320	45269814	G	T	SNV	1	1	T	1:1	T:1	0	11	0						1	1	1	1
rs9349320	H1411	1	HG01806:1	rs9349320	45269814	G	T	SNV	1	1	T	1:1	T:1	0	11	0						1	1	1	1
rs9349320	H1412	1	NA19074:1	rs9349320	45269814	G	T	SNV	1	1	T	1:1	T:1	0	11	0						1	1	1	1
rs9349320	H1413	1	HG02239:1	rs9349320	45269814	G	T	SNV	1	1	T	1:1	T:1	0	11	0						1	1	1	1
rs9349320	H1414	1	HG02700:1	rs9349320	45269814	G	T	SNV	1	1	T	1:1	T:1	0	11	0						1	1	1	1
rs9349320	H1415	1	NA20902:2	rs9349320	45269814	G	T	SNV	1	1	T	1:1	T:1	0	11	0						1	1	1	1
rs9349320	H1416	1	HG01595:1	rs9349320	45269814	G	T	SNV	1	1	T	1:1	T:1	0	11	0						1	1	1	1
rs9349320	H1417	1	NA18621:1	rs9349320	45269814	G	T	SNV	1	1	T	1:1	T:1	0	11	0						1	1	1	1
rs9349320	H1418	1	NA18995:1	rs9349320	45269814	G	T	SNV	1	1	T	1:1	T:1	0	11	0						1	1	1	1
rs9349320	H1419	1	NA18605:2	rs9349320	45269814	G	T	SNV	1	1	T	1:1	T:1	0	11	0						1	1	1	1
rs9349320	H142	4	HG00108:2;HG01077:1;HG03953:1;NA12761:1	rs9349320	45269814	G	T	SNV	4	1	T	1:4	T:4	0	11	0						1	1	1	1
rs9349320	H1420	1	HG00683:2	rs9349320	45269814	G	T	SNV	1	1	T	1:1	T:1	0	11	0						1	1	1	1
rs9349320	H1421	1	NA20771:1	rs9349320	45269814	G	T	SNV	1	1	T	1:1	T:1	0	11	0						1	1	1	1
rs9349320	H1422	1	HG00240:2	rs9349320	45269814	G	T	SNV	1	1	T	1:1	T:1	0	11	0						1	1	1	1
rs9349320	H1423	1	NA18645:2	rs9349320	45269814	G	T	SNV	1	1	T	1:1	T:1	0	11	0						1	1	1	1
rs9349320	H1424	1	HG00657:2	rs9349320	45269814	G	T	SNV	1	1	T	1:1	T:1	0	11	0						1	1	1	1
rs9349320	H1425	1	HG00406:2	rs9349320	45269814	G	T	SNV	1	1	T	1:1	T:1	0	11	0						1	1	1	1
rs9349320	H1426	1	HG02383:1	rs9349320	45269814	G	T	SNV	1	1	T	1:1	T:1	0	11	0						1	1	1	1
rs9349320	H1427	1	HG02076:1	rs9349320	45269814	G	T	SNV	1	1	T	1:1	T:1	0	11	0						1	1	1	1
rs9349320	H1428	1	HG02250:1	rs9349320	45269814	G	T	SNV	1	1	T	1:1	T:1	0	11	0						1	1	1	1
rs9349320	H1429	1	HG01865:2	rs9349320	45269814	G	T	SNV	1	1	T	1:1	T:1	0	11	0						1	1	1	1
rs9349320	H143	4	HG00129:1;HG01311:1;NA19719:1;NA20527:1	rs9349320	45269814	G	T	SNV	4	1	T	1:4	T:4	0	11	0						1	1	1	1
rs9349320	H1430	1	HG00442:2	rs9349320	45269814	G	T	SNV	1	1	T	1:1	T:1	0	11	0						1	1	1	1
rs9349320	H1431	1	NA18599:1	rs9349320	45269814	G	T	SNV	1	1	T	1:1	T:1	0	11	0						1	1	1	1
rs9349320	H1432	1	HG02049:2	rs9349320	45269814	G	T	SNV	1	1	T	1:1	T:1	0	11	0						1	1	1	1
rs9349320	H1433	1	HG00342:1	rs9349320	45269814	G	T	SNV	1	1	T	1:1	T:1	0	11	0						1	1	1	1
rs9349320	H1434	1	NA12815:2	rs9349320	45269814	G	T	SNV	1	1	T	1:1	T:1	0	11	0						1	1	1	1
rs9349320	H1435	1	HG01326:1	rs9349320	45269814	G	T	SNV	1	1	T	1:1	T:1	0	11	0						1	1	1	1
rs9349320	H1436	1	HG00732:1	rs9349320	45269814	G	T	SNV	1	1	T	1:1	T:1	0	11	0						1	1	1	1
rs9349320	H1437	1	HG02153:1	rs9349320	45269814	G	T	SNV	1	1	T	1:1	T:1	0	11	0						1	1	1	1
rs9349320	H1438	1	HG00663:1	rs9349320	45269814	G	T	SNV	1	1	T	1:1	T:1	0	11	0						1	1	1	1
rs9349320	H1439	1	NA18557:2	rs9349320	45269814	G	T	SNV	1	1	T	1:1	T:1	0	11	0						1	1	1	1
rs9349320	H144	4	HG01070:1;NA07347:2;NA12044:1;NA20809:1	rs9349320	45269814	G	T	SNV	4	1	T	1:4	T:4	0	11	0						1	1	1	1
rs9349320	H1440	1	HG02057:1	rs9349320	45269814	G	T	SNV	1	1	T	1:1	T:1	0	11	0						1	1	1	1
rs9349320	H1441	1	NA18631:1	rs9349320	45269814	G	T	SNV	1	1	T	1:1	T:1	0	11	0						1	1	1	1
rs9349320	H1442	1	HG00707:1	rs9349320	45269814	G	T	SNV	1	1	T	1:1	T:1	0	11	0						1	1	1	1
rs9349320	H1443	1	NA18593:1	rs9349320	45269814	G	T	SNV	1	1	T	1:1	T:1	0	11	0						1	1	1	1
rs9349320	H1444	1	HG00422:2	rs9349320	45269814	G	T	SNV	1	1	T	1:1	T:1	0	11	0						1	1	1	1
rs9349320	H1445	1	NA18616:2	rs9349320	45269814	G	T	SNV	1	1	T	1:1	T:1	0	11	0						1	1	1	1
rs9349320	H1446	1	NA18567:2	rs9349320	45269814	G	T	SNV	1	1	T	1:1	T:1	0	11	0						1	1	1	1
rs9349320	H1447	1	NA18553:2	rs9349320	45269814	G	T	SNV	1	1	T	1:1	T:1	0	11	0						1	1	1	1
rs9349320	H1448	1	NA19082:1	rs9349320	45269814	G	T	SNV	1	1	T	1:1	T:1	0	11	0						1	1	1	1
rs9349320	H1449	1	NA19005:1	rs9349320	45269814	G	T	SNV	1	1	T	1:1	T:1	0	11	0						1	1	1	1
rs9349320	H145	4	NA19707:1;NA20586:1;NA20787:2;NA20862:1	rs9349320	45269814	G	T	SNV	4	1	T	1:4	T:4	0	11	0						1	1	1	1
rs9349320	H1450	1	NA18962:1	rs9349320	45269814	G	T	SNV	1	1	T	1:1	T:1	0	11	0						1	1	1	1
rs9349320	H1451	1	NA18542:2	rs9349320	45269814	G	T	SNV	1	1	T	1:1	T:1	0	11	0						1	1	1	1
rs9349320	H1452	1	NA18560:2	rs9349320	45269814	G	T	SNV	1	1	T	1:1	T:1	0	11	0						1	1	1	1
rs9349320	H1453	1	HG01841:2	rs9349320	45269814	G	T	SNV	1	1	T	1:1	T:1	0	11	0						1	1	1	1
rs9349320	H1454	1	HG03784:1	rs9349320	45269814	G	T	SNV	1	1	T	1:1	T:1	0	11	0						1	1	1	1
rs9349320	H1455	1	HG04023:2	rs9349320	45269814	G	T	SNV	1	1	T	1:1	T:1	0	11	0						1	1	1	1
rs9349320	H1456	1	NA12830:1	rs9349320	45269814	G	T	SNV	1	1	T	1:1	T:1	0	11	0						1	1	1	1
rs9349320	H1457	1	HG01709:2	rs9349320	45269814	G	T	SNV	1	1	T	1:1	T:1	0	11	0						1	1	1	1
rs9349320	H1458	1	HG00148:2	rs9349320	45269814	G	T	SNV	1	1	T	1:1	T:1	0	11	0						1	1	1	1
rs9349320	H1459	1	HG00158:2	rs9349320	45269814	G	T	SNV	1	1	T	1:1	T:1	0	11	0						1	1	1	1
rs9349320	H146	4	HG00157:2;HG00186:1;HG00288:1;HG01171:1	rs9349320	45269814	G	T	SNV	4	1	T	1:4	T:4	0	11	0						1	1	1	1
rs9349320	H1460	1	HG02648:1	rs9349320	45269814	G	T	SNV	1	1	T	1:1	T:1	0	11	0						1	1	1	1
rs9349320	H1461	1	HG03977:1	rs9349320	45269814	G	T	SNV	1	1	T	1:1	T:1	0	11	0						1	1	1	1
rs9349320	H1462	1	NA20892:2	rs9349320	45269814	G	T	SNV	1	1	T	1:1	T:1	0	11	0						1	1	1	1
rs9349320	H1463	1	NA20905:1	rs9349320	45269814	G	T	SNV	1	1	T	1:1	T:1	0	11	0						1	1	1	1
rs9349320	H1464	1	HG03765:1	rs9349320	45269814	G	T	SNV	1	1	T	1:1	T:1	0	11	0						1	1	1	1
rs9349320	H1465	1	HG04076:1	rs9349320	45269814	G	T	SNV	1	1	T	1:1	T:1	0	11	0						1	1	1	1
rs9349320	H1466	1	HG03925:2	rs9349320	45269814	G	T	SNV	1	1	T	1:1	T:1	0	11	0						1	1	1	1
rs9349320	H1467	1	NA18595:2	rs9349320	45269814	G	T	SNV	1	1	T	1:1	T:1	0	11	0						1	1	1	1
rs9349320	H1468	1	HG00663:2	rs9349320	45269814	G	T	SNV	1	1	T	1:1	T:1	0	11	0						1	1	1	1
rs9349320	H1469	1	HG00613:2	rs9349320	45269814	G	T	SNV	1	1	T	1:1	T:1	0	11	0						1	1	1	1
rs9349320	H147	4	HG00254:2;HG00306:1;HG00361:1;NA12777:1	rs9349320	45269814	G	T	SNV	4	1	T	1:4	T:4	0	11	0						1	1	1	1
rs9349320	H1470	1	HG00478:1	rs9349320	45269814	G	T	SNV	1	1	T	1:1	T:1	0	11	0						1	1	1	1
rs9349320	H1471	1	NA18983:1	rs9349320	45269814	G	T	SNV	1	1	T	1:1	T:1	0	11	0						1	1	1	1
rs9349320	H1472	1	HG02356:1	rs9349320	45269814	G	T	SNV	1	1	T	1:1	T:1	0	11	0						1	1	1	1
rs9349320	H1473	1	NA20822:1	rs9349320	45269814	G	T	SNV	1	1	T	1:1	T:1	0	11	0						1	1	1	1
rs9349320	H1474	1	HG00620:2	rs9349320	45269814	G	T	SNV	1	1	T	1:1	T:1	0	11	0						1	1	1	1
rs9349320	H1475	1	HG00524:1	rs9349320	45269814	G	T	SNV	1	1	T	1:1	T:1	0	11	0						1	1	1	1
rs9349320	H1476	1	HG00592:1	rs9349320	45269814	G	T	SNV	1	1	T	1:1	T:1	0	11	0						1	1	1	1
rs9349320	H1477	1	HG00729:2	rs9349320	45269814	G	T	SNV	1	1	T	1:1	T:1	0	11	0						1	1	1	1
rs9349320	H1478	1	NA18641:2	rs9349320	45269814	G	T	SNV	1	1	T	1:1	T:1	0	11	0						1	1	1	1
rs9349320	H1479	1	NA18625:1	rs9349320	45269814	G	T	SNV	1	1	T	1:1	T:1	0	11	0						1	1	1	1
rs9349320	H148	4	HG02496:2;HG03091:2;NA20359:1;NA20362:1	rs9349320	45269814	G	T	SNV	4	1	T	1:4	T:4	0	11	0						1	1	1	1
rs9349320	H1480	1	HG00559:2	rs9349320	45269814	G	T	SNV	1	1	T	1:1	T:1	0	11	0						1	1	1	1
rs9349320	H1481	1	NA19076:2	rs9349320	45269814	G	T	SNV	1	1	T	1:1	T:1	0	11	0						1	1	1	1
rs9349320	H1482	1	HG01596:1	rs9349320	45269814	G	T	SNV	1	1	T	1:1	T:1	0	11	0						1	1	1	1
rs9349320	H1483	1	HG02075:2	rs9349320	45269814	G	T	SNV	1	1	T	1:1	T:1	0	11	0						1	1	1	1
rs9349320	H1484	1	HG01849:1	rs9349320	45269814	G	T	SNV	1	1	T	1:1	T:1	0	11	0						1	1	1	1
rs9349320	H1485	1	HG00580:2	rs9349320	45269814	G	T	SNV	1	1	T	1:1	T:1	0	11	0						1	1	1	1
rs9349320	H1486	1	HG03886:1	rs9349320	45269814	G	T	SNV	1	1	T	1:1	T:1	0	11	0						1	1	1	1
rs9349320	H1487	1	HG04039:1	rs9349320	45269814	G	T	SNV	1	1	T	1:1	T:1	0	11	0						1	1	1	1
rs9349320	H1488	1	HG02685:1	rs9349320	45269814	G	T	SNV	1	1	T	1:1	T:1	0	11	0						1	1	1	1
rs9349320	H1489	1	NA18740:1	rs9349320	45269814	G	T	SNV	1	1	T	1:1	T:1	0	11	0						1	1	1	1
rs9349320	H149	4	HG02337:2;HG02501:1;NA20289:2;NA20294:1	rs9349320	45269814	G	T	SNV	4	1	T	1:4	T:4	0	11	0						1	1	1	1
rs9349320	H1490	1	HG01970:1	rs9349320	45269814	G	T	SNV	1	1	T	1:1	T:1	0	11	0						1	1	1	1
rs9349320	H1491	1	NA18637:2	rs9349320	45269814	G	T	SNV	1	1	T	1:1	T:1	0	11	0						1	1	1	1
rs9349320	H1492	1	HG04183:1	rs9349320	45269814	G	T	SNV	1	1	T	1:1	T:1	0	11	0						1	1	1	1
rs9349320	H1493	1	HG03890:1	rs9349320	45269814	G	T	SNV	1	1	T	1:1	T:1	0	11	0						1	1	1	1
rs9349320	H1494	1	HG01849:2	rs9349320	45269814	G	T	SNV	1	1	T	1:1	T:1	0	11	0						1	1	1	1
rs9349320	H1495	1	HG03870:2	rs9349320	45269814	G	T	SNV	1	1	T	1:1	T:1	0	11	0						1	1	1	1
rs9349320	H1496	1	HG03593:2	rs9349320	45269814	G	T	SNV	1	1	T	1:1	T:1	0	11	0						1	1	1	1
rs9349320	H1497	1	HG03866:2	rs9349320	45269814	G	T	SNV	1	1	T	1:1	T:1	0	11	0						1	1	1	1
rs9349320	H1498	1	HG03947:1	rs9349320	45269814	G	T	SNV	1	1	T	1:1	T:1	0	11	0						1	1	1	1
rs9349320	H1499	1	HG02783:2	rs9349320	45269814	G	T	SNV	1	1	T	1:1	T:1	0	11	0						1	1	1	1
rs9349320	H15	12	HG02054:1;HG02479:2;HG02643:2;HG03079:2;HG03095:1;HG03457:2;HG03521:2;NA18934:2;NA19257:2;NA19789:2;NA20282:1;NA20359:2	rs9349320	45269814	G	T	SNV	12	1	T	1:12	T:12	0	11	1						1	1	1	1
rs9349320	H150	4	HG02561:2;HG02970:2;HG03100:2;HG03351:1	rs9349320	45269814	G	T	SNV	4	1	T	1:4	T:4	0	11	0						1	1	1	1
rs9349320	H1500	1	HG00239:1	rs9349320	45269814	G	T	SNV	1	1	T	1:1	T:1	0	11	0						1	1	1	1
rs9349320	H1501	1	NA11881:1	rs9349320	45269814	G	T	SNV	1	1	T	1:1	T:1	0	11	0						1	1	1	1
rs9349320	H1502	1	HG00159:1	rs9349320	45269814	G	T	SNV	1	1	T	1:1	T:1	0	11	0						1	1	1	1
rs9349320	H1503	1	HG01618:1	rs9349320	45269814	G	T	SNV	1	1	T	1:1	T:1	0	11	0						1	1	1	1
rs9349320	H1504	1	HG01341:1	rs9349320	45269814	G	T	SNV	1	1	T	1:1	T:1	0	11	0						1	1	1	1
rs9349320	H1505	1	HG02658:2	rs9349320	45269814	G	T	SNV	1	1	T	1:1	T:1	0	11	0						1	1	1	1
rs9349320	H1506	1	NA21101:2	rs9349320	45269814	G	T	SNV	1	1	T	1:1	T:1	0	11	0						1	1	1	1
rs9349320	H1507	1	NA18978:2	rs9349320	45269814	G	T	SNV	1	1	T	1:1	T:1	0	11	0						1	1	1	1
rs9349320	H1508	1	HG00599:2	rs9349320	45269814	G	T	SNV	1	1	T	1:1	T:1	0	11	0						1	1	1	1
rs9349320	H1509	1	HG01600:2	rs9349320	45269814	G	T	SNV	1	1	T	1:1	T:1	0	11	0						1	1	1	1
rs9349320	H151	4	HG02557:2;HG03193:1;NA18488:1;NA20126:1	rs9349320	45269814	G	T	SNV	4	1	T	1:4	T:4	0	11	0						1	1	1	1
rs9349320	H1510	1	NA18553:1	rs9349320	45269814	G	T	SNV	1	1	T	1:1	T:1	0	11	0						1	1	1	1
rs9349320	H1511	1	HG00708:1	rs9349320	45269814	G	T	SNV	1	1	T	1:1	T:1	0	11	0						1	1	1	1
rs9349320	H1512	1	NA18959:2	rs9349320	45269814	G	T	SNV	1	1	T	1:1	T:1	0	11	0						1	1	1	1
rs9349320	H1513	1	HG02050:1	rs9349320	45269814	G	T	SNV	1	1	T	1:1	T:1	0	11	0						1	1	1	1
rs9349320	H1514	1	HG02016:1	rs9349320	45269814	G	T	SNV	1	1	T	1:1	T:1	0	11	0						1	1	1	1
rs9349320	H1515	1	HG01494:1	rs9349320	45269814	G	T	SNV	1	1	T	1:1	T:1	0	11	0						1	1	1	1
rs9349320	H1516	1	HG01799:2	rs9349320	45269814	G	T	SNV	1	1	T	1:1	T:1	0	11	0						1	1	1	1
rs9349320	H1517	1	HG00698:1	rs9349320	45269814	G	T	SNV	1	1	T	1:1	T:1	0	11	0						1	1	1	1
rs9349320	H1518	1	HG01119:2	rs9349320	45269814	G	T	SNV	1	1	T	1:1	T:1	0	11	0						1	1	1	1
rs9349320	H1519	1	NA19740:2	rs9349320	45269814	G	T	SNV	1	1	T	1:1	T:1	0	11	0						1	1	1	1
rs9349320	H152	4	HG01088:2;HG01241:1;HG02974:2;NA19197:1	rs9349320	45269814	G	T	SNV	4	1	T	1:4	T:4	0	11	0						1	1	1	1
rs9349320	H1520	1	NA20758:1	rs9349320	45269814	G	T	SNV	1	1	T	1:1	T:1	0	11	0						1	1	1	1
rs9349320	H1521	1	HG02724:1	rs9349320	45269814	G	T	SNV	1	1	T	1:1	T:1	0	11	0						1	1	1	1
rs9349320	H1522	1	HG01131:2	rs9349320	45269814	G	T	SNV	1	1	T	1:1	T:1	0	11	0						1	1	1	1
rs9349320	H1523	1	HG03782:1	rs9349320	45269814	G	T	SNV	1	1	T	1:1	T:1	0	11	0						1	1	1	1
rs9349320	H1524	1	NA12842:2	rs9349320	45269814	G	T	SNV	1	1	T	1:1	T:1	0	11	0						1	1	1	1
rs9349320	H1525	1	NA20908:1	rs9349320	45269814	G	T	SNV	1	1	T	1:1	T:1	0	11	0						1	1	1	1
rs9349320	H1526	1	NA21107:2	rs9349320	45269814	G	T	SNV	1	1	T	1:1	T:1	0	11	0						1	1	1	1
rs9349320	H1527	1	HG02789:1	rs9349320	45269814	G	T	SNV	1	1	T	1:1	T:1	0	11	0						1	1	1	1
rs9349320	H1528	1	NA20886:2	rs9349320	45269814	G	T	SNV	1	1	T	1:1	T:1	0	11	0						1	1	1	1
rs9349320	H1529	1	HG04229:2	rs9349320	45269814	G	T	SNV	1	1	T	1:1	T:1	0	11	0						1	1	1	1
rs9349320	H153	4	HG00260:1;HG00328:2;HG00329:1;HG00342:2	rs9349320	45269814	G	T	SNV	4	1	T	1:4	T:4	0	11	0						1	1	1	1
rs9349320	H1530	1	HG03985:2	rs9349320	45269814	G	T	SNV	1	1	T	1:1	T:1	0	11	0						1	1	1	1
rs9349320	H1531	1	HG01982:2	rs9349320	45269814	G	T	SNV	1	1	T	1:1	T:1	0	11	0						1	1	1	1
rs9349320	H1532	1	HG01941:2	rs9349320	45269814	G	T	SNV	1	1	T	1:1	T:1	0	11	0						1	1	1	1
rs9349320	H1533	1	HG01870:2	rs9349320	45269814	G	T	SNV	1	1	T	1:1	T:1	0	11	0						1	1	1	1
rs9349320	H1534	1	HG01810:1	rs9349320	45269814	G	T	SNV	1	1	T	1:1	T:1	0	11	0						1	1	1	1
rs9349320	H1535	1	NA18582:2	rs9349320	45269814	G	T	SNV	1	1	T	1:1	T:1	0	11	0						1	1	1	1
rs9349320	H1536	1	HG00409:1	rs9349320	45269814	G	T	SNV	1	1	T	1:1	T:1	0	11	0						1	1	1	1
rs9349320	H1537	1	NA18550:1	rs9349320	45269814	G	T	SNV	1	1	T	1:1	T:1	0	11	0						1	1	1	1
rs9349320	H1538	1	HG00543:2	rs9349320	45269814	G	T	SNV	1	1	T	1:1	T:1	0	11	0						1	1	1	1
rs9349320	H1539	1	HG01864:2	rs9349320	45269814	G	T	SNV	1	1	T	1:1	T:1	0	11	0						1	1	1	1
rs9349320	H154	4	HG00653:1;HG00656:1;HG02082:2;NA18565:2	rs9349320	45269814	G	T	SNV	4	1	T	1:4	T:4	0	11	0						1	1	1	1
rs9349320	H1540	1	NA18621:2	rs9349320	45269814	G	T	SNV	1	1	T	1:1	T:1	0	11	0						1	1	1	1
rs9349320	H1541	1	NA18976:2	rs9349320	45269814	G	T	SNV	1	1	T	1:1	T:1	0	11	0						1	1	1	1
rs9349320	H1542	1	NA19072:1	rs9349320	45269814	G	T	SNV	1	1	T	1:1	T:1	0	11	0						1	1	1	1
rs9349320	H1543	1	NA12413:1	rs9349320	45269814	G	T	SNV	1	1	T	1:1	T:1	0	11	0						1	1	1	1
rs9349320	H1544	1	NA18951:1	rs9349320	45269814	G	T	SNV	1	1	T	1:1	T:1	0	11	0						1	1	1	1
rs9349320	H1545	1	HG01872:2	rs9349320	45269814	G	T	SNV	1	1	T	1:1	T:1	0	11	0						1	1	1	1
rs9349320	H1546	1	NA18948:1	rs9349320	45269814	G	T	SNV	1	1	T	1:1	T:1	0	11	0						1	1	1	1
rs9349320	H1547	1	NA18534:1	rs9349320	45269814	G	T	SNV	1	1	T	1:1	T:1	0	11	0						1	1	1	1
rs9349320	H1548	1	HG00404:2	rs9349320	45269814	G	T	SNV	1	1	T	1:1	T:1	0	11	0						1	1	1	1
rs9349320	H1549	1	NA18570:2	rs9349320	45269814	G	T	SNV	1	1	T	1:1	T:1	0	11	0						1	1	1	1
rs9349320	H155	4	HG00350:2;HG01048:1;HG01965:2;HG02215:1	rs9349320	45269814	G	T	SNV	4	1	T	1:4	T:4	0	11	0						1	1	1	1
rs9349320	H1550	1	NA18542:1	rs9349320	45269814	G	T	SNV	1	1	T	1:1	T:1	0	11	0						1	1	1	1
rs9349320	H1551	1	HG01675:2	rs9349320	45269814	G	T	SNV	1	1	T	1:1	T:1	0	11	0						1	1	1	1
rs9349320	H1552	1	HG00358:2	rs9349320	45269814	G	T	SNV	1	1	T	1:1	T:1	0	11	0						1	1	1	1
rs9349320	H1553	1	HG01455:2	rs9349320	45269814	G	T	SNV	1	1	T	1:1	T:1	0	11	0						1	1	1	1
rs9349320	H1554	1	HG01504:1	rs9349320	45269814	G	T	SNV	1	1	T	1:1	T:1	0	11	0						1	1	1	1
rs9349320	H1555	1	HG01075:1	rs9349320	45269814	G	T	SNV	1	1	T	1:1	T:1	0	11	0						1	1	1	1
rs9349320	H1556	1	HG00233:2	rs9349320	45269814	G	T	SNV	1	1	T	1:1	T:1	0	11	0						1	1	1	1
rs9349320	H1557	1	NA21116:1	rs9349320	45269814	G	T	SNV	1	1	T	1:1	T:1	0	11	0						1	1	1	1
rs9349320	H1558	1	HG01191:2	rs9349320	45269814	G	T	SNV	1	1	T	1:1	T:1	0	11	0						1	1	1	1
rs9349320	H1559	1	HG02660:1	rs9349320	45269814	G	T	SNV	1	1	T	1:1	T:1	0	11	0						1	1	1	1
rs9349320	H156	4	HG01872:1;NA18526:2;NA18544:2;NA18632:2	rs9349320	45269814	G	T	SNV	4	1	T	1:4	T:4	0	11	0						1	1	1	1
rs9349320	H1560	1	HG01080:1	rs9349320	45269814	G	T	SNV	1	1	T	1:1	T:1	0	11	0						1	1	1	1
rs9349320	H1561	1	NA12249:2	rs9349320	45269814	G	T	SNV	1	1	T	1:1	T:1	0	11	0						1	1	1	1
rs9349320	H1562	1	NA20770:1	rs9349320	45269814	G	T	SNV	1	1	T	1:1	T:1	0	11	0						1	1	1	1
rs9349320	H1563	1	HG01531:1	rs9349320	45269814	G	T	SNV	1	1	T	1:1	T:1	0	11	0						1	1	1	1
rs9349320	H1564	1	HG01308:1	rs9349320	45269814	G	T	SNV	1	1	T	1:1	T:1	0	11	0						1	1	1	1
rs9349320	H1565	1	NA18995:2	rs9349320	45269814	G	T	SNV	1	1	T	1:1	T:1	0	11	0						1	1	1	1
rs9349320	H1566	1	HG01808:2	rs9349320	45269814	G	T	SNV	1	1	T	1:1	T:1	0	11	0						1	1	1	1
rs9349320	H1567	1	HG02355:2	rs9349320	45269814	G	T	SNV	1	1	T	1:1	T:1	0	11	0						1	1	1	1
rs9349320	H1568	1	NA18533:2	rs9349320	45269814	G	T	SNV	1	1	T	1:1	T:1	0	11	0						1	1	1	1
rs9349320	H1569	1	HG03786:1	rs9349320	45269814	G	T	SNV	1	1	T	1:1	T:1	0	11	0						1	1	1	1
rs9349320	H157	4	HG00732:2;HG01168:2;HG01612:1;HG01746:1	rs9349320	45269814	G	T	SNV	4	1	T	1:4	T:4	0	11	0						1	1	1	1
rs9349320	H1570	1	HG03643:1	rs9349320	45269814	G	T	SNV	1	1	T	1:1	T:1	0	11	0						1	1	1	1
rs9349320	H1571	1	HG01280:2	rs9349320	45269814	G	T	SNV	1	1	T	1:1	T:1	0	11	0						1	1	1	1
rs9349320	H1572	1	HG01372:2	rs9349320	45269814	G	T	SNV	1	1	T	1:1	T:1	0	11	0						1	1	1	1
rs9349320	H1573	1	NA20530:1	rs9349320	45269814	G	T	SNV	1	1	T	1:1	T:1	0	11	0						1	1	1	1
rs9349320	H1574	1	HG03928:2	rs9349320	45269814	G	T	SNV	1	1	T	1:1	T:1	0	11	0						1	1	1	1
rs9349320	H1575	1	HG00264:2	rs9349320	45269814	G	T	SNV	1	1	T	1:1	T:1	0	11	0						1	1	1	1
rs9349320	H1576	1	HG00238:2	rs9349320	45269814	G	T	SNV	1	1	T	1:1	T:1	0	11	0						1	1	1	1
rs9349320	H1577	1	HG00236:2	rs9349320	45269814	G	T	SNV	1	1	T	1:1	T:1	0	11	0						1	1	1	1
rs9349320	H1578	1	HG00242:1	rs9349320	45269814	G	T	SNV	1	1	T	1:1	T:1	0	11	0						1	1	1	1
rs9349320	H1579	1	HG01624:2	rs9349320	45269814	G	T	SNV	1	1	T	1:1	T:1	0	11	0						1	1	1	1
rs9349320	H158	4	HG00513:1;HG00608:1;HG00622:1;NA18591:2	rs9349320	45269814	G	T	SNV	4	1	T	1:4	T:4	0	11	0						1	1	1	1
rs9349320	H1580	1	NA20504:1	rs9349320	45269814	G	T	SNV	1	1	T	1:1	T:1	0	11	0						1	1	1	1
rs9349320	H1581	1	HG01402:1	rs9349320	45269814	G	T	SNV	1	1	T	1:1	T:1	0	11	0						1	1	1	1
rs9349320	H1582	1	HG01679:1	rs9349320	45269814	G	T	SNV	1	1	T	1:1	T:1	0	11	0						1	1	1	1
rs9349320	H1583	1	HG02233:2	rs9349320	45269814	G	T	SNV	1	1	T	1:1	T:1	0	11	0						1	1	1	1
rs9349320	H1584	1	NA20530:2	rs9349320	45269814	G	T	SNV	1	1	T	1:1	T:1	0	11	0						1	1	1	1
rs9349320	H1585	1	HG02260:1	rs9349320	45269814	G	T	SNV	1	1	T	1:1	T:1	0	11	0						1	1	1	1
rs9349320	H1586	1	NA19684:2	rs9349320	45269814	G	T	SNV	1	1	T	1:1	T:1	0	11	0						1	1	1	1
rs9349320	H1587	1	NA19658:2	rs9349320	45269814	G	T	SNV	1	1	T	1:1	T:1	0	11	0						1	1	1	1
rs9349320	H1588	1	NA20314:1	rs9349320	45269814	G	T	SNV	1	1	T	1:1	T:1	0	11	0						1	1	1	1
rs9349320	H1589	1	NA20332:2	rs9349320	45269814	G	T	SNV	1	1	T	1:1	T:1	0	11	0						1	1	1	1
rs9349320	H159	4	HG03021:1;HG03611:1;HG03740:1;HG04209:2	rs9349320	45269814	G	T	SNV	4	1	T	1:4	T:4	0	11	0						1	1	1	1
rs9349320	H1590	1	HG01148:2	rs9349320	45269814	G	T	SNV	1	1	T	1:1	T:1	0	11	0						1	1	1	1
rs9349320	H1591	1	NA20752:1	rs9349320	45269814	G	T	SNV	1	1	T	1:1	T:1	0	11	0						1	1	1	1
rs9349320	H1592	1	NA20772:1	rs9349320	45269814	G	T	SNV	1	1	T	1:1	T:1	0	11	0						1	1	1	1
rs9349320	H1593	1	HG01917:1	rs9349320	45269814	G	T	SNV	1	1	T	1:1	T:1	0	11	0						1	1	1	1
rs9349320	H1594	1	HG00264:1	rs9349320	45269814	G	T	SNV	1	1	T	1:1	T:1	0	11	0						1	1	1	1
rs9349320	H1595	1	HG03944:1	rs9349320	45269814	G	T	SNV	1	1	T	1:1	T:1	0	11	0						1	1	1	1
rs9349320	H1596	1	HG01954:2	rs9349320	45269814	G	T	SNV	1	1	T	1:1	T:1	0	11	0						1	1	1	1
rs9349320	H1597	1	HG01067:2	rs9349320	45269814	G	T	SNV	1	1	T	1:1	T:1	0	11	0						1	1	1	1
rs9349320	H1598	1	HG01058:1	rs9349320	45269814	G	T	SNV	1	1	T	1:1	T:1	0	11	0						1	1	1	1
rs9349320	H1599	1	HG01620:1	rs9349320	45269814	G	T	SNV	1	1	T	1:1	T:1	0	11	0						1	1	1	1
rs9349320	H16	12	HG00449:2;HG00464:2;HG00473:1;HG00614:2;HG00671:1;HG02136:1;HG02396:1;HG03911:2;NA18533:1;NA18627:1;NA18991:1;NA19056:2	rs9349320	45269814	G	T	SNV	12	1	T	1:12	T:12	0	11	1						1	1	1	1
rs9349320	H160	4	HG01086:2;HG01615:1;HG02220:1;NA11931:2	rs9349320	45269814	G	T	SNV	4	1	T	1:4	T:4	0	11	0						1	1	1	1
rs9349320	H1600	1	NA12717:2	rs9349320	45269814	G	T	SNV	1	1	T	1:1	T:1	0	11	0						1	1	1	1
rs9349320	H1601	1	HG01509:2	rs9349320	45269814	G	T	SNV	1	1	T	1:1	T:1	0	11	0						1	1	1	1
rs9349320	H1602	1	HG00281:1	rs9349320	45269814	G	T	SNV	1	1	T	1:1	T:1	0	11	0						1	1	1	1
rs9349320	H1603	1	HG00332:1	rs9349320	45269814	G	T	SNV	1	1	T	1:1	T:1	0	11	0						1	1	1	1
rs9349320	H1604	1	NA12283:2	rs9349320	45269814	G	T	SNV	1	1	T	1:1	T:1	0	11	0						1	1	1	1
rs9349320	H1605	1	NA19921:2	rs9349320	45269814	G	T	SNV	1	1	T	1:1	T:1	0	11	0						1	1	1	1
rs9349320	H1606	1	HG00315:1	rs9349320	45269814	G	T	SNV	1	1	T	1:1	T:1	0	11	0						1	1	1	1
rs9349320	H1607	1	NA21120:1	rs9349320	45269814	G	T	SNV	1	1	T	1:1	T:1	0	11	0						1	1	1	1
rs9349320	H1608	1	NA20510:2	rs9349320	45269814	G	T	SNV	1	1	T	1:1	T:1	0	11	0						1	1	1	1
rs9349320	H1609	1	HG01374:1	rs9349320	45269814	G	T	SNV	1	1	T	1:1	T:1	0	11	0						1	1	1	1
rs9349320	H161	4	HG00132:1;HG01085:1;NA12005:1;NA20535:2	rs9349320	45269814	G	T	SNV	4	1	T	1:4	T:4	0	11	0						1	1	1	1
rs9349320	H1610	1	HG00364:2	rs9349320	45269814	G	T	SNV	1	1	T	1:1	T:1	0	11	0						1	1	1	1
rs9349320	H1611	1	HG00313:2	rs9349320	45269814	G	T	SNV	1	1	T	1:1	T:1	0	11	0						1	1	1	1
rs9349320	H1612	1	NA11829:2	rs9349320	45269814	G	T	SNV	1	1	T	1:1	T:1	0	11	0						1	1	1	1
rs9349320	H1613	1	NA21142:1	rs9349320	45269814	G	T	SNV	1	1	T	1:1	T:1	0	11	0						1	1	1	1
rs9349320	H1614	1	HG00350:1	rs9349320	45269814	G	T	SNV	1	1	T	1:1	T:1	0	11	0						1	1	1	1
rs9349320	H1615	1	HG02655:1	rs9349320	45269814	G	T	SNV	1	1	T	1:1	T:1	0	11	0						1	1	1	1
rs9349320	H1616	1	NA20818:1	rs9349320	45269814	G	T	SNV	1	1	T	1:1	T:1	0	11	0						1	1	1	1
rs9349320	H1617	1	NA06985:1	rs9349320	45269814	G	T	SNV	1	1	T	1:1	T:1	0	11	0						1	1	1	1
rs9349320	H1618	1	NA11920:2	rs9349320	45269814	G	T	SNV	1	1	T	1:1	T:1	0	11	0						1	1	1	1
rs9349320	H1619	1	NA19681:1	rs9349320	45269814	G	T	SNV	1	1	T	1:1	T:1	0	11	0						1	1	1	1
rs9349320	H162	4	HG00313:1;HG00372:1;NA18634:2;NA18948:2	rs9349320	45269814	G	T	SNV	4	1	T	1:4	T:4	0	11	0						1	1	1	1
rs9349320	H1620	1	NA12751:2	rs9349320	45269814	G	T	SNV	1	1	T	1:1	T:1	0	11	0						1	1	1	1
rs9349320	H1621	1	HG01531:2	rs9349320	45269814	G	T	SNV	1	1	T	1:1	T:1	0	11	0						1	1	1	1
rs9349320	H1622	1	HG01405:2	rs9349320	45269814	G	T	SNV	1	1	T	1:1	T:1	0	11	0						1	1	1	1
rs9349320	H1623	1	HG01624:1	rs9349320	45269814	G	T	SNV	1	1	T	1:1	T:1	0	11	0						1	1	1	1
rs9349320	H1624	1	NA20832:1	rs9349320	45269814	G	T	SNV	1	1	T	1:1	T:1	0	11	0						1	1	1	1
rs9349320	H1625	1	HG01149:1	rs9349320	45269814	G	T	SNV	1	1	T	1:1	T:1	0	11	0						1	1	1	1
rs9349320	H1626	1	HG00242:2	rs9349320	45269814	G	T	SNV	1	1	T	1:1	T:1	0	11	0						1	1	1	1
rs9349320	H1627	1	HG01362:2	rs9349320	45269814	G	T	SNV	1	1	T	1:1	T:1	0	11	0						1	1	1	1
rs9349320	H1628	1	HG00369:1	rs9349320	45269814	G	T	SNV	1	1	T	1:1	T:1	0	11	0						1	1	1	1
rs9349320	H1629	1	HG00319:1	rs9349320	45269814	G	T	SNV	1	1	T	1:1	T:1	0	11	0						1	1	1	1
rs9349320	H163	4	HG02554:1;HG03117:1;NA12273:2;NA18915:1	rs9349320	45269814	G	T	SNV	4	1	T	1:4	T:4	0	11	0						1	1	1	1
rs9349320	H1630	1	HG01131:1	rs9349320	45269814	G	T	SNV	1	1	T	1:1	T:1	0	11	0						1	1	1	1
rs9349320	H1631	1	HG01112:1	rs9349320	45269814	G	T	SNV	1	1	T	1:1	T:1	0	11	0						1	1	1	1
rs9349320	H1632	1	HG00109:1	rs9349320	45269814	G	T	SNV	1	1	T	1:1	T:1	0	11	0						1	1	1	1
rs9349320	H1633	1	HG00110:1	rs9349320	45269814	G	T	SNV	1	1	T	1:1	T:1	0	11	0						1	1	1	1
rs9349320	H1634	1	NA19762:2	rs9349320	45269814	G	T	SNV	1	1	T	1:1	T:1	0	11	0						1	1	1	1
rs9349320	H1635	1	NA12275:1	rs9349320	45269814	G	T	SNV	1	1	T	1:1	T:1	0	11	0						1	1	1	1
rs9349320	H1636	1	HG03765:2	rs9349320	45269814	G	T	SNV	1	1	T	1:1	T:1	0	11	0						1	1	1	1
rs9349320	H1637	1	HG00335:2	rs9349320	45269814	G	T	SNV	1	1	T	1:1	T:1	0	11	0						1	1	1	1
rs9349320	H1638	1	HG03018:1	rs9349320	45269814	G	T	SNV	1	1	T	1:1	T:1	0	11	0						1	1	1	1
rs9349320	H1639	1	NA12282:2	rs9349320	45269814	G	T	SNV	1	1	T	1:1	T:1	0	11	0						1	1	1	1
rs9349320	H164	4	HG02546:2;HG02976:1;NA18864:1;NA18924:1	rs9349320	45269814	G	T	SNV	4	1	T	1:4	T:4	0	11	0						1	1	1	1
rs9349320	H1640	1	NA12287:1	rs9349320	45269814	G	T	SNV	1	1	T	1:1	T:1	0	11	0						1	1	1	1
rs9349320	H1641	1	HG01498:1	rs9349320	45269814	G	T	SNV	1	1	T	1:1	T:1	0	11	0						1	1	1	1
rs9349320	H1642	1	NA20581:1	rs9349320	45269814	G	T	SNV	1	1	T	1:1	T:1	0	11	0						1	1	1	1
rs9349320	H1643	1	HG01405:1	rs9349320	45269814	G	T	SNV	1	1	T	1:1	T:1	0	11	0						1	1	1	1
rs9349320	H1644	1	NA20753:2	rs9349320	45269814	G	T	SNV	1	1	T	1:1	T:1	0	11	0						1	1	1	1
rs9349320	H1645	1	HG02759:1	rs9349320	45269814	G	T	SNV	1	1	T	1:1	T:1	0	11	0						1	1	1	1
rs9349320	H1646	1	NA12006:2	rs9349320	45269814	G	T	SNV	1	1	T	1:1	T:1	0	11	0						1	1	1	1
rs9349320	H1647	1	NA20514:2	rs9349320	45269814	G	T	SNV	1	1	T	1:1	T:1	0	11	0						1	1	1	1
rs9349320	H1648	1	HG02256:2	rs9349320	45269814	G	T	SNV	1	1	T	1:1	T:1	0	11	0						1	1	1	1
rs9349320	H1649	1	HG01513:1	rs9349320	45269814	G	T	SNV	1	1	T	1:1	T:1	0	11	0						1	1	1	1
rs9349320	H165	4	HG02323:1;HG03045:2;NA18873:1;NA19434:2	rs9349320	45269814	G	T	SNV	4	1	T	1:4	T:4	0	11	0						1	1	1	1
rs9349320	H1650	1	HG01383:2	rs9349320	45269814	G	T	SNV	1	1	T	1:1	T:1	0	11	0						1	1	1	1
rs9349320	H1651	1	HG00246:2	rs9349320	45269814	G	T	SNV	1	1	T	1:1	T:1	0	11	0						1	1	1	1
rs9349320	H1652	1	HG01500:1	rs9349320	45269814	G	T	SNV	1	1	T	1:1	T:1	0	11	0						1	1	1	1
rs9349320	H1653	1	HG02233:1	rs9349320	45269814	G	T	SNV	1	1	T	1:1	T:1	0	11	0						1	1	1	1
rs9349320	H1654	1	NA20585:2	rs9349320	45269814	G	T	SNV	1	1	T	1:1	T:1	0	11	0						1	1	1	1
rs9349320	H1655	1	HG02681:1	rs9349320	45269814	G	T	SNV	1	1	T	1:1	T:1	0	11	0						1	1	1	1
rs9349320	H1656	1	HG04060:1	rs9349320	45269814	G	T	SNV	1	1	T	1:1	T:1	0	11	0						1	1	1	1
rs9349320	H1657	1	HG04209:1	rs9349320	45269814	G	T	SNV	1	1	T	1:1	T:1	0	11	0						1	1	1	1
rs9349320	H1658	1	NA20582:1	rs9349320	45269814	G	T	SNV	1	1	T	1:1	T:1	0	11	0						1	1	1	1
rs9349320	H1659	1	HG00274:1	rs9349320	45269814	G	T	SNV	1	1	T	1:1	T:1	0	11	0						1	1	1	1
rs9349320	H166	4	HG02690:2;HG03585:1;HG03727:2;NA20884:2	rs9349320	45269814	G	T	SNV	4	1	T	1:4	T:4	0	11	0						1	1	1	1
rs9349320	H1660	1	HG00637:1	rs9349320	45269814	G	T	SNV	1	1	T	1:1	T:1	0	11	0						1	1	1	1
rs9349320	H1661	1	NA12283:1	rs9349320	45269814	G	T	SNV	1	1	T	1:1	T:1	0	11	0						1	1	1	1
rs9349320	H1662	1	HG00171:2	rs9349320	45269814	G	T	SNV	1	1	T	1:1	T:1	0	11	0						1	1	1	1
rs9349320	H1663	1	HG03826:2	rs9349320	45269814	G	T	SNV	1	1	T	1:1	T:1	0	11	0						1	1	1	1
rs9349320	H1664	1	NA20515:1	rs9349320	45269814	G	T	SNV	1	1	T	1:1	T:1	0	11	0						1	1	1	1
rs9349320	H1665	1	HG01204:2	rs9349320	45269814	G	T	SNV	1	1	T	1:1	T:1	0	11	0						1	1	1	1
rs9349320	H1666	1	HG03873:1	rs9349320	45269814	G	T	SNV	1	1	T	1:1	T:1	0	11	0						1	1	1	1
rs9349320	H1667	1	HG01277:2	rs9349320	45269814	G	T	SNV	1	1	T	1:1	T:1	0	11	0						1	1	1	1
rs9349320	H1668	1	NA19661:1	rs9349320	45269814	G	T	SNV	1	1	T	1:1	T:1	0	11	0						1	1	1	1
rs9349320	H1669	1	NA20524:1	rs9349320	45269814	G	T	SNV	1	1	T	1:1	T:1	0	11	0						1	1	1	1
rs9349320	H167	4	HG00149:2;HG00253:1;HG01756:2;NA12843:2	rs9349320	45269814	G	T	SNV	4	1	T	1:4	T:4	0	11	0						1	1	1	1
rs9349320	H1670	1	HG00109:2	rs9349320	45269814	G	T	SNV	1	1	T	1:1	T:1	0	11	0						1	1	1	1
rs9349320	H1671	1	NA20520:1	rs9349320	45269814	G	T	SNV	1	1	T	1:1	T:1	0	11	0						1	1	1	1
rs9349320	H1672	1	HG01766:2	rs9349320	45269814	G	T	SNV	1	1	T	1:1	T:1	0	11	0						1	1	1	1
rs9349320	H1673	1	HG02223:1	rs9349320	45269814	G	T	SNV	1	1	T	1:1	T:1	0	11	0						1	1	1	1
rs9349320	H1674	1	HG03780:2	rs9349320	45269814	G	T	SNV	1	1	T	1:1	T:1	0	11	0						1	1	1	1
rs9349320	H1675	1	HG02694:1	rs9349320	45269814	G	T	SNV	1	1	T	1:1	T:1	0	11	0						1	1	1	1
rs9349320	H1676	1	HG03808:2	rs9349320	45269814	G	T	SNV	1	1	T	1:1	T:1	0	11	0						1	1	1	1
rs9349320	H1677	1	NA20772:2	rs9349320	45269814	G	T	SNV	1	1	T	1:1	T:1	0	11	0						1	1	1	1
rs9349320	H1678	1	HG00382:1	rs9349320	45269814	G	T	SNV	1	1	T	1:1	T:1	0	11	0						1	1	1	1
rs9349320	H1679	1	HG03642:2	rs9349320	45269814	G	T	SNV	1	1	T	1:1	T:1	0	11	0						1	1	1	1
rs9349320	H168	4	HG00607:1;HG00654:2;HG02385:2;NA18967:1	rs9349320	45269814	G	T	SNV	4	1	T	1:4	T:4	0	11	0						1	1	1	1
rs9349320	H1680	1	HG02048:2	rs9349320	45269814	G	T	SNV	1	1	T	1:1	T:1	0	11	0						1	1	1	1
rs9349320	H1681	1	HG01528:2	rs9349320	45269814	G	T	SNV	1	1	T	1:1	T:1	0	11	0						1	1	1	1
rs9349320	H1682	1	NA12286:1	rs9349320	45269814	G	T	SNV	1	1	T	1:1	T:1	0	11	0						1	1	1	1
rs9349320	H1683	1	HG00640:1	rs9349320	45269814	G	T	SNV	1	1	T	1:1	T:1	0	11	0						1	1	1	1
rs9349320	H1684	1	NA11918:1	rs9349320	45269814	G	T	SNV	1	1	T	1:1	T:1	0	11	0						1	1	1	1
rs9349320	H1685	1	HG04144:2	rs9349320	45269814	G	T	SNV	1	1	T	1:1	T:1	0	11	0						1	1	1	1
rs9349320	H1686	1	NA20822:2	rs9349320	45269814	G	T	SNV	1	1	T	1:1	T:1	0	11	0						1	1	1	1
rs9349320	H1687	1	HG01551:1	rs9349320	45269814	G	T	SNV	1	1	T	1:1	T:1	0	11	0						1	1	1	1
rs9349320	H1688	1	HG01619:1	rs9349320	45269814	G	T	SNV	1	1	T	1:1	T:1	0	11	0						1	1	1	1
rs9349320	H1689	1	NA12750:2	rs9349320	45269814	G	T	SNV	1	1	T	1:1	T:1	0	11	0						1	1	1	1
rs9349320	H169	4	HG00141:1;HG01375:2;HG01770:1;NA11930:1	rs9349320	45269814	G	T	SNV	4	1	T	1:4	T:4	0	11	0						1	1	1	1
rs9349320	H1690	1	HG01468:1	rs9349320	45269814	G	T	SNV	1	1	T	1:1	T:1	0	11	0						1	1	1	1
rs9349320	H1691	1	NA19676:1	rs9349320	45269814	G	T	SNV	1	1	T	1:1	T:1	0	11	0						1	1	1	1
rs9349320	H1692	1	HG01781:1	rs9349320	45269814	G	T	SNV	1	1	T	1:1	T:1	0	11	0						1	1	1	1
rs9349320	H1693	1	NA19474:1	rs9349320	45269814	G	T	SNV	1	1	T	1:1	T:1	0	11	0						1	1	1	1
rs9349320	H1694	1	HG01488:2	rs9349320	45269814	G	T	SNV	1	1	T	1:1	T:1	0	11	0						1	1	1	1
rs9349320	H1695	1	HG03943:2	rs9349320	45269814	G	T	SNV	1	1	T	1:1	T:1	0	11	0						1	1	1	1
rs9349320	H1696	1	HG04075:2	rs9349320	45269814	G	T	SNV	1	1	T	1:1	T:1	0	11	0						1	1	1	1
rs9349320	H1697	1	HG01305:1	rs9349320	45269814	G	T	SNV	1	1	T	1:1	T:1	0	11	0						1	1	1	1
rs9349320	H1698	1	NA19099:2	rs9349320	45269814	G	T	SNV	1	1	T	1:1	T:1	0	11	0						1	1	1	1
rs9349320	H1699	1	HG03258:1	rs9349320	45269814	G	T	SNV	1	1	T	1:1	T:1	0	11	0						1	1	1	1
rs9349320	H17	11	HG01958:2;HG02051:2;HG02143:1;HG02946:1;HG03084:2;HG03133:1;HG03342:1;NA19236:2;NA19818:1;NA19904:1;NA19913:2	rs9349320	45269814	G	T	SNV	11	1	T	1:11	T:11	0	11	1						1	1	1	1
rs9349320	H170	4	HG01506:2;HG03018:2;HG03668:1;HG04177:1	rs9349320	45269814	G	T	SNV	4	1	T	1:4	T:4	0	11	0						1	1	1	1
rs9349320	H1700	1	HG01500:2	rs9349320	45269814	G	T	SNV	1	1	T	1:1	T:1	0	11	0						1	1	1	1
rs9349320	H1701	1	NA19654:1	rs9349320	45269814	G	T	SNV	1	1	T	1:1	T:1	0	11	0						1	1	1	1
rs9349320	H1702	1	NA19794:1	rs9349320	45269814	G	T	SNV	1	1	T	1:1	T:1	0	11	0						1	1	1	1
rs9349320	H1703	1	NA12812:2	rs9349320	45269814	G	T	SNV	1	1	T	1:1	T:1	0	11	0						1	1	1	1
rs9349320	H1704	1	NA21095:2	rs9349320	45269814	G	T	SNV	1	1	T	1:1	T:1	0	11	0						1	1	1	1
rs9349320	H1705	1	NA20815:1	rs9349320	45269814	G	T	SNV	1	1	T	1:1	T:1	0	11	0						1	1	1	1
rs9349320	H1706	1	HG01685:1	rs9349320	45269814	G	T	SNV	1	1	T	1:1	T:1	0	11	0						1	1	1	1
rs9349320	H1707	1	HG01334:2	rs9349320	45269814	G	T	SNV	1	1	T	1:1	T:1	0	11	0						1	1	1	1
rs9349320	H1708	1	NA20532:2	rs9349320	45269814	G	T	SNV	1	1	T	1:1	T:1	0	11	0						1	1	1	1
rs9349320	H1709	1	HG00182:2	rs9349320	45269814	G	T	SNV	1	1	T	1:1	T:1	0	11	0						1	1	1	1
rs9349320	H171	4	HG03343:2;HG03367:2;NA18523:1;NA19908:1	rs9349320	45269814	G	T	SNV	4	1	T	1:4	T:4	0	11	0						1	1	1	1
rs9349320	H1710	1	HG00171:1	rs9349320	45269814	G	T	SNV	1	1	T	1:1	T:1	0	11	0						1	1	1	1
rs9349320	H1711	1	HG00375:2	rs9349320	45269814	G	T	SNV	1	1	T	1:1	T:1	0	11	0						1	1	1	1
rs9349320	H1712	1	HG00154:2	rs9349320	45269814	G	T	SNV	1	1	T	1:1	T:1	0	11	0						1	1	1	1
rs9349320	H1713	1	HG01432:2	rs9349320	45269814	G	T	SNV	1	1	T	1:1	T:1	0	11	0						1	1	1	1
rs9349320	H1714	1	HG01121:1	rs9349320	45269814	G	T	SNV	1	1	T	1:1	T:1	0	11	0						1	1	1	1
rs9349320	H1715	1	HG04182:1	rs9349320	45269814	G	T	SNV	1	1	T	1:1	T:1	0	11	0						1	1	1	1
rs9349320	H1716	1	HG04180:2	rs9349320	45269814	G	T	SNV	1	1	T	1:1	T:1	0	11	0						1	1	1	1
rs9349320	H1717	1	NA19315:1	rs9349320	45269814	G	T	SNV	1	1	T	1:1	T:1	0	11	0						1	1	1	1
rs9349320	H1718	1	HG02736:1	rs9349320	45269814	G	T	SNV	1	1	T	1:1	T:1	0	11	0						1	1	1	1
rs9349320	H1719	1	NA19347:2	rs9349320	45269814	G	T	SNV	1	1	T	1:1	T:1	0	11	0						1	1	1	1
rs9349320	H172	4	HG00278:1;HG00367:2;NA20535:1;NA20757:1	rs9349320	45269814	G	T	SNV	4	1	T	1:4	T:4	0	11	0						1	1	1	1
rs9349320	H1720	1	NA19750:2	rs9349320	45269814	G	T	SNV	1	1	T	1:1	T:1	0	11	0						1	1	1	1
rs9349320	H1721	1	HG01351:1	rs9349320	45269814	G	T	SNV	1	1	T	1:1	T:1	0	11	0						1	1	1	1
rs9349320	H1722	1	HG01256:1	rs9349320	45269814	G	T	SNV	1	1	T	1:1	T:1	0	11	0						1	1	1	1
rs9349320	H1723	1	NA12815:1	rs9349320	45269814	G	T	SNV	1	1	T	1:1	T:1	0	11	0						1	1	1	1
rs9349320	H1724	1	HG03937:1	rs9349320	45269814	G	T	SNV	1	1	T	1:1	T:1	0	11	0						1	1	1	1
rs9349320	H1725	1	HG00419:1	rs9349320	45269814	G	T	SNV	1	1	T	1:1	T:1	0	11	0						1	1	1	1
rs9349320	H1726	1	HG01871:1	rs9349320	45269814	G	T	SNV	1	1	T	1:1	T:1	0	11	0						1	1	1	1
rs9349320	H1727	1	NA18539:1	rs9349320	45269814	G	T	SNV	1	1	T	1:1	T:1	0	11	0						1	1	1	1
rs9349320	H1728	1	NA18949:2	rs9349320	45269814	G	T	SNV	1	1	T	1:1	T:1	0	11	0						1	1	1	1
rs9349320	H1729	1	HG02180:1	rs9349320	45269814	G	T	SNV	1	1	T	1:1	T:1	0	11	0						1	1	1	1
rs9349320	H173	4	HG01883:1;NA18933:2;NA19238:1;NA19307:1	rs9349320	45269814	G	T	SNV	4	1	T	1:4	T:4	0	11	0						1	1	1	1
rs9349320	H1730	1	HG02392:2	rs9349320	45269814	G	T	SNV	1	1	T	1:1	T:1	0	11	0						1	1	1	1
rs9349320	H1731	1	HG02398:1	rs9349320	45269814	G	T	SNV	1	1	T	1:1	T:1	0	11	0						1	1	1	1
rs9349320	H1732	1	NA18749:2	rs9349320	45269814	G	T	SNV	1	1	T	1:1	T:1	0	11	0						1	1	1	1
rs9349320	H1733	1	HG01813:1	rs9349320	45269814	G	T	SNV	1	1	T	1:1	T:1	0	11	0						1	1	1	1
rs9349320	H1734	1	HG02374:2	rs9349320	45269814	G	T	SNV	1	1	T	1:1	T:1	0	11	0						1	1	1	1
rs9349320	H1735	1	HG03636:1	rs9349320	45269814	G	T	SNV	1	1	T	1:1	T:1	0	11	0						1	1	1	1
rs9349320	H1736	1	HG02721:1	rs9349320	45269814	G	T	SNV	1	1	T	1:1	T:1	0	11	0						1	1	1	1
rs9349320	H1737	1	NA20289:1	rs9349320	45269814	G	T	SNV	1	1	T	1:1	T:1	0	11	0						1	1	1	1
rs9349320	H1738	1	HG02052:2	rs9349320	45269814	G	T	SNV	1	1	T	1:1	T:1	0	11	0						1	1	1	1
rs9349320	H1739	1	HG03241:2	rs9349320	45269814	G	T	SNV	1	1	T	1:1	T:1	0	11	0						1	1	1	1
rs9349320	H174	4	HG00380:1;HG00740:2;HG01628:2;NA12813:2	rs9349320	45269814	G	T	SNV	4	1	T	1:4	T:4	0	11	0						1	1	1	1
rs9349320	H1740	1	HG02588:1	rs9349320	45269814	G	T	SNV	1	1	T	1:1	T:1	0	11	0						1	1	1	1
rs9349320	H1741	1	HG02582:1	rs9349320	45269814	G	T	SNV	1	1	T	1:1	T:1	0	11	0						1	1	1	1
rs9349320	H1742	1	HG02621:1	rs9349320	45269814	G	T	SNV	1	1	T	1:1	T:1	0	11	0						1	1	1	1
rs9349320	H1743	1	NA19436:1	rs9349320	45269814	G	T	SNV	1	1	T	1:1	T:1	0	11	0						1	1	1	1
rs9349320	H1744	1	HG03115:2	rs9349320	45269814	G	T	SNV	1	1	T	1:1	T:1	0	11	0						1	1	1	1
rs9349320	H1745	1	NA19310:1	rs9349320	45269814	G	T	SNV	1	1	T	1:1	T:1	0	11	0						1	1	1	1
rs9349320	H1746	1	NA20348:2	rs9349320	45269814	G	T	SNV	1	1	T	1:1	T:1	0	11	0						1	1	1	1
rs9349320	H1747	1	NA19923:2	rs9349320	45269814	G	T	SNV	1	1	T	1:1	T:1	0	11	0						1	1	1	1
rs9349320	H1748	1	NA19036:2	rs9349320	45269814	G	T	SNV	1	1	T	1:1	T:1	0	11	0						1	1	1	1
rs9349320	H1749	1	NA19149:2	rs9349320	45269814	G	T	SNV	1	1	T	1:1	T:1	0	11	0						1	1	1	1
rs9349320	H175	4	HG02427:1;HG02676:1;HG02947:2;HG03135:2	rs9349320	45269814	G	T	SNV	4	1	T	1:4	T:4	0	11	0						1	1	1	1
rs9349320	H1750	1	NA18520:1	rs9349320	45269814	G	T	SNV	1	1	T	1:1	T:1	0	11	0						1	1	1	1
rs9349320	H1751	1	NA19472:1	rs9349320	45269814	G	T	SNV	1	1	T	1:1	T:1	0	11	0						1	1	1	1
rs9349320	H1752	1	NA19466:2	rs9349320	45269814	G	T	SNV	1	1	T	1:1	T:1	0	11	0						1	1	1	1
rs9349320	H1753	1	HG01197:1	rs9349320	45269814	G	T	SNV	1	1	T	1:1	T:1	0	11	0						1	1	1	1
rs9349320	H1754	1	NA19457:2	rs9349320	45269814	G	T	SNV	1	1	T	1:1	T:1	0	11	0						1	1	1	1
rs9349320	H1755	1	HG02971:1	rs9349320	45269814	G	T	SNV	1	1	T	1:1	T:1	0	11	0						1	1	1	1
rs9349320	H1756	1	NA18864:2	rs9349320	45269814	G	T	SNV	1	1	T	1:1	T:1	0	11	0						1	1	1	1
rs9349320	H1757	1	HG01556:1	rs9349320	45269814	G	T	SNV	1	1	T	1:1	T:1	0	11	0						1	1	1	1
rs9349320	H1758	1	NA19095:2	rs9349320	45269814	G	T	SNV	1	1	T	1:1	T:1	0	11	0						1	1	1	1
rs9349320	H1759	1	HG03063:1	rs9349320	45269814	G	T	SNV	1	1	T	1:1	T:1	0	11	0						1	1	1	1
rs9349320	H176	4	HG02681:2;HG02682:1;HG03619:1;NA20877:1	rs9349320	45269814	G	T	SNV	4	1	T	1:4	T:4	0	11	0						1	1	1	1
rs9349320	H1760	1	HG02646:1	rs9349320	45269814	G	T	SNV	1	1	T	1:1	T:1	0	11	0						1	1	1	1
rs9349320	H1761	1	HG03078:2	rs9349320	45269814	G	T	SNV	1	1	T	1:1	T:1	0	11	0						1	1	1	1
rs9349320	H1762	1	NA19175:1	rs9349320	45269814	G	T	SNV	1	1	T	1:1	T:1	0	11	0						1	1	1	1
rs9349320	H1763	1	HG02541:2	rs9349320	45269814	G	T	SNV	1	1	T	1:1	T:1	0	11	0						1	1	1	1
rs9349320	H1764	1	HG02968:2	rs9349320	45269814	G	T	SNV	1	1	T	1:1	T:1	0	11	0						1	1	1	1
rs9349320	H1765	1	NA12775:1	rs9349320	45269814	G	T	SNV	1	1	T	1:1	T:1	0	11	0						1	1	1	1
rs9349320	H1766	1	HG02323:2	rs9349320	45269814	G	T	SNV	1	1	T	1:1	T:1	0	11	0						1	1	1	1
rs9349320	H1767	1	NA19308:2	rs9349320	45269814	G	T	SNV	1	1	T	1:1	T:1	0	11	0						1	1	1	1
rs9349320	H1768	1	NA19429:1	rs9349320	45269814	G	T	SNV	1	1	T	1:1	T:1	0	11	0						1	1	1	1
rs9349320	H1769	1	NA19028:1	rs9349320	45269814	G	T	SNV	1	1	T	1:1	T:1	0	11	0						1	1	1	1
rs9349320	H177	4	HG01967:1;HG02696:1;NA19648:1;NA20904:2	rs9349320	45269814	G	T	SNV	4	1	T	1:4	T:4	0	11	0						1	1	1	1
rs9349320	H1770	1	HG03485:1	rs9349320	45269814	G	T	SNV	1	1	T	1:1	T:1	0	11	0						1	1	1	1
rs9349320	H1771	1	HG03039:1	rs9349320	45269814	G	T	SNV	1	1	T	1:1	T:1	0	11	0						1	1	1	1
rs9349320	H1772	1	NA19117:2	rs9349320	45269814	G	T	SNV	1	1	T	1:1	T:1	0	11	0						1	1	1	1
rs9349320	H1773	1	HG02623:1	rs9349320	45269814	G	T	SNV	1	1	T	1:1	T:1	0	11	0						1	1	1	1
rs9349320	H1774	1	HG02971:2	rs9349320	45269814	G	T	SNV	1	1	T	1:1	T:1	0	11	0						1	1	1	1
rs9349320	H1775	1	NA19153:2	rs9349320	45269814	G	T	SNV	1	1	T	1:1	T:1	0	11	0						1	1	1	1
rs9349320	H1776	1	HG02981:2	rs9349320	45269814	G	T	SNV	1	1	T	1:1	T:1	0	11	0						1	1	1	1
rs9349320	H1777	1	HG03082:1	rs9349320	45269814	G	T	SNV	1	1	T	1:1	T:1	0	11	0						1	1	1	1
rs9349320	H1778	1	HG03057:2	rs9349320	45269814	G	T	SNV	1	1	T	1:1	T:1	0	11	0						1	1	1	1
rs9349320	H1779	1	HG03538:2	rs9349320	45269814	G	T	SNV	1	1	T	1:1	T:1	0	11	0						1	1	1	1
rs9349320	H178	4	HG01598:2;HG02069:2;HG02085:2;NA18632:1	rs9349320	45269814	G	T	SNV	4	1	T	1:4	T:4	0	11	0						1	1	1	1
rs9349320	H1780	1	NA20340:2	rs9349320	45269814	G	T	SNV	1	1	T	1:1	T:1	0	11	0						1	1	1	1
rs9349320	H1781	1	HG02256:1	rs9349320	45269814	G	T	SNV	1	1	T	1:1	T:1	0	11	0						1	1	1	1
rs9349320	H1782	1	HG02896:2	rs9349320	45269814	G	T	SNV	1	1	T	1:1	T:1	0	11	0						1	1	1	1
rs9349320	H1783	1	HG03061:1	rs9349320	45269814	G	T	SNV	1	1	T	1:1	T:1	0	11	0						1	1	1	1
rs9349320	H1784	1	HG02879:1	rs9349320	45269814	G	T	SNV	1	1	T	1:1	T:1	0	11	0						1	1	1	1
rs9349320	H1785	1	NA19096:1	rs9349320	45269814	G	T	SNV	1	1	T	1:1	T:1	0	11	0						1	1	1	1
rs9349320	H1786	1	HG02580:2	rs9349320	45269814	G	T	SNV	1	1	T	1:1	T:1	0	11	0						1	1	1	1
rs9349320	H1787	1	HG03485:2	rs9349320	45269814	G	T	SNV	1	1	T	1:1	T:1	0	11	0						1	1	1	1
rs9349320	H1788	1	HG01248:1	rs9349320	45269814	G	T	SNV	1	1	T	1:1	T:1	0	11	0						1	1	1	1
rs9349320	H1789	1	HG03166:1	rs9349320	45269814	G	T	SNV	1	1	T	1:1	T:1	0	11	0						1	1	1	1
rs9349320	H179	4	HG00632:1;HG00684:1;HG01868:2;HG02375:1	rs9349320	45269814	G	T	SNV	4	1	T	1:4	T:4	0	11	0						1	1	1	1
rs9349320	H1790	1	HG02946:2	rs9349320	45269814	G	T	SNV	1	1	T	1:1	T:1	0	11	0						1	1	1	1
rs9349320	H1791	1	HG02583:1	rs9349320	45269814	G	T	SNV	1	1	T	1:1	T:1	0	11	0						1	1	1	1
rs9349320	H1792	1	HG01139:1	rs9349320	45269814	G	T	SNV	1	1	T	1:1	T:1	0	11	0						1	1	1	1
rs9349320	H1793	1	HG02471:2	rs9349320	45269814	G	T	SNV	1	1	T	1:1	T:1	0	11	0						1	1	1	1
rs9349320	H1794	1	HG01110:2	rs9349320	45269814	G	T	SNV	1	1	T	1:1	T:1	0	11	0						1	1	1	1
rs9349320	H1795	1	NA19916:2	rs9349320	45269814	G	T	SNV	1	1	T	1:1	T:1	0	11	0						1	1	1	1
rs9349320	H1796	1	NA19024:1	rs9349320	45269814	G	T	SNV	1	1	T	1:1	T:1	0	11	0						1	1	1	1
rs9349320	H1797	1	HG02645:2	rs9349320	45269814	G	T	SNV	1	1	T	1:1	T:1	0	11	0						1	1	1	1
rs9349320	H1798	1	NA19390:1	rs9349320	45269814	G	T	SNV	1	1	T	1:1	T:1	0	11	0						1	1	1	1
rs9349320	H1799	1	HG03127:1	rs9349320	45269814	G	T	SNV	1	1	T	1:1	T:1	0	11	0						1	1	1	1
rs9349320	H18	11	HG00146:1;HG01094:1;HG01111:1;HG01435:2;HG01437:2;HG01438:1;HG01710:2;HG01935:2;HG02496:1;NA12043:2;NA20786:2	rs9349320	45269814	G	T	SNV	11	1	T	1:11	T:11	0	11	1						1	1	1	1
rs9349320	H180	4	NA19025:2;NA19323:2;NA19338:2;NA19384:2	rs9349320	45269814	G	T	SNV	4	1	T	1:4	T:4	0	11	0						1	1	1	1
rs9349320	H1800	1	HG03040:1	rs9349320	45269814	G	T	SNV	1	1	T	1:1	T:1	0	11	0						1	1	1	1
rs9349320	H1801	1	NA19920:1	rs9349320	45269814	G	T	SNV	1	1	T	1:1	T:1	0	11	0						1	1	1	1
rs9349320	H1802	1	HG03539:2	rs9349320	45269814	G	T	SNV	1	1	T	1:1	T:1	0	11	0						1	1	1	1
rs9349320	H1803	1	HG03518:2	rs9349320	45269814	G	T	SNV	1	1	T	1:1	T:1	0	11	0						1	1	1	1
rs9349320	H1804	1	HG01882:2	rs9349320	45269814	G	T	SNV	1	1	T	1:1	T:1	0	11	0						1	1	1	1
rs9349320	H1805	1	NA19451:2	rs9349320	45269814	G	T	SNV	1	1	T	1:1	T:1	0	11	0						1	1	1	1
rs9349320	H1806	1	NA19452:2	rs9349320	45269814	G	T	SNV	1	1	T	1:1	T:1	0	11	0						1	1	1	1
rs9349320	H1807	1	HG02973:2	rs9349320	45269814	G	T	SNV	1	1	T	1:1	T:1	0	11	0						1	1	1	1
rs9349320	H1808	1	NA19149:1	rs9349320	45269814	G	T	SNV	1	1	T	1:1	T:1	0	11	0						1	1	1	1
rs9349320	H1809	1	NA19372:1	rs9349320	45269814	G	T	SNV	1	1	T	1:1	T:1	0	11	0						1	1	1	1
rs9349320	H181	4	HG04134:1;NA21099:1;NA21102:2;NA21112:2	rs9349320	45269814	G	T	SNV	4	1	T	1:4	T:4	0	11	0						1	1	1	1
rs9349320	H1810	1	NA19383:2	rs9349320	45269814	G	T	SNV	1	1	T	1:1	T:1	0	11	0						1	1	1	1
rs9349320	H1811	1	HG03112:1	rs9349320	45269814	G	T	SNV	1	1	T	1:1	T:1	0	11	0						1	1	1	1
rs9349320	H1812	1	NA18502:1	rs9349320	45269814	G	T	SNV	1	1	T	1:1	T:1	0	11	0						1	1	1	1
rs9349320	H1813	1	NA18912:2	rs9349320	45269814	G	T	SNV	1	1	T	1:1	T:1	0	11	0						1	1	1	1
rs9349320	H1814	1	HG02461:2	rs9349320	45269814	G	T	SNV	1	1	T	1:1	T:1	0	11	0						1	1	1	1
rs9349320	H1815	1	NA19397:1	rs9349320	45269814	G	T	SNV	1	1	T	1:1	T:1	0	11	0						1	1	1	1
rs9349320	H1816	1	NA19445:2	rs9349320	45269814	G	T	SNV	1	1	T	1:1	T:1	0	11	0						1	1	1	1
rs9349320	H1817	1	NA19463:1	rs9349320	45269814	G	T	SNV	1	1	T	1:1	T:1	0	11	0						1	1	1	1
rs9349320	H1818	1	NA19397:2	rs9349320	45269814	G	T	SNV	1	1	T	1:1	T:1	0	11	0						1	1	1	1
rs9349320	H1819	1	NA19393:2	rs9349320	45269814	G	T	SNV	1	1	T	1:1	T:1	0	11	0						1	1	1	1
rs9349320	H182	4	HG03718:1;HG03729:2;HG03771:2;NA20881:2	rs9349320	45269814	G	T	SNV	4	1	T	1:4	T:4	0	11	0						1	1	1	1
rs9349320	H1820	1	HG02574:2	rs9349320	45269814	G	T	SNV	1	1	T	1:1	T:1	0	11	0						1	1	1	1
rs9349320	H1821	1	HG02884:1	rs9349320	45269814	G	T	SNV	1	1	T	1:1	T:1	0	11	0						1	1	1	1
rs9349320	H1822	1	HG02702:2	rs9349320	45269814	G	T	SNV	1	1	T	1:1	T:1	0	11	0						1	1	1	1
rs9349320	H1823	1	HG03061:2	rs9349320	45269814	G	T	SNV	1	1	T	1:1	T:1	0	11	0						1	1	1	1
rs9349320	H1824	1	NA20278:2	rs9349320	45269814	G	T	SNV	1	1	T	1:1	T:1	0	11	0						1	1	1	1
rs9349320	H1825	1	NA19035:1	rs9349320	45269814	G	T	SNV	1	1	T	1:1	T:1	0	11	0						1	1	1	1
rs9349320	H1826	1	HG03565:1	rs9349320	45269814	G	T	SNV	1	1	T	1:1	T:1	0	11	0						1	1	1	1
rs9349320	H1827	1	NA19031:1	rs9349320	45269814	G	T	SNV	1	1	T	1:1	T:1	0	11	0						1	1	1	1
rs9349320	H1828	1	NA19355:1	rs9349320	45269814	G	T	SNV	1	1	T	1:1	T:1	0	11	0						1	1	1	1
rs9349320	H1829	1	NA18870:2	rs9349320	45269814	G	T	SNV	1	1	T	1:1	T:1	0	11	0						1	1	1	1
rs9349320	H183	3	HG02010:2;HG03199:2;NA18502:2	rs9349320	45269814	G	T	SNV	3	1	T	1:3	T:3	0	11	0						1	1	1	1
rs9349320	H1830	1	NA19144:2	rs9349320	45269814	G	T	SNV	1	1	T	1:1	T:1	0	11	0						1	1	1	1
rs9349320	H1831	1	HG03445:2	rs9349320	45269814	G	T	SNV	1	1	T	1:1	T:1	0	11	0						1	1	1	1
rs9349320	H1832	1	HG03267:1	rs9349320	45269814	G	T	SNV	1	1	T	1:1	T:1	0	11	0						1	1	1	1
rs9349320	H1833	1	NA19449:1	rs9349320	45269814	G	T	SNV	1	1	T	1:1	T:1	0	11	0						1	1	1	1
rs9349320	H1834	1	NA19372:2	rs9349320	45269814	G	T	SNV	1	1	T	1:1	T:1	0	11	0						1	1	1	1
rs9349320	H1835	1	NA19308:1	rs9349320	45269814	G	T	SNV	1	1	T	1:1	T:1	0	11	0						1	1	1	1
rs9349320	H1836	1	NA19380:2	rs9349320	45269814	G	T	SNV	1	1	T	1:1	T:1	0	11	0						1	1	1	1
rs9349320	H1837	1	HG02462:2	rs9349320	45269814	G	T	SNV	1	1	T	1:1	T:1	0	11	0						1	1	1	1
rs9349320	H1838	1	NA19113:2	rs9349320	45269814	G	T	SNV	1	1	T	1:1	T:1	0	11	0						1	1	1	1
rs9349320	H1839	1	HG03369:1	rs9349320	45269814	G	T	SNV	1	1	T	1:1	T:1	0	11	0						1	1	1	1
rs9349320	H184	3	HG01366:2;HG02477:2;HG03196:2	rs9349320	45269814	G	T	SNV	3	1	T	1:3	T:3	0	11	0						1	1	1	1
rs9349320	H1840	1	HG02870:2	rs9349320	45269814	G	T	SNV	1	1	T	1:1	T:1	0	11	0						1	1	1	1
rs9349320	H1841	1	NA19019:2	rs9349320	45269814	G	T	SNV	1	1	T	1:1	T:1	0	11	0						1	1	1	1
rs9349320	H1842	1	NA19141:1	rs9349320	45269814	G	T	SNV	1	1	T	1:1	T:1	0	11	0						1	1	1	1
rs9349320	H1843	1	HG03369:2	rs9349320	45269814	G	T	SNV	1	1	T	1:1	T:1	0	11	0						1	1	1	1
rs9349320	H1844	1	NA19099:1	rs9349320	45269814	G	T	SNV	1	1	T	1:1	T:1	0	11	0						1	1	1	1
rs9349320	H1845	1	HG03117:2	rs9349320	45269814	G	T	SNV	1	1	T	1:1	T:1	0	11	0						1	1	1	1
rs9349320	H1846	1	HG03547:1	rs9349320	45269814	G	T	SNV	1	1	T	1:1	T:1	0	11	0						1	1	1	1
rs9349320	H1847	1	NA19316:1	rs9349320	45269814	G	T	SNV	1	1	T	1:1	T:1	0	11	0						1	1	1	1
rs9349320	H1848	1	NA19185:1	rs9349320	45269814	G	T	SNV	1	1	T	1:1	T:1	0	11	0						1	1	1	1
rs9349320	H1849	1	HG01610:2	rs9349320	45269814	G	T	SNV	1	1	T	1:1	T:1	0	11	0						1	1	1	1
rs9349320	H185	3	HG02561:1;HG02768:1;HG03028:1	rs9349320	45269814	G	T	SNV	3	1	T	1:3	T:3	0	11	0						1	1	1	1
rs9349320	H1850	1	HG02882:2	rs9349320	45269814	G	T	SNV	1	1	T	1:1	T:1	0	11	0						1	1	1	1
rs9349320	H1851	1	HG03246:2	rs9349320	45269814	G	T	SNV	1	1	T	1:1	T:1	0	11	0						1	1	1	1
rs9349320	H1852	1	HG03460:2	rs9349320	45269814	G	T	SNV	1	1	T	1:1	T:1	0	11	0						1	1	1	1
rs9349320	H1853	1	NA19200:2	rs9349320	45269814	G	T	SNV	1	1	T	1:1	T:1	0	11	0						1	1	1	1
rs9349320	H1854	1	NA19210:1	rs9349320	45269814	G	T	SNV	1	1	T	1:1	T:1	0	11	0						1	1	1	1
rs9349320	H1855	1	NA19210:2	rs9349320	45269814	G	T	SNV	1	1	T	1:1	T:1	0	11	0						1	1	1	1
rs9349320	H1856	1	HG02501:2	rs9349320	45269814	G	T	SNV	1	1	T	1:1	T:1	0	11	0						1	1	1	1
rs9349320	H1857	1	NA19118:1	rs9349320	45269814	G	T	SNV	1	1	T	1:1	T:1	0	11	0						1	1	1	1
rs9349320	H1858	1	HG02348:1	rs9349320	45269814	G	T	SNV	1	1	T	1:1	T:1	0	11	0						1	1	1	1
rs9349320	H1859	1	NA19119:2	rs9349320	45269814	G	T	SNV	1	1	T	1:1	T:1	0	11	0						1	1	1	1
rs9349320	H186	3	HG01896:2;HG02455:1;NA19172:1	rs9349320	45269814	G	T	SNV	3	1	T	1:3	T:3	0	11	0						1	1	1	1
rs9349320	H1860	1	NA19316:2	rs9349320	45269814	G	T	SNV	1	1	T	1:1	T:1	0	11	0						1	1	1	1
rs9349320	H1861	1	NA19027:1	rs9349320	45269814	G	T	SNV	1	1	T	1:1	T:1	0	11	0						1	1	1	1
rs9349320	H1862	1	NA19438:2	rs9349320	45269814	G	T	SNV	1	1	T	1:1	T:1	0	11	0						1	1	1	1
rs9349320	H1863	1	NA19404:1	rs9349320	45269814	G	T	SNV	1	1	T	1:1	T:1	0	11	0						1	1	1	1
rs9349320	H1864	1	NA19309:1	rs9349320	45269814	G	T	SNV	1	1	T	1:1	T:1	0	11	0						1	1	1	1
rs9349320	H1865	1	NA18499:2	rs9349320	45269814	G	T	SNV	1	1	T	1:1	T:1	0	11	0						1	1	1	1
rs9349320	H1866	1	HG02054:2	rs9349320	45269814	G	T	SNV	1	1	T	1:1	T:1	0	11	0						1	1	1	1
rs9349320	H1867	1	HG02558:1	rs9349320	45269814	G	T	SNV	1	1	T	1:1	T:1	0	11	0						1	1	1	1
rs9349320	H1868	1	HG03097:2	rs9349320	45269814	G	T	SNV	1	1	T	1:1	T:1	0	11	0						1	1	1	1
rs9349320	H1869	1	NA19374:2	rs9349320	45269814	G	T	SNV	1	1	T	1:1	T:1	0	11	0						1	1	1	1
rs9349320	H187	3	HG01762:2;HG01777:1;NA20529:2	rs9349320	45269814	G	T	SNV	3	1	T	1:3	T:3	0	11	0						1	1	1	1
rs9349320	H1870	1	HG02439:2	rs9349320	45269814	G	T	SNV	1	1	T	1:1	T:1	0	11	0						1	1	1	1
rs9349320	H1871	1	NA18508:2	rs9349320	45269814	G	T	SNV	1	1	T	1:1	T:1	0	11	0						1	1	1	1
rs9349320	H1872	1	NA18867:2	rs9349320	45269814	G	T	SNV	1	1	T	1:1	T:1	0	11	0						1	1	1	1
rs9349320	H1873	1	NA18510:1	rs9349320	45269814	G	T	SNV	1	1	T	1:1	T:1	0	11	0						1	1	1	1
rs9349320	H1874	1	NA19201:1	rs9349320	45269814	G	T	SNV	1	1	T	1:1	T:1	0	11	0						1	1	1	1
rs9349320	H1875	1	NA19159:2	rs9349320	45269814	G	T	SNV	1	1	T	1:1	T:1	0	11	0						1	1	1	1
rs9349320	H1876	1	NA19834:1	rs9349320	45269814	G	T	SNV	1	1	T	1:1	T:1	0	11	0						1	1	1	1
rs9349320	H1877	1	NA18868:2	rs9349320	45269814	G	T	SNV	1	1	T	1:1	T:1	0	11	0						1	1	1	1
rs9349320	H1878	1	NA19257:1	rs9349320	45269814	G	T	SNV	1	1	T	1:1	T:1	0	11	0						1	1	1	1
rs9349320	H1879	1	NA19312:1	rs9349320	45269814	G	T	SNV	1	1	T	1:1	T:1	0	11	0						1	1	1	1
rs9349320	H188	3	HG02029:1;HG02355:1;NA18648:1	rs9349320	45269814	G	T	SNV	3	1	T	1:3	T:3	0	11	0						1	1	1	1
rs9349320	H1880	1	NA19914:2	rs9349320	45269814	G	T	SNV	1	1	T	1:1	T:1	0	11	0						1	1	1	1
rs9349320	H1881	1	NA19700:1	rs9349320	45269814	G	T	SNV	1	1	T	1:1	T:1	0	11	0						1	1	1	1
rs9349320	H1882	1	NA19449:2	rs9349320	45269814	G	T	SNV	1	1	T	1:1	T:1	0	11	0						1	1	1	1
rs9349320	H1883	1	NA19385:1	rs9349320	45269814	G	T	SNV	1	1	T	1:1	T:1	0	11	0						1	1	1	1
rs9349320	H1884	1	HG01915:2	rs9349320	45269814	G	T	SNV	1	1	T	1:1	T:1	0	11	0						1	1	1	1
rs9349320	H1885	1	NA19913:1	rs9349320	45269814	G	T	SNV	1	1	T	1:1	T:1	0	11	0						1	1	1	1
rs9349320	H1886	1	HG00596:1	rs9349320	45269814	G	T	SNV	1	1	T	1:1	T:1	0	11	0						1	1	1	1
rs9349320	H1887	1	NA19030:2	rs9349320	45269814	G	T	SNV	1	1	T	1:1	T:1	0	11	0						1	1	1	1
rs9349320	H1888	1	NA20320:2	rs9349320	45269814	G	T	SNV	1	1	T	1:1	T:1	0	11	0						1	1	1	1
rs9349320	H1889	1	NA20321:2	rs9349320	45269814	G	T	SNV	1	1	T	1:1	T:1	0	11	0						1	1	1	1
rs9349320	H189	3	HG01061:1;HG01102:1;HG01303:1	rs9349320	45269814	G	T	SNV	3	1	T	1:3	T:3	0	11	0						1	1	1	1
rs9349320	H1890	1	HG02152:2	rs9349320	45269814	G	T	SNV	1	1	T	1:1	T:1	0	11	0						1	1	1	1
rs9349320	H1891	1	HG00458:2	rs9349320	45269814	G	T	SNV	1	1	T	1:1	T:1	0	11	0						1	1	1	1
rs9349320	H1892	1	NA19004:2	rs9349320	45269814	G	T	SNV	1	1	T	1:1	T:1	0	11	0						1	1	1	1
rs9349320	H1893	1	HG00244:2	rs9349320	45269814	G	T	SNV	1	1	T	1:1	T:1	0	11	0						1	1	1	1
rs9349320	H1894	1	HG02675:1	rs9349320	45269814	G	T	SNV	1	1	T	1:1	T:1	0	11	0						1	1	1	1
rs9349320	H1895	1	HG02807:1	rs9349320	45269814	G	T	SNV	1	1	T	1:1	T:1	0	11	0						1	1	1	1
rs9349320	H1896	1	HG03039:2	rs9349320	45269814	G	T	SNV	1	1	T	1:1	T:1	0	11	0						1	1	1	1
rs9349320	H1897	1	HG02811:2	rs9349320	45269814	G	T	SNV	1	1	T	1:1	T:1	0	11	0						1	1	1	1
rs9349320	H1898	1	NA18516:1	rs9349320	45269814	G	T	SNV	1	1	T	1:1	T:1	0	11	0						1	1	1	1
rs9349320	H1899	1	HG02232:1	rs9349320	45269814	G	T	SNV	1	1	T	1:1	T:1	0	11	0						1	1	1	1
rs9349320	H19	11	HG01892:1;HG02485:2;HG02545:1;HG02860:2;HG02861:1;HG02938:1;HG03046:2;HG03458:2;NA19028:2;NA19338:1;NA19448:2	rs9349320	45269814	G	T	SNV	11	1	T	1:11	T:11	0	11	1						1	1	1	1
rs9349320	H190	3	HG04001:1;NA21094:1;NA21106:2	rs9349320	45269814	G	T	SNV	3	1	T	1:3	T:3	0	11	0						1	1	1	1
rs9349320	H1900	1	HG00537:1	rs9349320	45269814	G	T	SNV	1	1	T	1:1	T:1	0	11	0						1	1	1	1
rs9349320	H1901	1	HG00690:1	rs9349320	45269814	G	T	SNV	1	1	T	1:1	T:1	0	11	0						1	1	1	1
rs9349320	H1902	1	HG01795:1	rs9349320	45269814	G	T	SNV	1	1	T	1:1	T:1	0	11	0						1	1	1	1
rs9349320	H1903	1	NA18561:2	rs9349320	45269814	G	T	SNV	1	1	T	1:1	T:1	0	11	0						1	1	1	1
rs9349320	H1904	1	NA18560:1	rs9349320	45269814	G	T	SNV	1	1	T	1:1	T:1	0	11	0						1	1	1	1
rs9349320	H1905	1	HG02154:2	rs9349320	45269814	G	T	SNV	1	1	T	1:1	T:1	0	11	0						1	1	1	1
rs9349320	H1906	1	NA18629:2	rs9349320	45269814	G	T	SNV	1	1	T	1:1	T:1	0	11	0						1	1	1	1
rs9349320	H1907	1	HG00513:2	rs9349320	45269814	G	T	SNV	1	1	T	1:1	T:1	0	11	0						1	1	1	1
rs9349320	H1908	1	NA18577:2	rs9349320	45269814	G	T	SNV	1	1	T	1:1	T:1	0	11	0						1	1	1	1
rs9349320	H1909	1	NA18534:2	rs9349320	45269814	G	T	SNV	1	1	T	1:1	T:1	0	11	0						1	1	1	1
rs9349320	H191	3	NA20875:1;NA21090:1;NA21129:1	rs9349320	45269814	G	T	SNV	3	1	T	1:3	T:3	0	11	0						1	1	1	1
rs9349320	H1910	1	NA18565:1	rs9349320	45269814	G	T	SNV	1	1	T	1:1	T:1	0	11	0						1	1	1	1
rs9349320	H1911	1	NA18555:1	rs9349320	45269814	G	T	SNV	1	1	T	1:1	T:1	0	11	0						1	1	1	1
rs9349320	H1912	1	HG00409:2	rs9349320	45269814	G	T	SNV	1	1	T	1:1	T:1	0	11	0						1	1	1	1
rs9349320	H1913	1	HG02016:2	rs9349320	45269814	G	T	SNV	1	1	T	1:1	T:1	0	11	0						1	1	1	1
rs9349320	H1914	1	NA18538:1	rs9349320	45269814	G	T	SNV	1	1	T	1:1	T:1	0	11	0						1	1	1	1
rs9349320	H1915	1	NA19401:1	rs9349320	45269814	G	T	SNV	1	1	T	1:1	T:1	0	11	0						1	1	1	1
rs9349320	H1916	1	NA19321:1	rs9349320	45269814	G	T	SNV	1	1	T	1:1	T:1	0	11	0						1	1	1	1
rs9349320	H1917	1	NA19440:1	rs9349320	45269814	G	T	SNV	1	1	T	1:1	T:1	0	11	0						1	1	1	1
rs9349320	H1918	1	NA19332:1	rs9349320	45269814	G	T	SNV	1	1	T	1:1	T:1	0	11	0						1	1	1	1
rs9349320	H1919	1	NA19625:1	rs9349320	45269814	G	T	SNV	1	1	T	1:1	T:1	0	11	0						1	1	1	1
rs9349320	H192	3	HG03653:2;HG03770:2;NA21123:1	rs9349320	45269814	G	T	SNV	3	1	T	1:3	T:3	0	11	0						1	1	1	1
rs9349320	H1920	1	HG03127:2	rs9349320	45269814	G	T	SNV	1	1	T	1:1	T:1	0	11	0						1	1	1	1
rs9349320	H1921	1	NA21097:1	rs9349320	45269814	G	T	SNV	1	0	G	0:1	G:1	0	11	0						1	1	0	0
rs9349320	H1922	1	NA12003:2	rs9349320	45269814	G	T	SNV	1	0	G	0:1	G:1	0	11	0						1	1	0	0
rs9349320	H1923	1	HG00276:1	rs9349320	45269814	G	T	SNV	1	0	G	0:1	G:1	0	11	0						1	1	0	0
rs9349320	H1924	1	HG00269:2	rs9349320	45269814	G	T	SNV	1	0	G	0:1	G:1	0	11	0						1	1	0	0
rs9349320	H1925	1	NA12873:2	rs9349320	45269814	G	T	SNV	1	0	G	0:1	G:1	0	11	0						1	1	0	0
rs9349320	H1926	1	NA12889:1	rs9349320	45269814	G	T	SNV	1	1	T	1:1	T:1	0	11	0						1	1	1	1
rs9349320	H1927	1	HG01104:2	rs9349320	45269814	G	T	SNV	1	0	G	0:1	G:1	0	11	0						1	1	0	0
rs9349320	H1928	1	HG00096:2	rs9349320	45269814	G	T	SNV	1	0	G	0:1	G:1	0	11	0						1	1	0	0
rs9349320	H1929	1	HG01312:2	rs9349320	45269814	G	T	SNV	1	1	T	1:1	T:1	0	11	0						1	1	1	1
rs9349320	H193	3	HG01164:1;HG01593:1;NA21143:1	rs9349320	45269814	G	T	SNV	3	1	T	1:3	T:3	0	11	0						1	1	1	1
rs9349320	H1930	1	HG02772:1	rs9349320	45269814	G	T	SNV	1	1	T	1:1	T:1	0	11	0						1	1	1	1
rs9349320	H1931	1	HG03212:1	rs9349320	45269814	G	T	SNV	1	1	T	1:1	T:1	0	11	0						1	1	1	1
rs9349320	H1932	1	HG03224:1	rs9349320	45269814	G	T	SNV	1	1	T	1:1	T:1	0	11	0						1	1	1	1
rs9349320	H1933	1	NA18917:1	rs9349320	45269814	G	T	SNV	1	1	T	1:1	T:1	0	11	0						1	1	1	1
rs9349320	H1934	1	HG03157:2	rs9349320	45269814	G	T	SNV	1	1	T	1:1	T:1	0	11	0						1	1	1	1
rs9349320	H1935	1	HG02771:2	rs9349320	45269814	G	T	SNV	1	1	T	1:1	T:1	0	11	0						1	1	1	1
rs9349320	H1936	1	NA18867:1	rs9349320	45269814	G	T	SNV	1	1	T	1:1	T:1	0	11	0						1	1	1	1
rs9349320	H1937	1	HG02870:1	rs9349320	45269814	G	T	SNV	1	1	T	1:1	T:1	0	11	0						1	1	1	1
rs9349320	H1938	1	HG03660:2	rs9349320	45269814	G	T	SNV	1	1	T	1:1	T:1	0	11	0						1	1	1	1
rs9349320	H1939	1	NA19681:2	rs9349320	45269814	G	T	SNV	1	1	T	1:1	T:1	0	11	0						1	1	1	1
rs9349320	H194	3	HG01073:2;HG01079:1;HG01187:1	rs9349320	45269814	G	T	SNV	3	1	T	1:3	T:3	0	11	0						1	1	1	1
rs9349320	H1940	1	HG01089:1	rs9349320	45269814	G	T	SNV	1	1	T	1:1	T:1	0	11	0						1	1	1	1
rs9349320	H1941	1	HG03114:1	rs9349320	45269814	G	T	SNV	1	1	T	1:1	T:1	0	11	0						1	1	1	1
rs9349320	H1942	1	HG03025:2	rs9349320	45269814	G	T	SNV	1	1	T	1:1	T:1	0	11	0						1	1	1	1
rs9349320	H1943	1	HG02805:1	rs9349320	45269814	G	T	SNV	1	1	T	1:1	T:1	0	11	0						1	1	1	1
rs9349320	H1944	1	HG03027:1	rs9349320	45269814	G	T	SNV	1	1	T	1:1	T:1	0	11	0						1	1	1	1
rs9349320	H1945	1	NA18907:2	rs9349320	45269814	G	T	SNV	1	1	T	1:1	T:1	0	11	0						1	1	1	1
rs9349320	H1946	1	HG04076:2	rs9349320	45269814	G	T	SNV	1	1	T	1:1	T:1	0	11	0						1	1	1	1
rs9349320	H1947	1	HG03821:2	rs9349320	45269814	G	T	SNV	1	1	T	1:1	T:1	0	11	0						1	1	1	1
rs9349320	H1948	1	HG01272:2	rs9349320	45269814	G	T	SNV	1	1	T	1:1	T:1	0	11	0						1	1	1	1
rs9349320	H1949	1	HG01767:1	rs9349320	45269814	G	T	SNV	1	1	T	1:1	T:1	0	11	0						1	1	1	1
rs9349320	H195	3	NA19655:2;NA20508:1;NA21115:1	rs9349320	45269814	G	T	SNV	3	1	T	1:3	T:3	0	11	0						1	1	1	1
rs9349320	H1950	1	HG03833:2	rs9349320	45269814	G	T	SNV	1	1	T	1:1	T:1	0	11	0						1	1	1	1
rs9349320	H1951	1	NA19773:2	rs9349320	45269814	G	T	SNV	1	1	T	1:1	T:1	0	11	0						1	1	1	1
rs9349320	H1952	1	HG01302:2	rs9349320	45269814	G	T	SNV	1	1	T	1:1	T:1	0	11	0						1	1	1	1
rs9349320	H1953	1	HG00185:1	rs9349320	45269814	G	T	SNV	1	1	T	1:1	T:1	0	11	0						1	1	1	1
rs9349320	H1954	1	NA12829:1	rs9349320	45269814	G	T	SNV	1	1	T	1:1	T:1	0	11	0						1	1	1	1
rs9349320	H1955	1	HG00179:2	rs9349320	45269814	G	T	SNV	1	1	T	1:1	T:1	0	11	0						1	1	1	1
rs9349320	H1956	1	HG00234:2	rs9349320	45269814	G	T	SNV	1	1	T	1:1	T:1	0	11	0						1	1	1	1
rs9349320	H1957	1	NA20798:2	rs9349320	45269814	G	T	SNV	1	1	T	1:1	T:1	0	11	0						1	1	1	1
rs9349320	H1958	1	NA20757:2	rs9349320	45269814	G	T	SNV	1	1	T	1:1	T:1	0	11	0						1	1	1	1
rs9349320	H1959	1	HG01603:2	rs9349320	45269814	G	T	SNV	1	1	T	1:1	T:1	0	11	0						1	1	1	1
rs9349320	H196	3	HG02138:2;NA18546:2;NA18550:2	rs9349320	45269814	G	T	SNV	3	1	T	1:3	T:3	0	11	0						1	1	1	1
rs9349320	H1960	1	HG04239:2	rs9349320	45269814	G	T	SNV	1	1	T	1:1	T:1	0	11	0						1	1	1	1
rs9349320	H1961	1	HG01669:2	rs9349320	45269814	G	T	SNV	1	1	T	1:1	T:1	0	11	0						1	1	1	1
rs9349320	H1962	1	NA20503:1	rs9349320	45269814	G	T	SNV	1	1	T	1:1	T:1	0	11	0						1	1	1	1
rs9349320	H1963	1	NA20515:2	rs9349320	45269814	G	T	SNV	1	1	T	1:1	T:1	0	11	0						1	1	1	1
rs9349320	H1964	1	HG00121:1	rs9349320	45269814	G	T	SNV	1	1	T	1:1	T:1	0	11	0						1	1	1	1
rs9349320	H1965	1	NA19749:2	rs9349320	45269814	G	T	SNV	1	1	T	1:1	T:1	0	11	0						1	1	1	1
rs9349320	H1966	1	HG02104:2	rs9349320	45269814	G	T	SNV	1	1	T	1:1	T:1	0	11	0						1	1	1	1
rs9349320	H1967	1	HG01947:1	rs9349320	45269814	G	T	SNV	1	1	T	1:1	T:1	0	11	0						1	1	1	1
rs9349320	H1968	1	HG01586:2	rs9349320	45269814	G	T	SNV	1	1	T	1:1	T:1	0	11	0						1	1	1	1
rs9349320	H1969	1	HG03629:1	rs9349320	45269814	G	T	SNV	1	1	T	1:1	T:1	0	11	0						1	1	1	1
rs9349320	H197	3	HG00118:1;HG01075:2;NA12748:1	rs9349320	45269814	G	T	SNV	3	1	T	1:3	T:3	0	11	0						1	1	1	1
rs9349320	H1970	1	HG01608:1	rs9349320	45269814	G	T	SNV	1	1	T	1:1	T:1	0	11	0						1	1	1	1
rs9349320	H1971	1	HG00366:2	rs9349320	45269814	G	T	SNV	1	1	T	1:1	T:1	0	11	0						1	1	1	1
rs9349320	H1972	1	HG00138:2	rs9349320	45269814	G	T	SNV	1	1	T	1:1	T:1	0	11	0						1	1	1	1
rs9349320	H1973	1	NA20895:1	rs9349320	45269814	G	T	SNV	1	1	T	1:1	T:1	0	11	0						1	1	1	1
rs9349320	H1974	1	HG04176:2	rs9349320	45269814	G	T	SNV	1	1	T	1:1	T:1	0	11	0						1	1	1	1
rs9349320	H1975	1	NA20889:2	rs9349320	45269814	G	T	SNV	1	1	T	1:1	T:1	0	11	0						1	1	1	1
rs9349320	H1976	1	HG04061:2	rs9349320	45269814	G	T	SNV	1	1	T	1:1	T:1	0	11	0						1	1	1	1
rs9349320	H1977	1	HG03234:1	rs9349320	45269814	G	T	SNV	1	1	T	1:1	T:1	0	11	0						1	1	1	1
rs9349320	H1978	1	NA18605:1	rs9349320	45269814	G	T	SNV	1	1	T	1:1	T:1	0	11	0						1	1	1	1
rs9349320	H1979	1	HG03636:2	rs9349320	45269814	G	T	SNV	1	1	T	1:1	T:1	0	11	0						1	1	1	1
rs9349320	H198	3	NA18544:1;NA19006:2;NA19087:1	rs9349320	45269814	G	T	SNV	3	1	T	1:3	T:3	0	11	0						1	1	1	1
rs9349320	H1980	1	NA20852:1	rs9349320	45269814	G	T	SNV	1	1	T	1:1	T:1	0	11	0						1	1	1	1
rs9349320	H1981	1	HG01359:2	rs9349320	45269814	G	T	SNV	1	1	T	1:1	T:1	0	11	0						1	1	1	1
rs9349320	H1982	1	HG03237:1	rs9349320	45269814	G	T	SNV	1	1	T	1:1	T:1	0	11	0						1	1	1	1
rs9349320	H1983	1	HG02774:2	rs9349320	45269814	G	T	SNV	1	1	T	1:1	T:1	0	11	0						1	1	1	1
rs9349320	H1984	1	HG00372:2	rs9349320	45269814	G	T	SNV	1	1	T	1:1	T:1	0	11	0						1	1	1	1
rs9349320	H1985	1	HG00100:2	rs9349320	45269814	G	T	SNV	1	1	T	1:1	T:1	0	11	0						1	1	1	1
rs9349320	H1986	1	HG01136:2	rs9349320	45269814	G	T	SNV	1	1	T	1:1	T:1	0	11	0						1	1	1	1
rs9349320	H1987	1	NA12154:2	rs9349320	45269814	G	T	SNV	1	1	T	1:1	T:1	0	11	0						1	1	1	1
rs9349320	H1988	1	HG01269:1	rs9349320	45269814	G	T	SNV	1	1	T	1:1	T:1	0	11	0						1	1	1	1
rs9349320	H1989	1	HG02728:1	rs9349320	45269814	G	T	SNV	1	1	T	1:1	T:1	0	11	0						1	1	1	1
rs9349320	H199	3	HG01280:1;HG01360:2;HG01443:1	rs9349320	45269814	G	T	SNV	3	1	T	1:3	T:3	0	11	0						1	1	1	1
rs9349320	H1990	1	NA06986:1	rs9349320	45269814	G	T	SNV	1	1	T	1:1	T:1	0	11	0						1	1	1	1
rs9349320	H1991	1	HG03517:1	rs9349320	45269814	G	T	SNV	1	1	T	1:1	T:1	0	11	0						1	1	1	1
rs9349320	H1992	1	HG03271:1	rs9349320	45269814	G	T	SNV	1	1	T	1:1	T:1	0	11	0						1	1	1	1
rs9349320	H1993	1	HG03380:2	rs9349320	45269814	G	T	SNV	1	1	T	1:1	T:1	0	11	0						1	1	1	1
rs9349320	H1994	1	HG02947:1	rs9349320	45269814	G	T	SNV	1	1	T	1:1	T:1	0	11	0						1	1	1	1
rs9349320	H1995	1	HG01756:1	rs9349320	45269814	G	T	SNV	1	1	T	1:1	T:1	0	11	0						1	1	1	1
rs9349320	H1996	1	NA20770:2	rs9349320	45269814	G	T	SNV	1	1	T	1:1	T:1	0	11	0						1	1	1	1
rs9349320	H1997	1	HG01464:1	rs9349320	45269814	G	T	SNV	1	1	T	1:1	T:1	0	11	0						1	1	1	1
rs9349320	H1998	1	HG01447:2	rs9349320	45269814	G	T	SNV	1	1	T	1:1	T:1	0	11	0						1	1	1	1
rs9349320	H1999	1	NA18608:2	rs9349320	45269814	G	T	SNV	1	1	T	1:1	T:1	0	11	0						1	1	1	1
rs9349320	H2	34	HG00638:1;HG01083:1;HG01125:2;HG01174:1;HG01281:1;HG01348:2;HG01443:2;HG01462:1;HG01474:1;HG01495:2;HG01566:1;HG01571:2;HG01893:2;HG01924:2;HG01926:2;HG01935:1;HG01938:2;HG01951:2;HG01973:2;HG01976:2;HG01980:2;HG01992:1;HG01997:2;HG02260:2;HG02266:1;HG02271:1;HG02278:1;HG02285:1;HG02304:1;NA18631:2;NA19716:1;NA19717:2;NA19773:1;NA19777:2	rs9349320	45269814	G	T	SNV	34	1	T	1:34	T:34	0	11	1						1	1	1	1
rs9349320	H20	11	HG00108:1;HG00234:1;HG00554:2;HG01052:2;HG01137:1;HG01521:1;HG01522:2;HG01528:1;HG01610:1;HG01779:2;NA12760:2	rs9349320	45269814	G	T	SNV	11	1	T	1:11	T:11	0	11	1						1	1	1	1
rs9349320	H200	3	HG04131:2;NA19070:1;NA19079:2	rs9349320	45269814	G	T	SNV	3	1	T	1:3	T:3	0	11	0						1	1	1	1
rs9349320	H2000	1	NA18623:2	rs9349320	45269814	G	T	SNV	1	1	T	1:1	T:1	0	11	0						1	1	1	1
rs9349320	H2001	1	HG01923:1	rs9349320	45269814	G	T	SNV	1	1	T	1:1	T:1	0	11	0						1	1	1	1
rs9349320	H2002	1	HG00272:2	rs9349320	45269814	G	T	SNV	1	1	T	1:1	T:1	0	11	0						1	1	1	1
rs9349320	H2003	1	NA20276:1	rs9349320	45269814	G	T	SNV	1	1	T	1:1	T:1	0	11	0						1	1	1	1
rs9349320	H2004	1	HG03941:2	rs9349320	45269814	G	T	SNV	1	1	T	1:1	T:1	0	11	0						1	1	1	1
rs9349320	H2005	1	NA20540:2	rs9349320	45269814	G	T	SNV	1	1	T	1:1	T:1	0	11	0						1	1	1	1
rs9349320	H2006	1	HG04188:2	rs9349320	45269814	G	T	SNV	1	1	T	1:1	T:1	0	11	0						1	1	1	1
rs9349320	H2007	1	HG00705:2	rs9349320	45269814	G	T	SNV	1	1	T	1:1	T:1	0	11	0						1	1	1	1
rs9349320	H2008	1	NA18609:1	rs9349320	45269814	G	T	SNV	1	1	T	1:1	T:1	0	11	0						1	1	1	1
rs9349320	H2009	1	HG02371:2	rs9349320	45269814	G	T	SNV	1	1	T	1:1	T:1	0	11	0						1	1	1	1
rs9349320	H201	3	HG01813:2;HG02122:1;NA18566:1	rs9349320	45269814	G	T	SNV	3	1	T	1:3	T:3	0	11	0						1	1	1	1
rs9349320	H2010	1	NA19062:1	rs9349320	45269814	G	T	SNV	1	1	T	1:1	T:1	0	11	0						1	1	1	1
rs9349320	H2011	1	HG00534:1	rs9349320	45269814	G	T	SNV	1	1	T	1:1	T:1	0	11	0						1	1	1	1
rs9349320	H2012	1	HG00675:1	rs9349320	45269814	G	T	SNV	1	1	T	1:1	T:1	0	11	0						1	1	1	1
rs9349320	H2013	1	HG02181:2	rs9349320	45269814	G	T	SNV	1	1	T	1:1	T:1	0	11	0						1	1	1	1
rs9349320	H2014	1	HG04141:1	rs9349320	45269814	G	T	SNV	1	1	T	1:1	T:1	0	11	0						1	1	1	1
rs9349320	H2015	1	NA20891:1	rs9349320	45269814	G	T	SNV	1	1	T	1:1	T:1	0	11	0						1	1	1	1
rs9349320	H2016	1	NA07357:2	rs9349320	45269814	G	T	SNV	1	1	T	1:1	T:1	0	11	0						1	1	1	1
rs9349320	H2017	1	HG03585:2	rs9349320	45269814	G	T	SNV	1	1	T	1:1	T:1	0	11	0						1	1	1	1
rs9349320	H2018	1	NA11830:2	rs9349320	45269814	G	T	SNV	1	1	T	1:1	T:1	0	11	0						1	1	1	1
rs9349320	H2019	1	HG01577:2	rs9349320	45269814	G	T	SNV	1	1	T	1:1	T:1	0	11	0						1	1	1	1
rs9349320	H202	3	HG00186:2;HG00187:1;NA12828:2	rs9349320	45269814	G	T	SNV	3	1	T	1:3	T:3	0	11	0						1	1	1	1
rs9349320	H2020	1	HG02095:2	rs9349320	45269814	G	T	SNV	1	1	T	1:1	T:1	0	11	0						1	1	1	1
rs9349320	H2021	1	HG04188:1	rs9349320	45269814	G	T	SNV	1	1	T	1:1	T:1	0	11	0						1	1	1	1
rs9349320	H2022	1	NA18537:2	rs9349320	45269814	G	T	SNV	1	1	T	1:1	T:1	0	11	0						1	1	1	1
rs9349320	H2023	1	HG03851:1	rs9349320	45269814	G	T	SNV	1	1	T	1:1	T:1	0	11	0						1	1	1	1
rs9349320	H2024	1	HG01623:2	rs9349320	45269814	G	T	SNV	1	1	T	1:1	T:1	0	11	0						1	1	1	1
rs9349320	H2025	1	HG01630:2	rs9349320	45269814	G	T	SNV	1	1	T	1:1	T:1	0	11	0						1	1	1	1
rs9349320	H2026	1	HG03862:1	rs9349320	45269814	G	T	SNV	1	1	T	1:1	T:1	0	11	0						1	1	1	1
rs9349320	H2027	1	HG04094:1	rs9349320	45269814	G	T	SNV	1	1	T	1:1	T:1	0	11	0						1	1	1	1
rs9349320	H2028	1	NA19747:2	rs9349320	45269814	G	T	SNV	1	1	T	1:1	T:1	0	11	0						1	1	1	1
rs9349320	H2029	1	HG01431:1	rs9349320	45269814	G	T	SNV	1	1	T	1:1	T:1	0	11	0						1	1	1	1
rs9349320	H203	3	HG00436:2;NA18549:2;NA18629:1	rs9349320	45269814	G	T	SNV	3	1	T	1:3	T:3	0	11	0						1	1	1	1
rs9349320	H2030	1	NA18618:1	rs9349320	45269814	G	T	SNV	1	1	T	1:1	T:1	0	11	0						1	1	1	1
rs9349320	H2031	1	NA20509:2	rs9349320	45269814	G	T	SNV	1	1	T	1:1	T:1	0	11	0						1	1	1	1
rs9349320	H2032	1	NA18571:2	rs9349320	45269814	G	T	SNV	1	1	T	1:1	T:1	0	11	0						1	1	1	1
rs9349320	H2033	1	HG04014:2	rs9349320	45269814	G	T	SNV	1	1	T	1:1	T:1	0	11	0						1	1	1	1
rs9349320	H2034	1	HG00339:1	rs9349320	45269814	G	T	SNV	1	1	T	1:1	T:1	0	11	0						1	1	1	1
rs9349320	H2035	1	NA20890:1	rs9349320	45269814	G	T	SNV	1	1	T	1:1	T:1	0	11	0						1	1	1	1
rs9349320	H2036	1	HG01431:2	rs9349320	45269814	G	T	SNV	1	1	T	1:1	T:1	0	11	0						1	1	1	1
rs9349320	H2037	1	HG01140:2	rs9349320	45269814	G	T	SNV	1	1	T	1:1	T:1	0	11	0						1	1	1	1
rs9349320	H2038	1	HG01140:1	rs9349320	45269814	G	T	SNV	1	1	T	1:1	T:1	0	11	0						1	1	1	1
rs9349320	H2039	1	HG01459:2	rs9349320	45269814	G	T	SNV	1	1	T	1:1	T:1	0	11	0						1	1	1	1
rs9349320	H204	3	HG00728:2;HG02060:2;NA18572:1	rs9349320	45269814	G	T	SNV	3	1	T	1:3	T:3	0	11	0						1	1	1	1
rs9349320	H2040	1	NA18968:2	rs9349320	45269814	G	T	SNV	1	1	T	1:1	T:1	0	11	0						1	1	1	1
rs9349320	H2041	1	NA19078:2	rs9349320	45269814	G	T	SNV	1	1	T	1:1	T:1	0	11	0						1	1	1	1
rs9349320	H2042	1	NA06985:2	rs9349320	45269814	G	T	SNV	1	1	T	1:1	T:1	0	11	0						1	1	1	1
rs9349320	H2043	1	HG01375:1	rs9349320	45269814	G	T	SNV	1	1	T	1:1	T:1	0	11	0						1	1	1	1
rs9349320	H2044	1	HG03625:2	rs9349320	45269814	G	T	SNV	1	1	T	1:1	T:1	0	11	0						1	1	1	1
rs9349320	H2045	1	HG03625:1	rs9349320	45269814	G	T	SNV	1	1	T	1:1	T:1	0	11	0						1	1	1	1
rs9349320	H2046	1	HG02811:1	rs9349320	45269814	G	T	SNV	1	1	T	1:1	T:1	0	11	0						1	1	1	1
rs9349320	H2047	1	NA21135:2	rs9349320	45269814	G	T	SNV	1	1	T	1:1	T:1	0	11	0						1	1	1	1
rs9349320	H2048	1	NA21119:2	rs9349320	45269814	G	T	SNV	1	1	T	1:1	T:1	0	11	0						1	1	1	1
rs9349320	H2049	1	NA21100:2	rs9349320	45269814	G	T	SNV	1	1	T	1:1	T:1	0	11	0						1	1	1	1
rs9349320	H205	3	HG00634:1;HG02134:1;HG02353:1	rs9349320	45269814	G	T	SNV	3	1	T	1:3	T:3	0	11	0						1	1	1	1
rs9349320	H2050	1	NA20828:2	rs9349320	45269814	G	T	SNV	1	1	T	1:1	T:1	0	11	0						1	1	1	1
rs9349320	H2051	1	HG03895:2	rs9349320	45269814	G	T	SNV	1	1	T	1:1	T:1	0	11	0						1	1	1	1
rs9349320	H2052	1	HG03694:1	rs9349320	45269814	G	T	SNV	1	1	T	1:1	T:1	0	11	0						1	1	1	1
rs9349320	H2053	1	NA21101:1	rs9349320	45269814	G	T	SNV	1	1	T	1:1	T:1	0	11	0						1	1	1	1
rs9349320	H2054	1	HG01973:1	rs9349320	45269814	G	T	SNV	1	1	T	1:1	T:1	0	11	0						1	1	1	1
rs9349320	H2055	1	NA20799:2	rs9349320	45269814	G	T	SNV	1	1	T	1:1	T:1	0	11	0						1	1	1	1
rs9349320	H2056	1	HG00692:1	rs9349320	45269814	G	T	SNV	1	1	T	1:1	T:1	0	11	0						1	1	1	1
rs9349320	H2057	1	HG02131:2	rs9349320	45269814	G	T	SNV	1	1	T	1:1	T:1	0	11	0						1	1	1	1
rs9349320	H2058	1	NA18619:2	rs9349320	45269814	G	T	SNV	1	1	T	1:1	T:1	0	11	0						1	1	1	1
rs9349320	H2059	1	NA18558:1	rs9349320	45269814	G	T	SNV	1	1	T	1:1	T:1	0	11	0						1	1	1	1
rs9349320	H206	3	HG02491:2;HG03800:2;HG03826:1	rs9349320	45269814	G	T	SNV	3	1	T	1:3	T:3	0	11	0						1	1	1	1
rs9349320	H2060	1	HG00559:1	rs9349320	45269814	G	T	SNV	1	1	T	1:1	T:1	0	11	0						1	1	1	1
rs9349320	H2061	1	HG00629:2	rs9349320	45269814	G	T	SNV	1	1	T	1:1	T:1	0	11	0						1	1	1	1
rs9349320	H2062	1	NA18543:1	rs9349320	45269814	G	T	SNV	1	1	T	1:1	T:1	0	11	0						1	1	1	1
rs9349320	H2063	1	NA19080:2	rs9349320	45269814	G	T	SNV	1	1	T	1:1	T:1	0	11	0						1	1	1	1
rs9349320	H2064	1	HG03788:2	rs9349320	45269814	G	T	SNV	1	1	T	1:1	T:1	0	11	0						1	1	1	1
rs9349320	H2065	1	HG03873:2	rs9349320	45269814	G	T	SNV	1	1	T	1:1	T:1	0	11	0						1	1	1	1
rs9349320	H2066	1	NA20870:2	rs9349320	45269814	G	T	SNV	1	1	T	1:1	T:1	0	11	0						1	1	1	1
rs9349320	H2067	1	HG00114:2	rs9349320	45269814	G	T	SNV	1	1	T	1:1	T:1	0	11	0						1	1	1	1
rs9349320	H2068	1	HG00368:2	rs9349320	45269814	G	T	SNV	1	1	T	1:1	T:1	0	11	0						1	1	1	1
rs9349320	H2069	1	HG00271:1	rs9349320	45269814	G	T	SNV	1	1	T	1:1	T:1	0	11	0						1	1	1	1
rs9349320	H207	3	HG03673:1;HG03854:1;NA21126:1	rs9349320	45269814	G	T	SNV	3	1	T	1:3	T:3	0	11	0						1	1	1	1
rs9349320	H2070	1	HG03629:2	rs9349320	45269814	G	T	SNV	1	1	T	1:1	T:1	0	11	0						1	1	1	1
rs9349320	H2071	1	HG03690:1	rs9349320	45269814	G	T	SNV	1	1	T	1:1	T:1	0	11	0						1	1	1	1
rs9349320	H2072	1	NA18597:2	rs9349320	45269814	G	T	SNV	1	1	T	1:1	T:1	0	11	0						1	1	1	1
rs9349320	H2073	1	HG04090:1	rs9349320	45269814	G	T	SNV	1	1	T	1:1	T:1	0	11	0						1	1	1	1
rs9349320	H2074	1	NA20806:2	rs9349320	45269814	G	T	SNV	1	1	T	1:1	T:1	0	11	0						1	1	1	1
rs9349320	H2075	1	NA20810:2	rs9349320	45269814	G	T	SNV	1	1	T	1:1	T:1	0	11	0						1	1	1	1
rs9349320	H2076	1	HG04020:2	rs9349320	45269814	G	T	SNV	1	1	T	1:1	T:1	0	11	0						1	1	1	1
rs9349320	H2077	1	HG00410:2	rs9349320	45269814	G	T	SNV	1	1	T	1:1	T:1	0	11	0						1	1	1	1
rs9349320	H2078	1	HG03978:1	rs9349320	45269814	G	T	SNV	1	1	T	1:1	T:1	0	11	0						1	1	1	1
rs9349320	H2079	1	HG01491:1	rs9349320	45269814	G	T	SNV	1	1	T	1:1	T:1	0	11	0						1	1	1	1
rs9349320	H208	3	HG03672:2;HG03702:1;HG03760:1	rs9349320	45269814	G	T	SNV	3	1	T	1:3	T:3	0	11	0						1	1	1	1
rs9349320	H2080	1	HG00150:2	rs9349320	45269814	G	T	SNV	1	1	T	1:1	T:1	0	11	0						1	1	1	1
rs9349320	H2081	1	HG00742:1	rs9349320	45269814	G	T	SNV	1	1	T	1:1	T:1	0	11	0						1	1	1	1
rs9349320	H2082	1	HG03861:2	rs9349320	45269814	G	T	SNV	1	1	T	1:1	T:1	0	11	0						1	1	1	1
rs9349320	H2083	1	HG03884:2	rs9349320	45269814	G	T	SNV	1	1	T	1:1	T:1	0	11	0						1	1	1	1
rs9349320	H2084	1	HG02657:1	rs9349320	45269814	G	T	SNV	1	1	T	1:1	T:1	0	11	0						1	1	1	1
rs9349320	H2085	1	HG02775:1	rs9349320	45269814	G	T	SNV	1	1	T	1:1	T:1	0	11	0						1	1	1	1
rs9349320	H2086	1	HG01456:1	rs9349320	45269814	G	T	SNV	1	1	T	1:1	T:1	0	11	0						1	1	1	1
rs9349320	H2087	1	HG02252:2	rs9349320	45269814	G	T	SNV	1	1	T	1:1	T:1	0	11	0						1	1	1	1
rs9349320	H2088	1	HG04014:1	rs9349320	45269814	G	T	SNV	1	1	T	1:1	T:1	0	11	0						1	1	1	1
rs9349320	H2089	1	NA12234:1	rs9349320	45269814	G	T	SNV	1	1	T	1:1	T:1	0	11	0						1	1	1	1
rs9349320	H209	3	HG01097:2;HG01765:1;NA11994:1	rs9349320	45269814	G	T	SNV	3	1	T	1:3	T:3	0	11	0						1	1	1	1
rs9349320	H2090	1	NA18956:2	rs9349320	45269814	G	T	SNV	1	1	T	1:1	T:1	0	11	0						1	1	1	1
rs9349320	H2091	1	HG01356:2	rs9349320	45269814	G	T	SNV	1	1	T	1:1	T:1	0	11	0						1	1	1	1
rs9349320	H2092	1	HG00265:1	rs9349320	45269814	G	T	SNV	1	1	T	1:1	T:1	0	11	0						1	1	1	1
rs9349320	H2093	1	HG00127:1	rs9349320	45269814	G	T	SNV	1	1	T	1:1	T:1	0	11	0						1	1	1	1
rs9349320	H2094	1	NA20853:2	rs9349320	45269814	G	T	SNV	1	1	T	1:1	T:1	0	11	0						1	1	1	1
rs9349320	H2095	1	NA20505:2	rs9349320	45269814	G	T	SNV	1	1	T	1:1	T:1	0	11	0						1	1	1	1
rs9349320	H2096	1	HG03603:1	rs9349320	45269814	G	T	SNV	1	1	T	1:1	T:1	0	11	0						1	1	1	1
rs9349320	H2097	1	HG00111:1	rs9349320	45269814	G	T	SNV	1	1	T	1:1	T:1	0	11	0						1	1	1	1
rs9349320	H2098	1	HG01113:1	rs9349320	45269814	G	T	SNV	1	1	T	1:1	T:1	0	11	0						1	1	1	1
rs9349320	H2099	1	HG00366:1	rs9349320	45269814	G	T	SNV	1	1	T	1:1	T:1	0	11	0						1	1	1	1
rs9349320	H21	11	HG02660:2;HG02731:2;HG03774:1;HG03838:2;HG03951:2;HG03971:2;HG04019:1;HG04219:2;NA19792:1;NA20876:1;NA20905:2	rs9349320	45269814	G	T	SNV	11	1	T	1:11	T:11	0	11	1						1	1	1	1
rs9349320	H210	3	HG01702:1;HG02238:1;NA20520:2	rs9349320	45269814	G	T	SNV	3	1	T	1:3	T:3	0	11	0						1	1	1	1
rs9349320	H2100	1	HG00383:1	rs9349320	45269814	G	T	SNV	1	1	T	1:1	T:1	0	11	0						1	1	1	1
rs9349320	H2101	1	HG01536:2	rs9349320	45269814	G	T	SNV	1	1	T	1:1	T:1	0	11	0						1	1	1	1
rs9349320	H2102	1	HG01697:2	rs9349320	45269814	G	T	SNV	1	1	T	1:1	T:1	0	11	0						1	1	1	1
rs9349320	H2103	1	NA18943:2	rs9349320	45269814	G	T	SNV	1	1	T	1:1	T:1	0	11	0						1	1	1	1
rs9349320	H2104	1	HG00274:2	rs9349320	45269814	G	T	SNV	1	1	T	1:1	T:1	0	11	0						1	1	1	1
rs9349320	H2105	1	HG00349:1	rs9349320	45269814	G	T	SNV	1	1	T	1:1	T:1	0	11	0						1	1	1	1
rs9349320	H2106	1	HG01112:2	rs9349320	45269814	G	T	SNV	1	1	T	1:1	T:1	0	11	0						1	1	1	1
rs9349320	H2107	1	HG01852:2	rs9349320	45269814	G	T	SNV	1	1	T	1:1	T:1	0	11	0						1	1	1	1
rs9349320	H2108	1	HG02141:2	rs9349320	45269814	G	T	SNV	1	1	T	1:1	T:1	0	11	0						1	1	1	1
rs9349320	H2109	1	HG00407:1	rs9349320	45269814	G	T	SNV	1	1	T	1:1	T:1	0	11	0						1	1	1	1
rs9349320	H211	3	HG00231:2;HG01489:1;NA20885:2	rs9349320	45269814	G	T	SNV	3	1	T	1:3	T:3	0	11	0						1	1	1	1
rs9349320	H2110	1	NA19086:1	rs9349320	45269814	G	T	SNV	1	1	T	1:1	T:1	0	11	0						1	1	1	1
rs9349320	H2111	1	HG02374:1	rs9349320	45269814	G	T	SNV	1	1	T	1:1	T:1	0	11	0						1	1	1	1
rs9349320	H2112	1	NA19057:2	rs9349320	45269814	G	T	SNV	1	1	T	1:1	T:1	0	11	0						1	1	1	1
rs9349320	H2113	1	NA18563:1	rs9349320	45269814	G	T	SNV	1	1	T	1:1	T:1	0	11	0						1	1	1	1
rs9349320	H2114	1	HG02127:1	rs9349320	45269814	G	T	SNV	1	1	T	1:1	T:1	0	11	0						1	1	1	1
rs9349320	H2115	1	HG00593:2	rs9349320	45269814	G	T	SNV	1	1	T	1:1	T:1	0	11	0						1	1	1	1
rs9349320	H2116	1	HG00473:2	rs9349320	45269814	G	T	SNV	1	1	T	1:1	T:1	0	11	0						1	1	1	1
rs9349320	H2117	1	NA18646:2	rs9349320	45269814	G	T	SNV	1	1	T	1:1	T:1	0	11	0						1	1	1	1
rs9349320	H2118	1	HG00675:2	rs9349320	45269814	G	T	SNV	1	1	T	1:1	T:1	0	11	0						1	1	1	1
rs9349320	H2119	1	NA18547:2	rs9349320	45269814	G	T	SNV	1	1	T	1:1	T:1	0	11	0						1	1	1	1
rs9349320	H212	3	HG01389:2;HG01699:1;HG04118:1	rs9349320	45269814	G	T	SNV	3	1	T	1:3	T:3	0	11	0						1	1	1	1
rs9349320	H2120	1	NA19782:1	rs9349320	45269814	G	T	SNV	1	1	T	1:1	T:1	0	11	0						1	1	1	1
rs9349320	H2121	1	HG04152:2	rs9349320	45269814	G	T	SNV	1	1	T	1:1	T:1	0	11	0						1	1	1	1
rs9349320	H2122	1	HG01190:1	rs9349320	45269814	G	T	SNV	1	1	T	1:1	T:1	0	11	0						1	1	1	1
rs9349320	H2123	1	NA19682:1	rs9349320	45269814	G	T	SNV	1	1	T	1:1	T:1	0	11	0						1	1	1	1
rs9349320	H2124	1	NA19731:1	rs9349320	45269814	G	T	SNV	1	1	T	1:1	T:1	0	11	0						1	1	1	1
rs9349320	H2125	1	HG02390:1	rs9349320	45269814	G	T	SNV	1	1	T	1:1	T:1	0	11	0						1	1	1	1
rs9349320	H2126	1	HG00437:2	rs9349320	45269814	G	T	SNV	1	1	T	1:1	T:1	0	11	0						1	1	1	1
rs9349320	H2127	1	HG01862:2	rs9349320	45269814	G	T	SNV	1	1	T	1:1	T:1	0	11	0						1	1	1	1
rs9349320	H2128	1	NA12843:1	rs9349320	45269814	G	T	SNV	1	1	T	1:1	T:1	0	11	0						1	1	1	1
rs9349320	H2129	1	HG01393:2	rs9349320	45269814	G	T	SNV	1	1	T	1:1	T:1	0	11	0						1	1	1	1
rs9349320	H213	3	HG01761:2;NA12489:2;NA19649:2	rs9349320	45269814	G	T	SNV	3	1	T	1:3	T:3	0	11	0						1	1	1	1
rs9349320	H2130	1	HG00258:2	rs9349320	45269814	G	T	SNV	1	1	T	1:1	T:1	0	11	0						1	1	1	1
rs9349320	H2131	1	HG02079:2	rs9349320	45269814	G	T	SNV	1	1	T	1:1	T:1	0	11	0						1	1	1	1
rs9349320	H2132	1	HG00150:1	rs9349320	45269814	G	T	SNV	1	1	T	1:1	T:1	0	11	0						1	1	1	1
rs9349320	H2133	1	HG01082:1	rs9349320	45269814	G	T	SNV	1	1	T	1:1	T:1	0	11	0						1	1	1	1
rs9349320	H2134	1	HG01507:2	rs9349320	45269814	G	T	SNV	1	1	T	1:1	T:1	0	11	0						1	1	1	1
rs9349320	H2135	1	HG00353:1	rs9349320	45269814	G	T	SNV	1	1	T	1:1	T:1	0	11	0						1	1	1	1
rs9349320	H2136	1	HG01527:1	rs9349320	45269814	G	T	SNV	1	1	T	1:1	T:1	0	11	0						1	1	1	1
rs9349320	H2137	1	HG01497:2	rs9349320	45269814	G	T	SNV	1	1	T	1:1	T:1	0	11	0						1	1	1	1
rs9349320	H2138	1	HG00236:1	rs9349320	45269814	G	T	SNV	1	1	T	1:1	T:1	0	11	0						1	1	1	1
rs9349320	H2139	1	HG01790:2	rs9349320	45269814	G	T	SNV	1	1	T	1:1	T:1	0	11	0						1	1	1	1
rs9349320	H214	3	HG01303:2;NA20759:2;NA20826:1	rs9349320	45269814	G	T	SNV	3	1	T	1:3	T:3	0	11	0						1	1	1	1
rs9349320	H2140	1	HG02224:1	rs9349320	45269814	G	T	SNV	1	1	T	1:1	T:1	0	11	0						1	1	1	1
rs9349320	H2141	1	NA20541:1	rs9349320	45269814	G	T	SNV	1	1	T	1:1	T:1	0	11	0						1	1	1	1
rs9349320	H2142	1	HG00743:1	rs9349320	45269814	G	T	SNV	1	1	T	1:1	T:1	0	11	0						1	1	1	1
rs9349320	H2143	1	HG04063:2	rs9349320	45269814	G	T	SNV	1	1	T	1:1	T:1	0	11	0						1	1	1	1
rs9349320	H2144	1	HG00595:1	rs9349320	45269814	G	T	SNV	1	1	T	1:1	T:1	0	11	0						1	1	1	1
rs9349320	H2145	1	HG01852:1	rs9349320	45269814	G	T	SNV	1	1	T	1:1	T:1	0	11	0						1	1	1	1
rs9349320	H2146	1	NA18749:1	rs9349320	45269814	G	T	SNV	1	1	T	1:1	T:1	0	11	0						1	1	1	1
rs9349320	H2147	1	HG02182:1	rs9349320	45269814	G	T	SNV	1	1	T	1:1	T:1	0	11	0						1	1	1	1
rs9349320	H2148	1	HG01597:1	rs9349320	45269814	G	T	SNV	1	1	T	1:1	T:1	0	11	0						1	1	1	1
rs9349320	H2149	1	HG02186:2	rs9349320	45269814	G	T	SNV	1	1	T	1:1	T:1	0	11	0						1	1	1	1
rs9349320	H215	3	HG03624:2;NA11881:2;NA19750:1	rs9349320	45269814	G	T	SNV	3	1	T	1:3	T:3	0	11	0						1	1	1	1
rs9349320	H2150	1	HG00982:2	rs9349320	45269814	G	T	SNV	1	1	T	1:1	T:1	0	11	0						1	1	1	1
rs9349320	H2151	1	HG00651:2	rs9349320	45269814	G	T	SNV	1	1	T	1:1	T:1	0	11	0						1	1	1	1
rs9349320	H2152	1	HG03805:1	rs9349320	45269814	G	T	SNV	1	1	T	1:1	T:1	0	11	0						1	1	1	1
rs9349320	H2153	1	NA19654:2	rs9349320	45269814	G	T	SNV	1	1	T	1:1	T:1	0	11	0						1	1	1	1
rs9349320	H2154	1	HG03914:1	rs9349320	45269814	G	T	SNV	1	1	T	1:1	T:1	0	11	0						1	1	1	1
rs9349320	H2155	1	HG03848:1	rs9349320	45269814	G	T	SNV	1	1	T	1:1	T:1	0	11	0						1	1	1	1
rs9349320	H2156	1	HG01781:2	rs9349320	45269814	G	T	SNV	1	1	T	1:1	T:1	0	11	0						1	1	1	1
rs9349320	H2157	1	HG03999:2	rs9349320	45269814	G	T	SNV	1	1	T	1:1	T:1	0	11	0						1	1	1	1
rs9349320	H2158	1	NA18998:1	rs9349320	45269814	G	T	SNV	1	1	T	1:1	T:1	0	11	0						1	1	1	1
rs9349320	H2159	1	NA19001:2	rs9349320	45269814	G	T	SNV	1	1	T	1:1	T:1	0	11	0						1	1	1	1
rs9349320	H216	3	HG00276:2;NA12144:2;NA19923:1	rs9349320	45269814	G	T	SNV	3	1	T	1:3	T:3	0	11	0						1	1	1	1
rs9349320	H2160	1	HG01028:2	rs9349320	45269814	G	T	SNV	1	1	T	1:1	T:1	0	11	0						1	1	1	1
rs9349320	H2161	1	HG02131:1	rs9349320	45269814	G	T	SNV	1	1	T	1:1	T:1	0	11	0						1	1	1	1
rs9349320	H2162	1	HG00449:1	rs9349320	45269814	G	T	SNV	1	1	T	1:1	T:1	0	11	0						1	1	1	1
rs9349320	H2163	1	HG00654:1	rs9349320	45269814	G	T	SNV	1	1	T	1:1	T:1	0	11	0						1	1	1	1
rs9349320	H2164	1	HG03779:2	rs9349320	45269814	G	T	SNV	1	1	T	1:1	T:1	0	11	0						1	1	1	1
rs9349320	H2165	1	NA18528:1	rs9349320	45269814	G	T	SNV	1	1	T	1:1	T:1	0	11	0						1	1	1	1
rs9349320	H2166	1	HG02122:2	rs9349320	45269814	G	T	SNV	1	1	T	1:1	T:1	0	11	0						1	1	1	1
rs9349320	H2167	1	HG00443:2	rs9349320	45269814	G	T	SNV	1	1	T	1:1	T:1	0	11	0						1	1	1	1
rs9349320	H2168	1	HG02136:2	rs9349320	45269814	G	T	SNV	1	1	T	1:1	T:1	0	11	0						1	1	1	1
rs9349320	H2169	1	HG02394:2	rs9349320	45269814	G	T	SNV	1	1	T	1:1	T:1	0	11	0						1	1	1	1
rs9349320	H217	3	HG01510:2;NA20854:1;NA20896:2	rs9349320	45269814	G	T	SNV	3	1	T	1:3	T:3	0	11	0						1	1	1	1
rs9349320	H2170	1	HG03800:1	rs9349320	45269814	G	T	SNV	1	1	T	1:1	T:1	0	11	0						1	1	1	1
rs9349320	H2171	1	HG00619:2	rs9349320	45269814	G	T	SNV	1	1	T	1:1	T:1	0	11	0						1	1	1	1
rs9349320	H2172	1	HG02301:1	rs9349320	45269814	G	T	SNV	1	1	T	1:1	T:1	0	11	0						1	1	1	1
rs9349320	H2173	1	HG01250:1	rs9349320	45269814	G	T	SNV	1	1	T	1:1	T:1	0	11	0						1	1	1	1
rs9349320	H2174	1	HG04198:2	rs9349320	45269814	G	T	SNV	1	1	T	1:1	T:1	0	11	0						1	1	1	1
rs9349320	H2175	1	HG01577:1	rs9349320	45269814	G	T	SNV	1	1	T	1:1	T:1	0	11	0						1	1	1	1
rs9349320	H2176	1	NA20851:2	rs9349320	45269814	G	T	SNV	1	1	T	1:1	T:1	0	11	0						1	1	1	1
rs9349320	H2177	1	HG04070:1	rs9349320	45269814	G	T	SNV	1	1	T	1:1	T:1	0	11	0						1	1	1	1
rs9349320	H2178	1	HG02395:1	rs9349320	45269814	G	T	SNV	1	1	T	1:1	T:1	0	11	0						1	1	1	1
rs9349320	H2179	1	NA20895:2	rs9349320	45269814	G	T	SNV	1	1	T	1:1	T:1	0	11	0						1	1	1	1
rs9349320	H218	3	NA18517:1;NA19399:2;NA19901:1	rs9349320	45269814	G	T	SNV	3	1	T	1:3	T:3	0	11	0						1	1	1	1
rs9349320	H2180	1	NA18593:2	rs9349320	45269814	G	T	SNV	1	1	T	1:1	T:1	0	11	0						1	1	1	1
rs9349320	H2181	1	NA21127:2	rs9349320	45269814	G	T	SNV	1	1	T	1:1	T:1	0	11	0						1	1	1	1
rs9349320	H2182	1	HG00671:2	rs9349320	45269814	G	T	SNV	1	1	T	1:1	T:1	0	11	0						1	1	1	1
rs9349320	H2183	1	HG03706:1	rs9349320	45269814	G	T	SNV	1	1	T	1:1	T:1	0	11	0						1	1	1	1
rs9349320	H2184	1	HG02371:1	rs9349320	45269814	G	T	SNV	1	1	T	1:1	T:1	0	11	0						1	1	1	1
rs9349320	H2185	1	NA19701:2	rs9349320	45269814	G	T	SNV	1	1	T	1:1	T:1	0	11	0						1	1	1	1
rs9349320	H2186	1	HG00867:1	rs9349320	45269814	G	T	SNV	1	1	T	1:1	T:1	0	11	0						1	1	1	1
rs9349320	H2187	1	HG03868:2	rs9349320	45269814	G	T	SNV	1	1	T	1:1	T:1	0	11	0						1	1	1	1
rs9349320	H2188	1	NA11995:2	rs9349320	45269814	G	T	SNV	1	1	T	1:1	T:1	0	11	0						1	1	1	1
rs9349320	H2189	1	HG03767:2	rs9349320	45269814	G	T	SNV	1	1	T	1:1	T:1	0	11	0						1	1	1	1
rs9349320	H219	3	HG01885:1;HG02419:2;HG03103:2	rs9349320	45269814	G	T	SNV	3	1	T	1:3	T:3	0	11	0						1	1	1	1
rs9349320	H2190	1	HG01028:1	rs9349320	45269814	G	T	SNV	1	1	T	1:1	T:1	0	11	0						1	1	1	1
rs9349320	H2191	1	HG01241:2	rs9349320	45269814	G	T	SNV	1	1	T	1:1	T:1	0	11	0						1	1	1	1
rs9349320	H2192	1	HG01947:2	rs9349320	45269814	G	T	SNV	1	1	T	1:1	T:1	0	11	0						1	1	1	1
rs9349320	H2193	1	HG00611:2	rs9349320	45269814	G	T	SNV	1	1	T	1:1	T:1	0	11	0						1	1	1	1
rs9349320	H2194	1	NA19063:2	rs9349320	45269814	G	T	SNV	1	1	T	1:1	T:1	0	11	0						1	1	1	1
rs9349320	H2195	1	HG02032:1	rs9349320	45269814	G	T	SNV	1	1	T	1:1	T:1	0	11	0						1	1	1	1
rs9349320	H2196	1	HG04029:1	rs9349320	45269814	G	T	SNV	1	1	T	1:1	T:1	0	11	0						1	1	1	1
rs9349320	H2197	1	HG01892:2	rs9349320	45269814	G	T	SNV	1	1	T	1:1	T:1	0	11	0						1	1	1	1
rs9349320	H2198	1	HG01968:2	rs9349320	45269814	G	T	SNV	1	1	T	1:1	T:1	0	11	0						1	1	1	1
rs9349320	H2199	1	NA18748:2	rs9349320	45269814	G	T	SNV	1	1	T	1:1	T:1	0	11	0						1	1	1	1
rs9349320	H22	11	HG02420:1;HG02582:2;HG02760:2;HG02840:1;HG02887:2;HG03072:1;HG03539:1;HG03575:1;NA18504:1;NA19700:2;NA20342:1	rs9349320	45269814	G	T	SNV	11	1	T	1:11	T:11	0	11	1						1	1	1	1
rs9349320	H220	3	HG01393:1;NA18910:2;NA19107:2	rs9349320	45269814	G	T	SNV	3	1	T	1:3	T:3	0	11	0						1	1	1	1
rs9349320	H2200	1	HG01807:1	rs9349320	45269814	G	T	SNV	1	1	T	1:1	T:1	0	11	0						1	1	1	1
rs9349320	H2201	1	HG01968:1	rs9349320	45269814	G	T	SNV	1	1	T	1:1	T:1	0	11	0						1	1	1	1
rs9349320	H2202	1	HG01923:2	rs9349320	45269814	G	T	SNV	1	1	T	1:1	T:1	0	11	0						1	1	1	1
rs9349320	H2203	1	NA19732:1	rs9349320	45269814	G	T	SNV	1	1	T	1:1	T:1	0	11	0						1	1	1	1
rs9349320	H2204	1	HG01961:1	rs9349320	45269814	G	T	SNV	1	1	T	1:1	T:1	0	11	0						1	1	1	1
rs9349320	H2205	1	HG01936:2	rs9349320	45269814	G	T	SNV	1	1	T	1:1	T:1	0	11	0						1	1	1	1
rs9349320	H2206	1	HG01918:1	rs9349320	45269814	G	T	SNV	1	1	T	1:1	T:1	0	11	0						1	1	1	1
rs9349320	H2207	1	HG01456:2	rs9349320	45269814	G	T	SNV	1	1	T	1:1	T:1	0	11	0						1	1	1	1
rs9349320	H2208	1	HG02271:2	rs9349320	45269814	G	T	SNV	1	1	T	1:1	T:1	0	11	0						1	1	1	1
rs9349320	H2209	1	HG01938:1	rs9349320	45269814	G	T	SNV	1	1	T	1:1	T:1	0	11	0						1	1	1	1
rs9349320	H221	3	HG02455:2;HG02629:1;HG03461:2	rs9349320	45269814	G	T	SNV	3	1	T	1:3	T:3	0	11	0						1	1	1	1
rs9349320	H2210	1	NA19723:2	rs9349320	45269814	G	T	SNV	1	1	T	1:1	T:1	0	11	0						1	1	1	1
rs9349320	H2211	1	NA19002:2	rs9349320	45269814	G	T	SNV	1	1	T	1:1	T:1	0	11	0						1	1	1	1
rs9349320	H2212	1	HG03856:1	rs9349320	45269814	G	T	SNV	1	1	T	1:1	T:1	0	11	0						1	1	1	1
rs9349320	H2213	1	HG03872:2	rs9349320	45269814	G	T	SNV	1	1	T	1:1	T:1	0	11	0						1	1	1	1
rs9349320	H2214	1	HG02291:1	rs9349320	45269814	G	T	SNV	1	1	T	1:1	T:1	0	11	0						1	1	1	1
rs9349320	H2215	1	HG00500:2	rs9349320	45269814	G	T	SNV	1	1	T	1:1	T:1	0	11	0						1	1	1	1
rs9349320	H2216	1	HG00628:1	rs9349320	45269814	G	T	SNV	1	1	T	1:1	T:1	0	11	0						1	1	1	1
rs9349320	H2217	1	HG03990:2	rs9349320	45269814	G	T	SNV	1	1	T	1:1	T:1	0	11	0						1	1	1	1
rs9349320	H2218	1	NA18561:1	rs9349320	45269814	G	T	SNV	1	1	T	1:1	T:1	0	11	0						1	1	1	1
rs9349320	H2219	1	HG00428:2	rs9349320	45269814	G	T	SNV	1	1	T	1:1	T:1	0	11	0						1	1	1	1
rs9349320	H222	3	HG03074:1;NA18511:2;NA19093:2	rs9349320	45269814	G	T	SNV	3	1	T	1:3	T:3	0	11	0						1	1	1	1
rs9349320	H2220	1	NA20760:1	rs9349320	45269814	G	T	SNV	1	1	T	1:1	T:1	0	11	0						1	1	1	1
rs9349320	H2221	1	HG03022:1	rs9349320	45269814	G	T	SNV	1	1	T	1:1	T:1	0	11	0						1	1	1	1
rs9349320	H2222	1	HG02278:2	rs9349320	45269814	G	T	SNV	1	1	T	1:1	T:1	0	11	0						1	1	1	1
rs9349320	H2223	1	NA19084:2	rs9349320	45269814	G	T	SNV	1	1	T	1:1	T:1	0	11	0						1	1	1	1
rs9349320	H2224	1	HG04029:2	rs9349320	45269814	G	T	SNV	1	1	T	1:1	T:1	0	11	0						1	1	1	1
rs9349320	H2225	1	HG02155:1	rs9349320	45269814	G	T	SNV	1	1	T	1:1	T:1	0	11	0						1	1	1	1
rs9349320	H2226	1	HG00657:1	rs9349320	45269814	G	T	SNV	1	1	T	1:1	T:1	0	11	0						1	1	1	1
rs9349320	H2227	1	NA18647:2	rs9349320	45269814	G	T	SNV	1	1	T	1:1	T:1	0	11	0						1	1	1	1
rs9349320	H2228	1	NA20539:1	rs9349320	45269814	G	T	SNV	1	1	T	1:1	T:1	0	11	0						1	1	1	1
rs9349320	H2229	1	NA11893:2	rs9349320	45269814	G	T	SNV	1	1	T	1:1	T:1	0	11	0						1	1	1	1
rs9349320	H223	3	NA19436:2;NA19440:2;NA19461:2	rs9349320	45269814	G	T	SNV	3	1	T	1:3	T:3	0	11	0						1	1	1	1
rs9349320	H2230	1	HG00328:1	rs9349320	45269814	G	T	SNV	1	1	T	1:1	T:1	0	11	0						1	1	1	1
rs9349320	H2231	1	NA20754:1	rs9349320	45269814	G	T	SNV	1	1	T	1:1	T:1	0	11	0						1	1	1	1
rs9349320	H2232	1	NA20801:1	rs9349320	45269814	G	T	SNV	1	1	T	1:1	T:1	0	11	0						1	1	1	1
rs9349320	H2233	1	HG01107:1	rs9349320	45269814	G	T	SNV	1	1	T	1:1	T:1	0	11	0						1	1	1	1
rs9349320	H2234	1	HG03760:2	rs9349320	45269814	G	T	SNV	1	1	T	1:1	T:1	0	11	0						1	1	1	1
rs9349320	H2235	1	HG00277:1	rs9349320	45269814	G	T	SNV	1	1	T	1:1	T:1	0	11	0						1	1	1	1
rs9349320	H2236	1	NA19774:1	rs9349320	45269814	G	T	SNV	1	1	T	1:1	T:1	0	11	0						1	1	1	1
rs9349320	H2237	1	NA20774:2	rs9349320	45269814	G	T	SNV	1	1	T	1:1	T:1	0	11	0						1	1	1	1
rs9349320	H2238	1	HG01710:1	rs9349320	45269814	G	T	SNV	1	1	T	1:1	T:1	0	11	0						1	1	1	1
rs9349320	H2239	1	HG01051:1	rs9349320	45269814	G	T	SNV	1	1	T	1:1	T:1	0	11	0						1	1	1	1
rs9349320	H224	3	HG03109:2;HG03297:1;NA19379:1	rs9349320	45269814	G	T	SNV	3	1	T	1:3	T:3	0	11	0						1	1	1	1
rs9349320	H2240	1	HG01492:2	rs9349320	45269814	G	T	SNV	1	1	T	1:1	T:1	0	11	0						1	1	1	1
rs9349320	H2241	1	HG02292:2	rs9349320	45269814	G	T	SNV	1	1	T	1:1	T:1	0	11	0						1	1	1	1
rs9349320	H2242	1	HG01862:1	rs9349320	45269814	G	T	SNV	1	1	T	1:1	T:1	0	11	0						1	1	1	1
rs9349320	H2243	1	HG01874:1	rs9349320	45269814	G	T	SNV	1	1	T	1:1	T:1	0	11	0						1	1	1	1
rs9349320	H2244	1	HG00629:1	rs9349320	45269814	G	T	SNV	1	1	T	1:1	T:1	0	11	0						1	1	1	1
rs9349320	H2245	1	HG00565:2	rs9349320	45269814	G	T	SNV	1	1	T	1:1	T:1	0	11	0						1	1	1	1
rs9349320	H2246	1	NA18531:2	rs9349320	45269814	G	T	SNV	1	1	T	1:1	T:1	0	11	0						1	1	1	1
rs9349320	H2247	1	HG00478:2	rs9349320	45269814	G	T	SNV	1	1	T	1:1	T:1	0	11	0						1	1	1	1
rs9349320	H2248	1	HG02409:2	rs9349320	45269814	G	T	SNV	1	1	T	1:1	T:1	0	11	0						1	1	1	1
rs9349320	H2249	1	HG00533:1	rs9349320	45269814	G	T	SNV	1	1	T	1:1	T:1	0	11	0						1	1	1	1
rs9349320	H225	3	HG01912:2;HG03291:1;NA19438:1	rs9349320	45269814	G	T	SNV	3	1	T	1:3	T:3	0	11	0						1	1	1	1
rs9349320	H2250	1	NA19000:2	rs9349320	45269814	G	T	SNV	1	1	T	1:1	T:1	0	11	0						1	1	1	1
rs9349320	H2251	1	NA18559:1	rs9349320	45269814	G	T	SNV	1	1	T	1:1	T:1	0	11	0						1	1	1	1
rs9349320	H2252	1	HG01846:1	rs9349320	45269814	G	T	SNV	1	1	T	1:1	T:1	0	11	0						1	1	1	1
rs9349320	H2253	1	HG01049:1	rs9349320	45269814	G	T	SNV	1	1	T	1:1	T:1	0	11	0						1	1	1	1
rs9349320	H2254	1	NA20785:2	rs9349320	45269814	G	T	SNV	1	1	T	1:1	T:1	0	11	0						1	1	1	1
rs9349320	H2255	1	HG00257:2	rs9349320	45269814	G	T	SNV	1	1	T	1:1	T:1	0	11	0						1	1	1	1
rs9349320	H2256	1	NA12058:2	rs9349320	45269814	G	T	SNV	1	1	T	1:1	T:1	0	11	0						1	1	1	1
rs9349320	H2257	1	HG01988:2	rs9349320	45269814	G	T	SNV	1	1	T	1:1	T:1	0	11	0						1	1	1	1
rs9349320	H2258	1	HG00280:2	rs9349320	45269814	G	T	SNV	1	1	T	1:1	T:1	0	11	0						1	1	1	1
rs9349320	H2259	1	NA11932:1	rs9349320	45269814	G	T	SNV	1	1	T	1:1	T:1	0	11	0						1	1	1	1
rs9349320	H226	3	HG02645:1;HG03130:2;NA19129:2	rs9349320	45269814	G	T	SNV	3	1	T	1:3	T:3	0	11	0						1	1	1	1
rs9349320	H2260	1	NA11992:1	rs9349320	45269814	G	T	SNV	1	1	T	1:1	T:1	0	11	0						1	1	1	1
rs9349320	H2261	1	HG00113:1	rs9349320	45269814	G	T	SNV	1	1	T	1:1	T:1	0	11	0						1	1	1	1
rs9349320	H2262	1	NA12716:2	rs9349320	45269814	G	T	SNV	1	1	T	1:1	T:1	0	11	0						1	1	1	1
rs9349320	H2263	1	HG00237:2	rs9349320	45269814	G	T	SNV	1	1	T	1:1	T:1	0	11	0						1	1	1	1
rs9349320	H2264	1	NA11932:2	rs9349320	45269814	G	T	SNV	1	1	T	1:1	T:1	0	11	0						1	1	1	1
rs9349320	H2265	1	HG00117:1	rs9349320	45269814	G	T	SNV	1	1	T	1:1	T:1	0	11	0						1	1	1	1
rs9349320	H2266	1	NA20536:1	rs9349320	45269814	G	T	SNV	1	1	T	1:1	T:1	0	11	0						1	1	1	1
rs9349320	H2267	1	HG01054:1	rs9349320	45269814	G	T	SNV	1	1	T	1:1	T:1	0	11	0						1	1	1	1
rs9349320	H2268	1	HG01675:1	rs9349320	45269814	G	T	SNV	1	1	T	1:1	T:1	0	11	0						1	1	1	1
rs9349320	H2269	1	HG00332:2	rs9349320	45269814	G	T	SNV	1	1	T	1:1	T:1	0	11	0						1	1	1	1
rs9349320	H227	3	HG00737:2;HG01162:2;HG01392:1	rs9349320	45269814	G	T	SNV	3	1	T	1:3	T:3	0	11	0						1	1	1	1
rs9349320	H2270	1	HG00318:2	rs9349320	45269814	G	T	SNV	1	1	T	1:1	T:1	0	11	0						1	1	1	1
rs9349320	H2271	1	HG01879:1	rs9349320	45269814	G	T	SNV	1	1	T	1:1	T:1	0	11	0						1	1	1	1
rs9349320	H2272	1	HG03490:2	rs9349320	45269814	G	T	SNV	1	1	T	1:1	T:1	0	11	0						1	1	1	1
rs9349320	H2273	1	HG04177:2	rs9349320	45269814	G	T	SNV	1	1	T	1:1	T:1	0	11	0						1	1	1	1
rs9349320	H2274	1	HG01977:2	rs9349320	45269814	G	T	SNV	1	1	T	1:1	T:1	0	11	0						1	1	1	1
rs9349320	H2275	1	HG03442:1	rs9349320	45269814	G	T	SNV	1	1	T	1:1	T:1	0	11	0						1	1	1	1
rs9349320	H2276	1	HG01685:2	rs9349320	45269814	G	T	SNV	1	1	T	1:1	T:1	0	11	0						1	1	1	1
rs9349320	H2277	1	NA19777:1	rs9349320	45269814	G	T	SNV	1	1	T	1:1	T:1	0	11	0						1	1	1	1
rs9349320	H2278	1	NA19664:1	rs9349320	45269814	G	T	SNV	1	1	T	1:1	T:1	0	11	0						1	1	1	1
rs9349320	H2279	1	NA19072:2	rs9349320	45269814	G	T	SNV	1	1	T	1:1	T:1	0	11	0						1	1	1	1
rs9349320	H228	3	HG01052:1;HG03684:2;NA20759:1	rs9349320	45269814	G	T	SNV	3	1	T	1:3	T:3	0	11	0						1	1	1	1
rs9349320	H2280	1	NA18610:2	rs9349320	45269814	G	T	SNV	1	1	T	1:1	T:1	0	11	0						1	1	1	1
rs9349320	H2281	1	HG03890:2	rs9349320	45269814	G	T	SNV	1	1	T	1:1	T:1	0	11	0						1	1	1	1
rs9349320	H2282	1	HG03717:2	rs9349320	45269814	G	T	SNV	1	1	T	1:1	T:1	0	11	0						1	1	1	1
rs9349320	H2283	1	HG03872:1	rs9349320	45269814	G	T	SNV	1	1	T	1:1	T:1	0	11	0						1	1	1	1
rs9349320	H2284	1	HG00583:1	rs9349320	45269814	G	T	SNV	1	1	T	1:1	T:1	0	11	0						1	1	1	1
rs9349320	H2285	1	HG02187:1	rs9349320	45269814	G	T	SNV	1	1	T	1:1	T:1	0	11	0						1	1	1	1
rs9349320	H2286	1	HG02116:2	rs9349320	45269814	G	T	SNV	1	1	T	1:1	T:1	0	11	0						1	1	1	1
rs9349320	H2287	1	HG00641:1	rs9349320	45269814	G	T	SNV	1	1	T	1:1	T:1	0	11	0						1	1	1	1
rs9349320	H2288	1	HG01403:1	rs9349320	45269814	G	T	SNV	1	1	T	1:1	T:1	0	11	0						1	1	1	1
rs9349320	H2289	1	HG00553:2	rs9349320	45269814	G	T	SNV	1	1	T	1:1	T:1	0	11	0						1	1	1	1
rs9349320	H229	3	HG03598:2;HG03615:1;HG04156:1	rs9349320	45269814	G	T	SNV	3	1	T	1:3	T:3	0	11	0						1	1	1	1
rs9349320	H2290	1	NA18963:1	rs9349320	45269814	G	T	SNV	1	1	T	1:1	T:1	0	11	0						1	1	1	1
rs9349320	H2291	1	HG01974:2	rs9349320	45269814	G	T	SNV	1	1	T	1:1	T:1	0	11	0						1	1	1	1
rs9349320	H2292	1	NA18951:2	rs9349320	45269814	G	T	SNV	1	1	T	1:1	T:1	0	11	0						1	1	1	1
rs9349320	H2293	1	HG02265:2	rs9349320	45269814	G	T	SNV	1	1	T	1:1	T:1	0	11	0						1	1	1	1
rs9349320	H2294	1	NA19770:1	rs9349320	45269814	G	T	SNV	1	1	T	1:1	T:1	0	11	0						1	1	1	1
rs9349320	H2295	1	NA19728:1	rs9349320	45269814	G	T	SNV	1	1	T	1:1	T:1	0	11	0						1	1	1	1
rs9349320	H2296	1	HG02166:1	rs9349320	45269814	G	T	SNV	1	1	T	1:1	T:1	0	11	0						1	1	1	1
rs9349320	H2297	1	NA21092:1	rs9349320	45269814	G	T	SNV	1	1	T	1:1	T:1	0	11	0						1	1	1	1
rs9349320	H2298	1	HG02688:1	rs9349320	45269814	G	T	SNV	1	1	T	1:1	T:1	0	11	0						1	1	1	1
rs9349320	H2299	1	NA18953:2	rs9349320	45269814	G	T	SNV	1	1	T	1:1	T:1	0	11	0						1	1	1	1
rs9349320	H23	10	HG01880:1;HG01956:1;HG01986:1;HG02107:2;HG02952:2;HG03077:2;HG03394:1;NA19198:2;NA19235:1;NA20294:2	rs9349320	45269814	G	T	SNV	10	1	T	1:10	T:10	0	11	0						1	1	1	1
rs9349320	H230	3	HG00252:2;HG00263:1;NA20815:2	rs9349320	45269814	G	T	SNV	3	1	T	1:3	T:3	0	11	0						1	1	1	1
rs9349320	H2300	1	NA20768:1	rs9349320	45269814	G	T	SNV	1	1	T	1:1	T:1	0	11	0						1	1	1	1
rs9349320	H2301	1	NA20513:1	rs9349320	45269814	G	T	SNV	1	1	T	1:1	T:1	0	11	0						1	1	1	1
rs9349320	H2302	1	HG02364:1	rs9349320	45269814	G	T	SNV	1	1	T	1:1	T:1	0	11	0						1	1	1	1
rs9349320	H2303	1	NA18620:2	rs9349320	45269814	G	T	SNV	1	1	T	1:1	T:1	0	11	0						1	1	1	1
rs9349320	H2304	1	HG01077:2	rs9349320	45269814	G	T	SNV	1	1	T	1:1	T:1	0	11	0						1	1	1	1
rs9349320	H2305	1	HG01359:1	rs9349320	45269814	G	T	SNV	1	1	T	1:1	T:1	0	11	0						1	1	1	1
rs9349320	H2306	1	HG01519:2	rs9349320	45269814	G	T	SNV	1	1	T	1:1	T:1	0	11	0						1	1	1	1
rs9349320	H2307	1	HG02292:1	rs9349320	45269814	G	T	SNV	1	1	T	1:1	T:1	0	11	0						1	1	1	1
rs9349320	H2308	1	NA18608:1	rs9349320	45269814	G	T	SNV	1	1	T	1:1	T:1	0	11	0						1	1	1	1
rs9349320	H2309	1	HG00867:2	rs9349320	45269814	G	T	SNV	1	1	T	1:1	T:1	0	11	0						1	1	1	1
rs9349320	H231	3	HG00105:1;HG01133:2;NA12827:2	rs9349320	45269814	G	T	SNV	3	1	T	1:3	T:3	0	11	0						1	1	1	1
rs9349320	H2310	1	NA18545:2	rs9349320	45269814	G	T	SNV	1	1	T	1:1	T:1	0	11	0						1	1	1	1
rs9349320	H2311	1	NA18980:1	rs9349320	45269814	G	T	SNV	1	1	T	1:1	T:1	0	11	0						1	1	1	1
rs9349320	H2312	1	NA18559:2	rs9349320	45269814	G	T	SNV	1	1	T	1:1	T:1	0	11	0						1	1	1	1
rs9349320	H2313	1	NA18974:2	rs9349320	45269814	G	T	SNV	1	1	T	1:1	T:1	0	11	0						1	1	1	1
rs9349320	H2314	1	HG02353:2	rs9349320	45269814	G	T	SNV	1	1	T	1:1	T:1	0	11	0						1	1	1	1
rs9349320	H2315	1	HG00982:1	rs9349320	45269814	G	T	SNV	1	1	T	1:1	T:1	0	11	0						1	1	1	1
rs9349320	H2316	1	HG03711:1	rs9349320	45269814	G	T	SNV	1	1	T	1:1	T:1	0	11	0						1	1	1	1
rs9349320	H2317	1	HG01525:1	rs9349320	45269814	G	T	SNV	1	1	T	1:1	T:1	0	11	0						1	1	1	1
rs9349320	H2318	1	HG04018:1	rs9349320	45269814	G	T	SNV	1	1	T	1:1	T:1	0	11	0						1	1	1	1
rs9349320	H2319	1	HG01512:2	rs9349320	45269814	G	T	SNV	1	1	T	1:1	T:1	0	11	0						1	1	1	1
rs9349320	H232	3	HG03720:1;HG03896:1;HG04171:1	rs9349320	45269814	G	T	SNV	3	1	T	1:3	T:3	0	11	0						1	1	1	1
rs9349320	H2320	1	NA12716:1	rs9349320	45269814	G	T	SNV	1	1	T	1:1	T:1	0	11	0						1	1	1	1
rs9349320	H2321	1	HG02262:2	rs9349320	45269814	G	T	SNV	1	1	T	1:1	T:1	0	11	0						1	1	1	1
rs9349320	H2322	1	HG00159:2	rs9349320	45269814	G	T	SNV	1	1	T	1:1	T:1	0	11	0						1	1	1	1
rs9349320	H2323	1	NA19652:1	rs9349320	45269814	G	T	SNV	1	1	T	1:1	T:1	0	11	0						1	1	1	1
rs9349320	H2324	1	HG00881:1	rs9349320	45269814	G	T	SNV	1	1	T	1:1	T:1	0	11	0						1	1	1	1
rs9349320	H2325	1	HG02513:2	rs9349320	45269814	G	T	SNV	1	1	T	1:1	T:1	0	11	0						1	1	1	1
rs9349320	H2326	1	HG00149:1	rs9349320	45269814	G	T	SNV	1	1	T	1:1	T:1	0	11	0						1	1	1	1
rs9349320	H2327	1	NA20533:2	rs9349320	45269814	G	T	SNV	1	1	T	1:1	T:1	0	11	0						1	1	1	1
rs9349320	H2328	1	HG01137:2	rs9349320	45269814	G	T	SNV	1	1	T	1:1	T:1	0	11	0						1	1	1	1
rs9349320	H2329	1	HG01054:2	rs9349320	45269814	G	T	SNV	1	1	T	1:1	T:1	0	11	0						1	1	1	1
rs9349320	H233	3	HG00631:2;NA18997:1;NA19011:2	rs9349320	45269814	G	T	SNV	3	1	T	1:3	T:3	0	11	0						1	1	1	1
rs9349320	H2330	1	HG02031:1	rs9349320	45269814	G	T	SNV	1	1	T	1:1	T:1	0	11	0						1	1	1	1
rs9349320	H2331	1	HG00443:1	rs9349320	45269814	G	T	SNV	1	1	T	1:1	T:1	0	11	0						1	1	1	1
rs9349320	H2332	1	NA19064:1	rs9349320	45269814	G	T	SNV	1	1	T	1:1	T:1	0	11	0						1	1	1	1
rs9349320	H2333	1	HG03771:1	rs9349320	45269814	G	T	SNV	1	1	T	1:1	T:1	0	11	0						1	1	1	1
rs9349320	H2334	1	HG03644:2	rs9349320	45269814	G	T	SNV	1	1	T	1:1	T:1	0	11	0						1	1	1	1
rs9349320	H2335	1	HG03672:1	rs9349320	45269814	G	T	SNV	1	1	T	1:1	T:1	0	11	0						1	1	1	1
rs9349320	H2336	1	HG03854:2	rs9349320	45269814	G	T	SNV	1	1	T	1:1	T:1	0	11	0						1	1	1	1
rs9349320	H2337	1	HG04202:1	rs9349320	45269814	G	T	SNV	1	1	T	1:1	T:1	0	11	0						1	1	1	1
rs9349320	H2338	1	HG00256:2	rs9349320	45269814	G	T	SNV	1	1	T	1:1	T:1	0	11	0						1	1	1	1
rs9349320	H2339	1	HG02150:2	rs9349320	45269814	G	T	SNV	1	1	T	1:1	T:1	0	11	0						1	1	1	1
rs9349320	H234	3	HG02078:1;HG03611:2;HG04162:1	rs9349320	45269814	G	T	SNV	3	1	T	1:3	T:3	0	11	0						1	1	1	1
rs9349320	H2340	1	HG04107:2	rs9349320	45269814	G	T	SNV	1	1	T	1:1	T:1	0	11	0						1	1	1	1
rs9349320	H2341	1	NA19083:1	rs9349320	45269814	G	T	SNV	1	1	T	1:1	T:1	0	11	0						1	1	1	1
rs9349320	H2342	1	NA19716:2	rs9349320	45269814	G	T	SNV	1	1	T	1:1	T:1	0	11	0						1	1	1	1
rs9349320	H2343	1	HG02275:1	rs9349320	45269814	G	T	SNV	1	1	T	1:1	T:1	0	11	0						1	1	1	1
rs9349320	H2344	1	NA20314:2	rs9349320	45269814	G	T	SNV	1	1	T	1:1	T:1	0	11	0						1	1	1	1
rs9349320	H2345	1	NA19722:1	rs9349320	45269814	G	T	SNV	1	1	T	1:1	T:1	0	11	0						1	1	1	1
rs9349320	H2346	1	HG01932:2	rs9349320	45269814	G	T	SNV	1	1	T	1:1	T:1	0	11	0						1	1	1	1
rs9349320	H2347	1	HG02146:2	rs9349320	45269814	G	T	SNV	1	1	T	1:1	T:1	0	11	0						1	1	1	1
rs9349320	H2348	1	NA19741:1	rs9349320	45269814	G	T	SNV	1	1	T	1:1	T:1	0	11	0						1	1	1	1
rs9349320	H2349	1	HG01961:2	rs9349320	45269814	G	T	SNV	1	1	T	1:1	T:1	0	11	0						1	1	1	1
rs9349320	H235	3	HG01085:2;HG01182:2;HG01412:2	rs9349320	45269814	G	T	SNV	3	1	T	1:3	T:3	0	11	0						1	1	1	1
rs9349320	H2350	1	HG01669:1	rs9349320	45269814	G	T	SNV	1	1	T	1:1	T:1	0	11	0						1	1	1	1
rs9349320	H2351	1	HG02266:2	rs9349320	45269814	G	T	SNV	1	1	T	1:1	T:1	0	11	0						1	1	1	1
rs9349320	H2352	1	HG02231:2	rs9349320	45269814	G	T	SNV	1	1	T	1:1	T:1	0	11	0						1	1	1	1
rs9349320	H2353	1	HG03649:1	rs9349320	45269814	G	T	SNV	1	1	T	1:1	T:1	0	11	0						1	1	1	1
rs9349320	H2354	1	HG01083:2	rs9349320	45269814	G	T	SNV	1	1	T	1:1	T:1	0	11	0						1	1	1	1
rs9349320	H2355	1	HG02562:2	rs9349320	45269814	G	T	SNV	1	1	T	1:1	T:1	0	11	0						1	1	1	1
rs9349320	H2356	1	HG03058:2	rs9349320	45269814	G	T	SNV	1	1	T	1:1	T:1	0	11	0						1	1	1	1
rs9349320	H2357	1	HG00122:1	rs9349320	45269814	G	T	SNV	1	1	T	1:1	T:1	0	11	0						1	1	1	1
rs9349320	H2358	1	HG03631:1	rs9349320	45269814	G	T	SNV	1	1	T	1:1	T:1	0	11	0						1	1	1	1
rs9349320	H2359	1	HG01626:1	rs9349320	45269814	G	T	SNV	1	1	T	1:1	T:1	0	11	0						1	1	1	1
rs9349320	H236	3	HG01167:2;HG01607:1;HG02235:1	rs9349320	45269814	G	T	SNV	3	1	T	1:3	T:3	0	11	0						1	1	1	1
rs9349320	H2360	1	HG00179:1	rs9349320	45269814	G	T	SNV	1	1	T	1:1	T:1	0	11	0						1	1	1	1
rs9349320	H2361	1	HG00290:1	rs9349320	45269814	G	T	SNV	1	1	T	1:1	T:1	0	11	0						1	1	1	1
rs9349320	H2362	1	HG04222:2	rs9349320	45269814	G	T	SNV	1	1	T	1:1	T:1	0	11	0						1	1	1	1
rs9349320	H2363	1	HG03773:2	rs9349320	45269814	G	T	SNV	1	1	T	1:1	T:1	0	11	0						1	1	1	1
rs9349320	H2364	1	HG03729:1	rs9349320	45269814	G	T	SNV	1	1	T	1:1	T:1	0	11	0						1	1	1	1
rs9349320	H2365	1	HG01950:2	rs9349320	45269814	G	T	SNV	1	1	T	1:1	T:1	0	11	0						1	1	1	1
rs9349320	H2366	1	HG00851:1	rs9349320	45269814	G	T	SNV	1	1	T	1:1	T:1	0	11	0						1	1	1	1
rs9349320	H2367	1	NA18970:1	rs9349320	45269814	G	T	SNV	1	1	T	1:1	T:1	0	11	0						1	1	1	1
rs9349320	H2368	1	NA19054:1	rs9349320	45269814	G	T	SNV	1	1	T	1:1	T:1	0	11	0						1	1	1	1
rs9349320	H2369	1	HG00126:2	rs9349320	45269814	G	T	SNV	1	1	T	1:1	T:1	0	11	0						1	1	1	1
rs9349320	H237	3	HG01031:1;HG01812:1;HG01840:2	rs9349320	45269814	G	T	SNV	3	1	T	1:3	T:3	0	11	0						1	1	1	1
rs9349320	H2370	1	HG01796:1	rs9349320	45269814	G	T	SNV	1	1	T	1:1	T:1	0	11	0						1	1	1	1
rs9349320	H2371	1	HG01808:1	rs9349320	45269814	G	T	SNV	1	1	T	1:1	T:1	0	11	0						1	1	1	1
rs9349320	H2372	1	HG01815:1	rs9349320	45269814	G	T	SNV	1	1	T	1:1	T:1	0	11	0						1	1	1	1
rs9349320	H2373	1	NA18642:2	rs9349320	45269814	G	T	SNV	1	1	T	1:1	T:1	0	11	0						1	1	1	1
rs9349320	H2374	1	HG00531:1	rs9349320	45269814	G	T	SNV	1	1	T	1:1	T:1	0	11	0						1	1	1	1
rs9349320	H2375	1	HG00881:2	rs9349320	45269814	G	T	SNV	1	1	T	1:1	T:1	0	11	0						1	1	1	1
rs9349320	H2376	1	HG03917:1	rs9349320	45269814	G	T	SNV	1	1	T	1:1	T:1	0	11	0						1	1	1	1
rs9349320	H2377	1	HG00692:2	rs9349320	45269814	G	T	SNV	1	1	T	1:1	T:1	0	11	0						1	1	1	1
rs9349320	H2378	1	NA18552:1	rs9349320	45269814	G	T	SNV	1	1	T	1:1	T:1	0	11	0						1	1	1	1
rs9349320	H2379	1	NA18981:1	rs9349320	45269814	G	T	SNV	1	1	T	1:1	T:1	0	11	0						1	1	1	1
rs9349320	H238	3	HG00978:1;HG01812:2;HG02190:1	rs9349320	45269814	G	T	SNV	3	1	T	1:3	T:3	0	11	0						1	1	1	1
rs9349320	H2380	1	HG00534:2	rs9349320	45269814	G	T	SNV	1	1	T	1:1	T:1	0	11	0						1	1	1	1
rs9349320	H2381	1	NA18614:2	rs9349320	45269814	G	T	SNV	1	1	T	1:1	T:1	0	11	0						1	1	1	1
rs9349320	H2382	1	NA18648:2	rs9349320	45269814	G	T	SNV	1	1	T	1:1	T:1	0	11	0						1	1	1	1
rs9349320	H2383	1	HG00448:1	rs9349320	45269814	G	T	SNV	1	1	T	1:1	T:1	0	11	0						1	1	1	1
rs9349320	H2384	1	HG02061:1	rs9349320	45269814	G	T	SNV	1	1	T	1:1	T:1	0	11	0						1	1	1	1
rs9349320	H2385	1	NA18757:1	rs9349320	45269814	G	T	SNV	1	1	T	1:1	T:1	0	11	0						1	1	1	1
rs9349320	H2386	1	NA19005:2	rs9349320	45269814	G	T	SNV	1	1	T	1:1	T:1	0	11	0						1	1	1	1
rs9349320	H2387	1	HG03730:1	rs9349320	45269814	G	T	SNV	1	1	T	1:1	T:1	0	11	0						1	1	1	1
rs9349320	H2388	1	HG02219:1	rs9349320	45269814	G	T	SNV	1	1	T	1:1	T:1	0	11	0						1	1	1	1
rs9349320	H2389	1	NA18530:1	rs9349320	45269814	G	T	SNV	1	1	T	1:1	T:1	0	11	0						1	1	1	1
rs9349320	H239	3	NA21104:2;NA21113:1;NA21114:1	rs9349320	45269814	G	T	SNV	3	1	T	1:3	T:3	0	11	0						1	1	1	1
rs9349320	H2390	1	HG00704:1	rs9349320	45269814	G	T	SNV	1	1	T	1:1	T:1	0	11	0						1	1	1	1
rs9349320	H2391	1	NA18986:2	rs9349320	45269814	G	T	SNV	1	1	T	1:1	T:1	0	11	0						1	1	1	1
rs9349320	H2392	1	HG00379:1	rs9349320	45269814	G	T	SNV	1	1	T	1:1	T:1	0	11	0						1	1	1	1
rs9349320	H2393	1	NA20819:1	rs9349320	45269814	G	T	SNV	1	1	T	1:1	T:1	0	11	0						1	1	1	1
rs9349320	H2394	1	NA20796:1	rs9349320	45269814	G	T	SNV	1	1	T	1:1	T:1	0	11	0						1	1	1	1
rs9349320	H2395	1	HG01682:2	rs9349320	45269814	G	T	SNV	1	1	T	1:1	T:1	0	11	0						1	1	1	1
rs9349320	H2396	1	HG00308:2	rs9349320	45269814	G	T	SNV	1	1	T	1:1	T:1	0	11	0						1	1	1	1
rs9349320	H2397	1	HG02230:2	rs9349320	45269814	G	T	SNV	1	1	T	1:1	T:1	0	11	0						1	1	1	1
rs9349320	H2398	1	NA20790:2	rs9349320	45269814	G	T	SNV	1	1	T	1:1	T:1	0	11	0						1	1	1	1
rs9349320	H2399	1	NA20908:2	rs9349320	45269814	G	T	SNV	1	1	T	1:1	T:1	0	11	0						1	1	1	1
rs9349320	H24	10	HG01989:1;HG02009:1;HG02476:2;HG02953:1;HG02974:1;HG03100:1;HG03280:2;HG03363:2;NA19172:2;NA19713:2	rs9349320	45269814	G	T	SNV	10	1	T	1:10	T:10	0	11	0						1	1	1	1
rs9349320	H240	3	NA18532:1;NA18549:1;NA18626:1	rs9349320	45269814	G	T	SNV	3	1	T	1:3	T:3	0	11	0						1	1	1	1
rs9349320	H2400	1	NA18628:1	rs9349320	45269814	G	T	SNV	1	1	T	1:1	T:1	0	11	0						1	1	1	1
rs9349320	H2401	1	HG01046:1	rs9349320	45269814	G	T	SNV	1	1	T	1:1	T:1	0	11	0						1	1	1	1
rs9349320	H2402	1	HG02017:2	rs9349320	45269814	G	T	SNV	1	1	T	1:1	T:1	0	11	0						1	1	1	1
rs9349320	H2403	1	HG02025:2	rs9349320	45269814	G	T	SNV	1	1	T	1:1	T:1	0	11	0						1	1	1	1
rs9349320	H2404	1	HG01795:2	rs9349320	45269814	G	T	SNV	1	1	T	1:1	T:1	0	11	0						1	1	1	1
rs9349320	H2405	1	HG00640:2	rs9349320	45269814	G	T	SNV	1	1	T	1:1	T:1	0	11	0						1	1	1	1
rs9349320	H2406	1	HG02655:2	rs9349320	45269814	G	T	SNV	1	1	T	1:1	T:1	0	11	0						1	1	1	1
rs9349320	H2407	1	NA19774:2	rs9349320	45269814	G	T	SNV	1	1	T	1:1	T:1	0	11	0						1	1	1	1
rs9349320	H2408	1	NA20809:2	rs9349320	45269814	G	T	SNV	1	1	T	1:1	T:1	0	11	0						1	1	1	1
rs9349320	H2409	1	NA20872:2	rs9349320	45269814	G	T	SNV	1	1	T	1:1	T:1	0	11	0						1	1	1	1
rs9349320	H241	3	NA18952:2;NA18992:1;NA18999:1	rs9349320	45269814	G	T	SNV	3	1	T	1:3	T:3	0	11	0						1	1	1	1
rs9349320	H2410	1	HG00634:2	rs9349320	45269814	G	T	SNV	1	1	T	1:1	T:1	0	11	0						1	1	1	1
rs9349320	H2411	1	HG00452:1	rs9349320	45269814	G	T	SNV	1	1	T	1:1	T:1	0	11	0						1	1	1	1
rs9349320	H2412	1	NA18987:2	rs9349320	45269814	G	T	SNV	1	1	T	1:1	T:1	0	11	0						1	1	1	1
rs9349320	H2413	1	HG02728:2	rs9349320	45269814	G	T	SNV	1	1	T	1:1	T:1	0	11	0						1	1	1	1
rs9349320	H2414	1	HG01970:2	rs9349320	45269814	G	T	SNV	1	1	T	1:1	T:1	0	11	0						1	1	1	1
rs9349320	H2415	1	NA19669:1	rs9349320	45269814	G	T	SNV	1	1	T	1:1	T:1	0	11	0						1	1	1	1
rs9349320	H2416	1	HG01447:1	rs9349320	45269814	G	T	SNV	1	1	T	1:1	T:1	0	11	0						1	1	1	1
rs9349320	H2417	1	HG01550:2	rs9349320	45269814	G	T	SNV	1	1	T	1:1	T:1	0	11	0						1	1	1	1
rs9349320	H2418	1	HG02262:1	rs9349320	45269814	G	T	SNV	1	1	T	1:1	T:1	0	11	0						1	1	1	1
rs9349320	H2419	1	NA18525:1	rs9349320	45269814	G	T	SNV	1	1	T	1:1	T:1	0	11	0						1	1	1	1
rs9349320	H242	3	HG00421:1;HG01869:2;HG02166:2	rs9349320	45269814	G	T	SNV	3	1	T	1:3	T:3	0	11	0						1	1	1	1
rs9349320	H2420	1	NA19726:2	rs9349320	45269814	G	T	SNV	1	1	T	1:1	T:1	0	11	0						1	1	1	1
rs9349320	H2421	1	NA19779:2	rs9349320	45269814	G	T	SNV	1	1	T	1:1	T:1	0	11	0						1	1	1	1
rs9349320	H2422	1	HG01572:2	rs9349320	45269814	G	T	SNV	1	1	T	1:1	T:1	0	11	0						1	1	1	1
rs9349320	H2423	1	HG01954:1	rs9349320	45269814	G	T	SNV	1	1	T	1:1	T:1	0	11	0						1	1	1	1
rs9349320	H2424	1	HG02253:1	rs9349320	45269814	G	T	SNV	1	1	T	1:1	T:1	0	11	0						1	1	1	1
rs9349320	H2425	1	HG01977:1	rs9349320	45269814	G	T	SNV	1	1	T	1:1	T:1	0	11	0						1	1	1	1
rs9349320	H2426	1	HG02274:1	rs9349320	45269814	G	T	SNV	1	1	T	1:1	T:1	0	11	0						1	1	1	1
rs9349320	H2427	1	HG01133:1	rs9349320	45269814	G	T	SNV	1	1	T	1:1	T:1	0	11	0						1	1	1	1
rs9349320	H2428	1	HG01356:1	rs9349320	45269814	G	T	SNV	1	1	T	1:1	T:1	0	11	0						1	1	1	1
rs9349320	H2429	1	NA19731:2	rs9349320	45269814	G	T	SNV	1	1	T	1:1	T:1	0	11	0						1	1	1	1
rs9349320	H243	3	HG00128:2;NA07056:1;NA12272:1	rs9349320	45269814	G	T	SNV	3	1	T	1:3	T:3	0	11	0						1	1	1	1
rs9349320	H2430	1	HG01991:2	rs9349320	45269814	G	T	SNV	1	1	T	1:1	T:1	0	11	0						1	1	1	1
rs9349320	H2431	1	NA19652:2	rs9349320	45269814	G	T	SNV	1	1	T	1:1	T:1	0	11	0						1	1	1	1
rs9349320	H2432	1	NA19741:2	rs9349320	45269814	G	T	SNV	1	1	T	1:1	T:1	0	11	0						1	1	1	1
rs9349320	H2433	1	NA18959:1	rs9349320	45269814	G	T	SNV	1	1	T	1:1	T:1	0	11	0						1	1	1	1
rs9349320	H2434	1	HG00368:1	rs9349320	45269814	G	T	SNV	1	1	T	1:1	T:1	0	11	0						1	1	1	1
rs9349320	H2435	1	HG00174:1	rs9349320	45269814	G	T	SNV	1	1	T	1:1	T:1	0	11	0						1	1	1	1
rs9349320	H2436	1	NA19004:1	rs9349320	45269814	G	T	SNV	1	1	T	1:1	T:1	0	11	0						1	1	1	1
rs9349320	H2437	1	NA18635:2	rs9349320	45269814	G	T	SNV	1	1	T	1:1	T:1	0	11	0						1	1	1	1
rs9349320	H2438	1	HG01840:1	rs9349320	45269814	G	T	SNV	1	1	T	1:1	T:1	0	11	0						1	1	1	1
rs9349320	H2439	1	HG00190:2	rs9349320	45269814	G	T	SNV	1	1	T	1:1	T:1	0	11	0						1	1	1	1
rs9349320	H244	3	HG02023:1;HG02364:2;HG02397:2	rs9349320	45269814	G	T	SNV	3	1	T	1:3	T:3	0	11	0						1	1	1	1
rs9349320	H2440	1	HG00351:2	rs9349320	45269814	G	T	SNV	1	1	T	1:1	T:1	0	11	0						1	1	1	1
rs9349320	H2441	1	HG00334:1	rs9349320	45269814	G	T	SNV	1	1	T	1:1	T:1	0	11	0						1	1	1	1
rs9349320	H2442	1	NA18625:2	rs9349320	45269814	G	T	SNV	1	1	T	1:1	T:1	0	11	0						1	1	1	1
rs9349320	H2443	1	HG03733:2	rs9349320	45269814	G	T	SNV	1	1	T	1:1	T:1	0	11	0						1	1	1	1
rs9349320	H2444	1	HG04153:1	rs9349320	45269814	G	T	SNV	1	1	T	1:1	T:1	0	11	0						1	1	1	1
rs9349320	H2445	1	HG01271:1	rs9349320	45269814	G	T	SNV	1	1	T	1:1	T:1	0	11	0						1	1	1	1
rs9349320	H2446	1	NA12340:1	rs9349320	45269814	G	T	SNV	1	1	T	1:1	T:1	0	11	0						1	1	1	1
rs9349320	H2447	1	HG04185:1	rs9349320	45269814	G	T	SNV	1	1	T	1:1	T:1	0	11	0						1	1	1	1
rs9349320	H2448	1	HG03778:1	rs9349320	45269814	G	T	SNV	1	1	T	1:1	T:1	0	11	0						1	1	1	1
rs9349320	H2449	1	HG04194:1	rs9349320	45269814	G	T	SNV	1	1	T	1:1	T:1	0	11	0						1	1	1	1
rs9349320	H245	3	HG00536:2;HG00662:2;NA18987:1	rs9349320	45269814	G	T	SNV	3	1	T	1:3	T:3	0	11	0						1	1	1	1
rs9349320	H2450	1	HG01412:1	rs9349320	45269814	G	T	SNV	1	1	T	1:1	T:1	0	11	0						1	1	1	1
rs9349320	H2451	1	HG02666:2	rs9349320	45269814	G	T	SNV	1	1	T	1:1	T:1	0	11	0						1	1	1	1
rs9349320	H2452	1	HG02814:1	rs9349320	45269814	G	T	SNV	1	1	T	1:1	T:1	0	11	0						1	1	1	1
rs9349320	H2453	1	HG01890:2	rs9349320	45269814	G	T	SNV	1	1	T	1:1	T:1	0	11	0						1	1	1	1
rs9349320	H2454	1	HG03095:2	rs9349320	45269814	G	T	SNV	1	1	T	1:1	T:1	0	11	0						1	1	1	1
rs9349320	H2455	1	HG02808:1	rs9349320	45269814	G	T	SNV	1	1	T	1:1	T:1	0	11	0						1	1	1	1
rs9349320	H2456	1	HG03105:2	rs9349320	45269814	G	T	SNV	1	1	T	1:1	T:1	0	11	0						1	1	1	1
rs9349320	H2457	1	HG02505:1	rs9349320	45269814	G	T	SNV	1	1	T	1:1	T:1	0	11	0						1	1	1	1
rs9349320	H2458	1	HG03111:2	rs9349320	45269814	G	T	SNV	1	1	T	1:1	T:1	0	11	0						1	1	1	1
rs9349320	H2459	1	NA19130:1	rs9349320	45269814	G	T	SNV	1	1	T	1:1	T:1	0	11	0						1	1	1	1
rs9349320	H246	3	HG01384:1;HG02253:2;NA19728:2	rs9349320	45269814	G	T	SNV	3	1	T	1:3	T:3	0	11	0						1	1	1	1
rs9349320	H2460	1	HG02814:2	rs9349320	45269814	G	T	SNV	1	1	T	1:1	T:1	0	11	0						1	1	1	1
rs9349320	H2461	1	NA19818:2	rs9349320	45269814	G	T	SNV	1	1	T	1:1	T:1	0	11	0						1	1	1	1
rs9349320	H2462	1	HG02642:2	rs9349320	45269814	G	T	SNV	1	1	T	1:1	T:1	0	11	0						1	1	1	1
rs9349320	H2463	1	NA18909:1	rs9349320	45269814	G	T	SNV	1	1	T	1:1	T:1	0	11	0						1	1	1	1
rs9349320	H2464	1	HG02887:1	rs9349320	45269814	G	T	SNV	1	1	T	1:1	T:1	0	11	0						1	1	1	1
rs9349320	H2465	1	NA20298:2	rs9349320	45269814	G	T	SNV	1	1	T	1:1	T:1	0	11	0						1	1	1	1
rs9349320	H2466	1	NA18874:2	rs9349320	45269814	G	T	SNV	1	1	T	1:1	T:1	0	11	0						1	1	1	1
rs9349320	H2467	1	NA19327:1	rs9349320	45269814	G	T	SNV	1	1	T	1:1	T:1	0	11	0						1	1	1	1
rs9349320	H2468	1	HG03940:2	rs9349320	45269814	G	T	SNV	1	1	T	1:1	T:1	0	11	0						1	1	1	1
rs9349320	H2469	1	NA20894:1	rs9349320	45269814	G	T	SNV	1	1	T	1:1	T:1	0	11	0						1	1	1	1
rs9349320	H247	3	HG03790:2;HG03990:1;NA21109:2	rs9349320	45269814	G	T	SNV	3	1	T	1:3	T:3	0	11	0						1	1	1	1
rs9349320	H2470	1	NA20845:1	rs9349320	45269814	G	T	SNV	1	1	T	1:1	T:1	0	11	0						1	1	1	1
rs9349320	H2471	1	NA21130:1	rs9349320	45269814	G	T	SNV	1	1	T	1:1	T:1	0	11	0						1	1	1	1
rs9349320	H2472	1	NA20877:2	rs9349320	45269814	G	T	SNV	1	1	T	1:1	T:1	0	11	0						1	1	1	1
rs9349320	H2473	1	HG03919:2	rs9349320	45269814	G	T	SNV	1	1	T	1:1	T:1	0	11	0						1	1	1	1
rs9349320	H2474	1	NA21091:2	rs9349320	45269814	G	T	SNV	1	1	T	1:1	T:1	0	11	0						1	1	1	1
rs9349320	H2475	1	HG04035:1	rs9349320	45269814	G	T	SNV	1	1	T	1:1	T:1	0	11	0						1	1	1	1
rs9349320	H2476	1	HG04080:1	rs9349320	45269814	G	T	SNV	1	1	T	1:1	T:1	0	11	0						1	1	1	1
rs9349320	H2477	1	HG03910:2	rs9349320	45269814	G	T	SNV	1	1	T	1:1	T:1	0	11	0						1	1	1	1
rs9349320	H2478	1	NA19019:1	rs9349320	45269814	G	T	SNV	1	1	T	1:1	T:1	0	11	0						1	1	1	1
rs9349320	H2479	1	NA19332:2	rs9349320	45269814	G	T	SNV	1	1	T	1:1	T:1	0	11	0						1	1	1	1
rs9349320	H248	3	HG03024:2;NA18865:1;NA20351:2	rs9349320	45269814	G	T	SNV	3	1	T	1:3	T:3	0	11	0						1	1	1	1
rs9349320	H2480	1	NA19395:2	rs9349320	45269814	G	T	SNV	1	1	T	1:1	T:1	0	11	0						1	1	1	1
rs9349320	H2481	1	NA19307:2	rs9349320	45269814	G	T	SNV	1	1	T	1:1	T:1	0	11	0						1	1	1	1
rs9349320	H2482	1	HG03069:1	rs9349320	45269814	G	T	SNV	1	1	T	1:1	T:1	0	11	0						1	1	1	1
rs9349320	H2483	1	HG03437:2	rs9349320	45269814	G	T	SNV	1	1	T	1:1	T:1	0	11	0						1	1	1	1
rs9349320	H2484	1	HG03169:1	rs9349320	45269814	G	T	SNV	1	1	T	1:1	T:1	0	11	0						1	1	1	1
rs9349320	H2485	1	HG03166:2	rs9349320	45269814	G	T	SNV	1	1	T	1:1	T:1	0	11	0						1	1	1	1
rs9349320	H2486	1	NA19431:2	rs9349320	45269814	G	T	SNV	1	1	T	1:1	T:1	0	11	0						1	1	1	1
rs9349320	H2487	1	NA19712:2	rs9349320	45269814	G	T	SNV	1	1	T	1:1	T:1	0	11	0						1	1	1	1
rs9349320	H2488	1	HG02308:1	rs9349320	45269814	G	T	SNV	1	1	T	1:1	T:1	0	11	0						1	1	1	1
rs9349320	H2489	1	NA19137:1	rs9349320	45269814	G	T	SNV	1	1	T	1:1	T:1	0	11	0						1	1	1	1
rs9349320	H249	3	HG02425:2;NA18858:1;NA19746:2	rs9349320	45269814	G	T	SNV	3	1	T	1:3	T:3	0	11	0						1	1	1	1
rs9349320	H2490	1	HG01914:1	rs9349320	45269814	G	T	SNV	1	1	T	1:1	T:1	0	11	0						1	1	1	1
rs9349320	H2491	1	HG03199:1	rs9349320	45269814	G	T	SNV	1	1	T	1:1	T:1	0	11	0						1	1	1	1
rs9349320	H2492	1	NA19201:2	rs9349320	45269814	G	T	SNV	1	1	T	1:1	T:1	0	11	0						1	1	1	1
rs9349320	H2493	1	HG02334:1	rs9349320	45269814	G	T	SNV	1	1	T	1:1	T:1	0	11	0						1	1	1	1
rs9349320	H2494	1	HG03118:2	rs9349320	45269814	G	T	SNV	1	1	T	1:1	T:1	0	11	0						1	1	1	1
rs9349320	H2495	1	NA19984:2	rs9349320	45269814	G	T	SNV	1	1	T	1:1	T:1	0	11	0						1	1	1	1
rs9349320	H2496	1	HG02620:2	rs9349320	45269814	G	T	SNV	1	1	T	1:1	T:1	0	11	0						1	1	1	1
rs9349320	H2497	1	NA19222:2	rs9349320	45269814	G	T	SNV	1	1	T	1:1	T:1	0	11	0						1	1	1	1
rs9349320	H2498	1	HG03385:1	rs9349320	45269814	G	T	SNV	1	1	T	1:1	T:1	0	11	0						1	1	1	1
rs9349320	H2499	1	NA19984:1	rs9349320	45269814	G	T	SNV	1	1	T	1:1	T:1	0	11	0						1	1	1	1
rs9349320	H25	10	HG02315:2;NA18504:2;NA19017:2;NA19041:1;NA19042:2;NA19095:1;NA19379:2;NA19403:2;NA19454:1;NA19466:1	rs9349320	45269814	G	T	SNV	10	1	T	1:10	T:10	0	11	0						1	1	1	1
rs9349320	H250	3	NA19310:2;NA19350:2;NA20342:2	rs9349320	45269814	G	T	SNV	3	1	T	1:3	T:3	0	11	0						1	1	1	1
rs9349320	H2500	1	HG02307:1	rs9349320	45269814	G	T	SNV	1	1	T	1:1	T:1	0	11	0						1	1	1	1
rs9349320	H2501	1	NA18499:1	rs9349320	45269814	G	T	SNV	1	1	T	1:1	T:1	0	11	0						1	1	1	1
rs9349320	H2502	1	HG02144:1	rs9349320	45269814	G	T	SNV	1	1	T	1:1	T:1	0	11	0						1	1	1	1
rs9349320	H2503	1	HG03538:1	rs9349320	45269814	G	T	SNV	1	1	T	1:1	T:1	0	11	0						1	1	1	1
rs9349320	H2504	1	HG02642:1	rs9349320	45269814	G	T	SNV	1	1	T	1:1	T:1	0	11	0						1	1	1	1
rs9349320	H2505	1	HG03259:2	rs9349320	45269814	G	T	SNV	1	1	T	1:1	T:1	0	11	0						1	1	1	1
rs9349320	H2506	1	NA19146:2	rs9349320	45269814	G	T	SNV	1	1	T	1:1	T:1	0	11	0						1	1	1	1
rs9349320	H2507	1	HG03382:2	rs9349320	45269814	G	T	SNV	1	1	T	1:1	T:1	0	11	0						1	1	1	1
rs9349320	H2508	1	NA19041:2	rs9349320	45269814	G	T	SNV	1	1	T	1:1	T:1	0	11	0						1	1	1	1
rs9349320	H2509	1	HG03311:2	rs9349320	45269814	G	T	SNV	1	1	T	1:1	T:1	0	11	0						1	1	1	1
rs9349320	H251	3	HG03689:2;HG03858:1;HG04070:2	rs9349320	45269814	G	T	SNV	3	1	T	1:3	T:3	0	11	0						1	1	1	1
rs9349320	H2510	1	NA19200:1	rs9349320	45269814	G	T	SNV	1	1	T	1:1	T:1	0	11	0						1	1	1	1
rs9349320	H2511	1	NA19035:2	rs9349320	45269814	G	T	SNV	1	1	T	1:1	T:1	0	11	0						1	1	1	1
rs9349320	H2512	1	NA19043:1	rs9349320	45269814	G	T	SNV	1	1	T	1:1	T:1	0	11	0						1	1	1	1
rs9349320	H2513	1	NA19334:1	rs9349320	45269814	G	T	SNV	1	1	T	1:1	T:1	0	11	0						1	1	1	1
rs9349320	H2514	1	NA19146:1	rs9349320	45269814	G	T	SNV	1	1	T	1:1	T:1	0	11	0						1	1	1	1
rs9349320	H2515	1	HG02464:1	rs9349320	45269814	G	T	SNV	1	1	T	1:1	T:1	0	11	0						1	1	1	1
rs9349320	H2516	1	HG03048:2	rs9349320	45269814	G	T	SNV	1	1	T	1:1	T:1	0	11	0						1	1	1	1
rs9349320	H2517	1	HG01618:2	rs9349320	45269814	G	T	SNV	1	1	T	1:1	T:1	0	11	0						1	1	1	1
rs9349320	H2518	1	NA19323:1	rs9349320	45269814	G	T	SNV	1	1	T	1:1	T:1	0	11	0						1	1	1	1
rs9349320	H2519	1	NA18881:2	rs9349320	45269814	G	T	SNV	1	1	T	1:1	T:1	0	11	0						1	1	1	1
rs9349320	H252	3	HG01248:2;NA12763:2;NA12777:2	rs9349320	45269814	G	T	SNV	3	1	T	1:3	T:3	0	11	0						1	1	1	1
rs9349320	H2520	1	NA19360:2	rs9349320	45269814	G	T	SNV	1	1	T	1:1	T:1	0	11	0						1	1	1	1
rs9349320	H2521	1	NA19327:2	rs9349320	45269814	G	T	SNV	1	1	T	1:1	T:1	0	11	0						1	1	1	1
rs9349320	H2522	1	NA18881:1	rs9349320	45269814	G	T	SNV	1	1	T	1:1	T:1	0	11	0						1	1	1	1
rs9349320	H2523	1	HG03352:2	rs9349320	45269814	G	T	SNV	1	1	T	1:1	T:1	0	11	0						1	1	1	1
rs9349320	H2524	1	HG02476:1	rs9349320	45269814	G	T	SNV	1	1	T	1:1	T:1	0	11	0						1	1	1	1
rs9349320	H2525	1	HG02111:2	rs9349320	45269814	G	T	SNV	1	1	T	1:1	T:1	0	11	0						1	1	1	1
rs9349320	H2526	1	NA19383:1	rs9349320	45269814	G	T	SNV	1	1	T	1:1	T:1	0	11	0						1	1	1	1
rs9349320	H2527	1	HG03311:1	rs9349320	45269814	G	T	SNV	1	1	T	1:1	T:1	0	11	0						1	1	1	1
rs9349320	H2528	1	NA19314:1	rs9349320	45269814	G	T	SNV	1	1	T	1:1	T:1	0	11	0						1	1	1	1
rs9349320	H2529	1	NA19024:2	rs9349320	45269814	G	T	SNV	1	1	T	1:1	T:1	0	11	0						1	1	1	1
rs9349320	H253	3	HG00263:2;HG00341:2;HG01676:1	rs9349320	45269814	G	T	SNV	3	1	T	1:3	T:3	0	11	0						1	1	1	1
rs9349320	H2530	1	HG03225:1	rs9349320	45269814	G	T	SNV	1	1	T	1:1	T:1	0	11	0						1	1	1	1
rs9349320	H2531	1	HG02427:2	rs9349320	45269814	G	T	SNV	1	1	T	1:1	T:1	0	11	0						1	1	1	1
rs9349320	H2532	1	HG04098:1	rs9349320	45269814	G	T	SNV	1	1	T	1:1	T:1	0	11	0						1	1	1	1
rs9349320	H2533	1	HG01403:2	rs9349320	45269814	G	T	SNV	1	1	T	1:1	T:1	0	11	0						1	1	1	1
rs9349320	H2534	1	HG00284:1	rs9349320	45269814	G	T	SNV	1	1	T	1:1	T:1	0	11	0						1	1	1	1
rs9349320	H2535	1	HG03687:2	rs9349320	45269814	G	T	SNV	1	1	T	1:1	T:1	0	11	0						1	1	1	1
rs9349320	H2536	1	HG03897:2	rs9349320	45269814	G	T	SNV	1	1	T	1:1	T:1	0	11	0						1	1	1	1
rs9349320	H2537	1	HG03713:1	rs9349320	45269814	G	T	SNV	1	1	T	1:1	T:1	0	11	0						1	1	1	1
rs9349320	H2538	1	HG03830:1	rs9349320	45269814	G	T	SNV	1	1	T	1:1	T:1	0	11	0						1	1	1	1
rs9349320	H2539	1	HG03745:1	rs9349320	45269814	G	T	SNV	1	1	T	1:1	T:1	0	11	0						1	1	1	1
rs9349320	H254	3	HG01374:2;HG01771:1;NA19734:1	rs9349320	45269814	G	T	SNV	3	1	T	1:3	T:3	0	11	0						1	1	1	1
rs9349320	H2540	1	NA19761:1	rs9349320	45269814	G	T	SNV	1	1	T	1:1	T:1	0	11	0						1	1	1	1
rs9349320	H2541	1	HG02130:1	rs9349320	45269814	G	T	SNV	1	1	T	1:1	T:1	0	11	0						1	1	1	1
rs9349320	H2542	1	NA18924:2	rs9349320	45269814	G	T	SNV	1	1	T	1:1	T:1	0	11	0						1	1	1	1
rs9349320	H2543	1	HG02127:2	rs9349320	45269814	G	T	SNV	1	1	T	1:1	T:1	0	11	0						1	1	1	1
rs9349320	H2544	1	HG02450:1	rs9349320	45269814	G	T	SNV	1	1	T	1:1	T:1	0	11	0						1	1	1	1
rs9349320	H2545	1	NA19404:2	rs9349320	45269814	G	T	SNV	1	1	T	1:1	T:1	0	11	0						1	1	1	1
rs9349320	H2546	1	NA19471:2	rs9349320	45269814	G	T	SNV	1	1	T	1:1	T:1	0	11	0						1	1	1	1
rs9349320	H2547	1	HG02922:2	rs9349320	45269814	G	T	SNV	1	1	T	1:1	T:1	0	11	0						1	1	1	1
rs9349320	H2548	1	NA19118:2	rs9349320	45269814	G	T	SNV	1	1	T	1:1	T:1	0	11	0						1	1	1	1
rs9349320	H2549	1	NA18909:2	rs9349320	45269814	G	T	SNV	1	1	T	1:1	T:1	0	11	0						1	1	1	1
rs9349320	H255	3	HG00255:1;NA06989:2;NA20814:2	rs9349320	45269814	G	T	SNV	3	1	T	1:3	T:3	0	11	0						1	1	1	1
rs9349320	H2550	1	HG04182:2	rs9349320	45269814	G	T	SNV	1	1	T	1:1	T:1	0	11	0						1	1	1	1
rs9349320	H2551	1	NA19376:2	rs9349320	45269814	G	T	SNV	1	1	T	1:1	T:1	0	11	0						1	1	1	1
rs9349320	H2552	1	NA19377:1	rs9349320	45269814	G	T	SNV	1	1	T	1:1	T:1	0	11	0						1	1	1	1
rs9349320	H2553	1	HG02536:1	rs9349320	45269814	G	T	SNV	1	1	T	1:1	T:1	0	11	0						1	1	1	1
rs9349320	H2554	1	HG03069:2	rs9349320	45269814	G	T	SNV	1	1	T	1:1	T:1	0	11	0						1	1	1	1
rs9349320	H2555	1	NA19377:2	rs9349320	45269814	G	T	SNV	1	1	T	1:1	T:1	0	11	0						1	1	1	1
rs9349320	H2556	1	NA19324:2	rs9349320	45269814	G	T	SNV	1	1	T	1:1	T:1	0	11	0						1	1	1	1
rs9349320	H2557	1	NA19456:1	rs9349320	45269814	G	T	SNV	1	1	T	1:1	T:1	0	11	0						1	1	1	1
rs9349320	H2558	1	NA19375:1	rs9349320	45269814	G	T	SNV	1	1	T	1:1	T:1	0	11	0						1	1	1	1
rs9349320	H2559	1	HG02450:2	rs9349320	45269814	G	T	SNV	1	1	T	1:1	T:1	0	11	0						1	1	1	1
rs9349320	H256	3	HG00121:2;HG00310:1;HG00337:1	rs9349320	45269814	G	T	SNV	3	1	T	1:3	T:3	0	11	0						1	1	1	1
rs9349320	H2560	1	NA19437:2	rs9349320	45269814	G	T	SNV	1	1	T	1:1	T:1	0	11	0						1	1	1	1
rs9349320	H2561	1	HG02807:2	rs9349320	45269814	G	T	SNV	1	1	T	1:1	T:1	0	11	0						1	1	1	1
rs9349320	H2562	1	HG02549:2	rs9349320	45269814	G	T	SNV	1	1	T	1:1	T:1	0	11	0						1	1	1	1
rs9349320	H2563	1	HG02623:2	rs9349320	45269814	G	T	SNV	1	1	T	1:1	T:1	0	11	0						1	1	1	1
rs9349320	H2564	1	NA19324:1	rs9349320	45269814	G	T	SNV	1	1	T	1:1	T:1	0	11	0						1	1	1	1
rs9349320	H2565	1	HG02610:2	rs9349320	45269814	G	T	SNV	1	1	T	1:1	T:1	0	11	0						1	1	1	1
rs9349320	H2566	1	HG01066:1	rs9349320	45269814	G	T	SNV	1	1	T	1:1	T:1	0	11	0						1	1	1	1
rs9349320	H2567	1	NA18870:1	rs9349320	45269814	G	T	SNV	1	1	T	1:1	T:1	0	11	0						1	1	1	1
rs9349320	H2568	1	HG03209:1	rs9349320	45269814	G	T	SNV	1	1	T	1:1	T:1	0	11	0						1	1	1	1
rs9349320	H2569	1	HG02890:1	rs9349320	45269814	G	T	SNV	1	1	T	1:1	T:1	0	11	0						1	1	1	1
rs9349320	H257	3	HG01177:1;HG01765:2;NA12400:2	rs9349320	45269814	G	T	SNV	3	1	T	1:3	T:3	0	11	0						1	1	1	1
rs9349320	H2570	1	HG03046:1	rs9349320	45269814	G	T	SNV	1	1	T	1:1	T:1	0	11	0						1	1	1	1
rs9349320	H2571	1	HG02678:2	rs9349320	45269814	G	T	SNV	1	1	T	1:1	T:1	0	11	0						1	1	1	1
rs9349320	H2572	1	HG03352:1	rs9349320	45269814	G	T	SNV	1	1	T	1:1	T:1	0	11	0						1	1	1	1
rs9349320	H2573	1	NA19467:2	rs9349320	45269814	G	T	SNV	1	1	T	1:1	T:1	0	11	0						1	1	1	1
rs9349320	H2574	1	HG03235:2	rs9349320	45269814	G	T	SNV	1	1	T	1:1	T:1	0	11	0						1	1	1	1
rs9349320	H2575	1	HG03016:1	rs9349320	45269814	G	T	SNV	1	1	T	1:1	T:1	0	11	0						1	1	1	1
rs9349320	H2576	1	HG02603:1	rs9349320	45269814	G	T	SNV	1	1	T	1:1	T:1	0	11	0						1	1	1	1
rs9349320	H2577	1	NA21118:2	rs9349320	45269814	G	T	SNV	1	1	T	1:1	T:1	0	11	0						1	1	1	1
rs9349320	H2578	1	HG04229:1	rs9349320	45269814	G	T	SNV	1	1	T	1:1	T:1	0	11	0						1	1	1	1
rs9349320	H2579	1	HG03685:1	rs9349320	45269814	G	T	SNV	1	1	T	1:1	T:1	0	11	0						1	1	1	1
rs9349320	H258	3	HG00158:1;NA07347:1;NA20753:1	rs9349320	45269814	G	T	SNV	3	1	T	1:3	T:3	0	11	0						1	1	1	1
rs9349320	H2580	1	HG01257:1	rs9349320	45269814	G	T	SNV	1	1	T	1:1	T:1	0	11	0						1	1	1	1
rs9349320	H2581	1	HG02798:2	rs9349320	45269814	G	T	SNV	1	1	T	1:1	T:1	0	11	0						1	1	1	1
rs9349320	H2582	1	NA19160:1	rs9349320	45269814	G	T	SNV	1	1	T	1:1	T:1	0	11	0						1	1	1	1
rs9349320	H2583	1	HG00319:2	rs9349320	45269814	G	T	SNV	1	1	T	1:1	T:1	0	11	0						1	1	1	1
rs9349320	H2584	1	HG02330:2	rs9349320	45269814	G	T	SNV	1	1	T	1:1	T:1	0	11	0						1	1	1	1
rs9349320	H2585	1	NA12272:2	rs9349320	45269814	G	T	SNV	1	1	T	1:1	T:1	0	11	0						1	1	1	1
rs9349320	H2586	1	HG00097:1	rs9349320	45269814	G	T	SNV	1	1	T	1:1	T:1	0	11	0						1	1	1	1
rs9349320	H2587	1	NA20502:1	rs9349320	45269814	G	T	SNV	1	1	T	1:1	T:1	0	11	0						1	1	1	1
rs9349320	H2588	1	NA21133:2	rs9349320	45269814	G	T	SNV	1	1	T	1:1	T:1	0	11	0						1	1	1	1
rs9349320	H2589	1	HG04090:2	rs9349320	45269814	G	T	SNV	1	1	T	1:1	T:1	0	11	0						1	1	1	1
rs9349320	H259	3	HG00378:2;HG01259:2;HG01700:1	rs9349320	45269814	G	T	SNV	3	1	T	1:3	T:3	0	11	0						1	1	1	1
rs9349320	H2590	1	HG04063:1	rs9349320	45269814	G	T	SNV	1	1	T	1:1	T:1	0	11	0						1	1	1	1
rs9349320	H2591	1	HG04025:1	rs9349320	45269814	G	T	SNV	1	1	T	1:1	T:1	0	11	0						1	1	1	1
rs9349320	H2592	1	NA19783:2	rs9349320	45269814	G	T	SNV	1	1	T	1:1	T:1	0	11	0						1	1	1	1
rs9349320	H2593	1	NA12762:1	rs9349320	45269814	G	T	SNV	1	1	T	1:1	T:1	0	11	0						1	1	1	1
rs9349320	H2594	1	HG03160:2	rs9349320	45269814	G	T	SNV	1	1	T	1:1	T:1	0	11	0						1	1	1	1
rs9349320	H2595	1	HG03198:1	rs9349320	45269814	G	T	SNV	1	1	T	1:1	T:1	0	11	0						1	1	1	1
rs9349320	H2596	1	NA19351:2	rs9349320	45269814	G	T	SNV	1	1	T	1:1	T:1	0	11	0						1	1	1	1
rs9349320	H2597	1	HG03687:1	rs9349320	45269814	G	T	SNV	1	1	T	1:1	T:1	0	11	0						1	1	1	1
rs9349320	H2598	1	HG02318:1	rs9349320	45269814	G	T	SNV	1	1	T	1:1	T:1	0	11	0						1	1	1	1
rs9349320	H2599	1	NA19309:2	rs9349320	45269814	G	T	SNV	1	1	T	1:1	T:1	0	11	0						1	1	1	1
rs9349320	H26	10	HG00442:1;HG01843:2;HG01860:2;HG01866:2;HG01870:1;HG02401:1;HG03908:1;NA18535:2;NA18536:1;NA18592:2	rs9349320	45269814	G	T	SNV	10	1	T	1:10	T:10	0	11	0						1	1	1	1
rs9349320	H260	3	HG00554:1;HG01673:1;NA19669:2	rs9349320	45269814	G	T	SNV	3	1	T	1:3	T:3	0	11	0						1	1	1	1
rs9349320	H2600	1	HG02895:1	rs9349320	45269814	G	T	SNV	1	1	T	1:1	T:1	0	11	0						1	1	1	1
rs9349320	H2601	1	HG02343:2	rs9349320	45269814	G	T	SNV	1	1	T	1:1	T:1	0	11	0						1	1	1	1
rs9349320	H2602	1	NA19020:2	rs9349320	45269814	G	T	SNV	1	1	T	1:1	T:1	0	11	0						1	1	1	1
rs9349320	H2603	1	HG02595:1	rs9349320	45269814	G	T	SNV	1	1	T	1:1	T:1	0	11	0						1	1	1	1
rs9349320	H2604	1	HG01915:1	rs9349320	45269814	G	T	SNV	1	1	T	1:1	T:1	0	11	0						1	1	1	1
rs9349320	H2605	1	HG01747:2	rs9349320	45269814	G	T	SNV	1	1	T	1:1	T:1	0	11	0						1	1	1	1
rs9349320	H2606	1	NA20826:2	rs9349320	45269814	G	T	SNV	1	1	T	1:1	T:1	0	11	0						1	1	1	1
rs9349320	H2607	1	NA20850:1	rs9349320	45269814	G	T	SNV	1	1	T	1:1	T:1	0	11	0						1	1	1	1
rs9349320	H2608	1	NA20509:1	rs9349320	45269814	G	T	SNV	1	1	T	1:1	T:1	0	11	0						1	1	1	1
rs9349320	H2609	1	NA19657:2	rs9349320	45269814	G	T	SNV	1	1	T	1:1	T:1	0	11	0						1	1	1	1
rs9349320	H261	3	HG02690:1;HG03864:1;HG03887:1	rs9349320	45269814	G	T	SNV	3	1	T	1:3	T:3	0	11	0						1	1	1	1
rs9349320	H2610	1	NA20797:2	rs9349320	45269814	G	T	SNV	1	1	T	1:1	T:1	0	11	0						1	1	1	1
rs9349320	H2611	1	HG01615:2	rs9349320	45269814	G	T	SNV	1	1	T	1:1	T:1	0	11	0						1	1	1	1
rs9349320	H2612	1	NA07048:2	rs9349320	45269814	G	T	SNV	1	1	T	1:1	T:1	0	11	0						1	1	1	1
rs9349320	H2613	1	HG00106:1	rs9349320	45269814	G	T	SNV	1	1	T	1:1	T:1	0	11	0						1	1	1	1
rs9349320	H2614	1	NA20818:2	rs9349320	45269814	G	T	SNV	1	1	T	1:1	T:1	0	11	0						1	1	1	1
rs9349320	H2615	1	NA20507:1	rs9349320	45269814	G	T	SNV	1	1	T	1:1	T:1	0	11	0						1	1	1	1
rs9349320	H2616	1	NA20539:2	rs9349320	45269814	G	T	SNV	1	1	T	1:1	T:1	0	11	0						1	1	1	1
rs9349320	H2617	1	NA20806:1	rs9349320	45269814	G	T	SNV	1	1	T	1:1	T:1	0	11	0						1	1	1	1
rs9349320	H2618	1	NA12348:2	rs9349320	45269814	G	T	SNV	1	1	T	1:1	T:1	0	11	0						1	1	1	1
rs9349320	H2619	1	HG01251:1	rs9349320	45269814	G	T	SNV	1	1	T	1:1	T:1	0	11	0						1	1	1	1
rs9349320	H262	3	HG03663:1;HG03718:2;HG04206:1	rs9349320	45269814	G	T	SNV	3	1	T	1:3	T:3	0	11	0						1	1	1	1
rs9349320	H2620	1	HG01438:2	rs9349320	45269814	G	T	SNV	1	1	T	1:1	T:1	0	11	0						1	1	1	1
rs9349320	H2621	1	NA11831:2	rs9349320	45269814	G	T	SNV	1	1	T	1:1	T:1	0	11	0						1	1	1	1
rs9349320	H2622	1	NA20528:1	rs9349320	45269814	G	T	SNV	1	1	T	1:1	T:1	0	11	0						1	1	1	1
rs9349320	H2623	1	HG00261:2	rs9349320	45269814	G	T	SNV	1	1	T	1:1	T:1	0	11	0						1	1	1	1
rs9349320	H2624	1	HG00137:2	rs9349320	45269814	G	T	SNV	1	1	T	1:1	T:1	0	11	0						1	1	1	1
rs9349320	H2625	1	NA06994:2	rs9349320	45269814	G	T	SNV	1	1	T	1:1	T:1	0	11	0						1	1	1	1
rs9349320	H2626	1	NA12044:2	rs9349320	45269814	G	T	SNV	1	1	T	1:1	T:1	0	11	0						1	1	1	1
rs9349320	H2627	1	HG01773:1	rs9349320	45269814	G	T	SNV	1	1	T	1:1	T:1	0	11	0						1	1	1	1
rs9349320	H2628	1	HG03716:2	rs9349320	45269814	G	T	SNV	1	1	T	1:1	T:1	0	11	0						1	1	1	1
rs9349320	H2629	1	NA20850:2	rs9349320	45269814	G	T	SNV	1	1	T	1:1	T:1	0	11	0						1	1	1	1
rs9349320	H263	3	HG01334:1;HG01990:1;NA12873:1	rs9349320	45269814	G	T	SNV	3	1	T	1:3	T:3	0	11	0						1	1	1	1
rs9349320	H2630	1	HG00157:1	rs9349320	45269814	G	T	SNV	1	1	T	1:1	T:1	0	11	0						1	1	1	1
rs9349320	H2631	1	NA20792:1	rs9349320	45269814	G	T	SNV	1	1	T	1:1	T:1	0	11	0						1	1	1	1
rs9349320	H2632	1	HG03849:2	rs9349320	45269814	G	T	SNV	1	1	T	1:1	T:1	0	11	0						1	1	1	1
rs9349320	H2633	1	HG03943:1	rs9349320	45269814	G	T	SNV	1	1	T	1:1	T:1	0	11	0						1	1	1	1
rs9349320	H2634	1	NA20518:2	rs9349320	45269814	G	T	SNV	1	1	T	1:1	T:1	0	11	0						1	1	1	1
rs9349320	H2635	1	HG00362:2	rs9349320	45269814	G	T	SNV	1	1	T	1:1	T:1	0	11	0						1	1	1	1
rs9349320	H2636	1	HG00257:1	rs9349320	45269814	G	T	SNV	1	1	T	1:1	T:1	0	11	0						1	1	1	1
rs9349320	H2637	1	HG01705:2	rs9349320	45269814	G	T	SNV	1	1	T	1:1	T:1	0	11	0						1	1	1	1
rs9349320	H2638	1	HG03916:2	rs9349320	45269814	G	T	SNV	1	1	T	1:1	T:1	0	11	0						1	1	1	1
rs9349320	H2639	1	NA07048:1	rs9349320	45269814	G	T	SNV	1	1	T	1:1	T:1	0	11	0						1	1	1	1
rs9349320	H264	3	HG02554:2;HG02768:2;HG02851:1	rs9349320	45269814	G	T	SNV	3	1	T	1:3	T:3	0	11	0						1	1	1	1
rs9349320	H2640	1	NA20805:2	rs9349320	45269814	G	T	SNV	1	1	T	1:1	T:1	0	11	0						1	1	1	1
rs9349320	H2641	1	HG01257:2	rs9349320	45269814	G	T	SNV	1	1	T	1:1	T:1	0	11	0						1	1	1	1
rs9349320	H2642	1	HG02734:1	rs9349320	45269814	G	T	SNV	1	1	T	1:1	T:1	0	11	0						1	1	1	1
rs9349320	H2643	1	NA19703:2	rs9349320	45269814	G	T	SNV	1	1	T	1:1	T:1	0	11	0						1	1	1	1
rs9349320	H2644	1	HG01702:2	rs9349320	45269814	G	T	SNV	1	1	T	1:1	T:1	0	11	0						1	1	1	1
rs9349320	H2645	1	HG01565:1	rs9349320	45269814	G	T	SNV	1	1	T	1:1	T:1	0	11	0						1	1	1	1
rs9349320	H2646	1	NA19084:1	rs9349320	45269814	G	T	SNV	1	1	T	1:1	T:1	0	11	0						1	1	1	1
rs9349320	H2647	1	HG00142:1	rs9349320	45269814	G	T	SNV	1	1	T	1:1	T:1	0	11	0						1	1	1	1
rs9349320	H2648	1	HG00101:1	rs9349320	45269814	G	T	SNV	1	1	T	1:1	T:1	0	11	0						1	1	1	1
rs9349320	H2649	1	NA12156:1	rs9349320	45269814	G	T	SNV	1	1	T	1:1	T:1	0	11	0						1	1	1	1
rs9349320	H265	3	HG02079:1;HG02654:2;HG03684:1	rs9349320	45269814	G	T	SNV	3	1	T	1:3	T:3	0	11	0						1	1	1	1
rs9349320	H2650	1	HG00566:1	rs9349320	45269814	G	T	SNV	1	1	T	1:1	T:1	0	11	0						1	1	1	1
rs9349320	H2651	1	HG01069:1	rs9349320	45269814	G	T	SNV	1	1	T	1:1	T:1	0	11	0						1	1	1	1
rs9349320	H2652	1	NA19078:1	rs9349320	45269814	G	T	SNV	1	1	T	1:1	T:1	0	11	0						1	1	1	1
rs9349320	H2653	1	HG02113:2	rs9349320	45269814	G	T	SNV	1	1	T	1:1	T:1	0	11	0						1	1	1	1
rs9349320	H2654	1	HG00500:1	rs9349320	45269814	G	T	SNV	1	1	T	1:1	T:1	0	11	0						1	1	1	1
rs9349320	H2655	1	HG04176:1	rs9349320	45269814	G	T	SNV	1	1	T	1:1	T:1	0	11	0						1	1	1	1
rs9349320	H2656	1	NA18610:1	rs9349320	45269814	G	T	SNV	1	1	T	1:1	T:1	0	11	0						1	1	1	1
rs9349320	H2657	1	HG00650:2	rs9349320	45269814	G	T	SNV	1	1	T	1:1	T:1	0	11	0						1	1	1	1
rs9349320	H2658	1	HG02057:2	rs9349320	45269814	G	T	SNV	1	1	T	1:1	T:1	0	11	0						1	1	1	1
rs9349320	H2659	1	NA19066:1	rs9349320	45269814	G	T	SNV	1	1	T	1:1	T:1	0	11	0						1	1	1	1
rs9349320	H266	3	HG01613:1;NA12342:2;NA12874:1	rs9349320	45269814	G	T	SNV	3	1	T	1:3	T:3	0	11	0						1	1	1	1
rs9349320	H2660	1	HG00122:2	rs9349320	45269814	G	T	SNV	1	1	T	1:1	T:1	0	11	0						1	1	1	1
rs9349320	H2661	1	HG00235:1	rs9349320	45269814	G	T	SNV	1	1	T	1:1	T:1	0	11	0						1	1	1	1
rs9349320	H2662	1	NA11933:2	rs9349320	45269814	G	T	SNV	1	1	T	1:1	T:1	0	11	0						1	1	1	1
rs9349320	H2663	1	HG01606:2	rs9349320	45269814	G	T	SNV	1	1	T	1:1	T:1	0	11	0						1	1	1	1
rs9349320	H2664	1	NA20544:2	rs9349320	45269814	G	T	SNV	1	1	T	1:1	T:1	0	11	0						1	1	1	1
rs9349320	H2665	1	NA20540:1	rs9349320	45269814	G	T	SNV	1	1	T	1:1	T:1	0	11	0						1	1	1	1
rs9349320	H2666	1	HG01519:1	rs9349320	45269814	G	T	SNV	1	1	T	1:1	T:1	0	11	0						1	1	1	1
rs9349320	H2667	1	NA20513:2	rs9349320	45269814	G	T	SNV	1	1	T	1:1	T:1	0	11	0						1	1	1	1
rs9349320	H2668	1	HG01465:2	rs9349320	45269814	G	T	SNV	1	1	T	1:1	T:1	0	11	0						1	1	1	1
rs9349320	H2669	1	NA20846:2	rs9349320	45269814	G	T	SNV	1	1	T	1:1	T:1	0	11	0						1	1	1	1
rs9349320	H267	3	HG00123:2;NA12341:1;NA20858:1	rs9349320	45269814	G	T	SNV	3	1	T	1:3	T:3	0	11	0						1	1	1	1
rs9349320	H2670	1	HG01515:1	rs9349320	45269814	G	T	SNV	1	1	T	1:1	T:1	0	11	0						1	1	1	1
rs9349320	H2671	1	NA10851:2	rs9349320	45269814	G	T	SNV	1	1	T	1:1	T:1	0	11	0						1	1	1	1
rs9349320	H2672	1	HG00256:1	rs9349320	45269814	G	T	SNV	1	1	T	1:1	T:1	0	11	0						1	1	1	1
rs9349320	H2673	1	HG01444:2	rs9349320	45269814	G	T	SNV	1	1	T	1:1	T:1	0	11	0						1	1	1	1
rs9349320	H2674	1	NA12234:2	rs9349320	45269814	G	T	SNV	1	1	T	1:1	T:1	0	11	0						1	1	1	1
rs9349320	H2675	1	HG02312:2	rs9349320	45269814	G	T	SNV	1	1	T	1:1	T:1	0	11	0						1	1	1	1
rs9349320	H2676	1	NA06994:1	rs9349320	45269814	G	T	SNV	1	1	T	1:1	T:1	0	11	0						1	1	1	1
rs9349320	H2677	1	HG00351:1	rs9349320	45269814	G	T	SNV	1	1	T	1:1	T:1	0	11	0						1	1	1	1
rs9349320	H2678	1	HG00160:1	rs9349320	45269814	G	T	SNV	1	1	T	1:1	T:1	0	11	0						1	1	1	1
rs9349320	H2679	1	NA11919:1	rs9349320	45269814	G	T	SNV	1	1	T	1:1	T:1	0	11	0						1	1	1	1
rs9349320	H268	3	HG01204:1;NA19717:1;NA20522:1	rs9349320	45269814	G	T	SNV	3	1	T	1:3	T:3	0	11	0						1	1	1	1
rs9349320	H2680	1	HG01516:2	rs9349320	45269814	G	T	SNV	1	1	T	1:1	T:1	0	11	0						1	1	1	1
rs9349320	H2681	1	NA20760:2	rs9349320	45269814	G	T	SNV	1	1	T	1:1	T:1	0	11	0						1	1	1	1
rs9349320	H2682	1	HG01684:2	rs9349320	45269814	G	T	SNV	1	1	T	1:1	T:1	0	11	0						1	1	1	1
rs9349320	H2683	1	HG00183:1	rs9349320	45269814	G	T	SNV	1	1	T	1:1	T:1	0	11	0						1	1	1	1
rs9349320	H2684	1	NA20524:2	rs9349320	45269814	G	T	SNV	1	1	T	1:1	T:1	0	11	0						1	1	1	1
rs9349320	H2685	1	HG01073:1	rs9349320	45269814	G	T	SNV	1	1	T	1:1	T:1	0	11	0						1	1	1	1
rs9349320	H2686	1	NA12275:2	rs9349320	45269814	G	T	SNV	1	1	T	1:1	T:1	0	11	0						1	1	1	1
rs9349320	H2687	1	NA20507:2	rs9349320	45269814	G	T	SNV	1	1	T	1:1	T:1	0	11	0						1	1	1	1
rs9349320	H2688	1	NA19749:1	rs9349320	45269814	G	T	SNV	1	1	T	1:1	T:1	0	11	0						1	1	1	1
rs9349320	H2689	1	HG01583:2	rs9349320	45269814	G	T	SNV	1	1	T	1:1	T:1	0	11	0						1	1	1	1
rs9349320	H269	3	HG01914:2;NA19430:1;NA19454:2	rs9349320	45269814	G	T	SNV	3	1	T	1:3	T:3	0	11	0						1	1	1	1
rs9349320	H2690	1	NA20861:2	rs9349320	45269814	G	T	SNV	1	1	T	1:1	T:1	0	11	0						1	1	1	1
rs9349320	H2691	1	HG00365:1	rs9349320	45269814	G	T	SNV	1	1	T	1:1	T:1	0	11	0						1	1	1	1
rs9349320	H2692	1	HG02784:2	rs9349320	45269814	G	T	SNV	1	1	T	1:1	T:1	0	11	0						1	1	1	1
rs9349320	H2693	1	NA12045:2	rs9349320	45269814	G	T	SNV	1	1	T	1:1	T:1	0	11	0						1	1	1	1
rs9349320	H2694	1	NA19783:1	rs9349320	45269814	G	T	SNV	1	1	T	1:1	T:1	0	11	0						1	1	1	1
rs9349320	H2695	1	HG02312:1	rs9349320	45269814	G	T	SNV	1	1	T	1:1	T:1	0	11	0						1	1	1	1
rs9349320	H2696	1	HG01200:2	rs9349320	45269814	G	T	SNV	1	1	T	1:1	T:1	0	11	0						1	1	1	1
rs9349320	H2697	1	HG01850:2	rs9349320	45269814	G	T	SNV	1	1	T	1:1	T:1	0	11	0						1	1	1	1
rs9349320	H2698	1	NA18606:2	rs9349320	45269814	G	T	SNV	1	1	T	1:1	T:1	0	11	0						1	1	1	1
rs9349320	H2699	1	HG03691:1	rs9349320	45269814	G	T	SNV	1	1	T	1:1	T:1	0	11	0						1	1	1	1
rs9349320	H27	9	HG00553:1;HG03781:1;HG04094:2;NA07037:1;NA12273:1;NA12814:2;NA12827:1;NA19719:2;NA21105:1	rs9349320	45269814	G	T	SNV	9	1	T	1:9	T:9	0	11	0						1	1	1	1
rs9349320	H270	3	HG02070:1;HG02087:2;HG02138:1	rs9349320	45269814	G	T	SNV	3	1	T	1:3	T:3	0	11	0						1	1	1	1
rs9349320	H2700	1	HG03667:1	rs9349320	45269814	G	T	SNV	1	1	T	1:1	T:1	0	11	0						1	1	1	1
rs9349320	H2701	1	HG01148:1	rs9349320	45269814	G	T	SNV	1	1	T	1:1	T:1	0	11	0						1	1	1	1
rs9349320	H2702	1	HG00705:1	rs9349320	45269814	G	T	SNV	1	1	T	1:1	T:1	0	11	0						1	1	1	1
rs9349320	H2703	1	NA18603:2	rs9349320	45269814	G	T	SNV	1	1	T	1:1	T:1	0	11	0						1	1	1	1
rs9349320	H2704	1	NA19090:2	rs9349320	45269814	G	T	SNV	1	1	T	1:1	T:1	0	11	0						1	1	1	1
rs9349320	H2705	1	NA20858:2	rs9349320	45269814	G	T	SNV	1	1	T	1:1	T:1	0	11	0						1	1	1	1
rs9349320	H2706	1	HG02348:2	rs9349320	45269814	G	T	SNV	1	1	T	1:1	T:1	0	11	0						1	1	1	1
rs9349320	H2707	1	NA20534:2	rs9349320	45269814	G	T	SNV	1	1	T	1:1	T:1	0	11	0						1	1	1	1
rs9349320	H2708	1	NA18643:1	rs9349320	45269814	G	T	SNV	1	1	T	1:1	T:1	0	11	0						1	1	1	1
rs9349320	H2709	1	HG00581:2	rs9349320	45269814	G	T	SNV	1	1	T	1:1	T:1	0	11	0						1	1	1	1
rs9349320	H271	3	HG02643:1;HG03571:2;NA19031:2	rs9349320	45269814	G	T	SNV	3	1	T	1:3	T:3	0	11	0						1	1	1	1
rs9349320	H2710	1	HG04060:2	rs9349320	45269814	G	T	SNV	1	1	T	1:1	T:1	0	11	0						1	1	1	1
rs9349320	H2711	1	HG01798:2	rs9349320	45269814	G	T	SNV	1	1	T	1:1	T:1	0	11	0						1	1	1	1
rs9349320	H2712	1	HG01805:2	rs9349320	45269814	G	T	SNV	1	1	T	1:1	T:1	0	11	0						1	1	1	1
rs9349320	H2713	1	HG01894:1	rs9349320	45269814	G	T	SNV	1	1	T	1:1	T:1	0	11	0						1	1	1	1
rs9349320	H2714	1	NA18871:2	rs9349320	45269814	G	T	SNV	1	1	T	1:1	T:1	0	11	0						1	1	1	1
rs9349320	H2715	1	HG03849:1	rs9349320	45269814	G	T	SNV	1	1	T	1:1	T:1	0	11	0						1	1	1	1
rs9349320	H2716	1	HG01598:1	rs9349320	45269814	G	T	SNV	1	1	T	1:1	T:1	0	11	0						1	1	1	1
rs9349320	H2717	1	HG04173:1	rs9349320	45269814	G	T	SNV	1	1	T	1:1	T:1	0	11	0						1	1	1	1
rs9349320	H2718	1	HG04096:1	rs9349320	45269814	G	T	SNV	1	1	T	1:1	T:1	0	11	0						1	1	1	1
rs9349320	H2719	1	NA21104:1	rs9349320	45269814	G	T	SNV	1	1	T	1:1	T:1	0	11	0						1	1	1	1
rs9349320	H272	3	HG02283:1;HG02813:1;HG03259:1	rs9349320	45269814	G	T	SNV	3	1	T	1:3	T:3	0	11	0						1	1	1	1
rs9349320	H2720	1	HG00115:2	rs9349320	45269814	G	T	SNV	1	1	T	1:1	T:1	0	11	0						1	1	1	1
rs9349320	H2721	1	NA12341:2	rs9349320	45269814	G	T	SNV	1	1	T	1:1	T:1	0	11	0						1	1	1	1
rs9349320	H2722	1	HG00151:2	rs9349320	45269814	G	T	SNV	1	1	T	1:1	T:1	0	11	0						1	1	1	1
rs9349320	H2723	1	HG04214:1	rs9349320	45269814	G	T	SNV	1	1	T	1:1	T:1	0	11	0						1	1	1	1
rs9349320	H2724	1	NA20798:1	rs9349320	45269814	G	T	SNV	1	1	T	1:1	T:1	0	11	0						1	1	1	1
rs9349320	H2725	1	NA20514:1	rs9349320	45269814	G	T	SNV	1	1	T	1:1	T:1	0	11	0						1	1	1	1
rs9349320	H2726	1	NA18498:1	rs9349320	45269814	G	T	SNV	1	1	T	1:1	T:1	0	11	0						1	1	1	1
rs9349320	H2727	1	HG02813:2	rs9349320	45269814	G	T	SNV	1	1	T	1:1	T:1	0	11	0						1	1	1	1
rs9349320	H2728	1	HG01612:2	rs9349320	45269814	G	T	SNV	1	1	T	1:1	T:1	0	11	0						1	1	1	1
rs9349320	H2729	1	NA20761:2	rs9349320	45269814	G	T	SNV	1	1	T	1:1	T:1	0	11	0						1	1	1	1
rs9349320	H273	3	HG02888:1;NA18510:2;NA19121:1	rs9349320	45269814	G	T	SNV	3	1	T	1:3	T:3	0	11	0						1	1	1	1
rs9349320	H2730	1	HG02089:2	rs9349320	45269814	G	T	SNV	1	1	T	1:1	T:1	0	11	0						1	1	1	1
rs9349320	H2731	1	NA19795:2	rs9349320	45269814	G	T	SNV	1	1	T	1:1	T:1	0	11	0						1	1	1	1
rs9349320	H2732	1	HG00311:2	rs9349320	45269814	G	T	SNV	1	1	T	1:1	T:1	0	11	0						1	1	1	1
rs9349320	H2733	1	HG00233:1	rs9349320	45269814	G	T	SNV	1	1	T	1:1	T:1	0	11	0						1	1	1	1
rs9349320	H2734	1	HG03514:1	rs9349320	45269814	G	T	SNV	1	1	T	1:1	T:1	0	11	0						1	1	1	1
rs9349320	H2735	1	HG01516:1	rs9349320	45269814	G	T	SNV	1	1	T	1:1	T:1	0	11	0						1	1	1	1
rs9349320	H2736	1	HG00115:1	rs9349320	45269814	G	T	SNV	1	1	T	1:1	T:1	0	11	0						1	1	1	1
rs9349320	H2737	1	HG00330:1	rs9349320	45269814	G	T	SNV	1	1	T	1:1	T:1	0	11	0						1	1	1	1
rs9349320	H2738	1	HG01191:1	rs9349320	45269814	G	T	SNV	1	1	T	1:1	T:1	0	11	0						1	1	1	1
rs9349320	H2739	1	HG00742:2	rs9349320	45269814	G	T	SNV	1	1	T	1:1	T:1	0	11	0						1	1	1	1
rs9349320	H274	3	HG03103:1;HG03193:2;NA19225:1	rs9349320	45269814	G	T	SNV	3	1	T	1:3	T:3	0	11	0						1	1	1	1
rs9349320	H2740	1	NA12889:2	rs9349320	45269814	G	T	SNV	1	1	T	1:1	T:1	0	11	0						1	1	1	1
rs9349320	H2741	1	NA19670:2	rs9349320	45269814	G	T	SNV	1	1	T	1:1	T:1	0	11	0						1	1	1	1
rs9349320	H2742	1	NA19722:2	rs9349320	45269814	G	T	SNV	1	1	T	1:1	T:1	0	11	0						1	1	1	1
rs9349320	H2743	1	NA19785:1	rs9349320	45269814	G	T	SNV	1	1	T	1:1	T:1	0	11	0						1	1	1	1
rs9349320	H2744	1	HG01079:2	rs9349320	45269814	G	T	SNV	1	1	T	1:1	T:1	0	11	0						1	1	1	1
rs9349320	H2745	1	NA20910:2	rs9349320	45269814	G	T	SNV	1	1	T	1:1	T:1	0	11	0						1	1	1	1
rs9349320	H2746	1	HG02084:2	rs9349320	45269814	G	T	SNV	1	1	T	1:1	T:1	0	11	0						1	1	1	1
rs9349320	H2747	1	HG00419:2	rs9349320	45269814	G	T	SNV	1	1	T	1:1	T:1	0	11	0						1	1	1	1
rs9349320	H2748	1	HG00127:2	rs9349320	45269814	G	T	SNV	1	1	T	1:1	T:1	0	11	0						1	1	1	1
rs9349320	H2749	1	HG00145:1	rs9349320	45269814	G	T	SNV	1	1	T	1:1	T:1	0	11	0						1	1	1	1
rs9349320	H275	3	HG02601:2;HG03910:1;HG04210:1	rs9349320	45269814	G	T	SNV	3	1	T	1:3	T:3	0	11	0						1	1	1	1
rs9349320	H2750	1	NA20528:2	rs9349320	45269814	G	T	SNV	1	1	T	1:1	T:1	0	11	0						1	1	1	1
rs9349320	H2751	1	HG00244:1	rs9349320	45269814	G	T	SNV	1	1	T	1:1	T:1	0	11	0						1	1	1	1
rs9349320	H2752	1	HG01176:2	rs9349320	45269814	G	T	SNV	1	1	T	1:1	T:1	0	11	0						1	1	1	1
rs9349320	H2753	1	HG03836:2	rs9349320	45269814	G	T	SNV	1	1	T	1:1	T:1	0	11	0						1	1	1	1
rs9349320	H2754	1	NA19315:2	rs9349320	45269814	G	T	SNV	1	1	T	1:1	T:1	0	11	0						1	1	1	1
rs9349320	H2755	1	HG00243:2	rs9349320	45269814	G	T	SNV	1	1	T	1:1	T:1	0	11	0						1	1	1	1
rs9349320	H2756	1	HG00112:2	rs9349320	45269814	G	T	SNV	1	1	T	1:1	T:1	0	11	0						1	1	1	1
rs9349320	H2757	1	HG00102:2	rs9349320	45269814	G	T	SNV	1	1	T	1:1	T:1	0	11	0						1	1	1	1
rs9349320	H2758	1	HG02651:1	rs9349320	45269814	G	T	SNV	1	1	T	1:1	T:1	0	11	0						1	1	1	1
rs9349320	H2759	1	HG02652:1	rs9349320	45269814	G	T	SNV	1	1	T	1:1	T:1	0	11	0						1	1	1	1
rs9349320	H276	3	HG00100:1;HG00346:2;NA20511:2	rs9349320	45269814	G	T	SNV	3	1	T	1:3	T:3	0	11	0						1	1	1	1
rs9349320	H2760	1	NA21093:2	rs9349320	45269814	G	T	SNV	1	1	T	1:1	T:1	0	11	0						1	1	1	1
rs9349320	H2761	1	HG00327:2	rs9349320	45269814	G	T	SNV	1	1	T	1:1	T:1	0	11	0						1	1	1	1
rs9349320	H2762	1	HG00261:1	rs9349320	45269814	G	T	SNV	1	1	T	1:1	T:1	0	11	0						1	1	1	1
rs9349320	H2763	1	HG01515:2	rs9349320	45269814	G	T	SNV	1	1	T	1:1	T:1	0	11	0						1	1	1	1
rs9349320	H2764	1	HG02490:1	rs9349320	45269814	G	T	SNV	1	1	T	1:1	T:1	0	11	0						1	1	1	1
rs9349320	H2765	1	HG01920:2	rs9349320	45269814	G	T	SNV	1	1	T	1:1	T:1	0	11	0						1	1	1	1
rs9349320	H2766	1	HG03864:2	rs9349320	45269814	G	T	SNV	1	1	T	1:1	T:1	0	11	0						1	1	1	1
rs9349320	H2767	1	NA18985:2	rs9349320	45269814	G	T	SNV	1	1	T	1:1	T:1	0	11	0						1	1	1	1
rs9349320	H2768	1	HG01277:1	rs9349320	45269814	G	T	SNV	1	1	T	1:1	T:1	0	11	0						1	1	1	1
rs9349320	H2769	1	HG01512:1	rs9349320	45269814	G	T	SNV	1	1	T	1:1	T:1	0	11	0						1	1	1	1
rs9349320	H277	3	HG01124:1;HG02502:2;NA19321:2	rs9349320	45269814	G	T	SNV	3	1	T	1:3	T:3	0	11	0						1	1	1	1
rs9349320	H2770	1	NA19429:2	rs9349320	45269814	G	T	SNV	1	1	T	1:1	T:1	0	11	0						1	1	1	1
rs9349320	H2771	1	HG01784:1	rs9349320	45269814	G	T	SNV	1	1	T	1:1	T:1	0	11	0						1	1	1	1
rs9349320	H2772	1	HG02465:2	rs9349320	45269814	G	T	SNV	1	1	T	1:1	T:1	0	11	0						1	1	1	1
rs9349320	H2773	1	HG02819:2	rs9349320	45269814	G	T	SNV	1	1	T	1:1	T:1	0	11	0						1	1	1	1
rs9349320	H2774	1	NA18489:1	rs9349320	45269814	G	T	SNV	1	1	T	1:1	T:1	0	11	0						1	1	1	1
rs9349320	H2775	1	NA21103:1	rs9349320	45269814	G	T	SNV	1	1	T	1:1	T:1	0	11	0						1	1	1	1
rs9349320	H2776	1	NA21113:2	rs9349320	45269814	G	T	SNV	1	1	T	1:1	T:1	0	11	0						1	1	1	1
rs9349320	H2777	1	HG02255:1	rs9349320	45269814	G	T	SNV	1	1	T	1:1	T:1	0	11	0						1	1	1	1
rs9349320	H2778	1	HG02490:2	rs9349320	45269814	G	T	SNV	1	1	T	1:1	T:1	0	11	0						1	1	1	1
rs9349320	H2779	1	HG01605:2	rs9349320	45269814	G	T	SNV	1	1	T	1:1	T:1	0	11	0						1	1	1	1
rs9349320	H278	3	HG00560:1;HG01858:1;NA18547:1	rs9349320	45269814	G	T	SNV	3	1	T	1:3	T:3	0	11	0						1	1	1	1
rs9349320	H2780	1	HG03692:2	rs9349320	45269814	G	T	SNV	1	1	T	1:1	T:1	0	11	0						1	1	1	1
rs9349320	H2781	1	NA20885:1	rs9349320	45269814	G	T	SNV	1	1	T	1:1	T:1	0	11	0						1	1	1	1
rs9349320	H2782	1	HG03848:2	rs9349320	45269814	G	T	SNV	1	1	T	1:1	T:1	0	11	0						1	1	1	1
rs9349320	H2783	1	HG03850:1	rs9349320	45269814	G	T	SNV	1	1	T	1:1	T:1	0	11	0						1	1	1	1
rs9349320	H2784	1	NA20764:2	rs9349320	45269814	G	T	SNV	1	1	T	1:1	T:1	0	11	0						1	1	1	1
rs9349320	H2785	1	HG04023:1	rs9349320	45269814	G	T	SNV	1	1	T	1:1	T:1	0	11	0						1	1	1	1
rs9349320	H2786	1	HG03228:1	rs9349320	45269814	G	T	SNV	1	1	T	1:1	T:1	0	11	0						1	1	1	1
rs9349320	H2787	1	HG02697:2	rs9349320	45269814	G	T	SNV	1	1	T	1:1	T:1	0	11	0						1	1	1	1
rs9349320	H2788	1	HG04093:1	rs9349320	45269814	G	T	SNV	1	1	T	1:1	T:1	0	11	0						1	1	1	1
rs9349320	H2789	1	NA21099:2	rs9349320	45269814	G	T	SNV	1	1	T	1:1	T:1	0	11	0						1	1	1	1
rs9349320	H279	3	HG00739:1;HG01051:2;HG01097:1	rs9349320	45269814	G	T	SNV	3	1	T	1:3	T:3	0	11	0						1	1	1	1
rs9349320	H2790	1	NA19658:1	rs9349320	45269814	G	T	SNV	1	1	T	1:1	T:1	0	11	0						1	1	1	1
rs9349320	H2791	1	HG00267:2	rs9349320	45269814	G	T	SNV	1	1	T	1:1	T:1	0	11	0						1	1	1	1
rs9349320	H2792	1	HG00304:2	rs9349320	45269814	G	T	SNV	1	1	T	1:1	T:1	0	11	0						1	1	1	1
rs9349320	H2793	1	HG01161:2	rs9349320	45269814	G	T	SNV	1	1	T	1:1	T:1	0	11	0						1	1	1	1
rs9349320	H2794	1	HG03096:2	rs9349320	45269814	G	T	SNV	1	1	T	1:1	T:1	0	11	0						1	1	1	1
rs9349320	H2795	1	HG01351:2	rs9349320	45269814	G	T	SNV	1	1	T	1:1	T:1	0	11	0						1	1	1	1
rs9349320	H2796	1	HG00189:1	rs9349320	45269814	G	T	SNV	1	1	T	1:1	T:1	0	11	0						1	1	1	1
rs9349320	H2797	1	NA12383:2	rs9349320	45269814	G	T	SNV	1	1	T	1:1	T:1	0	11	0						1	1	1	1
rs9349320	H2798	1	HG02851:2	rs9349320	45269814	G	T	SNV	1	1	T	1:1	T:1	0	11	0						1	1	1	1
rs9349320	H2799	1	HG03063:2	rs9349320	45269814	G	T	SNV	1	1	T	1:1	T:1	0	11	0						1	1	1	1
rs9349320	H28	9	HG00259:2;HG00323:1;HG01130:1;HG01986:2;NA12399:1;NA12748:2;NA12874:2;NA21112:1;NA21125:1	rs9349320	45269814	G	T	SNV	9	1	T	1:9	T:9	0	11	0						1	1	1	1
rs9349320	H280	3	HG01886:1;HG03077:1;HG03265:2	rs9349320	45269814	G	T	SNV	3	1	T	1:3	T:3	0	11	0						1	1	1	1
rs9349320	H2800	1	HG02464:2	rs9349320	45269814	G	T	SNV	1	1	T	1:1	T:1	0	11	0						1	1	1	1
rs9349320	H2801	1	HG02890:2	rs9349320	45269814	G	T	SNV	1	1	T	1:1	T:1	0	11	0						1	1	1	1
rs9349320	H2802	1	HG02613:1	rs9349320	45269814	G	T	SNV	1	1	T	1:1	T:1	0	11	0						1	1	1	1
rs9349320	H2803	1	HG03470:2	rs9349320	45269814	G	T	SNV	1	1	T	1:1	T:1	0	11	0						1	1	1	1
rs9349320	H2804	1	HG03380:1	rs9349320	45269814	G	T	SNV	1	1	T	1:1	T:1	0	11	0						1	1	1	1
rs9349320	H2805	1	HG02676:2	rs9349320	45269814	G	T	SNV	1	1	T	1:1	T:1	0	11	0						1	1	1	1
rs9349320	H2806	1	NA19455:2	rs9349320	45269814	G	T	SNV	1	1	T	1:1	T:1	0	11	0						1	1	1	1
rs9349320	H2807	1	NA20814:1	rs9349320	45269814	G	T	SNV	1	1	T	1:1	T:1	0	11	0						1	1	1	1
rs9349320	H2808	1	NA19346:2	rs9349320	45269814	G	T	SNV	1	1	T	1:1	T:1	0	11	0						1	1	1	1
rs9349320	H2809	1	NA19042:1	rs9349320	45269814	G	T	SNV	1	1	T	1:1	T:1	0	11	0						1	1	1	1
rs9349320	H281	2	HG03052:1;HG03469:2	rs9349320	45269814	G	T	SNV	2	1	T	1:2	T:2	0	11	0						1	1	1	1
rs9349320	H2810	1	HG01360:1	rs9349320	45269814	G	T	SNV	1	1	T	1:1	T:1	0	11	0						1	1	1	1
rs9349320	H2811	1	NA19235:2	rs9349320	45269814	G	T	SNV	1	1	T	1:1	T:1	0	11	0						1	1	1	1
rs9349320	H2812	1	NA19834:2	rs9349320	45269814	G	T	SNV	1	1	T	1:1	T:1	0	11	0						1	1	1	1
rs9349320	H2813	1	HG01786:1	rs9349320	45269814	G	T	SNV	1	1	T	1:1	T:1	0	11	0						1	1	1	1
rs9349320	H2814	1	NA20813:1	rs9349320	45269814	G	T	SNV	1	1	T	1:1	T:1	0	11	0						1	1	1	1
rs9349320	H2815	1	NA19747:1	rs9349320	45269814	G	T	SNV	1	1	T	1:1	T:1	0	11	0						1	1	1	1
rs9349320	H2816	1	HG00321:2	rs9349320	45269814	G	T	SNV	1	1	T	1:1	T:1	0	11	0						1	1	1	1
rs9349320	H2817	1	HG00355:2	rs9349320	45269814	G	T	SNV	1	1	T	1:1	T:1	0	11	0						1	1	1	1
rs9349320	H2818	1	HG01104:1	rs9349320	45269814	G	T	SNV	1	1	T	1:1	T:1	0	11	0						1	1	1	1
rs9349320	H2819	1	NA20126:2	rs9349320	45269814	G	T	SNV	1	1	T	1:1	T:1	0	11	0						1	1	1	1
rs9349320	H282	2	NA20755:1;NA20832:2	rs9349320	45269814	G	T	SNV	2	1	T	1:2	T:2	0	11	0						1	1	1	1
rs9349320	H2820	1	NA18877:1	rs9349320	45269814	G	T	SNV	1	1	T	1:1	T:1	0	11	0						1	1	1	1
rs9349320	H2821	1	NA19375:2	rs9349320	45269814	G	T	SNV	1	1	T	1:1	T:1	0	11	0						1	1	1	1
rs9349320	H2822	1	HG01064:2	rs9349320	45269814	G	T	SNV	1	1	T	1:1	T:1	0	11	0						1	1	1	1
rs9349320	H2823	1	NA19318:1	rs9349320	45269814	G	T	SNV	1	1	T	1:1	T:1	0	11	0						1	1	1	1
rs9349320	H2824	1	NA19394:2	rs9349320	45269814	G	T	SNV	1	1	T	1:1	T:1	0	11	0						1	1	1	1
rs9349320	H2825	1	HG03372:2	rs9349320	45269814	G	T	SNV	1	1	T	1:1	T:1	0	11	0						1	1	1	1
rs9349320	H2826	1	HG03515:2	rs9349320	45269814	G	T	SNV	1	1	T	1:1	T:1	0	11	0						1	1	1	1
rs9349320	H2827	1	HG03301:2	rs9349320	45269814	G	T	SNV	1	1	T	1:1	T:1	0	11	0						1	1	1	1
rs9349320	H2828	1	NA18910:1	rs9349320	45269814	G	T	SNV	1	1	T	1:1	T:1	0	11	0						1	1	1	1
rs9349320	H2829	1	NA18853:1	rs9349320	45269814	G	T	SNV	1	1	T	1:1	T:1	0	11	0						1	1	1	1
rs9349320	H283	2	HG02536:2;NA20281:2	rs9349320	45269814	G	T	SNV	2	1	T	1:2	T:2	0	11	0						1	1	1	1
rs9349320	H2830	1	HG03160:1	rs9349320	45269814	G	T	SNV	1	1	T	1:1	T:1	0	11	0						1	1	1	1
rs9349320	H2831	1	HG03499:2	rs9349320	45269814	G	T	SNV	1	1	T	1:1	T:1	0	11	0						1	1	1	1
rs9349320	H2832	1	NA19312:2	rs9349320	45269814	G	T	SNV	1	1	T	1:1	T:1	0	11	0						1	1	1	1
rs9349320	H2833	1	NA19468:1	rs9349320	45269814	G	T	SNV	1	1	T	1:1	T:1	0	11	0						1	1	1	1
rs9349320	H2834	1	NA19443:2	rs9349320	45269814	G	T	SNV	1	1	T	1:1	T:1	0	11	0						1	1	1	1
rs9349320	H2835	1	HG03955:2	rs9349320	45269814	G	T	SNV	1	1	T	1:1	T:1	0	11	0						1	1	1	1
rs9349320	H2836	1	HG00250:2	rs9349320	45269814	G	T	SNV	1	1	T	1:1	T:1	0	11	0						1	1	1	1
rs9349320	H2837	1	HG03784:2	rs9349320	45269814	G	T	SNV	1	1	T	1:1	T:1	0	11	0						1	1	1	1
rs9349320	H2838	1	HG03773:1	rs9349320	45269814	G	T	SNV	1	1	T	1:1	T:1	0	11	0						1	1	1	1
rs9349320	H2839	1	HG01398:2	rs9349320	45269814	G	T	SNV	1	1	T	1:1	T:1	0	11	0						1	1	1	1
rs9349320	H284	2	HG03388:1;NA19189:1	rs9349320	45269814	G	T	SNV	2	1	T	1:2	T:2	0	11	0						1	1	1	1
rs9349320	H2840	1	HG01247:1	rs9349320	45269814	G	T	SNV	1	1	T	1:1	T:1	0	11	0						1	1	1	1
rs9349320	H2841	1	HG03832:2	rs9349320	45269814	G	T	SNV	1	1	T	1:1	T:1	0	11	0						1	1	1	1
rs9349320	H2842	1	HG03817:2	rs9349320	45269814	G	T	SNV	1	1	T	1:1	T:1	0	11	0						1	1	1	1
rs9349320	H2843	1	HG03888:2	rs9349320	45269814	G	T	SNV	1	1	T	1:1	T:1	0	11	0						1	1	1	1
rs9349320	H2844	1	HG03887:2	rs9349320	45269814	G	T	SNV	1	1	T	1:1	T:1	0	11	0						1	1	1	1
rs9349320	H2845	1	HG03709:2	rs9349320	45269814	G	T	SNV	1	1	T	1:1	T:1	0	11	0						1	1	1	1
rs9349320	H2846	1	NA21108:2	rs9349320	45269814	G	T	SNV	1	1	T	1:1	T:1	0	11	0						1	1	1	1
rs9349320	H2847	1	HG03753:1	rs9349320	45269814	G	T	SNV	1	1	T	1:1	T:1	0	11	0						1	1	1	1
rs9349320	H2848	1	NA10851:1	rs9349320	45269814	G	T	SNV	1	1	T	1:1	T:1	0	11	0						1	1	1	1
rs9349320	H2849	1	HG00282:1	rs9349320	45269814	G	T	SNV	1	1	T	1:1	T:1	0	11	0						1	1	1	1
rs9349320	H285	2	HG00118:2;HG01602:1	rs9349320	45269814	G	T	SNV	2	1	T	1:2	T:2	0	11	0						1	1	1	1
rs9349320	H2850	1	HG02597:2	rs9349320	45269814	G	T	SNV	1	1	T	1:1	T:1	0	11	0						1	1	1	1
rs9349320	H2851	1	HG04189:2	rs9349320	45269814	G	T	SNV	1	1	T	1:1	T:1	0	11	0						1	1	1	1
rs9349320	H2852	1	HG04096:2	rs9349320	45269814	G	T	SNV	1	1	T	1:1	T:1	0	11	0						1	1	1	1
rs9349320	H2853	1	HG01345:1	rs9349320	45269814	G	T	SNV	1	1	T	1:1	T:1	0	11	0						1	1	1	1
rs9349320	H2854	1	NA20510:1	rs9349320	45269814	G	T	SNV	1	1	T	1:1	T:1	0	11	0						1	1	1	1
rs9349320	H2855	1	NA19908:2	rs9349320	45269814	G	T	SNV	1	1	T	1:1	T:1	0	11	0						1	1	1	1
rs9349320	H2856	1	HG01378:1	rs9349320	45269814	G	T	SNV	1	1	T	1:1	T:1	0	11	0						1	1	1	1
rs9349320	H2857	1	HG01632:2	rs9349320	45269814	G	T	SNV	1	1	T	1:1	T:1	0	11	0						1	1	1	1
rs9349320	H2858	1	HG01323:2	rs9349320	45269814	G	T	SNV	1	1	T	1:1	T:1	0	11	0						1	1	1	1
rs9349320	H2859	1	NA20502:2	rs9349320	45269814	G	T	SNV	1	1	T	1:1	T:1	0	11	0						1	1	1	1
rs9349320	H286	2	HG01885:2;NA19206:2	rs9349320	45269814	G	T	SNV	2	1	T	1:2	T:2	0	11	0						1	1	1	1
rs9349320	H2860	1	HG00173:2	rs9349320	45269814	G	T	SNV	1	1	T	1:1	T:1	0	11	0						1	1	1	1
rs9349320	H2861	1	NA12749:2	rs9349320	45269814	G	T	SNV	1	1	T	1:1	T:1	0	11	0						1	1	1	1
rs9349320	H2862	1	HG02580:1	rs9349320	45269814	G	T	SNV	1	1	T	1:1	T:1	0	11	0						1	1	1	1
rs9349320	H2863	1	HG01055:1	rs9349320	45269814	G	T	SNV	1	1	T	1:1	T:1	0	11	0						1	1	1	1
rs9349320	H2864	1	NA11992:2	rs9349320	45269814	G	T	SNV	1	1	T	1:1	T:1	0	11	0						1	1	1	1
rs9349320	H2865	1	HG01626:2	rs9349320	45269814	G	T	SNV	1	1	T	1:1	T:1	0	11	0						1	1	1	1
rs9349320	H2866	1	HG01617:2	rs9349320	45269814	G	T	SNV	1	1	T	1:1	T:1	0	11	0						1	1	1	1
rs9349320	H2867	1	HG00160:2	rs9349320	45269814	G	T	SNV	1	1	T	1:1	T:1	0	11	0						1	1	1	1
rs9349320	H2868	1	HG02235:2	rs9349320	45269814	G	T	SNV	1	1	T	1:1	T:1	0	11	0						1	1	1	1
rs9349320	H2869	1	NA20767:1	rs9349320	45269814	G	T	SNV	1	1	T	1:1	T:1	0	11	0						1	1	1	1
rs9349320	H287	2	HG02489:2;HG02716:1	rs9349320	45269814	G	T	SNV	2	1	T	1:2	T:2	0	11	0						1	1	1	1
rs9349320	H2870	1	HG01465:1	rs9349320	45269814	G	T	SNV	1	1	T	1:1	T:1	0	11	0						1	1	1	1
rs9349320	H2871	1	HG01121:2	rs9349320	45269814	G	T	SNV	1	1	T	1:1	T:1	0	11	0						1	1	1	1
rs9349320	H2872	1	NA12546:1	rs9349320	45269814	G	T	SNV	1	1	T	1:1	T:1	0	11	0						1	1	1	1
rs9349320	H2873	1	NA20508:2	rs9349320	45269814	G	T	SNV	1	1	T	1:1	T:1	0	11	0						1	1	1	1
rs9349320	H2874	1	HG00107:1	rs9349320	45269814	G	T	SNV	1	1	T	1:1	T:1	0	11	0						1	1	1	1
rs9349320	H2875	1	HG00119:2	rs9349320	45269814	G	T	SNV	1	1	T	1:1	T:1	0	11	0						1	1	1	1
rs9349320	H2876	1	HG02661:2	rs9349320	45269814	G	T	SNV	1	1	T	1:1	T:1	0	11	0						1	1	1	1
rs9349320	H2877	1	NA20796:2	rs9349320	45269814	G	T	SNV	1	1	T	1:1	T:1	0	11	0						1	1	1	1
rs9349320	H2878	1	NA12399:2	rs9349320	45269814	G	T	SNV	1	1	T	1:1	T:1	0	11	0						1	1	1	1
rs9349320	H2879	1	NA12828:1	rs9349320	45269814	G	T	SNV	1	1	T	1:1	T:1	0	11	0						1	1	1	1
rs9349320	H288	2	HG03168:2;HG03567:1	rs9349320	45269814	G	T	SNV	2	1	T	1:2	T:2	0	11	0						1	1	1	1
rs9349320	H2880	1	NA20533:1	rs9349320	45269814	G	T	SNV	1	1	T	1:1	T:1	0	11	0						1	1	1	1
rs9349320	H2881	1	HG01786:2	rs9349320	45269814	G	T	SNV	1	1	T	1:1	T:1	0	11	0						1	1	1	1
rs9349320	H2882	1	HG01098:2	rs9349320	45269814	G	T	SNV	1	1	T	1:1	T:1	0	11	0						1	1	1	1
rs9349320	H2883	1	HG01049:2	rs9349320	45269814	G	T	SNV	1	1	T	1:1	T:1	0	11	0						1	1	1	1
rs9349320	H2884	1	HG04189:1	rs9349320	45269814	G	T	SNV	1	1	T	1:1	T:1	0	11	0						1	1	1	1
rs9349320	H2885	1	NA19374:1	rs9349320	45269814	G	T	SNV	1	1	T	1:1	T:1	0	11	0						1	1	1	1
rs9349320	H2886	1	NA19037:1	rs9349320	45269814	G	T	SNV	1	1	T	1:1	T:1	0	11	0						1	1	1	1
rs9349320	H2887	1	NA19248:2	rs9349320	45269814	G	T	SNV	1	1	T	1:1	T:1	0	11	0						1	1	1	1
rs9349320	H2888	1	HG01684:1	rs9349320	45269814	G	T	SNV	1	1	T	1:1	T:1	0	11	0						1	1	1	1
rs9349320	H2889	1	NA18933:1	rs9349320	45269814	G	T	SNV	1	1	T	1:1	T:1	0	11	0						1	1	1	1
rs9349320	H289	2	HG02646:2;HG03563:1	rs9349320	45269814	G	T	SNV	2	1	T	1:2	T:2	0	11	0						1	1	1	1
rs9349320	H2890	1	HG02614:1	rs9349320	45269814	G	T	SNV	1	1	T	1:1	T:1	0	11	0						1	1	1	1
rs9349320	H2891	1	NA20866:1	rs9349320	45269814	G	T	SNV	1	1	T	1:1	T:1	0	11	0						1	1	1	1
rs9349320	H2892	1	NA20852:2	rs9349320	45269814	G	T	SNV	1	1	T	1:1	T:1	0	11	0						1	1	1	1
rs9349320	H2893	1	HG02232:2	rs9349320	45269814	G	T	SNV	1	1	T	1:1	T:1	0	11	0						1	1	1	1
rs9349320	H2894	1	NA19102:2	rs9349320	45269814	G	T	SNV	1	1	T	1:1	T:1	0	11	0						1	1	1	1
rs9349320	H2895	1	HG03858:2	rs9349320	45269814	G	T	SNV	1	1	T	1:1	T:1	0	11	0						1	1	1	1
rs9349320	H2896	1	HG04216:2	rs9349320	45269814	G	T	SNV	1	1	T	1:1	T:1	0	11	0						1	1	1	1
rs9349320	H2897	1	NA20901:2	rs9349320	45269814	G	T	SNV	1	1	T	1:1	T:1	0	11	0						1	1	1	1
rs9349320	H2898	1	HG03600:1	rs9349320	45269814	G	T	SNV	1	1	T	1:1	T:1	0	11	0						1	1	1	1
rs9349320	H2899	1	HG02774:1	rs9349320	45269814	G	T	SNV	1	1	T	1:1	T:1	0	11	0						1	1	1	1
rs9349320	H29	9	HG00103:2;HG00177:2;HG00273:2;HG00288:2;HG00378:1;HG01390:1;HG01625:2;HG01670:1;NA20807:1	rs9349320	45269814	G	T	SNV	9	1	T	1:9	T:9	0	11	0						1	1	1	1
rs9349320	H290	2	HG02881:2;HG02891:1	rs9349320	45269814	G	T	SNV	2	1	T	1:2	T:2	0	11	0						1	1	1	1
rs9349320	H2900	1	HG02604:2	rs9349320	45269814	G	T	SNV	1	1	T	1:1	T:1	0	11	0						1	1	1	1
rs9349320	H2901	1	HG03976:1	rs9349320	45269814	G	T	SNV	1	1	T	1:1	T:1	0	11	0						1	1	1	1
rs9349320	H2902	1	HG03973:1	rs9349320	45269814	G	T	SNV	1	1	T	1:1	T:1	0	11	0						1	1	1	1
rs9349320	H2903	1	NA20846:1	rs9349320	45269814	G	T	SNV	1	1	T	1:1	T:1	0	11	0						1	1	1	1
rs9349320	H2904	1	HG04194:2	rs9349320	45269814	G	T	SNV	1	1	T	1:1	T:1	0	11	0						1	1	1	1
rs9349320	H2905	1	HG04155:2	rs9349320	45269814	G	T	SNV	1	1	T	1:1	T:1	0	11	0						1	1	1	1
rs9349320	H2906	1	HG03012:2	rs9349320	45269814	G	T	SNV	1	1	T	1:1	T:1	0	11	0						1	1	1	1
rs9349320	H2907	1	HG03595:2	rs9349320	45269814	G	T	SNV	1	1	T	1:1	T:1	0	11	0						1	1	1	1
rs9349320	H2908	1	HG03693:2	rs9349320	45269814	G	T	SNV	1	1	T	1:1	T:1	0	11	0						1	1	1	1
rs9349320	H2909	1	HG04186:2	rs9349320	45269814	G	T	SNV	1	1	T	1:1	T:1	0	11	0						1	1	1	1
rs9349320	H291	2	HG01551:2;HG02419:1	rs9349320	45269814	G	T	SNV	2	1	T	1:2	T:2	0	11	0						1	1	1	1
rs9349320	H2910	1	NA20864:2	rs9349320	45269814	G	T	SNV	1	1	T	1:1	T:1	0	11	0						1	1	1	1
rs9349320	H2911	1	HG03814:1	rs9349320	45269814	G	T	SNV	1	1	T	1:1	T:1	0	11	0						1	1	1	1
rs9349320	H2912	1	HG04159:1	rs9349320	45269814	G	T	SNV	1	1	T	1:1	T:1	0	11	0						1	1	1	1
rs9349320	H2913	1	HG03989:2	rs9349320	45269814	G	T	SNV	1	1	T	1:1	T:1	0	11	0						1	1	1	1
rs9349320	H2914	1	HG03911:1	rs9349320	45269814	G	T	SNV	1	1	T	1:1	T:1	0	11	0						1	1	1	1
rs9349320	H2915	1	HG02494:2	rs9349320	45269814	G	T	SNV	1	1	T	1:1	T:1	0	11	0						1	1	1	1
rs9349320	H2916	1	HG03963:1	rs9349320	45269814	G	T	SNV	1	1	T	1:1	T:1	0	11	0						1	1	1	1
rs9349320	H2917	1	HG03941:1	rs9349320	45269814	G	T	SNV	1	1	T	1:1	T:1	0	11	0						1	1	1	1
rs9349320	H2918	1	HG03875:2	rs9349320	45269814	G	T	SNV	1	1	T	1:1	T:1	0	11	0						1	1	1	1
rs9349320	H2919	1	HG01095:1	rs9349320	45269814	G	T	SNV	1	1	T	1:1	T:1	0	11	0						1	1	1	1
rs9349320	H292	2	HG03303:1;NA20276:2	rs9349320	45269814	G	T	SNV	2	1	T	1:2	T:2	0	11	0						1	1	1	1
rs9349320	H2920	1	HG03247:2	rs9349320	45269814	G	T	SNV	1	1	T	1:1	T:1	0	11	0						1	1	1	1
rs9349320	H2921	1	NA19351:1	rs9349320	45269814	G	T	SNV	1	1	T	1:1	T:1	0	11	0						1	1	1	1
rs9349320	H2922	1	NA12282:1	rs9349320	45269814	G	T	SNV	1	1	T	1:1	T:1	0	11	0						1	1	1	1
rs9349320	H2923	1	HG03571:1	rs9349320	45269814	G	T	SNV	1	1	T	1:1	T:1	0	11	0						1	1	1	1
rs9349320	H2924	1	HG03105:1	rs9349320	45269814	G	T	SNV	1	1	T	1:1	T:1	0	11	0						1	1	1	1
rs9349320	H2925	1	HG02108:2	rs9349320	45269814	G	T	SNV	1	1	T	1:1	T:1	0	11	0						1	1	1	1
rs9349320	H2926	1	HG04107:1	rs9349320	45269814	G	T	SNV	1	1	T	1:1	T:1	0	11	0						1	1	1	1
rs9349320	H2927	1	HG03744:2	rs9349320	45269814	G	T	SNV	1	1	T	1:1	T:1	0	11	0						1	1	1	1
rs9349320	H2928	1	HG03931:1	rs9349320	45269814	G	T	SNV	1	1	T	1:1	T:1	0	11	0						1	1	1	1
rs9349320	H2929	1	HG03815:1	rs9349320	45269814	G	T	SNV	1	1	T	1:1	T:1	0	11	0						1	1	1	1
rs9349320	H293	2	HG03135:1;HG03548:1	rs9349320	45269814	G	T	SNV	2	1	T	1:2	T:2	0	11	0						1	1	1	1
rs9349320	H2930	1	HG03685:2	rs9349320	45269814	G	T	SNV	1	1	T	1:1	T:1	0	11	0						1	1	1	1
rs9349320	H2931	1	HG04006:2	rs9349320	45269814	G	T	SNV	1	1	T	1:1	T:1	0	11	0						1	1	1	1
rs9349320	H2932	1	HG04003:2	rs9349320	45269814	G	T	SNV	1	1	T	1:1	T:1	0	11	0						1	1	1	1
rs9349320	H2933	1	HG03851:2	rs9349320	45269814	G	T	SNV	1	1	T	1:1	T:1	0	11	0						1	1	1	1
rs9349320	H2934	1	HG03902:2	rs9349320	45269814	G	T	SNV	1	1	T	1:1	T:1	0	11	0						1	1	1	1
rs9349320	H2935	1	HG03830:2	rs9349320	45269814	G	T	SNV	1	1	T	1:1	T:1	0	11	0						1	1	1	1
rs9349320	H2936	1	HG03861:1	rs9349320	45269814	G	T	SNV	1	1	T	1:1	T:1	0	11	0						1	1	1	1
rs9349320	H2937	1	HG03937:2	rs9349320	45269814	G	T	SNV	1	1	T	1:1	T:1	0	11	0						1	1	1	1
rs9349320	H2938	1	NA20854:2	rs9349320	45269814	G	T	SNV	1	1	T	1:1	T:1	0	11	0						1	1	1	1
rs9349320	H2939	1	HG02600:2	rs9349320	45269814	G	T	SNV	1	1	T	1:1	T:1	0	11	0						1	1	1	1
rs9349320	H294	2	HG03303:2;NA19428:2	rs9349320	45269814	G	T	SNV	2	1	T	1:2	T:2	0	11	0						1	1	1	1
rs9349320	H2940	1	HG02736:2	rs9349320	45269814	G	T	SNV	1	1	T	1:1	T:1	0	11	0						1	1	1	1
rs9349320	H2941	1	HG03600:2	rs9349320	45269814	G	T	SNV	1	1	T	1:1	T:1	0	11	0						1	1	1	1
rs9349320	H2942	1	HG03229:2	rs9349320	45269814	G	T	SNV	1	1	T	1:1	T:1	0	11	0						1	1	1	1
rs9349320	H2943	1	HG04214:2	rs9349320	45269814	G	T	SNV	1	1	T	1:1	T:1	0	11	0						1	1	1	1
rs9349320	H2944	1	HG02600:1	rs9349320	45269814	G	T	SNV	1	1	T	1:1	T:1	0	11	0						1	1	1	1
rs9349320	H2945	1	HG03905:1	rs9349320	45269814	G	T	SNV	1	1	T	1:1	T:1	0	11	0						1	1	1	1
rs9349320	H2946	1	NA20849:2	rs9349320	45269814	G	T	SNV	1	1	T	1:1	T:1	0	11	0						1	1	1	1
rs9349320	H2947	1	NA21135:1	rs9349320	45269814	G	T	SNV	1	1	T	1:1	T:1	0	11	0						1	1	1	1
rs9349320	H2948	1	HG04026:2	rs9349320	45269814	G	T	SNV	1	1	T	1:1	T:1	0	11	0						1	1	1	1
rs9349320	H2949	1	HG03808:1	rs9349320	45269814	G	T	SNV	1	1	T	1:1	T:1	0	11	0						1	1	1	1
rs9349320	H295	2	HG03057:1;HG03577:1	rs9349320	45269814	G	T	SNV	2	1	T	1:2	T:2	0	11	0						1	1	1	1
rs9349320	H2950	1	NA20884:1	rs9349320	45269814	G	T	SNV	1	1	T	1:1	T:1	0	11	0						1	1	1	1
rs9349320	H2951	1	NA20899:1	rs9349320	45269814	G	T	SNV	1	1	T	1:1	T:1	0	11	0						1	1	1	1
rs9349320	H2952	1	HG03989:1	rs9349320	45269814	G	T	SNV	1	1	T	1:1	T:1	0	11	0						1	1	1	1
rs9349320	H2953	1	HG03689:1	rs9349320	45269814	G	T	SNV	1	1	T	1:1	T:1	0	11	0						1	1	1	1
rs9349320	H2954	1	HG03884:1	rs9349320	45269814	G	T	SNV	1	1	T	1:1	T:1	0	11	0						1	1	1	1
rs9349320	H2955	1	HG03998:2	rs9349320	45269814	G	T	SNV	1	1	T	1:1	T:1	0	11	0						1	1	1	1
rs9349320	H2956	1	HG04033:2	rs9349320	45269814	G	T	SNV	1	1	T	1:1	T:1	0	11	0						1	1	1	1
rs9349320	H2957	1	NA20869:1	rs9349320	45269814	G	T	SNV	1	1	T	1:1	T:1	0	11	0						1	1	1	1
rs9349320	H2958	1	NA21130:2	rs9349320	45269814	G	T	SNV	1	1	T	1:1	T:1	0	11	0						1	1	1	1
rs9349320	H2959	1	HG03947:2	rs9349320	45269814	G	T	SNV	1	1	T	1:1	T:1	0	11	0						1	1	1	1
rs9349320	H296	2	NA18876:2;NA19222:1	rs9349320	45269814	G	T	SNV	2	1	T	1:2	T:2	0	11	0						1	1	1	1
rs9349320	H2960	1	HG03823:1	rs9349320	45269814	G	T	SNV	1	1	T	1:1	T:1	0	11	0						1	1	1	1
rs9349320	H2961	1	HG04200:2	rs9349320	45269814	G	T	SNV	1	1	T	1:1	T:1	0	11	0						1	1	1	1
rs9349320	H2962	1	HG03713:2	rs9349320	45269814	G	T	SNV	1	1	T	1:1	T:1	0	11	0						1	1	1	1
rs9349320	H2963	1	HG04100:1	rs9349320	45269814	G	T	SNV	1	1	T	1:1	T:1	0	11	0						1	1	1	1
rs9349320	H2964	1	NA21128:1	rs9349320	45269814	G	T	SNV	1	1	T	1:1	T:1	0	11	0						1	1	1	1
rs9349320	H2965	1	NA21128:2	rs9349320	45269814	G	T	SNV	1	1	T	1:1	T:1	0	11	0						1	1	1	1
rs9349320	H2966	1	HG03705:2	rs9349320	45269814	G	T	SNV	1	1	T	1:1	T:1	0	11	0						1	1	1	1
rs9349320	H2967	1	HG03640:1	rs9349320	45269814	G	T	SNV	1	1	T	1:1	T:1	0	11	0						1	1	1	1
rs9349320	H2968	1	HG03006:1	rs9349320	45269814	G	T	SNV	1	1	T	1:1	T:1	0	11	0						1	1	1	1
rs9349320	H2969	1	NA20847:2	rs9349320	45269814	G	T	SNV	1	1	T	1:1	T:1	0	11	0						1	1	1	1
rs9349320	H297	2	HG03297:2;NA19428:1	rs9349320	45269814	G	T	SNV	2	1	T	1:2	T:2	0	11	0						1	1	1	1
rs9349320	H2970	1	NA21143:2	rs9349320	45269814	G	T	SNV	1	1	T	1:1	T:1	0	11	0						1	1	1	1
rs9349320	H2971	1	NA20859:2	rs9349320	45269814	G	T	SNV	1	1	T	1:1	T:1	0	11	0						1	1	1	1
rs9349320	H2972	1	HG00268:2	rs9349320	45269814	G	T	SNV	1	1	T	1:1	T:1	0	11	0						1	1	1	1
rs9349320	H2973	1	NA19651:1	rs9349320	45269814	G	T	SNV	1	1	T	1:1	T:1	0	11	0						1	1	1	1
rs9349320	H2974	1	HG00334:2	rs9349320	45269814	G	T	SNV	1	1	T	1:1	T:1	0	11	0						1	1	1	1
rs9349320	H2975	1	NA20756:2	rs9349320	45269814	G	T	SNV	1	1	T	1:1	T:1	0	11	0						1	1	1	1
rs9349320	H2976	1	HG01785:2	rs9349320	45269814	G	T	SNV	1	1	T	1:1	T:1	0	11	0						1	1	1	1
rs9349320	H2977	1	HG03652:1	rs9349320	45269814	G	T	SNV	1	1	T	1:1	T:1	0	11	0						1	1	1	1
rs9349320	H2978	1	NA20906:2	rs9349320	45269814	G	T	SNV	1	1	T	1:1	T:1	0	11	0						1	1	1	1
rs9349320	H2979	1	NA12058:1	rs9349320	45269814	G	T	SNV	1	1	T	1:1	T:1	0	11	0						1	1	1	1
rs9349320	H298	2	HG02481:2;HG03162:1	rs9349320	45269814	G	T	SNV	2	1	T	1:2	T:2	0	11	0						1	1	1	1
rs9349320	H2980	1	HG00126:1	rs9349320	45269814	G	T	SNV	1	1	T	1:1	T:1	0	11	0						1	1	1	1
rs9349320	H2981	1	HG02238:2	rs9349320	45269814	G	T	SNV	1	1	T	1:1	T:1	0	11	0						1	1	1	1
rs9349320	H2982	1	HG01700:2	rs9349320	45269814	G	T	SNV	1	1	T	1:1	T:1	0	11	0						1	1	1	1
rs9349320	H2983	1	NA07051:1	rs9349320	45269814	G	T	SNV	1	1	T	1:1	T:1	0	11	0						1	1	1	1
rs9349320	H2984	1	NA19684:1	rs9349320	45269814	G	T	SNV	1	1	T	1:1	T:1	0	11	0						1	1	1	1
rs9349320	H2985	1	NA20543:1	rs9349320	45269814	G	T	SNV	1	1	T	1:1	T:1	0	11	0						1	1	1	1
rs9349320	H2986	1	NA20866:2	rs9349320	45269814	G	T	SNV	1	1	T	1:1	T:1	0	11	0						1	1	1	1
rs9349320	H2987	1	HG01485:1	rs9349320	45269814	G	T	SNV	1	1	T	1:1	T:1	0	11	0						1	1	1	1
rs9349320	H2988	1	NA20766:1	rs9349320	45269814	G	T	SNV	1	1	T	1:1	T:1	0	11	0						1	1	1	1
rs9349320	H2989	1	NA20767:2	rs9349320	45269814	G	T	SNV	1	1	T	1:1	T:1	0	11	0						1	1	1	1
rs9349320	H299	2	NA19138:2;NA19475:1	rs9349320	45269814	G	T	SNV	2	1	T	1:2	T:2	0	11	0						1	1	1	1
rs9349320	H2990	1	HG01506:1	rs9349320	45269814	G	T	SNV	1	1	T	1:1	T:1	0	11	0						1	1	1	1
rs9349320	H2991	1	NA19779:1	rs9349320	45269814	G	T	SNV	1	1	T	1:1	T:1	0	11	0						1	1	1	1
rs9349320	H2992	1	NA19786:1	rs9349320	45269814	G	T	SNV	1	1	T	1:1	T:1	0	11	0						1	1	1	1
rs9349320	H2993	1	HG00136:2	rs9349320	45269814	G	T	SNV	1	1	T	1:1	T:1	0	11	0						1	1	1	1
rs9349320	H2994	1	NA20762:2	rs9349320	45269814	G	T	SNV	1	1	T	1:1	T:1	0	11	0						1	1	1	1
rs9349320	H2995	1	HG01619:2	rs9349320	45269814	G	T	SNV	1	1	T	1:1	T:1	0	11	0						1	1	1	1
rs9349320	H2996	1	HG00188:2	rs9349320	45269814	G	T	SNV	1	1	T	1:1	T:1	0	11	0						1	1	1	1
rs9349320	H2997	1	HG01260:2	rs9349320	45269814	G	T	SNV	1	1	T	1:1	T:1	0	11	0						1	1	1	1
rs9349320	H2998	1	HG01119:1	rs9349320	45269814	G	T	SNV	1	1	T	1:1	T:1	0	11	0						1	1	1	1
rs9349320	H2999	1	HG02470:2	rs9349320	45269814	G	T	SNV	1	1	T	1:1	T:1	0	11	0						1	1	1	1
rs9349320	H3	30	HG01880:2;HG01889:1;HG02051:1;HG02111:1;HG02281:2;HG02445:2;HG02541:1;HG02973:1;HG03060:1;HG03079:1;HG03081:1;HG03118:1;HG03189:1;HG03189:2;HG03370:2;HG03565:2;NA18523:2;NA18877:2;NA19023:1;NA19107:1;NA19131:1;NA19147:1;NA19160:2;NA19204:1;NA19206:1;NA19391:1;NA19395:1;NA19468:2;NA19909:1;NA20317:1	rs9349320	45269814	G	T	SNV	30	1	T	1:30	T:30	0	11	1						1	1	1	1
rs9349320	H30	9	HG00557:1;HG00596:2;HG00864:2;HG01800:1;HG01873:2;HG02139:2;HG02408:2;NA18611:2;NA18620:1	rs9349320	45269814	G	T	SNV	9	1	T	1:9	T:9	0	11	0						1	1	1	1
rs9349320	H300	2	HG02756:2;HG03557:2	rs9349320	45269814	G	T	SNV	2	1	T	1:2	T:2	0	11	0						1	1	1	1
rs9349320	H3000	1	NA20536:2	rs9349320	45269814	G	T	SNV	1	1	T	1:1	T:1	0	11	0						1	1	1	1
rs9349320	H3001	1	NA20506:1	rs9349320	45269814	G	T	SNV	1	1	T	1:1	T:1	0	11	0						1	1	1	1
rs9349320	H3002	1	HG03950:1	rs9349320	45269814	G	T	SNV	1	1	T	1:1	T:1	0	11	0						1	1	1	1
rs9349320	H3003	1	NA20859:1	rs9349320	45269814	G	T	SNV	1	1	T	1:1	T:1	0	11	0						1	1	1	1
rs9349320	H3004	1	HG04185:2	rs9349320	45269814	G	T	SNV	1	1	T	1:1	T:1	0	11	0						1	1	1	1
rs9349320	H3005	1	HG01047:1	rs9349320	45269814	G	T	SNV	1	1	T	1:1	T:1	0	11	0						1	1	1	1
rs9349320	H3006	1	HG03696:2	rs9349320	45269814	G	T	SNV	1	1	T	1:1	T:1	0	11	0						1	1	1	1
rs9349320	H3007	1	NA20868:2	rs9349320	45269814	G	T	SNV	1	1	T	1:1	T:1	0	11	0						1	1	1	1
rs9349320	H3008	1	HG02727:2	rs9349320	45269814	G	T	SNV	1	1	T	1:1	T:1	0	11	0						1	1	1	1
rs9349320	H3009	1	NA06989:1	rs9349320	45269814	G	T	SNV	1	1	T	1:1	T:1	0	11	0						1	1	1	1
rs9349320	H301	2	HG03479:1;NA20340:1	rs9349320	45269814	G	T	SNV	2	1	T	1:2	T:2	0	11	0						1	1	1	1
rs9349320	H3010	1	HG04106:1	rs9349320	45269814	G	T	SNV	1	1	T	1:1	T:1	0	11	0						1	1	1	1
rs9349320	H3011	1	HG03837:1	rs9349320	45269814	G	T	SNV	1	1	T	1:1	T:1	0	11	0						1	1	1	1
rs9349320	H3012	1	HG04153:2	rs9349320	45269814	G	T	SNV	1	1	T	1:1	T:1	0	11	0						1	1	1	1
rs9349320	H3013	1	HG04162:2	rs9349320	45269814	G	T	SNV	1	1	T	1:1	T:1	0	11	0						1	1	1	1
rs9349320	H3014	1	NA21095:1	rs9349320	45269814	G	T	SNV	1	1	T	1:1	T:1	0	11	0						1	1	1	1
rs9349320	H3015	1	NA20827:1	rs9349320	45269814	G	T	SNV	1	1	T	1:1	T:1	0	11	0						1	1	1	1
rs9349320	H3016	1	HG02439:1	rs9349320	45269814	G	T	SNV	1	1	T	1:1	T:1	0	11	0						1	1	1	1
rs9349320	H3017	1	NA20317:2	rs9349320	45269814	G	T	SNV	1	1	T	1:1	T:1	0	11	0						1	1	1	1
rs9349320	H3018	1	HG03548:2	rs9349320	45269814	G	T	SNV	1	1	T	1:1	T:1	0	11	0						1	1	1	1
rs9349320	H3019	1	HG03064:2	rs9349320	45269814	G	T	SNV	1	1	T	1:1	T:1	0	11	0						1	1	1	1
rs9349320	H302	2	HG02943:2;HG03521:1	rs9349320	45269814	G	T	SNV	2	1	T	1:2	T:2	0	11	0						1	1	1	1
rs9349320	H3020	1	HG02309:1	rs9349320	45269814	G	T	SNV	1	1	T	1:1	T:1	0	11	0						1	1	1	1
rs9349320	H3021	1	HG02817:2	rs9349320	45269814	G	T	SNV	1	1	T	1:1	T:1	0	11	0						1	1	1	1
rs9349320	H3022	1	NA18507:1	rs9349320	45269814	G	T	SNV	1	1	T	1:1	T:1	0	11	0						1	1	1	1
rs9349320	H3023	1	NA18923:1	rs9349320	45269814	G	T	SNV	1	1	T	1:1	T:1	0	11	0						1	1	1	1
rs9349320	H3024	1	HG03755:2	rs9349320	45269814	G	T	SNV	1	1	T	1:1	T:1	0	11	0						1	1	1	1
rs9349320	H3025	1	HG03686:2	rs9349320	45269814	G	T	SNV	1	1	T	1:1	T:1	0	11	0						1	1	1	1
rs9349320	H3026	1	HG03945:1	rs9349320	45269814	G	T	SNV	1	1	T	1:1	T:1	0	11	0						1	1	1	1
rs9349320	H3027	1	HG03856:2	rs9349320	45269814	G	T	SNV	1	1	T	1:1	T:1	0	11	0						1	1	1	1
rs9349320	H3028	1	HG03432:1	rs9349320	45269814	G	T	SNV	1	1	T	1:1	T:1	0	11	0						1	1	1	1
rs9349320	H3029	1	NA18517:2	rs9349320	45269814	G	T	SNV	1	1	T	1:1	T:1	0	11	0						1	1	1	1
rs9349320	H303	2	HG02314:1;HG02332:1	rs9349320	45269814	G	T	SNV	2	1	T	1:2	T:2	0	11	0						1	1	1	1
rs9349320	H3030	1	NA18871:1	rs9349320	45269814	G	T	SNV	1	1	T	1:1	T:1	0	11	0						1	1	1	1
rs9349320	H3031	1	HG03168:1	rs9349320	45269814	G	T	SNV	1	1	T	1:1	T:1	0	11	0						1	1	1	1
rs9349320	H3032	1	HG02953:2	rs9349320	45269814	G	T	SNV	1	1	T	1:1	T:1	0	11	0						1	1	1	1
rs9349320	H3033	1	HG03088:2	rs9349320	45269814	G	T	SNV	1	1	T	1:1	T:1	0	11	0						1	1	1	1
rs9349320	H3034	1	HG03279:2	rs9349320	45269814	G	T	SNV	1	1	T	1:1	T:1	0	11	0						1	1	1	1
rs9349320	H3035	1	NA19455:1	rs9349320	45269814	G	T	SNV	1	1	T	1:1	T:1	0	11	0						1	1	1	1
rs9349320	H3036	1	NA18498:2	rs9349320	45269814	G	T	SNV	1	1	T	1:1	T:1	0	11	0						1	1	1	1
rs9349320	H3037	1	HG02884:2	rs9349320	45269814	G	T	SNV	1	1	T	1:1	T:1	0	11	0						1	1	1	1
rs9349320	H3038	1	NA18858:2	rs9349320	45269814	G	T	SNV	1	1	T	1:1	T:1	0	11	0						1	1	1	1
rs9349320	H3039	1	NA19462:1	rs9349320	45269814	G	T	SNV	1	1	T	1:1	T:1	0	11	0						1	1	1	1
rs9349320	H304	2	HG03121:2;NA19204:2	rs9349320	45269814	G	T	SNV	2	1	T	1:2	T:2	0	11	0						1	1	1	1
rs9349320	H3040	1	HG03631:2	rs9349320	45269814	G	T	SNV	1	1	T	1:1	T:1	0	11	0						1	1	1	1
rs9349320	H3041	1	NA20887:1	rs9349320	45269814	G	T	SNV	1	1	T	1:1	T:1	0	11	0						1	1	1	1
rs9349320	H3042	1	HG00598:2	rs9349320	45269814	G	T	SNV	1	1	T	1:1	T:1	0	11	0						1	1	1	1
rs9349320	H3043	1	NA20878:1	rs9349320	45269814	G	T	SNV	1	1	T	1:1	T:1	0	11	0						1	1	1	1
rs9349320	H3044	1	HG01092:2	rs9349320	45269814	G	T	SNV	1	1	T	1:1	T:1	0	11	0						1	1	1	1
rs9349320	H3045	1	HG02810:1	rs9349320	45269814	G	T	SNV	1	1	T	1:1	T:1	0	11	0						1	1	1	1
rs9349320	H3046	1	HG02891:2	rs9349320	45269814	G	T	SNV	1	1	T	1:1	T:1	0	11	0						1	1	1	1
rs9349320	H3047	1	NA19920:2	rs9349320	45269814	G	T	SNV	1	1	T	1:1	T:1	0	11	0						1	1	1	1
rs9349320	H3048	1	HG04033:1	rs9349320	45269814	G	T	SNV	1	1	T	1:1	T:1	0	11	0						1	1	1	1
rs9349320	H3049	1	HG03815:2	rs9349320	45269814	G	T	SNV	1	1	T	1:1	T:1	0	11	0						1	1	1	1
rs9349320	H305	2	HG03445:1;HG03473:2	rs9349320	45269814	G	T	SNV	2	1	T	1:2	T:2	0	11	0						1	1	1	1
rs9349320	H3050	1	HG03108:1	rs9349320	45269814	G	T	SNV	1	1	T	1:1	T:1	0	11	0						1	1	1	1
rs9349320	H3051	1	HG02013:2	rs9349320	45269814	G	T	SNV	1	1	T	1:1	T:1	0	11	0						1	1	1	1
rs9349320	H3052	1	HG03099:2	rs9349320	45269814	G	T	SNV	1	1	T	1:1	T:1	0	11	0						1	1	1	1
rs9349320	H3053	1	HG03133:2	rs9349320	45269814	G	T	SNV	1	1	T	1:1	T:1	0	11	0						1	1	1	1
rs9349320	H3054	1	HG02343:1	rs9349320	45269814	G	T	SNV	1	1	T	1:1	T:1	0	11	0						1	1	1	1
rs9349320	H3055	1	NA19092:2	rs9349320	45269814	G	T	SNV	1	1	T	1:1	T:1	0	11	0						1	1	1	1
rs9349320	H3056	1	NA19223:1	rs9349320	45269814	G	T	SNV	1	1	T	1:1	T:1	0	11	0						1	1	1	1
rs9349320	H3057	1	NA18519:1	rs9349320	45269814	G	T	SNV	1	1	T	1:1	T:1	0	11	0						1	1	1	1
rs9349320	H3058	1	HG03064:1	rs9349320	45269814	G	T	SNV	1	1	T	1:1	T:1	0	11	0						1	1	1	1
rs9349320	H3059	1	HG03376:1	rs9349320	45269814	G	T	SNV	1	1	T	1:1	T:1	0	11	0						1	1	1	1
rs9349320	H306	2	HG01783:1;NA19198:1	rs9349320	45269814	G	T	SNV	2	1	T	1:2	T:2	0	11	0						1	1	1	1
rs9349320	H3060	1	HG01985:2	rs9349320	45269814	G	T	SNV	1	1	T	1:1	T:1	0	11	0						1	1	1	1
rs9349320	H3061	1	HG03476:1	rs9349320	45269814	G	T	SNV	1	1	T	1:1	T:1	0	11	0						1	1	1	1
rs9349320	H3062	1	HG02763:2	rs9349320	45269814	G	T	SNV	1	1	T	1:1	T:1	0	11	0						1	1	1	1
rs9349320	H3063	1	HG02585:1	rs9349320	45269814	G	T	SNV	1	1	T	1:1	T:1	0	11	0						1	1	1	1
rs9349320	H3064	1	NA19108:1	rs9349320	45269814	G	T	SNV	1	1	T	1:1	T:1	0	11	0						1	1	1	1
rs9349320	H3065	1	HG03433:2	rs9349320	45269814	G	T	SNV	1	1	T	1:1	T:1	0	11	0						1	1	1	1
rs9349320	H3066	1	HG03547:2	rs9349320	45269814	G	T	SNV	1	1	T	1:1	T:1	0	11	0						1	1	1	1
rs9349320	H3067	1	HG03081:2	rs9349320	45269814	G	T	SNV	1	1	T	1:1	T:1	0	11	0						1	1	1	1
rs9349320	H3068	1	NA19922:2	rs9349320	45269814	G	T	SNV	1	1	T	1:1	T:1	0	11	0						1	1	1	1
rs9349320	H3069	1	HG03096:1	rs9349320	45269814	G	T	SNV	1	1	T	1:1	T:1	0	11	0						1	1	1	1
rs9349320	H307	2	HG01912:1;NA19704:2	rs9349320	45269814	G	T	SNV	2	1	T	1:2	T:2	0	11	0						1	1	1	1
rs9349320	H3070	1	HG02715:2	rs9349320	45269814	G	T	SNV	1	1	T	1:1	T:1	0	11	0						1	1	1	1
rs9349320	H3071	1	HG03225:2	rs9349320	45269814	G	T	SNV	1	1	T	1:1	T:1	0	11	0						1	1	1	1
rs9349320	H3072	1	HG02852:1	rs9349320	45269814	G	T	SNV	1	1	T	1:1	T:1	0	11	0						1	1	1	1
rs9349320	H3073	1	NA19189:2	rs9349320	45269814	G	T	SNV	1	1	T	1:1	T:1	0	11	0						1	1	1	1
rs9349320	H3074	1	NA19707:2	rs9349320	45269814	G	T	SNV	1	1	T	1:1	T:1	0	11	0						1	1	1	1
rs9349320	H3075	1	NA20339:2	rs9349320	45269814	G	T	SNV	1	1	T	1:1	T:1	0	11	0						1	1	1	1
rs9349320	H3076	1	HG02318:2	rs9349320	45269814	G	T	SNV	1	1	T	1:1	T:1	0	11	0						1	1	1	1
rs9349320	H3077	1	HG03902:1	rs9349320	45269814	G	T	SNV	1	1	T	1:1	T:1	0	11	0						1	1	1	1
rs9349320	H3078	1	HG03653:1	rs9349320	45269814	G	T	SNV	1	1	T	1:1	T:1	0	11	0						1	1	1	1
rs9349320	H3079	1	HG03894:1	rs9349320	45269814	G	T	SNV	1	1	T	1:1	T:1	0	11	0						1	1	1	1
rs9349320	H308	2	HG01069:2;NA19446:2	rs9349320	45269814	G	T	SNV	2	1	T	1:2	T:2	0	11	0						1	1	1	1
rs9349320	H3080	1	NA21103:2	rs9349320	45269814	G	T	SNV	1	1	T	1:1	T:1	0	11	0						1	1	1	1
rs9349320	H3081	1	HG03965:2	rs9349320	45269814	G	T	SNV	1	1	T	1:1	T:1	0	11	0						1	1	1	1
rs9349320	H3082	1	HG04186:1	rs9349320	45269814	G	T	SNV	1	1	T	1:1	T:1	0	11	0						1	1	1	1
rs9349320	H3083	1	HG04042:2	rs9349320	45269814	G	T	SNV	1	1	T	1:1	T:1	0	11	0						1	1	1	1
rs9349320	H3084	1	HG02380:2	rs9349320	45269814	G	T	SNV	1	1	T	1:1	T:1	0	11	0						1	1	1	1
rs9349320	H3085	1	NA18740:2	rs9349320	45269814	G	T	SNV	1	1	T	1:1	T:1	0	11	0						1	1	1	1
rs9349320	H3086	1	HG02392:1	rs9349320	45269814	G	T	SNV	1	1	T	1:1	T:1	0	11	0						1	1	1	1
rs9349320	H3087	1	HG01844:1	rs9349320	45269814	G	T	SNV	1	1	T	1:1	T:1	0	11	0						1	1	1	1
rs9349320	H3088	1	HG02133:2	rs9349320	45269814	G	T	SNV	1	1	T	1:1	T:1	0	11	0						1	1	1	1
rs9349320	H3089	1	NA20853:1	rs9349320	45269814	G	T	SNV	1	1	T	1:1	T:1	0	11	0						1	1	1	1
rs9349320	H309	2	NA18942:2;NA18971:2	rs9349320	45269814	G	T	SNV	2	1	T	1:2	T:2	0	11	0						1	1	1	1
rs9349320	H3090	1	HG02137:1	rs9349320	45269814	G	T	SNV	1	1	T	1:1	T:1	0	11	0						1	1	1	1
rs9349320	H3091	1	HG00684:2	rs9349320	45269814	G	T	SNV	1	1	T	1:1	T:1	0	11	0						1	1	1	1
rs9349320	H3092	1	NA18615:2	rs9349320	45269814	G	T	SNV	1	1	T	1:1	T:1	0	11	0						1	1	1	1
rs9349320	H3093	1	HG01847:1	rs9349320	45269814	G	T	SNV	1	1	T	1:1	T:1	0	11	0						1	1	1	1
rs9349320	H3094	1	HG02375:2	rs9349320	45269814	G	T	SNV	1	1	T	1:1	T:1	0	11	0						1	1	1	1
rs9349320	H3095	1	HG00699:2	rs9349320	45269814	G	T	SNV	1	1	T	1:1	T:1	0	11	0						1	1	1	1
rs9349320	H3096	1	HG02164:1	rs9349320	45269814	G	T	SNV	1	1	T	1:1	T:1	0	11	0						1	1	1	1
rs9349320	H3097	1	HG02184:2	rs9349320	45269814	G	T	SNV	1	1	T	1:1	T:1	0	11	0						1	1	1	1
rs9349320	H3098	1	NA18638:1	rs9349320	45269814	G	T	SNV	1	1	T	1:1	T:1	0	11	0						1	1	1	1
rs9349320	H3099	1	HG00533:2	rs9349320	45269814	G	T	SNV	1	1	T	1:1	T:1	0	11	0						1	1	1	1
rs9349320	H31	9	HG03009:2;HG03695:1;HG03824:1;HG03857:2;HG03926:1;HG03940:1;HG03960:1;HG04144:1;HG04222:1	rs9349320	45269814	G	T	SNV	9	1	T	1:9	T:9	0	11	0						1	1	1	1
rs9349320	H310	2	NA18603:1;NA18757:2	rs9349320	45269814	G	T	SNV	2	1	T	1:2	T:2	0	11	0						1	1	1	1
rs9349320	H3100	1	HG00599:1	rs9349320	45269814	G	T	SNV	1	1	T	1:1	T:1	0	11	0						1	1	1	1
rs9349320	H3101	1	HG00403:2	rs9349320	45269814	G	T	SNV	1	1	T	1:1	T:1	0	11	0						1	1	1	1
rs9349320	H3102	1	HG00620:1	rs9349320	45269814	G	T	SNV	1	1	T	1:1	T:1	0	11	0						1	1	1	1
rs9349320	H3103	1	HG00403:1	rs9349320	45269814	G	T	SNV	1	1	T	1:1	T:1	0	11	0						1	1	1	1
rs9349320	H3104	1	HG00689:1	rs9349320	45269814	G	T	SNV	1	1	T	1:1	T:1	0	11	0						1	1	1	1
rs9349320	H3105	1	NA18532:2	rs9349320	45269814	G	T	SNV	1	1	T	1:1	T:1	0	11	0						1	1	1	1
rs9349320	H3106	1	HG00595:2	rs9349320	45269814	G	T	SNV	1	1	T	1:1	T:1	0	11	0						1	1	1	1
rs9349320	H3107	1	HG02116:1	rs9349320	45269814	G	T	SNV	1	1	T	1:1	T:1	0	11	0						1	1	1	1
rs9349320	H3108	1	HG00623:1	rs9349320	45269814	G	T	SNV	1	1	T	1:1	T:1	0	11	0						1	1	1	1
rs9349320	H3109	1	HG00565:1	rs9349320	45269814	G	T	SNV	1	1	T	1:1	T:1	0	11	0						1	1	1	1
rs9349320	H311	2	HG00235:2;NA11994:2	rs9349320	45269814	G	T	SNV	2	1	T	1:2	T:2	0	11	0						1	1	1	1
rs9349320	H3110	1	HG00707:2	rs9349320	45269814	G	T	SNV	1	1	T	1:1	T:1	0	11	0						1	1	1	1
rs9349320	H3111	1	HG00464:1	rs9349320	45269814	G	T	SNV	1	1	T	1:1	T:1	0	11	0						1	1	1	1
rs9349320	H3112	1	NA18939:2	rs9349320	45269814	G	T	SNV	1	1	T	1:1	T:1	0	11	0						1	1	1	1
rs9349320	H3113	1	HG02885:2	rs9349320	45269814	G	T	SNV	1	1	T	1:1	T:1	0	11	0						1	1	1	1
rs9349320	H3114	1	HG02854:2	rs9349320	45269814	G	T	SNV	1	1	T	1:1	T:1	0	11	0						1	1	1	1
rs9349320	H3115	1	NA18868:1	rs9349320	45269814	G	T	SNV	1	1	T	1:1	T:1	0	11	0						1	1	1	1
rs9349320	H3116	1	NA19027:2	rs9349320	45269814	G	T	SNV	1	1	T	1:1	T:1	0	11	0						1	1	1	1
rs9349320	H3117	1	NA19017:1	rs9349320	45269814	G	T	SNV	1	1	T	1:1	T:1	0	11	0						1	1	1	1
rs9349320	H3118	1	HG02585:2	rs9349320	45269814	G	T	SNV	1	1	T	1:1	T:1	0	11	0						1	1	1	1
rs9349320	H3119	1	NA19141:2	rs9349320	45269814	G	T	SNV	1	1	T	1:1	T:1	0	11	0						1	1	1	1
rs9349320	H312	2	NA18612:1;NA19091:2	rs9349320	45269814	G	T	SNV	2	1	T	1:2	T:2	0	11	0						1	1	1	1
rs9349320	H3120	1	NA19376:1	rs9349320	45269814	G	T	SNV	1	1	T	1:1	T:1	0	11	0						1	1	1	1
rs9349320	H3121	1	NA19770:2	rs9349320	45269814	G	T	SNV	1	1	T	1:1	T:1	0	11	0						1	1	1	1
rs9349320	H3122	1	HG03559:1	rs9349320	45269814	G	T	SNV	1	1	T	1:1	T:1	0	11	0						1	1	1	1
rs9349320	H3123	1	HG02943:1	rs9349320	45269814	G	T	SNV	1	1	T	1:1	T:1	0	11	0						1	1	1	1
rs9349320	H3124	1	HG03224:2	rs9349320	45269814	G	T	SNV	1	1	T	1:1	T:1	0	11	0						1	1	1	1
rs9349320	H3125	1	HG01889:2	rs9349320	45269814	G	T	SNV	1	1	T	1:1	T:1	0	11	0						1	1	1	1
rs9349320	H3126	1	HG03240:1	rs9349320	45269814	G	T	SNV	1	1	T	1:1	T:1	0	11	0						1	1	1	1
rs9349320	H3127	1	HG02679:2	rs9349320	45269814	G	T	SNV	1	1	T	1:1	T:1	0	11	0						1	1	1	1
rs9349320	H3128	1	HG02621:2	rs9349320	45269814	G	T	SNV	1	1	T	1:1	T:1	0	11	0						1	1	1	1
rs9349320	H3129	1	HG02895:2	rs9349320	45269814	G	T	SNV	1	1	T	1:1	T:1	0	11	0						1	1	1	1
rs9349320	H313	2	HG01809:1;HG02386:1	rs9349320	45269814	G	T	SNV	2	1	T	1:2	T:2	0	11	0						1	1	1	1
rs9349320	H3130	1	HG03738:1	rs9349320	45269814	G	T	SNV	1	1	T	1:1	T:1	0	11	0						1	1	1	1
rs9349320	H3131	1	HG03162:2	rs9349320	45269814	G	T	SNV	1	1	T	1:1	T:1	0	11	0						1	1	1	1
rs9349320	H3132	1	HG02108:1	rs9349320	45269814	G	T	SNV	1	1	T	1:1	T:1	0	11	0						1	1	1	1
rs9349320	H3133	1	NA19909:2	rs9349320	45269814	G	T	SNV	1	1	T	1:1	T:1	0	11	0						1	1	1	1
rs9349320	H3134	1	HG03557:1	rs9349320	45269814	G	T	SNV	1	1	T	1:1	T:1	0	11	0						1	1	1	1
rs9349320	H3135	1	HG02128:1	rs9349320	45269814	G	T	SNV	1	1	T	1:1	T:1	0	11	0						1	1	1	1
rs9349320	H3136	1	HG03874:2	rs9349320	45269814	G	T	SNV	1	1	T	1:1	T:1	0	11	0						1	1	1	1
rs9349320	H3137	1	HG04061:1	rs9349320	45269814	G	T	SNV	1	1	T	1:1	T:1	0	11	0						1	1	1	1
rs9349320	H3138	1	HG03604:1	rs9349320	45269814	G	T	SNV	1	1	T	1:1	T:1	0	11	0						1	1	1	1
rs9349320	H3139	1	HG03796:2	rs9349320	45269814	G	T	SNV	1	1	T	1:1	T:1	0	11	0						1	1	1	1
rs9349320	H314	2	HG01816:1;HG02379:1	rs9349320	45269814	G	T	SNV	2	1	T	1:2	T:2	0	11	0						1	1	1	1
rs9349320	H3140	1	HG03976:2	rs9349320	45269814	G	T	SNV	1	1	T	1:1	T:1	0	11	0						1	1	1	1
rs9349320	H3141	1	HG02402:2	rs9349320	45269814	G	T	SNV	1	1	T	1:1	T:1	0	11	0						1	1	1	1
rs9349320	H3142	1	HG00672:1	rs9349320	45269814	G	T	SNV	1	1	T	1:1	T:1	0	11	0						1	1	1	1
rs9349320	H3143	1	NA18747:2	rs9349320	45269814	G	T	SNV	1	1	T	1:1	T:1	0	11	0						1	1	1	1
rs9349320	H3144	1	HG00525:1	rs9349320	45269814	G	T	SNV	1	1	T	1:1	T:1	0	11	0						1	1	1	1
rs9349320	H3145	1	NA18945:1	rs9349320	45269814	G	T	SNV	1	1	T	1:1	T:1	0	11	0						1	1	1	1
rs9349320	H3146	1	NA18552:2	rs9349320	45269814	G	T	SNV	1	1	T	1:1	T:1	0	11	0						1	1	1	1
rs9349320	H3147	1	HG02787:2	rs9349320	45269814	G	T	SNV	1	1	T	1:1	T:1	0	11	0						1	1	1	1
rs9349320	H3148	1	HG02399:2	rs9349320	45269814	G	T	SNV	1	1	T	1:1	T:1	0	11	0						1	1	1	1
rs9349320	H3149	1	HG01809:2	rs9349320	45269814	G	T	SNV	1	1	T	1:1	T:1	0	11	0						1	1	1	1
rs9349320	H315	2	HG00728:1;HG01800:2	rs9349320	45269814	G	T	SNV	2	1	T	1:2	T:2	0	11	0						1	1	1	1
rs9349320	H3150	1	HG04006:1	rs9349320	45269814	G	T	SNV	1	1	T	1:1	T:1	0	11	0						1	1	1	1
rs9349320	H3151	1	HG03742:2	rs9349320	45269814	G	T	SNV	1	1	T	1:1	T:1	0	11	0						1	1	1	1
rs9349320	H3152	1	HG03777:1	rs9349320	45269814	G	T	SNV	1	1	T	1:1	T:1	0	11	0						1	1	1	1
rs9349320	H3153	1	HG03974:1	rs9349320	45269814	G	T	SNV	1	1	T	1:1	T:1	0	11	0						1	1	1	1
rs9349320	H3154	1	HG02787:1	rs9349320	45269814	G	T	SNV	1	1	T	1:1	T:1	0	11	0						1	1	1	1
rs9349320	H3155	1	HG03986:1	rs9349320	45269814	G	T	SNV	1	1	T	1:1	T:1	0	11	0						1	1	1	1
rs9349320	H3156	1	NA20901:1	rs9349320	45269814	G	T	SNV	1	1	T	1:1	T:1	0	11	0						1	1	1	1
rs9349320	H3157	1	HG03703:1	rs9349320	45269814	G	T	SNV	1	1	T	1:1	T:1	0	11	0						1	1	1	1
rs9349320	H3158	1	HG03898:1	rs9349320	45269814	G	T	SNV	1	1	T	1:1	T:1	0	11	0						1	1	1	1
rs9349320	H3159	1	HG03673:2	rs9349320	45269814	G	T	SNV	1	1	T	1:1	T:1	0	11	0						1	1	1	1
rs9349320	H316	2	NA18965:2;NA18978:1	rs9349320	45269814	G	T	SNV	2	1	T	1:2	T:2	0	11	0						1	1	1	1
rs9349320	H3160	1	HG03913:1	rs9349320	45269814	G	T	SNV	1	1	T	1:1	T:1	0	11	0						1	1	1	1
rs9349320	H3161	1	NA18999:2	rs9349320	45269814	G	T	SNV	1	1	T	1:1	T:1	0	11	0						1	1	1	1
rs9349320	H3162	1	HG02255:2	rs9349320	45269814	G	T	SNV	1	1	T	1:1	T:1	0	11	0						1	1	1	1
rs9349320	H3163	1	HG01806:2	rs9349320	45269814	G	T	SNV	1	1	T	1:1	T:1	0	11	0						1	1	1	1
rs9349320	H3164	1	HG02187:2	rs9349320	45269814	G	T	SNV	1	1	T	1:1	T:1	0	11	0						1	1	1	1
rs9349320	H3165	1	HG03974:2	rs9349320	45269814	G	T	SNV	1	1	T	1:1	T:1	0	11	0						1	1	1	1
rs9349320	H3166	1	HG03694:2	rs9349320	45269814	G	T	SNV	1	1	T	1:1	T:1	0	11	0						1	1	1	1
rs9349320	H3167	1	HG03824:2	rs9349320	45269814	G	T	SNV	1	1	T	1:1	T:1	0	11	0						1	1	1	1
rs9349320	H3168	1	HG04019:2	rs9349320	45269814	G	T	SNV	1	1	T	1:1	T:1	0	11	0						1	1	1	1
rs9349320	H3169	1	HG03779:1	rs9349320	45269814	G	T	SNV	1	1	T	1:1	T:1	0	11	0						1	1	1	1
rs9349320	H317	2	HG00343:1;HG01617:1	rs9349320	45269814	G	T	SNV	2	1	T	1:2	T:2	0	11	0						1	1	1	1
rs9349320	H3170	1	HG03796:1	rs9349320	45269814	G	T	SNV	1	1	T	1:1	T:1	0	11	0						1	1	1	1
rs9349320	H3171	1	NA18638:2	rs9349320	45269814	G	T	SNV	1	1	T	1:1	T:1	0	11	0						1	1	1	1
rs9349320	H3172	1	NA20886:1	rs9349320	45269814	G	T	SNV	1	1	T	1:1	T:1	0	11	0						1	1	1	1
rs9349320	H3173	1	HG03772:2	rs9349320	45269814	G	T	SNV	1	1	T	1:1	T:1	0	11	0						1	1	1	1
rs9349320	H3174	1	HG03785:1	rs9349320	45269814	G	T	SNV	1	1	T	1:1	T:1	0	11	0						1	1	1	1
rs9349320	H3175	1	HG03785:2	rs9349320	45269814	G	T	SNV	1	1	T	1:1	T:1	0	11	0						1	1	1	1
rs9349320	H3176	1	HG04025:2	rs9349320	45269814	G	T	SNV	1	1	T	1:1	T:1	0	11	0						1	1	1	1
rs9349320	H3177	1	HG03646:1	rs9349320	45269814	G	T	SNV	1	1	T	1:1	T:1	0	11	0						1	1	1	1
rs9349320	H3178	1	HG03812:2	rs9349320	45269814	G	T	SNV	1	1	T	1:1	T:1	0	11	0						1	1	1	1
rs9349320	H3179	1	HG02142:1	rs9349320	45269814	G	T	SNV	1	1	T	1:1	T:1	0	11	0						1	1	1	1
rs9349320	H318	2	NA21093:1;NA21137:1	rs9349320	45269814	G	T	SNV	2	1	T	1:2	T:2	0	11	0						1	1	1	1
rs9349320	H3180	1	HG04210:2	rs9349320	45269814	G	T	SNV	1	1	T	1:1	T:1	0	11	0						1	1	1	1
rs9349320	H3181	1	HG03752:2	rs9349320	45269814	G	T	SNV	1	1	T	1:1	T:1	0	11	0						1	1	1	1
rs9349320	H3182	1	HG02449:2	rs9349320	45269814	G	T	SNV	1	1	T	1:1	T:1	0	11	0						1	1	1	1
rs9349320	H3183	1	HG04017:2	rs9349320	45269814	G	T	SNV	1	1	T	1:1	T:1	0	11	0						1	1	1	1
rs9349320	H3184	1	HG04056:2	rs9349320	45269814	G	T	SNV	1	1	T	1:1	T:1	0	11	0						1	1	1	1
rs9349320	H3185	1	HG04042:1	rs9349320	45269814	G	T	SNV	1	1	T	1:1	T:1	0	11	0						1	1	1	1
rs9349320	H3186	1	HG03652:2	rs9349320	45269814	G	T	SNV	1	1	T	1:1	T:1	0	11	0						1	1	1	1
rs9349320	H3187	1	NA19462:2	rs9349320	45269814	G	T	SNV	1	1	T	1:1	T:1	0	11	0						1	1	1	1
rs9349320	H3188	1	HG03786:2	rs9349320	45269814	G	T	SNV	1	1	T	1:1	T:1	0	11	0						1	1	1	1
rs9349320	H3189	1	HG03772:1	rs9349320	45269814	G	T	SNV	1	1	T	1:1	T:1	0	11	0						1	1	1	1
rs9349320	H319	2	NA12762:2;NA20534:1	rs9349320	45269814	G	T	SNV	2	1	T	1:2	T:2	0	11	0						1	1	1	1
rs9349320	H3190	1	NA19457:1	rs9349320	45269814	G	T	SNV	1	1	T	1:1	T:1	0	11	0						1	1	1	1
rs9349320	H3191	1	HG03298:1	rs9349320	45269814	G	T	SNV	1	1	T	1:1	T:1	0	11	0						1	1	1	1
rs9349320	H3192	1	NA19982:2	rs9349320	45269814	G	T	SNV	1	1	T	1:1	T:1	0	11	0						1	1	1	1
rs9349320	H3193	1	HG03298:2	rs9349320	45269814	G	T	SNV	1	1	T	1:1	T:1	0	11	0						1	1	1	1
rs9349320	H3194	1	HG03300:1	rs9349320	45269814	G	T	SNV	1	1	T	1:1	T:1	0	11	0						1	1	1	1
rs9349320	H3195	1	NA18570:1	rs9349320	45269814	G	T	SNV	1	1	T	1:1	T:1	0	11	0						1	1	1	1
rs9349320	H3196	1	HG02383:2	rs9349320	45269814	G	T	SNV	1	1	T	1:1	T:1	0	11	0						1	1	1	1
rs9349320	H3197	1	HG03985:1	rs9349320	45269814	G	T	SNV	1	1	T	1:1	T:1	0	11	0						1	1	1	1
rs9349320	H3198	1	HG03015:2	rs9349320	45269814	G	T	SNV	1	1	T	1:1	T:1	0	11	0						1	1	1	1
rs9349320	H3199	1	HG01816:2	rs9349320	45269814	G	T	SNV	1	1	T	1:1	T:1	0	11	0						1	1	1	1
rs9349320	H32	9	HG00099:2;HG00136:1;HG00285:2;HG01122:2;HG01363:1;HG01479:1;HG03897:1;NA12046:1;NA21108:1	rs9349320	45269814	G	T	SNV	9	1	T	1:9	T:9	0	11	0						1	1	1	1
rs9349320	H320	2	HG00189:2;NA20763:1	rs9349320	45269814	G	T	SNV	2	1	T	1:2	T:2	0	11	0						1	1	1	1
rs9349320	H3200	1	HG02155:2	rs9349320	45269814	G	T	SNV	1	1	T	1:1	T:1	0	11	0						1	1	1	1
rs9349320	H3201	1	HG01874:2	rs9349320	45269814	G	T	SNV	1	1	T	1:1	T:1	0	11	0						1	1	1	1
rs9349320	H3202	1	HG02164:2	rs9349320	45269814	G	T	SNV	1	1	T	1:1	T:1	0	11	0						1	1	1	1
rs9349320	H3203	1	HG01842:1	rs9349320	45269814	G	T	SNV	1	1	T	1:1	T:1	0	11	0						1	1	1	1
rs9349320	H3204	1	HG02181:1	rs9349320	45269814	G	T	SNV	1	1	T	1:1	T:1	0	11	0						1	1	1	1
rs9349320	H3205	1	HG02029:2	rs9349320	45269814	G	T	SNV	1	1	T	1:1	T:1	0	11	0						1	1	1	1
rs9349320	H3206	1	NA18571:1	rs9349320	45269814	G	T	SNV	1	1	T	1:1	T:1	0	11	0						1	1	1	1
rs9349320	H3207	1	NA19070:2	rs9349320	45269814	G	T	SNV	1	1	T	1:1	T:1	0	11	0						1	1	1	1
rs9349320	H3208	1	HG00457:2	rs9349320	45269814	G	T	SNV	1	1	T	1:1	T:1	0	11	0						1	1	1	1
rs9349320	H3209	1	HG01865:1	rs9349320	45269814	G	T	SNV	1	1	T	1:1	T:1	0	11	0						1	1	1	1
rs9349320	H321	2	HG03743:2;HG04020:1	rs9349320	45269814	G	T	SNV	2	1	T	1:2	T:2	0	11	0						1	1	1	1
rs9349320	H3210	1	HG02064:1	rs9349320	45269814	G	T	SNV	1	1	T	1:1	T:1	0	11	0						1	1	1	1
rs9349320	H3211	1	NA18986:1	rs9349320	45269814	G	T	SNV	1	1	T	1:1	T:1	0	11	0						1	1	1	1
rs9349320	H3212	1	HG02084:1	rs9349320	45269814	G	T	SNV	1	1	T	1:1	T:1	0	11	0						1	1	1	1
rs9349320	H3213	1	HG02521:1	rs9349320	45269814	G	T	SNV	1	1	T	1:1	T:1	0	11	0						1	1	1	1
rs9349320	H3214	1	HG02082:1	rs9349320	45269814	G	T	SNV	1	1	T	1:1	T:1	0	11	0						1	1	1	1
rs9349320	H3215	1	HG02395:2	rs9349320	45269814	G	T	SNV	1	1	T	1:1	T:1	0	11	0						1	1	1	1
rs9349320	H3216	1	HG00608:2	rs9349320	45269814	G	T	SNV	1	1	T	1:1	T:1	0	11	0						1	1	1	1
rs9349320	H3217	1	HG02512:2	rs9349320	45269814	G	T	SNV	1	1	T	1:1	T:1	0	11	0						1	1	1	1
rs9349320	H3218	1	HG01498:2	rs9349320	45269814	G	T	SNV	1	1	T	1:1	T:1	0	11	0						1	1	1	1
rs9349320	H3219	1	NA19664:2	rs9349320	45269814	G	T	SNV	1	1	T	1:1	T:1	0	11	0						1	1	1	1
rs9349320	H322	2	HG00637:2;HG01414:2	rs9349320	45269814	G	T	SNV	2	1	T	1:2	T:2	0	11	0						1	1	1	1
rs9349320	H3220	1	NA18952:1	rs9349320	45269814	G	T	SNV	1	1	T	1:1	T:1	0	11	0						1	1	1	1
rs9349320	H3221	1	NA19729:1	rs9349320	45269814	G	T	SNV	1	1	T	1:1	T:1	0	11	0						1	1	1	1
rs9349320	H3222	1	NA19079:1	rs9349320	45269814	G	T	SNV	1	1	T	1:1	T:1	0	11	0						1	1	1	1
rs9349320	H3223	1	NA19758:1	rs9349320	45269814	G	T	SNV	1	1	T	1:1	T:1	0	11	0						1	1	1	1
rs9349320	H3224	1	HG01948:2	rs9349320	45269814	G	T	SNV	1	1	T	1:1	T:1	0	11	0						1	1	1	1
rs9349320	H3225	1	NA19792:2	rs9349320	45269814	G	T	SNV	1	1	T	1:1	T:1	0	11	0						1	1	1	1
rs9349320	H3226	1	HG00672:2	rs9349320	45269814	G	T	SNV	1	1	T	1:1	T:1	0	11	0						1	1	1	1
rs9349320	H3227	1	HG01124:2	rs9349320	45269814	G	T	SNV	1	1	T	1:1	T:1	0	11	0						1	1	1	1
rs9349320	H3228	1	HG01272:1	rs9349320	45269814	G	T	SNV	1	1	T	1:1	T:1	0	11	0						1	1	1	1
rs9349320	H3229	1	HG02147:2	rs9349320	45269814	G	T	SNV	1	1	T	1:1	T:1	0	11	0						1	1	1	1
rs9349320	H323	2	HG01170:2;NA12717:1	rs9349320	45269814	G	T	SNV	2	1	T	1:2	T:2	0	11	0						1	1	1	1
rs9349320	H3230	1	HG01953:2	rs9349320	45269814	G	T	SNV	1	1	T	1:1	T:1	0	11	0						1	1	1	1
rs9349320	H3231	1	HG02147:1	rs9349320	45269814	G	T	SNV	1	1	T	1:1	T:1	0	11	0						1	1	1	1
rs9349320	H3232	1	NA19720:1	rs9349320	45269814	G	T	SNV	1	1	T	1:1	T:1	0	11	0						1	1	1	1
rs9349320	H3233	1	HG01944:1	rs9349320	45269814	G	T	SNV	1	1	T	1:1	T:1	0	11	0						1	1	1	1
rs9349320	H3234	1	HG01921:2	rs9349320	45269814	G	T	SNV	1	1	T	1:1	T:1	0	11	0						1	1	1	1
rs9349320	H3235	1	HG01566:2	rs9349320	45269814	G	T	SNV	1	1	T	1:1	T:1	0	11	0						1	1	1	1
rs9349320	H3236	1	NA18637:1	rs9349320	45269814	G	T	SNV	1	1	T	1:1	T:1	0	11	0						1	1	1	1
rs9349320	H3237	1	NA18630:1	rs9349320	45269814	G	T	SNV	1	1	T	1:1	T:1	0	11	0						1	1	1	1
rs9349320	H3238	1	HG02067:2	rs9349320	45269814	G	T	SNV	1	1	T	1:1	T:1	0	11	0						1	1	1	1
rs9349320	H3239	1	NA18615:1	rs9349320	45269814	G	T	SNV	1	1	T	1:1	T:1	0	11	0						1	1	1	1
rs9349320	H324	2	HG03488:2;HG03788:1	rs9349320	45269814	G	T	SNV	2	1	T	1:2	T:2	0	11	0						1	1	1	1
rs9349320	H3240	1	HG01697:1	rs9349320	45269814	G	T	SNV	1	1	T	1:1	T:1	0	11	0						1	1	1	1
rs9349320	H3241	1	HG02852:2	rs9349320	45269814	G	T	SNV	1	1	T	1:1	T:1	0	11	0						1	1	1	1
rs9349320	H3242	1	NA19443:1	rs9349320	45269814	G	T	SNV	1	1	T	1:1	T:1	0	11	0						1	1	1	1
rs9349320	H3243	1	NA20127:2	rs9349320	45269814	G	T	SNV	1	1	T	1:1	T:1	0	11	0						1	1	1	1
rs9349320	H3244	1	HG03313:1	rs9349320	45269814	G	T	SNV	1	1	T	1:1	T:1	0	11	0						1	1	1	1
rs9349320	H3245	1	HG03202:2	rs9349320	45269814	G	T	SNV	1	1	T	1:1	T:1	0	11	0						1	1	1	1
rs9349320	H3246	1	HG02780:2	rs9349320	45269814	G	T	SNV	1	1	T	1:1	T:1	0	11	0						1	1	1	1
rs9349320	H3247	1	HG02778:2	rs9349320	45269814	G	T	SNV	1	1	T	1:1	T:1	0	11	0						1	1	1	1
rs9349320	H3248	1	HG00318:1	rs9349320	45269814	G	T	SNV	1	1	T	1:1	T:1	0	11	0						1	1	1	1
rs9349320	H3249	1	HG03741:2	rs9349320	45269814	G	T	SNV	1	1	T	1:1	T:1	0	11	0						1	1	1	1
rs9349320	H325	2	HG00475:2;HG02399:1	rs9349320	45269814	G	T	SNV	2	1	T	1:2	T:2	0	11	0						1	1	1	1
rs9349320	H3250	1	HG03740:2	rs9349320	45269814	G	T	SNV	1	1	T	1:1	T:1	0	11	0						1	1	1	1
rs9349320	H3251	1	HG03615:2	rs9349320	45269814	G	T	SNV	1	1	T	1:1	T:1	0	11	0						1	1	1	1
rs9349320	H3252	1	HG03121:1	rs9349320	45269814	G	T	SNV	1	1	T	1:1	T:1	0	11	0						1	1	1	1
rs9349320	H3253	1	HG02445:1	rs9349320	45269814	G	T	SNV	1	1	T	1:1	T:1	0	11	0						1	1	1	1
rs9349320	H3254	1	NA19114:2	rs9349320	45269814	G	T	SNV	1	1	T	1:1	T:1	0	11	0						1	1	1	1
rs9349320	H3255	1	HG02555:2	rs9349320	45269814	G	T	SNV	1	1	T	1:1	T:1	0	11	0						1	1	1	1
rs9349320	H3256	1	NA18511:1	rs9349320	45269814	G	T	SNV	1	1	T	1:1	T:1	0	11	0						1	1	1	1
rs9349320	H3257	1	HG02090:2	rs9349320	45269814	G	T	SNV	1	1	T	1:1	T:1	0	11	0						1	1	1	1
rs9349320	H3258	1	HG03643:2	rs9349320	45269814	G	T	SNV	1	1	T	1:1	T:1	0	11	0						1	1	1	1
rs9349320	H3259	1	NA21098:1	rs9349320	45269814	G	T	SNV	1	1	T	1:1	T:1	0	11	0						1	1	1	1
rs9349320	H326	2	NA18614:1;NA19090:1	rs9349320	45269814	G	T	SNV	2	1	T	1:2	T:2	0	11	0						1	1	1	1
rs9349320	H3260	1	HG02603:2	rs9349320	45269814	G	T	SNV	1	1	T	1:1	T:1	0	11	0						1	1	1	1
rs9349320	H3261	1	NA21124:2	rs9349320	45269814	G	T	SNV	1	1	T	1:1	T:1	0	11	0						1	1	1	1
rs9349320	H3262	1	HG03733:1	rs9349320	45269814	G	T	SNV	1	1	T	1:1	T:1	0	11	0						1	1	1	1
rs9349320	H3263	1	HG03899:2	rs9349320	45269814	G	T	SNV	1	1	T	1:1	T:1	0	11	0						1	1	1	1
rs9349320	H3264	1	HG03894:2	rs9349320	45269814	G	T	SNV	1	1	T	1:1	T:1	0	11	0						1	1	1	1
rs9349320	H3265	1	HG03922:2	rs9349320	45269814	G	T	SNV	1	1	T	1:1	T:1	0	11	0						1	1	1	1
rs9349320	H3266	1	HG01256:2	rs9349320	45269814	G	T	SNV	1	1	T	1:1	T:1	0	11	0						1	1	1	1
rs9349320	H3267	1	HG02425:1	rs9349320	45269814	G	T	SNV	1	1	T	1:1	T:1	0	11	0						1	1	1	1
rs9349320	H3268	1	NA12890:2	rs9349320	45269814	G	T	SNV	1	1	T	1:1	T:1	0	11	0						1	1	1	1
rs9349320	H3269	1	NA11995:1	rs9349320	45269814	G	T	SNV	1	1	T	1:1	T:1	0	11	0						1	1	1	1
rs9349320	H327	2	HG01067:1;HG02008:1	rs9349320	45269814	G	T	SNV	2	1	T	1:2	T:2	0	11	0						1	1	1	1
rs9349320	H3270	1	HG01048:2	rs9349320	45269814	G	T	SNV	1	1	T	1:1	T:1	0	11	0						1	1	1	1
rs9349320	H3271	1	HG02219:2	rs9349320	45269814	G	T	SNV	1	1	T	1:1	T:1	0	11	0						1	1	1	1
rs9349320	H3272	1	NA19213:2	rs9349320	45269814	G	T	SNV	1	1	T	1:1	T:1	0	11	0						1	1	1	1
rs9349320	H3273	1	HG03342:2	rs9349320	45269814	G	T	SNV	1	1	T	1:1	T:1	0	11	0						1	1	1	1
rs9349320	H3274	1	HG03085:2	rs9349320	45269814	G	T	SNV	1	1	T	1:1	T:1	0	11	0						1	1	1	1
rs9349320	H3275	1	NA19350:1	rs9349320	45269814	G	T	SNV	1	1	T	1:1	T:1	0	11	0						1	1	1	1
rs9349320	H3276	1	HG02307:2	rs9349320	45269814	G	T	SNV	1	1	T	1:1	T:1	0	11	0						1	1	1	1
rs9349320	H3277	1	HG03097:1	rs9349320	45269814	G	T	SNV	1	1	T	1:1	T:1	0	11	0						1	1	1	1
rs9349320	H3278	1	NA20299:2	rs9349320	45269814	G	T	SNV	1	1	T	1:1	T:1	0	11	0						1	1	1	1
rs9349320	H3279	1	NA19385:2	rs9349320	45269814	G	T	SNV	1	1	T	1:1	T:1	0	11	0						1	1	1	1
rs9349320	H328	2	HG03846:2;NA19007:2	rs9349320	45269814	G	T	SNV	2	1	T	1:2	T:2	0	11	0						1	1	1	1
rs9349320	H3280	1	NA18916:1	rs9349320	45269814	G	T	SNV	1	1	T	1:1	T:1	0	11	0						1	1	1	1
rs9349320	H3281	1	HG03452:2	rs9349320	45269814	G	T	SNV	1	1	T	1:1	T:1	0	11	0						1	1	1	1
rs9349320	H3282	1	NA19152:1	rs9349320	45269814	G	T	SNV	1	1	T	1:1	T:1	0	11	0						1	1	1	1
rs9349320	H3283	1	HG03401:2	rs9349320	45269814	G	T	SNV	1	1	T	1:1	T:1	0	11	0						1	1	1	1
rs9349320	H3284	1	HG03451:2	rs9349320	45269814	G	T	SNV	1	1	T	1:1	T:1	0	11	0						1	1	1	1
rs9349320	H3285	1	HG03058:1	rs9349320	45269814	G	T	SNV	1	1	T	1:1	T:1	0	11	0						1	1	1	1
rs9349320	H3286	1	NA20321:1	rs9349320	45269814	G	T	SNV	1	1	T	1:1	T:1	0	11	0						1	1	1	1
rs9349320	H3287	1	HG02620:1	rs9349320	45269814	G	T	SNV	1	1	T	1:1	T:1	0	11	0						1	1	1	1
rs9349320	H3288	1	HG02589:2	rs9349320	45269814	G	T	SNV	1	1	T	1:1	T:1	0	11	0						1	1	1	1
rs9349320	H3289	1	NA20334:1	rs9349320	45269814	G	T	SNV	1	1	T	1:1	T:1	0	11	0						1	1	1	1
rs9349320	H329	2	HG00536:1;NA19012:1	rs9349320	45269814	G	T	SNV	2	1	T	1:2	T:2	0	11	0						1	1	1	1
rs9349320	H3290	1	NA20412:2	rs9349320	45269814	G	T	SNV	1	1	T	1:1	T:1	0	11	0						1	1	1	1
rs9349320	H3291	1	HG02817:1	rs9349320	45269814	G	T	SNV	1	1	T	1:1	T:1	0	11	0						1	1	1	1
rs9349320	H3292	1	HG03198:2	rs9349320	45269814	G	T	SNV	1	1	T	1:1	T:1	0	11	0						1	1	1	1
rs9349320	H3293	1	HG02882:1	rs9349320	45269814	G	T	SNV	1	1	T	1:1	T:1	0	11	0						1	1	1	1
rs9349320	H3294	1	HG03240:2	rs9349320	45269814	G	T	SNV	1	1	T	1:1	T:1	0	11	0						1	1	1	1
rs9349320	H3295	1	HG03401:1	rs9349320	45269814	G	T	SNV	1	1	T	1:1	T:1	0	11	0						1	1	1	1
rs9349320	H3296	1	HG02896:1	rs9349320	45269814	G	T	SNV	1	1	T	1:1	T:1	0	11	0						1	1	1	1
rs9349320	H3297	1	NA20355:2	rs9349320	45269814	G	T	SNV	1	1	T	1:1	T:1	0	11	0						1	1	1	1
rs9349320	H3298	1	HG02317:1	rs9349320	45269814	G	T	SNV	1	1	T	1:1	T:1	0	11	0						1	1	1	1
rs9349320	H3299	1	HG02595:2	rs9349320	45269814	G	T	SNV	1	1	T	1:1	T:1	0	11	0						1	1	1	1
rs9349320	H33	9	HG00185:2;HG01345:2;HG01501:1;HG01521:2;HG01613:2;HG01705:1;HG01789:2;HG02493:1;NA20517:2	rs9349320	45269814	G	T	SNV	9	1	T	1:9	T:9	0	11	0						1	1	1	1
rs9349320	H330	2	NA20804:1;NA20910:1	rs9349320	45269814	G	T	SNV	2	1	T	1:2	T:2	0	11	0						1	1	1	1
rs9349320	H3300	1	HG03045:1	rs9349320	45269814	G	T	SNV	1	1	T	1:1	T:1	0	11	0						1	1	1	1
rs9349320	H3301	1	HG03559:2	rs9349320	45269814	G	T	SNV	1	1	T	1:1	T:1	0	11	0						1	1	1	1
rs9349320	H3302	1	HG03410:2	rs9349320	45269814	G	T	SNV	1	1	T	1:1	T:1	0	11	0						1	1	1	1
rs9349320	H3303	1	HG03120:2	rs9349320	45269814	G	T	SNV	1	1	T	1:1	T:1	0	11	0						1	1	1	1
rs9349320	H3304	1	HG03066:1	rs9349320	45269814	G	T	SNV	1	1	T	1:1	T:1	0	11	0						1	1	1	1
rs9349320	H3305	1	HG03514:2	rs9349320	45269814	G	T	SNV	1	1	T	1:1	T:1	0	11	0						1	1	1	1
rs9349320	H3306	1	NA19901:2	rs9349320	45269814	G	T	SNV	1	1	T	1:1	T:1	0	11	0						1	1	1	1
rs9349320	H3307	1	NA19711:1	rs9349320	45269814	G	T	SNV	1	1	T	1:1	T:1	0	11	0						1	1	1	1
rs9349320	H3308	1	HG03313:2	rs9349320	45269814	G	T	SNV	1	1	T	1:1	T:1	0	11	0						1	1	1	1
rs9349320	H3309	1	HG03478:2	rs9349320	45269814	G	T	SNV	1	1	T	1:1	T:1	0	11	0						1	1	1	1
rs9349320	H331	2	HG03968:2;HG04022:2	rs9349320	45269814	G	T	SNV	2	1	T	1:2	T:2	0	11	0						1	1	1	1
rs9349320	H3310	1	HG02855:1	rs9349320	45269814	G	T	SNV	1	1	T	1:1	T:1	0	11	0						1	1	1	1
rs9349320	H3311	1	NA19346:1	rs9349320	45269814	G	T	SNV	1	1	T	1:1	T:1	0	11	0						1	1	1	1
rs9349320	H3312	1	NA18507:2	rs9349320	45269814	G	T	SNV	1	1	T	1:1	T:1	0	11	0						1	1	1	1
rs9349320	H3313	1	NA19328:1	rs9349320	45269814	G	T	SNV	1	1	T	1:1	T:1	0	11	0						1	1	1	1
rs9349320	H3314	1	NA18489:2	rs9349320	45269814	G	T	SNV	1	1	T	1:1	T:1	0	11	0						1	1	1	1
rs9349320	H3315	1	HG02840:2	rs9349320	45269814	G	T	SNV	1	1	T	1:1	T:1	0	11	0						1	1	1	1
rs9349320	H3316	1	HG02317:2	rs9349320	45269814	G	T	SNV	1	1	T	1:1	T:1	0	11	0						1	1	1	1
rs9349320	H3317	1	NA20355:1	rs9349320	45269814	G	T	SNV	1	1	T	1:1	T:1	0	11	0						1	1	1	1
rs9349320	H3318	1	NA18522:2	rs9349320	45269814	G	T	SNV	1	1	T	1:1	T:1	0	11	0						1	1	1	1
rs9349320	H3319	1	HG02878:2	rs9349320	45269814	G	T	SNV	1	1	T	1:1	T:1	0	11	0						1	1	1	1
rs9349320	H332	2	HG01583:1;HG02734:2	rs9349320	45269814	G	T	SNV	2	1	T	1:2	T:2	0	11	0						1	1	1	1
rs9349320	H3320	1	HG02667:1	rs9349320	45269814	G	T	SNV	1	1	T	1:1	T:1	0	11	0						1	1	1	1
rs9349320	H3321	1	HG03451:1	rs9349320	45269814	G	T	SNV	1	1	T	1:1	T:1	0	11	0						1	1	1	1
rs9349320	H3322	1	HG02837:1	rs9349320	45269814	G	T	SNV	1	1	T	1:1	T:1	0	11	0						1	1	1	1
rs9349320	H3323	1	HG02888:2	rs9349320	45269814	G	T	SNV	1	1	T	1:1	T:1	0	11	0						1	1	1	1
rs9349320	H3324	1	HG02332:2	rs9349320	45269814	G	T	SNV	1	1	T	1:1	T:1	0	11	0						1	1	1	1
rs9349320	H3325	1	HG01402:2	rs9349320	45269814	G	T	SNV	1	1	T	1:1	T:1	0	11	0						1	1	1	1
rs9349320	H3326	1	HG01886:2	rs9349320	45269814	G	T	SNV	1	1	T	1:1	T:1	0	11	0						1	1	1	1
rs9349320	H3327	1	NA20291:1	rs9349320	45269814	G	T	SNV	1	1	T	1:1	T:1	0	11	0						1	1	1	1
rs9349320	H3328	1	HG02778:1	rs9349320	45269814	G	T	SNV	1	1	T	1:1	T:1	0	11	0						1	1	1	1
rs9349320	H3329	1	HG02737:2	rs9349320	45269814	G	T	SNV	1	1	T	1:1	T:1	0	11	0						1	1	1	1
rs9349320	H333	2	HG00759:2;NA18636:2	rs9349320	45269814	G	T	SNV	2	1	T	1:2	T:2	0	11	0						1	1	1	1
rs9349320	H3330	1	HG03642:1	rs9349320	45269814	G	T	SNV	1	1	T	1:1	T:1	0	11	0						1	1	1	1
rs9349320	H3331	1	HG04152:1	rs9349320	45269814	G	T	SNV	1	1	T	1:1	T:1	0	11	0						1	1	1	1
rs9349320	H3332	1	HG02793:1	rs9349320	45269814	G	T	SNV	1	1	T	1:1	T:1	0	11	0						1	1	1	1
rs9349320	H3333	1	HG03645:2	rs9349320	45269814	G	T	SNV	1	1	T	1:1	T:1	0	11	0						1	1	1	1
rs9349320	H3334	1	HG01597:2	rs9349320	45269814	G	T	SNV	1	1	T	1:1	T:1	0	11	0						1	1	1	1
rs9349320	H3335	1	HG02508:1	rs9349320	45269814	G	T	SNV	1	1	T	1:1	T:1	0	11	0						1	1	1	1
rs9349320	H3336	1	HG00304:1	rs9349320	45269814	G	T	SNV	1	1	T	1:1	T:1	0	11	0						1	1	1	1
rs9349320	H3337	1	HG00182:1	rs9349320	45269814	G	T	SNV	1	1	T	1:1	T:1	0	11	0						1	1	1	1
rs9349320	H3338	1	HG02186:1	rs9349320	45269814	G	T	SNV	1	1	T	1:1	T:1	0	11	0						1	1	1	1
rs9349320	H3339	1	HG03048:1	rs9349320	45269814	G	T	SNV	1	1	T	1:1	T:1	0	11	0						1	1	1	1
rs9349320	H334	2	HG00246:1;NA12776:1	rs9349320	45269814	G	T	SNV	2	1	T	1:2	T:2	0	11	0						1	1	1	1
rs9349320	H3340	1	HG03055:2	rs9349320	45269814	G	T	SNV	1	1	T	1:1	T:1	0	11	0						1	1	1	1
rs9349320	H3341	1	HG03484:1	rs9349320	45269814	G	T	SNV	1	1	T	1:1	T:1	0	11	0						1	1	1	1
rs9349320	H3342	1	NA18486:1	rs9349320	45269814	G	T	SNV	1	1	T	1:1	T:1	0	11	0						1	1	1	1
rs9349320	H3343	1	NA19153:1	rs9349320	45269814	G	T	SNV	1	1	T	1:1	T:1	0	11	0						1	1	1	1
rs9349320	H3344	1	HG02545:2	rs9349320	45269814	G	T	SNV	1	1	T	1:1	T:1	0	11	0						1	1	1	1
rs9349320	H3345	1	NA19037:2	rs9349320	45269814	G	T	SNV	1	1	T	1:1	T:1	0	11	0						1	1	1	1
rs9349320	H3346	1	NA19025:1	rs9349320	45269814	G	T	SNV	1	1	T	1:1	T:1	0	11	0						1	1	1	1
rs9349320	H3347	1	HG02283:2	rs9349320	45269814	G	T	SNV	1	1	T	1:1	T:1	0	11	0						1	1	1	1
rs9349320	H3348	1	NA19430:2	rs9349320	45269814	G	T	SNV	1	1	T	1:1	T:1	0	11	0						1	1	1	1
rs9349320	H3349	1	NA20769:2	rs9349320	45269814	G	T	SNV	1	1	T	1:1	T:1	0	11	0						1	1	1	1
rs9349320	H335	2	NA12413:2;NA19835:1	rs9349320	45269814	G	T	SNV	2	1	T	1:2	T:2	0	11	0						1	1	1	1
rs9349320	H3350	1	NA19393:1	rs9349320	45269814	G	T	SNV	1	1	T	1:1	T:1	0	11	0						1	1	1	1
rs9349320	H3351	1	HG03066:2	rs9349320	45269814	G	T	SNV	1	1	T	1:1	T:1	0	11	0						1	1	1	1
rs9349320	H3352	1	HG02798:1	rs9349320	45269814	G	T	SNV	1	1	T	1:1	T:1	0	11	0						1	1	1	1
rs9349320	H3353	1	NA19720:2	rs9349320	45269814	G	T	SNV	1	1	T	1:1	T:1	0	11	0						1	1	1	1
rs9349320	H3354	1	HG02757:2	rs9349320	45269814	G	T	SNV	1	1	T	1:1	T:1	0	11	0						1	1	1	1
rs9349320	H3355	1	HG03372:1	rs9349320	45269814	G	T	SNV	1	1	T	1:1	T:1	0	11	0						1	1	1	1
rs9349320	H3356	1	HG03159:1	rs9349320	45269814	G	T	SNV	1	1	T	1:1	T:1	0	11	0						1	1	1	1
rs9349320	H3357	1	NA18508:1	rs9349320	45269814	G	T	SNV	1	1	T	1:1	T:1	0	11	0						1	1	1	1
rs9349320	H3358	1	HG01474:2	rs9349320	45269814	G	T	SNV	1	1	T	1:1	T:1	0	11	0						1	1	1	1
rs9349320	H3359	1	HG02325:2	rs9349320	45269814	G	T	SNV	1	1	T	1:1	T:1	0	11	0						1	1	1	1
rs9349320	H336	2	HG00105:2;NA19756:1	rs9349320	45269814	G	T	SNV	2	1	T	1:2	T:2	0	11	0						1	1	1	1
rs9349320	H3360	1	HG03478:1	rs9349320	45269814	G	T	SNV	1	1	T	1:1	T:1	0	11	0						1	1	1	1
rs9349320	H3361	1	HG03484:2	rs9349320	45269814	G	T	SNV	1	1	T	1:1	T:1	0	11	0						1	1	1	1
rs9349320	H3362	1	HG00598:1	rs9349320	45269814	G	T	SNV	1	1	T	1:1	T:1	0	11	0						1	1	1	1
rs9349320	H3363	1	HG02133:1	rs9349320	45269814	G	T	SNV	1	1	T	1:1	T:1	0	11	0						1	1	1	1
rs9349320	H3364	1	NA18630:2	rs9349320	45269814	G	T	SNV	1	1	T	1:1	T:1	0	11	0						1	1	1	1
rs9349320	H3365	1	HG02808:2	rs9349320	45269814	G	T	SNV	1	1	T	1:1	T:1	0	11	0						1	1	1	1
rs9349320	H3366	1	HG03558:2	rs9349320	45269814	G	T	SNV	1	1	T	1:1	T:1	0	11	0						1	1	1	1
rs9349320	H3367	1	HG02402:1	rs9349320	45269814	G	T	SNV	1	1	T	1:1	T:1	0	11	0						1	1	1	1
rs9349320	H3368	1	HG02070:2	rs9349320	45269814	G	T	SNV	1	1	T	1:1	T:1	0	11	0						1	1	1	1
rs9349320	H3369	1	HG02121:1	rs9349320	45269814	G	T	SNV	1	1	T	1:1	T:1	0	11	0						1	1	1	1
rs9349320	H337	2	HG01762:1;HG01783:2	rs9349320	45269814	G	T	SNV	2	1	T	1:2	T:2	0	11	0						1	1	1	1
rs9349320	H3370	1	HG02401:2	rs9349320	45269814	G	T	SNV	1	1	T	1:1	T:1	0	11	0						1	1	1	1
rs9349320	H3371	1	HG02407:2	rs9349320	45269814	G	T	SNV	1	1	T	1:1	T:1	0	11	0						1	1	1	1
rs9349320	H3372	1	HG01308:2	rs9349320	45269814	G	T	SNV	1	1	T	1:1	T:1	0	11	0						1	1	1	1
rs9349320	H3373	1	HG01305:2	rs9349320	45269814	G	T	SNV	1	1	T	1:1	T:1	0	11	0						1	1	1	1
rs9349320	H3374	1	HG03209:2	rs9349320	45269814	G	T	SNV	1	1	T	1:1	T:1	0	11	0						1	1	1	1
rs9349320	H3375	1	NA19318:2	rs9349320	45269814	G	T	SNV	1	1	T	1:1	T:1	0	11	0						1	1	1	1
rs9349320	H3376	1	NA19403:1	rs9349320	45269814	G	T	SNV	1	1	T	1:1	T:1	0	11	0						1	1	1	1
rs9349320	H3377	1	HG03078:1	rs9349320	45269814	G	T	SNV	1	1	T	1:1	T:1	0	11	0						1	1	1	1
rs9349320	H3378	1	HG03112:2	rs9349320	45269814	G	T	SNV	1	1	T	1:1	T:1	0	11	0						1	1	1	1
rs9349320	H3379	1	HG03464:2	rs9349320	45269814	G	T	SNV	1	1	T	1:1	T:1	0	11	0						1	1	1	1
rs9349320	H338	2	NA19725:2;NA19762:1	rs9349320	45269814	G	T	SNV	2	1	T	1:2	T:2	0	11	0						1	1	1	1
rs9349320	H3380	1	NA19471:1	rs9349320	45269814	G	T	SNV	1	1	T	1:1	T:1	0	11	0						1	1	1	1
rs9349320	H3381	1	HG01440:1	rs9349320	45269814	G	T	SNV	1	1	T	1:1	T:1	0	11	0						1	1	1	1
rs9349320	H3382	1	NA20127:1	rs9349320	45269814	G	T	SNV	1	1	T	1:1	T:1	0	11	0						1	1	1	1
rs9349320	H3383	1	NA19452:1	rs9349320	45269814	G	T	SNV	1	1	T	1:1	T:1	0	11	0						1	1	1	1
rs9349320	H3384	1	HG03472:2	rs9349320	45269814	G	T	SNV	1	1	T	1:1	T:1	0	11	0						1	1	1	1
rs9349320	H3385	1	HG02982:1	rs9349320	45269814	G	T	SNV	1	1	T	1:1	T:1	0	11	0						1	1	1	1
rs9349320	H3386	1	NA19467:1	rs9349320	45269814	G	T	SNV	1	1	T	1:1	T:1	0	11	0						1	1	1	1
rs9349320	H3387	1	HG02610:1	rs9349320	45269814	G	T	SNV	1	1	T	1:1	T:1	0	11	0						1	1	1	1
rs9349320	H3388	1	HG03558:1	rs9349320	45269814	G	T	SNV	1	1	T	1:1	T:1	0	11	0						1	1	1	1
rs9349320	H3389	1	NA19116:2	rs9349320	45269814	G	T	SNV	1	1	T	1:1	T:1	0	11	0						1	1	1	1
rs9349320	H339	2	HG01565:2;HG02150:1	rs9349320	45269814	G	T	SNV	2	1	T	1:2	T:2	0	11	0						1	1	1	1
rs9349320	H34	9	HG00530:2;HG00613:1;HG00626:2;HG00683:1;HG00693:1;HG02512:1;NA18541:2;NA18572:2;NA18980:2	rs9349320	45269814	G	T	SNV	9	1	T	1:9	T:9	0	11	0						1	1	1	1
rs9349320	H340	2	HG03744:1;NA20899:2	rs9349320	45269814	G	T	SNV	2	1	T	1:2	T:2	0	11	0						1	1	1	1
rs9349320	H341	2	NA21122:1;NA21122:2	rs9349320	45269814	G	T	SNV	2	1	T	1:2	T:2	0	11	0						1	1	1	1
rs9349320	H342	2	HG00324:2;HG00344:1	rs9349320	45269814	G	T	SNV	2	1	T	1:2	T:2	0	11	0						1	1	1	1
rs9349320	H343	2	HG04216:1;NA20538:1	rs9349320	45269814	G	T	SNV	2	1	T	1:2	T:2	0	11	0						1	1	1	1
rs9349320	H344	2	HG00336:2;NA20870:1	rs9349320	45269814	G	T	SNV	2	1	T	1:2	T:2	0	11	0						1	1	1	1
rs9349320	H345	2	HG00736:1;HG00736:2	rs9349320	45269814	G	T	SNV	2	1	T	1:2	T:2	0	11	0						1	1	1	1
rs9349320	H346	2	HG01527:2;NA20807:2	rs9349320	45269814	G	T	SNV	2	1	T	1:2	T:2	0	11	0						1	1	1	1
rs9349320	H347	2	HG01459:1;NA12751:1	rs9349320	45269814	G	T	SNV	2	1	T	1:2	T:2	0	11	0						1	1	1	1
rs9349320	H348	2	HG03229:1;HG03793:1	rs9349320	45269814	G	T	SNV	2	1	T	1:2	T:2	0	11	0						1	1	1	1
rs9349320	H349	2	HG01190:2;HG01414:1	rs9349320	45269814	G	T	SNV	2	1	T	1:2	T:2	0	11	0						1	1	1	1
rs9349320	H35	9	HG00734:2;HG02012:2;HG02489:1;HG02555:1;HG03091:1;HG03366:1;NA19114:1;NA19121:2;NA19137:2	rs9349320	45269814	G	T	SNV	9	1	T	1:9	T:9	0	11	0						1	1	1	1
rs9349320	H350	2	NA18535:1;NA18969:1	rs9349320	45269814	G	T	SNV	2	1	T	1:2	T:2	0	11	0						1	1	1	1
rs9349320	H351	2	HG02032:2;NA18536:2	rs9349320	45269814	G	T	SNV	2	1	T	1:2	T:2	0	11	0						1	1	1	1
rs9349320	H352	2	HG01801:1;HG02391:1	rs9349320	45269814	G	T	SNV	2	1	T	1:2	T:2	0	11	0						1	1	1	1
rs9349320	H353	2	HG01066:2;HG01086:1	rs9349320	45269814	G	T	SNV	2	1	T	1:2	T:2	0	11	0						1	1	1	1
rs9349320	H354	2	HG01098:1;HG01108:2	rs9349320	45269814	G	T	SNV	2	1	T	1:2	T:2	0	11	0						1	1	1	1
rs9349320	H355	2	HG00956:1;HG02521:2	rs9349320	45269814	G	T	SNV	2	1	T	1:2	T:2	0	11	0						1	1	1	1
rs9349320	H356	2	HG01489:2;NA19761:2	rs9349320	45269814	G	T	SNV	2	1	T	1:2	T:2	0	11	0						1	1	1	1
rs9349320	H357	2	HG01950:1;HG01980:1	rs9349320	45269814	G	T	SNV	2	1	T	1:2	T:2	0	11	0						1	1	1	1
rs9349320	H358	2	HG04219:1;NA21105:2	rs9349320	45269814	G	T	SNV	2	1	T	1:2	T:2	0	11	0						1	1	1	1
rs9349320	H359	2	HG01942:1;HG02285:2	rs9349320	45269814	G	T	SNV	2	1	T	1:2	T:2	0	11	0						1	1	1	1
rs9349320	H36	9	HG00266:1;HG00551:2;HG01139:2;HG01164:2;HG01757:1;HG02223:2;HG02494:1;NA20800:2;NA20827:2	rs9349320	45269814	G	T	SNV	9	1	T	1:9	T:9	0	11	0						1	1	1	1
rs9349320	H360	2	HG00326:1;NA20802:1	rs9349320	45269814	G	T	SNV	2	1	T	1:2	T:2	0	11	0						1	1	1	1
rs9349320	H361	2	HG03714:2;HG03727:1	rs9349320	45269814	G	T	SNV	2	1	T	1:2	T:2	0	11	0						1	1	1	1
rs9349320	H362	2	NA20851:1;NA20878:2	rs9349320	45269814	G	T	SNV	2	1	T	1:2	T:2	0	11	0						1	1	1	1
rs9349320	H363	2	NA12414:1;NA20811:1	rs9349320	45269814	G	T	SNV	2	1	T	1:2	T:2	0	11	0						1	1	1	1
rs9349320	H364	2	HG01989:2;NA20756:1	rs9349320	45269814	G	T	SNV	2	1	T	1:2	T:2	0	11	0						1	1	1	1
rs9349320	H365	2	HG02597:1;HG03869:1	rs9349320	45269814	G	T	SNV	2	1	T	1:2	T:2	0	11	0						1	1	1	1
rs9349320	H366	2	HG01798:1;HG02182:2	rs9349320	45269814	G	T	SNV	2	1	T	1:2	T:2	0	11	0						1	1	1	1
rs9349320	H367	2	HG03809:1;HG03969:1	rs9349320	45269814	G	T	SNV	2	1	T	1:2	T:2	0	11	0						1	1	1	1
rs9349320	H368	2	HG03235:1;HG04164:1	rs9349320	45269814	G	T	SNV	2	1	T	1:2	T:2	0	11	0						1	1	1	1
rs9349320	H369	2	HG03607:1;NA20903:2	rs9349320	45269814	G	T	SNV	2	1	T	1:2	T:2	0	11	0						1	1	1	1
rs9349320	H37	8	HG01060:2;HG01350:2;HG01365:2;HG01518:1;HG01673:2;NA12778:2;NA19651:2;NA20278:1	rs9349320	45269814	G	T	SNV	8	1	T	1:8	T:8	0	11	0						1	1	1	1
rs9349320	H370	2	HG01599:2;HG02078:2	rs9349320	45269814	G	T	SNV	2	1	T	1:2	T:2	0	11	0						1	1	1	1
rs9349320	H371	2	NA18946:1;NA18970:2	rs9349320	45269814	G	T	SNV	2	1	T	1:2	T:2	0	11	0						1	1	1	1
rs9349320	H372	2	HG01794:2;HG02040:1	rs9349320	45269814	G	T	SNV	2	1	T	1:2	T:2	0	11	0						1	1	1	1
rs9349320	H373	2	NA21125:2;NA21127:1	rs9349320	45269814	G	T	SNV	2	1	T	1:2	T:2	0	11	0						1	1	1	1
rs9349320	H374	2	HG03722:2;HG03867:1	rs9349320	45269814	G	T	SNV	2	1	T	1:2	T:2	0	11	0						1	1	1	1
rs9349320	H375	2	HG01861:1;NA19012:2	rs9349320	45269814	G	T	SNV	2	1	T	1:2	T:2	0	11	0						1	1	1	1
rs9349320	H376	2	HG00556:1;NA18634:1	rs9349320	45269814	G	T	SNV	2	1	T	1:2	T:2	0	11	0						1	1	1	1
rs9349320	H377	2	HG02069:1;NA18990:1	rs9349320	45269814	G	T	SNV	2	1	T	1:2	T:2	0	11	0						1	1	1	1
rs9349320	H378	2	NA18577:1;NA18624:2	rs9349320	45269814	G	T	SNV	2	1	T	1:2	T:2	0	11	0						1	1	1	1
rs9349320	H379	2	HG00250:1;HG03634:2	rs9349320	45269814	G	T	SNV	2	1	T	1:2	T:2	0	11	0						1	1	1	1
rs9349320	H38	8	HG00099:1;HG00146:2;HG01173:1;HG04075:1;NA19390:2;NA19649:1;NA19657:1;NA20346:2	rs9349320	45269814	G	T	SNV	8	1	T	1:8	T:8	0	11	0						1	1	1	1
rs9349320	H380	2	HG03857:1;HG03919:1	rs9349320	45269814	G	T	SNV	2	1	T	1:2	T:2	0	11	0						1	1	1	1
rs9349320	H381	2	HG03695:2;HG03750:1	rs9349320	45269814	G	T	SNV	2	1	T	1:2	T:2	0	11	0						1	1	1	1
rs9349320	H382	2	HG00428:1;HG01797:2	rs9349320	45269814	G	T	SNV	2	1	T	1:2	T:2	0	11	0						1	1	1	1
rs9349320	H383	2	NA18545:1;NA18562:1	rs9349320	45269814	G	T	SNV	2	1	T	1:2	T:2	0	11	0						1	1	1	1
rs9349320	H384	2	HG00448:2;HG00457:1	rs9349320	45269814	G	T	SNV	2	1	T	1:2	T:2	0	11	0						1	1	1	1
rs9349320	H385	2	HG02654:1;NA21087:2	rs9349320	45269814	G	T	SNV	2	1	T	1:2	T:2	0	11	0						1	1	1	1
rs9349320	H386	2	HG04099:1;NA21091:1	rs9349320	45269814	G	T	SNV	2	1	T	1:2	T:2	0	11	0						1	1	1	1
rs9349320	H387	2	HG03667:2;HG03863:1	rs9349320	45269814	G	T	SNV	2	1	T	1:2	T:2	0	11	0						1	1	1	1
rs9349320	H388	2	NA18963:2;NA19074:2	rs9349320	45269814	G	T	SNV	2	1	T	1:2	T:2	0	11	0						1	1	1	1
rs9349320	H389	2	HG01524:2;HG02505:2	rs9349320	45269814	G	T	SNV	2	1	T	1:2	T:2	0	11	0						1	1	1	1
rs9349320	H39	8	HG01369:2;HG02337:1;HG02923:1;HG03270:1;HG03300:2;NA18505:1;NA19096:2;NA20320:1	rs9349320	45269814	G	T	SNV	8	1	T	1:8	T:8	0	11	0						1	1	1	1
rs9349320	H390	2	NA20542:2;NA20581:2	rs9349320	45269814	G	T	SNV	2	1	T	1:2	T:2	0	11	0						1	1	1	1
rs9349320	H391	2	HG00371:1;HG00383:2	rs9349320	45269814	G	T	SNV	2	1	T	1:2	T:2	0	11	0						1	1	1	1
rs9349320	H392	2	HG01323:1;HG02784:1	rs9349320	45269814	G	T	SNV	2	1	T	1:2	T:2	0	11	0						1	1	1	1
rs9349320	H393	2	HG01105:1;HG02236:2	rs9349320	45269814	G	T	SNV	2	1	T	1:2	T:2	0	11	0						1	1	1	1
rs9349320	H394	2	HG01247:2;HG01435:1	rs9349320	45269814	G	T	SNV	2	1	T	1:2	T:2	0	11	0						1	1	1	1
rs9349320	H395	2	HG01606:1;NA19655:1	rs9349320	45269814	G	T	SNV	2	1	T	1:2	T:2	0	11	0						1	1	1	1
rs9349320	H396	2	HG00253:2;HG01704:2	rs9349320	45269814	G	T	SNV	2	1	T	1:2	T:2	0	11	0						1	1	1	1
rs9349320	H397	2	HG01130:2;HG01134:2	rs9349320	45269814	G	T	SNV	2	1	T	1:2	T:2	0	11	0						1	1	1	1
rs9349320	H398	2	HG02014:2;NA12005:2	rs9349320	45269814	G	T	SNV	2	1	T	1:2	T:2	0	11	0						1	1	1	1
rs9349320	H399	2	HG01695:1;HG01708:1	rs9349320	45269814	G	T	SNV	2	1	T	1:2	T:2	0	11	0						1	1	1	1
rs9349320	H4	23	HG00187:2;HG00275:1;HG00320:2;HG00380:2;HG01183:1;HG01311:2;HG01344:2;HG01525:2;HG01602:2;HG01668:2;HG01770:2;HG01773:2;HG01784:2;HG01948:1;HG02649:2;HG03743:1;NA12814:1;NA19752:2;NA20511:1;NA20519:2;NA20766:2;NA20778:2;NA20804:2	rs9349320	45269814	G	T	SNV	23	1	T	1:23	T:23	0	11	1						1	1	1	1
rs9349320	H40	8	HG00309:2;HG01513:2;HG01603:1;HG01672:1;HG03934:1;NA07000:2;NA10847:1;NA20795:1	rs9349320	45269814	G	T	SNV	8	1	T	1:8	T:8	0	11	0						1	1	1	1
rs9349320	H400	2	HG01967:2;HG01992:2	rs9349320	45269814	G	T	SNV	2	1	T	1:2	T:2	0	11	0						1	1	1	1
rs9349320	H401	2	HG01325:1;HG01628:1	rs9349320	45269814	G	T	SNV	2	1	T	1:2	T:2	0	11	0						1	1	1	1
rs9349320	H402	2	HG03702:2;NA21086:1	rs9349320	45269814	G	T	SNV	2	1	T	1:2	T:2	0	11	0						1	1	1	1
rs9349320	H403	2	NA20761:1;NA20821:2	rs9349320	45269814	G	T	SNV	2	1	T	1:2	T:2	0	11	0						1	1	1	1
rs9349320	H404	2	HG00282:2;HG02477:1	rs9349320	45269814	G	T	SNV	2	1	T	1:2	T:2	0	11	0						1	1	1	1
rs9349320	H405	2	HG00231:1;NA20586:2	rs9349320	45269814	G	T	SNV	2	1	T	1:2	T:2	0	11	0						1	1	1	1
rs9349320	H406	2	HG01344:1;HG01507:1	rs9349320	45269814	G	T	SNV	2	1	T	1:2	T:2	0	11	0						1	1	1	1
rs9349320	H407	2	HG01259:1;HG01275:1	rs9349320	45269814	G	T	SNV	2	1	T	1:2	T:2	0	11	0						1	1	1	1
rs9349320	H408	2	HG01440:2;HG03354:2	rs9349320	45269814	G	T	SNV	2	1	T	1:2	T:2	0	11	0						1	1	1	1
rs9349320	H409	2	NA11931:1;NA20783:1	rs9349320	45269814	G	T	SNV	2	1	T	1:2	T:2	0	11	0						1	1	1	1
rs9349320	H41	8	HG00116:2;HG00311:1;HG01102:2;HG01354:2;HG02144:2;HG02697:1;NA12348:1;NA20532:1	rs9349320	45269814	G	T	SNV	8	1	T	1:8	T:8	0	11	0						1	1	1	1
rs9349320	H410	2	HG02298:1;NA20819:2	rs9349320	45269814	G	T	SNV	2	1	T	1:2	T:2	0	11	0						1	1	1	1
rs9349320	H411	2	HG01942:2;HG01976:1	rs9349320	45269814	G	T	SNV	2	1	T	1:2	T:2	0	11	0						1	1	1	1
rs9349320	H412	2	HG01842:2;HG01847:2	rs9349320	45269814	G	T	SNV	2	1	T	1:2	T:2	0	11	0						1	1	1	1
rs9349320	H413	2	HG02820:1;HG02839:1	rs9349320	45269814	G	T	SNV	2	1	T	1:2	T:2	0	11	0						1	1	1	1
rs9349320	H414	2	HG03457:1;NA19740:1	rs9349320	45269814	G	T	SNV	2	1	T	1:2	T:2	0	11	0						1	1	1	1
rs9349320	H415	2	HG02981:1;HG03136:1	rs9349320	45269814	G	T	SNV	2	1	T	1:2	T:2	0	11	0						1	1	1	1
rs9349320	H416	2	HG02308:2;HG02881:1	rs9349320	45269814	G	T	SNV	2	1	T	1:2	T:2	0	11	0						1	1	1	1
rs9349320	H417	2	HG03074:2;HG03085:1	rs9349320	45269814	G	T	SNV	2	1	T	1:2	T:2	0	11	0						1	1	1	1
rs9349320	H418	2	HG02107:1;NA19900:1	rs9349320	45269814	G	T	SNV	2	1	T	1:2	T:2	0	11	0						1	1	1	1
rs9349320	H419	2	HG03476:2;HG03572:2	rs9349320	45269814	G	T	SNV	2	1	T	1:2	T:2	0	11	0						1	1	1	1
rs9349320	H42	8	HG02570:1;HG02624:1;HG02721:2;HG02799:2;HG02819:1;HG02837:2;HG02885:1;NA20765:1	rs9349320	45269814	G	T	SNV	8	1	T	1:8	T:8	0	11	0						1	1	1	1
rs9349320	H420	2	HG00740:1;HG01094:2	rs9349320	45269814	G	T	SNV	2	1	T	1:2	T:2	0	11	0						1	1	1	1
rs9349320	H421	2	NA19355:2;NA19384:1	rs9349320	45269814	G	T	SNV	2	1	T	1:2	T:2	0	11	0						1	1	1	1
rs9349320	H422	2	NA19102:1;NA19225:2	rs9349320	45269814	G	T	SNV	2	1	T	1:2	T:2	0	11	0						1	1	1	1
rs9349320	H423	2	NA19023:2;NA19380:1	rs9349320	45269814	G	T	SNV	2	1	T	1:2	T:2	0	11	0						1	1	1	1
rs9349320	H424	2	HG02568:2;HG02769:2	rs9349320	45269814	G	T	SNV	2	1	T	1:2	T:2	0	11	0						1	1	1	1
rs9349320	H425	2	NA18879:1;NA19331:1	rs9349320	45269814	G	T	SNV	2	1	T	1:2	T:2	0	11	0						1	1	1	1
rs9349320	H426	2	HG02006:2;HG02549:1	rs9349320	45269814	G	T	SNV	2	1	T	1:2	T:2	0	11	0						1	1	1	1
rs9349320	H427	2	NA18972:2;NA19088:2	rs9349320	45269814	G	T	SNV	2	1	T	1:2	T:2	0	11	0						1	1	1	1
rs9349320	H428	2	HG02716:2;HG02805:2	rs9349320	45269814	G	T	SNV	2	1	T	1:2	T:2	0	11	0						1	1	1	1
rs9349320	H429	2	HG01254:1;NA19190:2	rs9349320	45269814	G	T	SNV	2	1	T	1:2	T:2	0	11	0						1	1	1	1
rs9349320	H43	8	HG02013:1;HG03196:1;HG03520:1;NA18878:1;NA18915:2;NA19214:2;NA19475:2;NA20282:2	rs9349320	45269814	G	T	SNV	8	1	T	1:8	T:8	0	11	0						1	1	1	1
rs9349320	H430	2	NA19213:1;NA19916:1	rs9349320	45269814	G	T	SNV	2	1	T	1:2	T:2	0	11	0						1	1	1	1
rs9349320	H431	2	HG03007:2;HG03228:2	rs9349320	45269814	G	T	SNV	2	0	G	0:2	G:2	0	11	0						1	1	0	0
rs9349320	H432	2	HG00110:2;HG01699:2	rs9349320	45269814	G	T	SNV	2	0	G	0:2	G:2	0	11	0						1	1	0	0
rs9349320	H433	2	HG03823:2;HG03922:1	rs9349320	45269814	G	T	SNV	2	0	G	0:2	G:2	0	11	0						1	1	0	0
rs9349320	H434	2	HG02433:2;HG02703:1	rs9349320	45269814	G	T	SNV	2	1	T	1:2	T:2	0	11	0						1	1	1	1
rs9349320	H435	2	HG00120:1;HG00239:2	rs9349320	45269814	G	T	SNV	2	1	T	1:2	T:2	0	11	0						1	1	1	1
rs9349320	H436	2	HG02275:2;NA19771:1	rs9349320	45269814	G	T	SNV	2	1	T	1:2	T:2	0	11	0						1	1	1	1
rs9349320	H437	2	HG01586:1;HG02733:2	rs9349320	45269814	G	T	SNV	2	1	T	1:2	T:2	0	11	0						1	1	1	1
rs9349320	H438	2	NA19663:1;NA19789:1	rs9349320	45269814	G	T	SNV	2	1	T	1:2	T:2	0	11	0						1	1	1	1
rs9349320	H439	2	HG03789:2;NA21109:1	rs9349320	45269814	G	T	SNV	2	1	T	1:2	T:2	0	11	0						1	1	1	1
rs9349320	H44	8	HG00097:2;HG00101:2;HG00111:2;HG00341:1;HG00345:1;HG00375:1;HG01605:1;HG03885:2	rs9349320	45269814	G	T	SNV	8	1	T	1:8	T:8	0	11	0						1	1	1	1
rs9349320	H440	2	HG00128:1;HG01933:1	rs9349320	45269814	G	T	SNV	2	1	T	1:2	T:2	0	11	0						1	1	1	1
rs9349320	H441	2	HG03708:2;HG03874:1	rs9349320	45269814	G	T	SNV	2	1	T	1:2	T:2	0	11	0						1	1	1	1
rs9349320	H442	2	HG00180:2;HG00331:2	rs9349320	45269814	G	T	SNV	2	1	T	1:2	T:2	0	11	0						1	1	1	1
rs9349320	H443	2	HG02691:1;HG03491:1	rs9349320	45269814	G	T	SNV	2	1	T	1:2	T:2	0	11	0						1	1	1	1
rs9349320	H444	2	NA06984:1;NA12761:2	rs9349320	45269814	G	T	SNV	2	1	T	1:2	T:2	0	11	0						1	1	1	1
rs9349320	H445	2	HG02699:2;HG03777:2	rs9349320	45269814	G	T	SNV	2	1	T	1:2	T:2	0	11	0						1	1	1	1
rs9349320	H446	2	HG03490:1;HG03886:2	rs9349320	45269814	G	T	SNV	2	1	T	1:2	T:2	0	11	0						1	1	1	1
rs9349320	H447	2	HG02651:2;HG04202:2	rs9349320	45269814	G	T	SNV	2	1	T	1:2	T:2	0	11	0						1	1	1	1
rs9349320	H448	2	HG00343:2;NA12778:1	rs9349320	45269814	G	T	SNV	2	1	T	1:2	T:2	0	11	0						1	1	1	1
rs9349320	H449	2	HG03738:2;HG03998:1	rs9349320	45269814	G	T	SNV	2	1	T	1:2	T:2	0	11	0						1	1	1	1
rs9349320	H45	8	HG00131:1;HG00265:2;HG00277:2;HG01187:2;HG01284:2;HG01571:1;HG02003:2;NA20792:2	rs9349320	45269814	G	T	SNV	8	1	T	1:8	T:8	0	11	0						1	1	1	1
rs9349320	H450	2	HG03945:2;NA19081:2	rs9349320	45269814	G	T	SNV	2	1	T	1:2	T:2	0	11	0						1	1	1	1
rs9349320	H451	2	NA20867:2;NA20875:2	rs9349320	45269814	G	T	SNV	2	1	T	1:2	T:2	0	11	0						1	1	1	1
rs9349320	H452	2	HG00325:1;HG00384:1	rs9349320	45269814	G	T	SNV	2	1	T	1:2	T:2	0	11	0						1	1	1	1
rs9349320	H453	2	HG03589:1;NA12043:1	rs9349320	45269814	G	T	SNV	2	1	T	1:2	T:2	0	11	0						1	1	1	1
rs9349320	H454	2	HG01707:2;NA19759:2	rs9349320	45269814	G	T	SNV	2	1	T	1:2	T:2	0	11	0						1	1	1	1
rs9349320	H455	2	NA18942:1;NA18950:2	rs9349320	45269814	G	T	SNV	2	1	T	1:2	T:2	0	11	0						1	1	1	1
rs9349320	H456	2	HG00956:2;HG02151:1	rs9349320	45269814	G	T	SNV	2	1	T	1:2	T:2	0	11	0						1	1	1	1
rs9349320	H457	2	HG00737:1;NA12347:2	rs9349320	45269814	G	T	SNV	2	1	T	1:2	T:2	0	11	0						1	1	1	1
rs9349320	H458	2	HG00245:2;NA12890:1	rs9349320	45269814	G	T	SNV	2	1	T	1:2	T:2	0	11	0						1	1	1	1
rs9349320	H459	2	HG01680:1;HG01680:2	rs9349320	45269814	G	T	SNV	2	1	T	1:2	T:2	0	11	0						1	1	1	1
rs9349320	H46	8	HG01286:1;HG03172:1;HG03304:1;NA18516:2;NA18876:1;NA19185:2;NA20332:1;NA20357:2	rs9349320	45269814	G	T	SNV	8	1	T	1:8	T:8	0	11	0						1	1	1	1
rs9349320	H460	2	HG00119:1;HG00355:1	rs9349320	45269814	G	T	SNV	2	1	T	1:2	T:2	0	11	0						1	1	1	1
rs9349320	H461	2	HG02058:1;HG02389:2	rs9349320	45269814	G	T	SNV	2	1	T	1:2	T:2	0	11	0						1	1	1	1
rs9349320	H462	2	HG03866:1;HG04227:2	rs9349320	45269814	G	T	SNV	2	1	T	1:2	T:2	0	11	0						1	1	1	1
rs9349320	H463	2	HG01768:2;HG03697:1	rs9349320	45269814	G	T	SNV	2	1	T	1:2	T:2	0	11	0						1	1	1	1
rs9349320	H464	2	HG01136:1;HG01357:1	rs9349320	45269814	G	T	SNV	2	1	T	1:2	T:2	0	11	0						1	1	1	1
rs9349320	H465	2	HG01170:1;HG01174:2	rs9349320	45269814	G	T	SNV	2	1	T	1:2	T:2	0	11	0						1	1	1	1
rs9349320	H466	2	HG01846:2;NA18949:1	rs9349320	45269814	G	T	SNV	2	1	T	1:2	T:2	0	11	0						1	1	1	1
rs9349320	H467	2	NA19746:1;NA19786:2	rs9349320	45269814	G	T	SNV	2	1	T	1:2	T:2	0	11	0						1	1	1	1
rs9349320	H468	2	HG00734:1;HG01392:2	rs9349320	45269814	G	T	SNV	2	1	T	1:2	T:2	0	11	0						1	1	1	1
rs9349320	H469	2	NA20517:1;NA20821:1	rs9349320	45269814	G	T	SNV	2	1	T	1:2	T:2	0	11	0						1	1	1	1
rs9349320	H47	7	HG02722:1;HG02923:2;HG03172:2;HG03351:2;NA19435:2;NA19445:1;NA20318:1	rs9349320	45269814	G	T	SNV	7	1	T	1:7	T:7	0	11	0						1	1	1	1
rs9349320	H470	2	HG00262:2;HG01632:1	rs9349320	45269814	G	T	SNV	2	1	T	1:2	T:2	0	11	0						1	1	1	1
rs9349320	H471	2	HG02178:2;HG02513:1	rs9349320	45269814	G	T	SNV	2	1	T	1:2	T:2	0	11	0						1	1	1	1
rs9349320	H472	2	HG00556:2;HG01029:1	rs9349320	45269814	G	T	SNV	2	1	T	1:2	T:2	0	11	0						1	1	1	1
rs9349320	H473	2	NA12749:1;NA12812:1	rs9349320	45269814	G	T	SNV	2	1	T	1:2	T:2	0	11	0						1	1	1	1
rs9349320	H474	2	HG01682:1;HG03926:2	rs9349320	45269814	G	T	SNV	2	1	T	1:2	T:2	0	11	0						1	1	1	1
rs9349320	H475	2	HG00451:2;HG01871:2	rs9349320	45269814	G	T	SNV	2	1	T	1:2	T:2	0	11	0						1	1	1	1
rs9349320	H476	2	HG03616:1;HG03913:2	rs9349320	45269814	G	T	SNV	2	1	T	1:2	T:2	0	11	0						1	1	1	1
rs9349320	H477	2	NA20542:1;NA20754:2	rs9349320	45269814	G	T	SNV	2	1	T	1:2	T:2	0	11	0						1	1	1	1
rs9349320	H478	2	HG02072:2;HG02121:2	rs9349320	45269814	G	T	SNV	2	1	T	1:2	T:2	0	11	0						1	1	1	1
rs9349320	H479	2	NA18567:1;NA18745:2	rs9349320	45269814	G	T	SNV	2	1	T	1:2	T:2	0	11	0						1	1	1	1
rs9349320	H48	7	HG02330:1;HG03139:2;HG03190:1;HG03518:1;HG03575:2;NA19098:2;NA19448:1	rs9349320	45269814	G	T	SNV	7	1	T	1:7	T:7	0	11	0						1	1	1	1
rs9349320	H480	2	HG01944:2;HG01997:1	rs9349320	45269814	G	T	SNV	2	1	T	1:2	T:2	0	11	0						1	1	1	1
rs9349320	H481	2	HG01939:1;NA19732:2	rs9349320	45269814	G	T	SNV	2	1	T	1:2	T:2	0	11	0						1	1	1	1
rs9349320	H482	2	HG01441:2;NA19678:1	rs9349320	45269814	G	T	SNV	2	1	T	1:2	T:2	0	11	0						1	1	1	1
rs9349320	H483	2	NA20544:1;NA20778:1	rs9349320	45269814	G	T	SNV	2	1	T	1:2	T:2	0	11	0						1	1	1	1
rs9349320	H484	2	HG01113:2;NA19734:2	rs9349320	45269814	G	T	SNV	2	1	T	1:2	T:2	0	11	0						1	1	1	1
rs9349320	H485	2	HG01708:2;NA11918:2	rs9349320	45269814	G	T	SNV	2	1	T	1:2	T:2	0	11	0						1	1	1	1
rs9349320	H486	2	HG00844:2;HG02047:2	rs9349320	45269814	G	T	SNV	2	1	T	1:2	T:2	0	11	0						1	1	1	1
rs9349320	H487	2	NA18946:2;NA19085:2	rs9349320	45269814	G	T	SNV	2	1	T	1:2	T:2	0	11	0						1	1	1	1
rs9349320	H488	2	NA18564:2;NA18972:1	rs9349320	45269814	G	T	SNV	2	1	T	1:2	T:2	0	11	0						1	1	1	1
rs9349320	H489	2	HG00407:2;NA19083:2	rs9349320	45269814	G	T	SNV	2	1	T	1:2	T:2	0	11	0						1	1	1	1
rs9349320	H49	7	HG01896:1;HG02979:1;HG03291:2;NA18865:2;NA19138:1;NA19159:1;NA20291:2	rs9349320	45269814	G	T	SNV	7	1	T	1:7	T:7	0	11	0						1	1	1	1
rs9349320	H490	2	HG00614:1;HG02137:2	rs9349320	45269814	G	T	SNV	2	1	T	1:2	T:2	0	11	0						1	1	1	1
rs9349320	H491	2	HG00537:2;NA19010:2	rs9349320	45269814	G	T	SNV	2	1	T	1:2	T:2	0	11	0						1	1	1	1
rs9349320	H492	2	NA19055:2;NA19082:2	rs9349320	45269814	G	T	SNV	2	1	T	1:2	T:2	0	11	0						1	1	1	1
rs9349320	H493	2	HG02060:1;NA18613:2	rs9349320	45269814	G	T	SNV	2	1	T	1:2	T:2	0	11	0						1	1	1	1
rs9349320	H494	2	NA19378:1;NA19819:1	rs9349320	45269814	G	T	SNV	2	1	T	1:2	T:2	0	11	0						1	1	1	1
rs9349320	H495	2	HG03130:1;NA19119:1	rs9349320	45269814	G	T	SNV	2	1	T	1:2	T:2	0	11	0						1	1	1	1
rs9349320	H496	2	HG02594:1;HG02861:2	rs9349320	45269814	G	T	SNV	2	1	T	1:2	T:2	0	11	0						1	1	1	1
rs9349320	H497	2	HG03452:1;HG03556:1	rs9349320	45269814	G	T	SNV	2	1	T	1:2	T:2	0	11	0						1	1	1	1
rs9349320	H498	2	HG03716:1;HG04235:1	rs9349320	45269814	G	T	SNV	2	1	T	1:2	T:2	0	11	0						1	1	1	1
rs9349320	H499	2	HG03679:1;NA20892:1	rs9349320	45269814	G	T	SNV	2	1	T	1:2	T:2	0	11	0						1	1	1	1
rs9349320	H5	22	HG02014:1;HG02298:2;HG02433:1;HG02449:1;HG02537:1;HG02577:1;HG02977:1;HG03123:1;HG03175:1;HG03294:2;HG03295:2;HG03391:2;HG03394:2;HG03469:1;NA18488:2;NA18856:1;NA19184:1;NA19207:1;NA19214:1;NA19238:2;NA19982:1;NA20281:1	rs9349320	45269814	G	T	SNV	22	1	T	1:22	T:22	0	11	1						1	1	1	1
rs9349320	H50	7	HG01029:2;HG02020:2;HG02139:1;NA18546:1;NA18616:1;NA18989:1;NA19077:1	rs9349320	45269814	G	T	SNV	7	1	T	1:7	T:7	0	11	0						1	1	1	1
rs9349320	H500	2	HG02983:1;HG03169:2	rs9349320	45269814	G	T	SNV	2	1	T	1:2	T:2	0	11	0						1	1	1	1
rs9349320	H501	2	HG03433:1;NA18934:1	rs9349320	45269814	G	T	SNV	2	1	T	1:2	T:2	0	11	0						1	1	1	1
rs9349320	H502	2	HG03730:2;NA20795:2	rs9349320	45269814	G	T	SNV	2	1	T	1:2	T:2	0	11	0						1	1	1	1
rs9349320	H503	2	NA19401:2;NA20287:2	rs9349320	45269814	G	T	SNV	2	1	T	1:2	T:2	0	11	0						1	1	1	1
rs9349320	H504	2	HG02611:2;HG02839:2	rs9349320	45269814	G	T	SNV	2	1	T	1:2	T:2	0	11	0						1	1	1	1
rs9349320	H505	2	HG02810:2;HG02854:1	rs9349320	45269814	G	T	SNV	2	1	T	1:2	T:2	0	11	0						1	1	1	1
rs9349320	H506	2	HG03246:1;HG03449:1	rs9349320	45269814	G	T	SNV	2	1	T	1:2	T:2	0	11	0						1	1	1	1
rs9349320	H507	2	HG03054:2;HG03419:1	rs9349320	45269814	G	T	SNV	2	1	T	1:2	T:2	0	11	0						1	1	1	1
rs9349320	H508	2	HG02334:2;NA12760:1	rs9349320	45269814	G	T	SNV	2	1	T	1:2	T:2	0	11	0						1	1	1	1
rs9349320	H509	2	HG01686:1;HG02089:1	rs9349320	45269814	G	T	SNV	2	1	T	1:2	T:2	0	11	0						1	1	1	1
rs9349320	H51	7	HG01357:2;HG01396:2;HG01486:1;HG01953:1;NA12718:1;NA19735:2;NA20802:2	rs9349320	45269814	G	T	SNV	7	1	T	1:7	T:7	0	11	0						1	1	1	1
rs9349320	H510	2	HG02491:1;HG03746:1	rs9349320	45269814	G	T	SNV	2	1	T	1:2	T:2	0	11	0						1	1	1	1
rs9349320	H511	2	HG03012:1;HG03736:2	rs9349320	45269814	G	T	SNV	2	1	T	1:2	T:2	0	11	0						1	1	1	1
rs9349320	H512	2	NA19026:1;NA19446:1	rs9349320	45269814	G	T	SNV	2	1	T	1:2	T:2	0	11	0						1	1	1	1
rs9349320	H513	2	HG00315:2;NA12347:1	rs9349320	45269814	G	T	SNV	2	1	T	1:2	T:2	0	11	0						1	1	1	1
rs9349320	H514	2	HG02429:2;HG02479:1	rs9349320	45269814	G	T	SNV	2	1	T	1:2	T:2	0	11	0						1	1	1	1
rs9349320	H515	2	HG00344:2;HG00379:2	rs9349320	45269814	G	T	SNV	2	1	T	1:2	T:2	0	11	0						1	1	1	1
rs9349320	H516	2	HG01171:2;HG01461:1	rs9349320	45269814	G	T	SNV	2	1	T	1:2	T:2	0	11	0						1	1	1	1
rs9349320	H517	2	HG00338:1;HG02221:2	rs9349320	45269814	G	T	SNV	2	1	T	1:2	T:2	0	11	0						1	1	1	1
rs9349320	H518	2	HG00140:1;HG01468:2	rs9349320	45269814	G	T	SNV	2	1	T	1:2	T:2	0	11	0						1	1	1	1
rs9349320	H519	2	HG01536:1;NA20797:1	rs9349320	45269814	G	T	SNV	2	1	T	1:2	T:2	0	11	0						1	1	1	1
rs9349320	H52	7	HG00132:2;HG01589:1;HG01924:1;HG03838:1;HG03968:1;HG03973:2;NA11830:1	rs9349320	45269814	G	T	SNV	7	1	T	1:7	T:7	0	11	0						1	1	1	1
rs9349320	H520	2	HG01556:2;NA12750:1	rs9349320	45269814	G	T	SNV	2	1	T	1:2	T:2	0	11	0						1	1	1	1
rs9349320	H521	2	HG00129:2;HG01105:2	rs9349320	45269814	G	T	SNV	2	1	T	1:2	T:2	0	11	0						1	1	1	1
rs9349320	H522	2	HG01503:2;NA19679:2	rs9349320	45269814	G	T	SNV	2	1	T	1:2	T:2	0	11	0						1	1	1	1
rs9349320	H523	2	HG01607:2;NA20775:2	rs9349320	45269814	G	T	SNV	2	1	T	1:2	T:2	0	11	0						1	1	1	1
rs9349320	H524	2	HG02301:2;NA19678:2	rs9349320	45269814	G	T	SNV	2	1	T	1:2	T:2	0	11	0						1	1	1	1
rs9349320	H525	2	NA20861:1;NA21144:1	rs9349320	45269814	G	T	SNV	2	1	T	1:2	T:2	0	11	0						1	1	1	1
rs9349320	H526	2	HG01503:1;HG02277:1	rs9349320	45269814	G	T	SNV	2	1	T	1:2	T:2	0	11	0						1	1	1	1
rs9349320	H527	2	HG00237:1;HG00243:1	rs9349320	45269814	G	T	SNV	2	1	T	1:2	T:2	0	11	0						1	1	1	1
rs9349320	H528	2	HG01253:2;NA21106:1	rs9349320	45269814	G	T	SNV	2	1	T	1:2	T:2	0	11	0						1	1	1	1
rs9349320	H529	2	HG02583:2;HG02756:1	rs9349320	45269814	G	T	SNV	2	1	T	1:2	T:2	0	11	0						1	1	1	1
rs9349320	H53	7	HG00139:1;HG00252:1;HG00275:2;HG00371:2;HG03491:2;NA12342:1;NA20805:1	rs9349320	45269814	G	T	SNV	7	1	T	1:7	T:7	0	11	0						1	1	1	1
rs9349320	H530	2	HG03021:2;HG04098:2	rs9349320	45269814	G	T	SNV	2	1	T	1:2	T:2	0	11	0						1	1	1	1
rs9349320	H531	2	HG00139:2;HG00178:2	rs9349320	45269814	G	T	SNV	2	1	T	1:2	T:2	0	11	0						1	1	1	1
rs9349320	H532	2	HG01707:1;HG01747:1	rs9349320	45269814	G	T	SNV	2	1	T	1:2	T:2	0	11	0						1	1	1	1
rs9349320	H533	2	HG01260:1;HG01281:2	rs9349320	45269814	G	T	SNV	2	1	T	1:2	T:2	0	11	0						1	1	1	1
rs9349320	H534	2	HG00113:2;NA12003:1	rs9349320	45269814	G	T	SNV	2	1	T	1:2	T:2	0	11	0						1	1	1	1
rs9349320	H535	2	HG03692:1;NA20808:2	rs9349320	45269814	G	T	SNV	2	1	T	1:2	T:2	0	11	0						1	1	1	1
rs9349320	H536	2	HG02786:1;HG03963:2	rs9349320	45269814	G	T	SNV	2	1	T	1:2	T:2	0	11	0						1	1	1	1
rs9349320	H537	2	HG03787:1;NA21097:2	rs9349320	45269814	G	T	SNV	2	1	T	1:2	T:2	0	11	0						1	1	1	1
rs9349320	H538	2	HG02783:1;HG02793:2	rs9349320	45269814	G	T	SNV	2	1	T	1:2	T:2	0	11	0						1	1	1	1
rs9349320	H539	2	HG03971:1;NA20906:1	rs9349320	45269814	G	T	SNV	2	1	T	1:2	T:2	0	11	0						1	1	1	1
rs9349320	H54	7	HG00123:1;HG02657:2;HG02687:2;HG03237:2;HG03762:1;HG03969:2;HG04134:2	rs9349320	45269814	G	T	SNV	7	1	T	1:7	T:7	0	11	0						1	1	1	1
rs9349320	H540	2	NA20869:2;NA21141:1	rs9349320	45269814	G	T	SNV	2	1	T	1:2	T:2	0	11	0						1	1	1	1
rs9349320	H541	2	HG00176:2;HG00272:1	rs9349320	45269814	G	T	SNV	2	1	T	1:2	T:2	0	11	0						1	1	1	1
rs9349320	H542	2	HG01771:2;NA12287:2	rs9349320	45269814	G	T	SNV	2	1	T	1:2	T:2	0	11	0						1	1	1	1
rs9349320	H543	2	HG02568:1;HG03391:1	rs9349320	45269814	G	T	SNV	2	1	T	1:2	T:2	0	11	0						1	1	1	1
rs9349320	H544	2	HG00285:1;HG00310:2	rs9349320	45269814	G	T	SNV	2	1	T	1:2	T:2	0	11	0						1	1	1	1
rs9349320	H545	2	HG03511:2;NA18501:1	rs9349320	45269814	G	T	SNV	2	1	T	1:2	T:2	0	11	0						1	1	1	1
rs9349320	H546	2	NA19648:2;NA19776:1	rs9349320	45269814	G	T	SNV	2	1	T	1:2	T:2	0	11	0						1	1	1	1
rs9349320	H547	2	HG02733:1;HG03722:1	rs9349320	45269814	G	T	SNV	2	1	T	1:2	T:2	0	11	0						1	1	1	1
rs9349320	H548	2	HG00117:2;NA12004:2	rs9349320	45269814	G	T	SNV	2	1	T	1:2	T:2	0	11	0						1	1	1	1
rs9349320	H549	2	HG04017:1;HG04056:1	rs9349320	45269814	G	T	SNV	2	1	T	1:2	T:2	0	11	0						1	1	1	1
rs9349320	H55	7	HG00421:2;HG00607:2;HG00708:2;HG01867:1;HG02048:1;HG02185:1;HG02188:1	rs9349320	45269814	G	T	SNV	7	1	T	1:7	T:7	0	11	0						1	1	1	1
rs9349320	H550	2	HG00280:1;HG03616:2	rs9349320	45269814	G	T	SNV	2	1	T	1:2	T:2	0	11	0						1	1	1	1
rs9349320	H551	2	HG01464:2;HG01775:2	rs9349320	45269814	G	T	SNV	2	1	T	1:2	T:2	0	11	0						1	1	1	1
rs9349320	H552	2	HG00364:1;HG01791:2	rs9349320	45269814	G	T	SNV	2	1	T	1:2	T:2	0	11	0						1	1	1	1
rs9349320	H553	2	HG03960:2;HG03995:1	rs9349320	45269814	G	T	SNV	2	1	T	1:2	T:2	0	11	0						1	1	1	1
rs9349320	H554	2	HG03802:2;HG03931:2	rs9349320	45269814	G	T	SNV	2	1	T	1:2	T:2	0	11	0						1	1	1	1
rs9349320	H555	2	HG04062:1;HG04225:1	rs9349320	45269814	G	T	SNV	2	1	T	1:2	T:2	0	11	0						1	1	1	1
rs9349320	H556	2	HG00463:2;HG02391:2	rs9349320	45269814	G	T	SNV	2	1	T	1:2	T:2	0	11	0						1	1	1	1
rs9349320	H557	2	NA21098:2;NA21137:2	rs9349320	45269814	G	T	SNV	2	1	T	1:2	T:2	0	11	0						1	1	1	1
rs9349320	H558	2	HG03708:1;HG04131:1	rs9349320	45269814	G	T	SNV	2	1	T	1:2	T:2	0	11	0						1	1	1	1
rs9349320	H559	2	NA21100:1;NA21117:2	rs9349320	45269814	G	T	SNV	2	1	T	1:2	T:2	0	11	0						1	1	1	1
rs9349320	H56	7	HG01945:1;HG01945:2;HG02272:2;NA18641:1;NA19780:2;NA19785:2;NA19795:1	rs9349320	45269814	G	T	SNV	7	1	T	1:7	T:7	0	11	0						1	1	1	1
rs9349320	H560	2	HG04238:2;NA21120:2	rs9349320	45269814	G	T	SNV	2	1	T	1:2	T:2	0	11	0						1	1	1	1
rs9349320	H561	2	NA20783:2;NA20800:1	rs9349320	45269814	G	T	SNV	2	1	T	1:2	T:2	0	11	0						1	1	1	1
rs9349320	H562	2	HG02286:2;NA20522:2	rs9349320	45269814	G	T	SNV	2	1	T	1:2	T:2	0	11	0						1	1	1	1
rs9349320	H563	2	HG03955:1;NA21111:2	rs9349320	45269814	G	T	SNV	2	1	T	1:2	T:2	0	11	0						1	1	1	1
rs9349320	H564	2	HG03908:2;NA20881:1	rs9349320	45269814	G	T	SNV	2	1	T	1:2	T:2	0	11	0						1	1	1	1
rs9349320	H565	2	HG01492:1;NA21086:2	rs9349320	45269814	G	T	SNV	2	1	T	1:2	T:2	0	11	0						1	1	1	1
rs9349320	H566	2	HG03944:2;NA20512:1	rs9349320	45269814	G	T	SNV	2	1	T	1:2	T:2	0	11	0						1	1	1	1
rs9349320	H567	2	HG01867:2;HG04206:2	rs9349320	45269814	G	T	SNV	2	1	T	1:2	T:2	0	11	0						1	1	1	1
rs9349320	H568	2	HG00145:2;HG00255:2	rs9349320	45269814	G	T	SNV	2	1	T	1:2	T:2	0	11	0						1	1	1	1
rs9349320	H569	2	HG00180:1;NA07037:2	rs9349320	45269814	G	T	SNV	2	1	T	1:2	T:2	0	11	0						1	1	1	1
rs9349320	H57	7	HG01537:2;HG01757:2;HG02420:2;HG04239:1;NA07056:2;NA12414:2;NA20775:1	rs9349320	45269814	G	T	SNV	7	1	T	1:7	T:7	0	11	0						1	1	1	1
rs9349320	H570	2	HG01142:1;HG01495:1	rs9349320	45269814	G	T	SNV	2	1	T	1:2	T:2	0	11	0						1	1	1	1
rs9349320	H571	2	HG02715:1;HG03572:1	rs9349320	45269814	G	T	SNV	2	1	T	1:2	T:2	0	11	0						1	1	1	1
rs9349320	H572	2	HG03439:2;HG03583:1	rs9349320	45269814	G	T	SNV	2	1	T	1:2	T:2	0	11	0						1	1	1	1
rs9349320	H573	2	HG01089:2;HG03124:1	rs9349320	45269814	G	T	SNV	2	1	T	1:2	T:2	0	11	0						1	1	1	1
rs9349320	H574	2	HG03686:1;HG03967:1	rs9349320	45269814	G	T	SNV	2	1	T	1:2	T:2	0	11	0						1	1	1	1
rs9349320	H575	2	HG02502:1;NA19328:2	rs9349320	45269814	G	T	SNV	2	1	T	1:2	T:2	0	11	0						1	1	1	1
rs9349320	H576	2	NA19026:2;NA19347:1	rs9349320	45269814	G	T	SNV	2	1	T	1:2	T:2	0	11	0						1	1	1	1
rs9349320	H577	2	HG03027:2;HG03040:2	rs9349320	45269814	G	T	SNV	2	1	T	1:2	T:2	0	11	0						1	1	1	1
rs9349320	H578	2	HG02944:2;NA19152:2	rs9349320	45269814	G	T	SNV	2	1	T	1:2	T:2	0	11	0						1	1	1	1
rs9349320	H579	2	HG02611:1;HG03419:2	rs9349320	45269814	G	T	SNV	2	1	T	1:2	T:2	0	11	0						1	1	1	1
rs9349320	H58	7	HG02095:1;HG02442:1;HG02759:2;HG02820:2;HG02979:2;HG03195:2;NA19144:1	rs9349320	45269814	G	T	SNV	7	1	T	1:7	T:7	0	11	0						1	1	1	1
rs9349320	H580	2	HG02442:2;NA19248:1	rs9349320	45269814	G	T	SNV	2	1	T	1:2	T:2	0	11	0						1	1	1	1
rs9349320	H581	2	NA18964:2;NA19075:2	rs9349320	45269814	G	T	SNV	2	1	T	1:2	T:2	0	11	0						1	1	1	1
rs9349320	H582	2	HG00864:1;HG02386:2	rs9349320	45269814	G	T	SNV	2	1	T	1:2	T:2	0	11	0						1	1	1	1
rs9349320	H583	2	HG00476:1;HG00625:2	rs9349320	45269814	G	T	SNV	2	1	T	1:2	T:2	0	11	0						1	1	1	1
rs9349320	H584	2	HG01596:2;NA18530:2	rs9349320	45269814	G	T	SNV	2	1	T	1:2	T:2	0	11	0						1	1	1	1
rs9349320	H585	2	HG01841:1;HG02085:1	rs9349320	45269814	G	T	SNV	2	1	T	1:2	T:2	0	11	0						1	1	1	1
rs9349320	H586	2	HG03607:2;HG03757:1	rs9349320	45269814	G	T	SNV	2	1	T	1:2	T:2	0	11	0						1	1	1	1
rs9349320	H587	2	HG03750:2;HG03754:1	rs9349320	45269814	G	T	SNV	2	1	T	1:2	T:2	0	11	0						1	1	1	1
rs9349320	H588	2	HG00879:1;HG01031:2	rs9349320	45269814	G	T	SNV	2	1	T	1:2	T:2	0	11	0						1	1	1	1
rs9349320	H589	2	NA18971:1;NA18981:2	rs9349320	45269814	G	T	SNV	2	1	T	1:2	T:2	0	11	0						1	1	1	1
rs9349320	H59	7	HG01372:1;HG01678:1;HG01695:2;HG01927:1;HG01979:2;NA12776:2;NA20506:2	rs9349320	45269814	G	T	SNV	7	1	T	1:7	T:7	0	11	0						1	1	1	1
rs9349320	H590	2	HG03868:1;NA21102:1	rs9349320	45269814	G	T	SNV	2	1	T	1:2	T:2	0	11	0						1	1	1	1
rs9349320	H591	2	NA20911:1;NA21116:2	rs9349320	45269814	G	T	SNV	2	1	T	1:2	T:2	0	11	0						1	1	1	1
rs9349320	H592	2	HG03604:2;NA21114:2	rs9349320	45269814	G	T	SNV	2	1	T	1:2	T:2	0	11	0						1	1	1	1
rs9349320	H593	2	HG03770:1;HG03977:2	rs9349320	45269814	G	T	SNV	2	1	T	1:2	T:2	0	11	0						1	1	1	1
rs9349320	H594	2	HG03594:1;HG03885:1	rs9349320	45269814	G	T	SNV	2	1	T	1:2	T:2	0	11	0						1	1	1	1
rs9349320	H595	2	HG02073:2;HG02410:1	rs9349320	45269814	G	T	SNV	2	1	T	1:2	T:2	0	11	0						1	1	1	1
rs9349320	H596	2	NA18573:1;NA18642:1	rs9349320	45269814	G	T	SNV	2	1	T	1:2	T:2	0	11	0						1	1	1	1
rs9349320	H597	2	HG00611:1;HG01863:2	rs9349320	45269814	G	T	SNV	2	1	T	1:2	T:2	0	11	0						1	1	1	1
rs9349320	H598	2	NA18633:1;NA19009:2	rs9349320	45269814	G	T	SNV	2	1	T	1:2	T:2	0	11	0						1	1	1	1
rs9349320	H599	2	HG02780:1;HG03016:2	rs9349320	45269814	G	T	SNV	2	1	T	1:2	T:2	0	11	0						1	1	1	1
rs9349320	H6	18	HG01095:2;HG01177:2;HG01205:2;HG01342:1;HG01369:1;HG01918:2;HG01920:1;HG01951:1;HG01974:1;HG02105:2;HG02259:2;HG02265:1;HG02286:1;NA19676:2;NA19729:2;NA19752:1;NA19764:1;NA19788:2	rs9349320	45269814	G	T	SNV	18	1	T	1:18	T:18	0	11	1						1	1	1	1
rs9349320	H60	7	HG00472:2;HG01599:1;HG02075:1;HG02087:1;HG02141:1;NA18582:1;NA18636:1	rs9349320	45269814	G	T	SNV	7	1	T	1:7	T:7	0	11	0						1	1	1	1
rs9349320	H600	2	HG01958:1;NA19679:1	rs9349320	45269814	G	T	SNV	2	1	T	1:2	T:2	0	11	0						1	1	1	1
rs9349320	H601	2	HG00103:1;HG01779:1	rs9349320	45269814	G	T	SNV	2	1	T	1:2	T:2	0	11	0						1	1	1	1
rs9349320	H602	2	HG02143:2;HG03428:1	rs9349320	45269814	G	T	SNV	2	1	T	1:2	T:2	0	11	0						1	1	1	1
rs9349320	H603	2	HG02614:2;HG02772:2	rs9349320	45269814	G	T	SNV	2	1	T	1:2	T:2	0	11	0						1	1	1	1
rs9349320	H604	2	HG02571:2;HG02666:1	rs9349320	45269814	G	T	SNV	2	1	T	1:2	T:2	0	11	0						1	1	1	1
rs9349320	H605	2	HG02970:1;HG03268:2	rs9349320	45269814	G	T	SNV	2	1	T	1:2	T:2	0	11	0						1	1	1	1
rs9349320	H606	2	HG03455:1;HG03583:2	rs9349320	45269814	G	T	SNV	2	1	T	1:2	T:2	0	11	0						1	1	1	1
rs9349320	H607	2	HG04062:2;HG04171:2	rs9349320	45269814	G	T	SNV	2	1	T	1:2	T:2	0	11	0						1	1	1	1
rs9349320	H608	2	HG02731:1;HG04059:2	rs9349320	45269814	G	T	SNV	2	1	T	1:2	T:2	0	11	0						1	1	1	1
rs9349320	H609	2	HG02481:1;HG03556:2	rs9349320	45269814	G	T	SNV	2	1	T	1:2	T:2	0	11	0						1	1	1	1
rs9349320	H61	7	HG01990:2;HG03163:1;HG03294:1;HG03295:1;NA18861:2;NA19143:2;NA19713:1	rs9349320	45269814	G	T	SNV	7	1	T	1:7	T:7	0	11	0						1	1	1	1
rs9349320	H610	2	HG03367:1;NA18917:2	rs9349320	45269814	G	T	SNV	2	1	T	1:2	T:2	0	11	0						1	1	1	1
rs9349320	H611	2	HG03086:1;HG03479:2	rs9349320	45269814	G	T	SNV	2	1	T	1:2	T:2	0	11	0						1	1	1	1
rs9349320	H612	2	HG03279:1;NA19207:2	rs9349320	45269814	G	T	SNV	2	1	T	1:2	T:2	0	11	0						1	1	1	1
rs9349320	H613	2	NA19320:1;NA20357:1	rs9349320	45269814	G	T	SNV	2	1	T	1:2	T:2	0	11	0						1	1	1	1
rs9349320	H614	2	HG02497:2;NA19922:1	rs9349320	45269814	G	T	SNV	2	1	T	1:2	T:2	0	11	0						1	1	1	1
rs9349320	H615	1	NA18998:2	rs9349320	45269814	G	T	SNV	1	1	T	1:1	T:1	0	11	0						1	1	1	1
rs9349320	H616	1	NA19001:1	rs9349320	45269814	G	T	SNV	1	1	T	1:1	T:1	0	11	0						1	1	1	1
rs9349320	H617	1	NA18957:2	rs9349320	45269814	G	T	SNV	1	1	T	1:1	T:1	0	11	0						1	1	1	1
rs9349320	H618	1	NA19036:1	rs9349320	45269814	G	T	SNV	1	1	T	1:1	T:1	0	11	0						1	1	1	1
rs9349320	H619	1	NA19835:2	rs9349320	45269814	G	T	SNV	1	1	T	1:1	T:1	0	11	0						1	1	1	1
rs9349320	H62	7	HG03869:2;HG04059:1;HG04211:1;HG04211:2;NA18645:1;NA20856:1;NA20872:1	rs9349320	45269814	G	T	SNV	7	1	T	1:7	T:7	0	11	0						1	1	1	1
rs9349320	H620	1	NA19378:2	rs9349320	45269814	G	T	SNV	1	1	T	1:1	T:1	0	11	0						1	1	1	1
rs9349320	H621	1	HG03577:2	rs9349320	45269814	G	T	SNV	1	1	T	1:1	T:1	0	11	0						1	1	1	1
rs9349320	H622	1	HG01857:2	rs9349320	45269814	G	T	SNV	1	1	T	1:1	T:1	0	11	0						1	1	1	1
rs9349320	H623	1	HG03649:2	rs9349320	45269814	G	T	SNV	1	1	T	1:1	T:1	0	11	0						1	1	1	1
rs9349320	H624	1	HG02691:2	rs9349320	45269814	G	T	SNV	1	1	T	1:1	T:1	0	11	0						1	1	1	1
rs9349320	H625	1	HG03780:1	rs9349320	45269814	G	T	SNV	1	1	T	1:1	T:1	0	11	0						1	1	1	1
rs9349320	H626	1	HG03920:2	rs9349320	45269814	G	T	SNV	1	1	T	1:1	T:1	0	11	0						1	1	1	1
rs9349320	H627	1	HG00879:2	rs9349320	45269814	G	T	SNV	1	1	T	1:1	T:1	0	11	0						1	1	1	1
rs9349320	H628	1	HG03829:1	rs9349320	45269814	G	T	SNV	1	1	T	1:1	T:1	0	11	0						1	1	1	1
rs9349320	H629	1	HG03681:2	rs9349320	45269814	G	T	SNV	1	1	T	1:1	T:1	0	11	0						1	1	1	1
rs9349320	H63	7	HG02684:1;HG02789:2;HG03598:1;HG03690:2;HG03790:1;HG03867:2;NA21118:1	rs9349320	45269814	G	T	SNV	7	1	T	1:7	T:7	0	11	0						1	1	1	1
rs9349320	H630	1	NA21089:1	rs9349320	45269814	G	T	SNV	1	1	T	1:1	T:1	0	11	0						1	1	1	1
rs9349320	H631	1	HG03778:2	rs9349320	45269814	G	T	SNV	1	1	T	1:1	T:1	0	11	0						1	1	1	1
rs9349320	H632	1	HG03736:1	rs9349320	45269814	G	T	SNV	1	1	T	1:1	T:1	0	11	0						1	1	1	1
rs9349320	H633	1	NA20874:2	rs9349320	45269814	G	T	SNV	1	1	T	1:1	T:1	0	11	0						1	1	1	1
rs9349320	H634	1	HG03832:1	rs9349320	45269814	G	T	SNV	1	1	T	1:1	T:1	0	11	0						1	1	1	1
rs9349320	H635	1	HG02634:2	rs9349320	45269814	G	T	SNV	1	1	T	1:1	T:1	0	11	0						1	1	1	1
rs9349320	H636	1	NA19317:1	rs9349320	45269814	G	T	SNV	1	1	T	1:1	T:1	0	11	0						1	1	1	1
rs9349320	H637	1	NA19431:1	rs9349320	45269814	G	T	SNV	1	1	T	1:1	T:1	0	11	0						1	1	1	1
rs9349320	H638	1	HG02537:2	rs9349320	45269814	G	T	SNV	1	1	T	1:1	T:1	0	11	0						1	1	1	1
rs9349320	H639	1	NA19439:1	rs9349320	45269814	G	T	SNV	1	1	T	1:1	T:1	0	11	0						1	1	1	1
rs9349320	H64	6	HG02601:1;HG03663:2;HG03752:1;HG03836:1;HG03995:2;HG04047:1	rs9349320	45269814	G	T	SNV	6	1	T	1:6	T:6	0	11	0						1	1	1	1
rs9349320	H640	1	HG03343:1	rs9349320	45269814	G	T	SNV	1	1	T	1:1	T:1	0	11	0						1	1	1	1
rs9349320	H641	1	HG03111:1	rs9349320	45269814	G	T	SNV	1	1	T	1:1	T:1	0	11	0						1	1	1	1
rs9349320	H642	1	HG03129:2	rs9349320	45269814	G	T	SNV	1	1	T	1:1	T:1	0	11	0						1	1	1	1
rs9349320	H643	1	HG03265:1	rs9349320	45269814	G	T	SNV	1	1	T	1:1	T:1	0	11	0						1	1	1	1
rs9349320	H644	1	HG02573:2	rs9349320	45269814	G	T	SNV	1	1	T	1:1	T:1	0	11	0						1	1	1	1
rs9349320	H645	1	NA19334:2	rs9349320	45269814	G	T	SNV	1	1	T	1:1	T:1	0	11	0						1	1	1	1
rs9349320	H646	1	NA19360:1	rs9349320	45269814	G	T	SNV	1	1	T	1:1	T:1	0	11	0						1	1	1	1
rs9349320	H647	1	HG02577:2	rs9349320	45269814	G	T	SNV	1	1	T	1:1	T:1	0	11	0						1	1	1	1
rs9349320	H648	1	HG03472:1	rs9349320	45269814	G	T	SNV	1	1	T	1:1	T:1	0	11	0						1	1	1	1
rs9349320	H649	1	HG03247:1	rs9349320	45269814	G	T	SNV	1	1	T	1:1	T:1	0	11	0						1	1	1	1
rs9349320	H65	6	HG00331:1;HG01142:2;HG01524:1;HG01608:2;NA20588:2;NA20810:1	rs9349320	45269814	G	T	SNV	6	1	T	1:6	T:6	0	11	0						1	1	1	1
rs9349320	H650	1	HG03432:2	rs9349320	45269814	G	T	SNV	1	1	T	1:1	T:1	0	11	0						1	1	1	1
rs9349320	H651	1	HG01799:1	rs9349320	45269814	G	T	SNV	1	1	T	1:1	T:1	0	11	0						1	1	1	1
rs9349320	H652	1	NA18622:2	rs9349320	45269814	G	T	SNV	1	1	T	1:1	T:1	0	11	0						1	1	1	1
rs9349320	H653	1	NA18940:2	rs9349320	45269814	G	T	SNV	1	1	T	1:1	T:1	0	11	0						1	1	1	1
rs9349320	H654	1	HG02688:2	rs9349320	45269814	G	T	SNV	1	1	T	1:1	T:1	0	11	0						1	1	1	1
rs9349320	H655	1	HG03022:2	rs9349320	45269814	G	T	SNV	1	1	T	1:1	T:1	0	11	0						1	1	1	1
rs9349320	H656	1	HG02724:2	rs9349320	45269814	G	T	SNV	1	1	T	1:1	T:1	0	11	0						1	1	1	1
rs9349320	H657	1	HG03270:2	rs9349320	45269814	G	T	SNV	1	1	T	1:1	T:1	0	11	0						1	1	1	1
rs9349320	H658	1	NA18923:2	rs9349320	45269814	G	T	SNV	1	1	T	1:1	T:1	0	11	0						1	1	1	1
rs9349320	H659	1	NA19463:2	rs9349320	45269814	G	T	SNV	1	1	T	1:1	T:1	0	11	0						1	1	1	1
rs9349320	H66	6	HG00479:2;HG00701:1;HG01810:2;HG01848:1;HG02345:1;NA18635:1	rs9349320	45269814	G	T	SNV	6	1	T	1:6	T:6	0	11	0						1	1	1	1
rs9349320	H660	1	NA18908:2	rs9349320	45269814	G	T	SNV	1	1	T	1:1	T:1	0	11	0						1	1	1	1
rs9349320	H661	1	NA19391:2	rs9349320	45269814	G	T	SNV	1	1	T	1:1	T:1	0	11	0						1	1	1	1
rs9349320	H662	1	HG03126:2	rs9349320	45269814	G	T	SNV	1	1	T	1:1	T:1	0	11	0						1	1	1	1
rs9349320	H663	1	HG02594:2	rs9349320	45269814	G	T	SNV	1	1	T	1:1	T:1	0	11	0						1	1	1	1
rs9349320	H664	1	HG02804:2	rs9349320	45269814	G	T	SNV	1	1	T	1:1	T:1	0	11	0						1	1	1	1
rs9349320	H665	1	NA19175:2	rs9349320	45269814	G	T	SNV	1	1	T	1:1	T:1	0	11	0						1	1	1	1
rs9349320	H666	1	HG03073:2	rs9349320	45269814	G	T	SNV	1	1	T	1:1	T:1	0	11	0						1	1	1	1
rs9349320	H667	1	HG03578:2	rs9349320	45269814	G	T	SNV	1	1	T	1:1	T:1	0	11	0						1	1	1	1
rs9349320	H668	1	HG03397:2	rs9349320	45269814	G	T	SNV	1	1	T	1:1	T:1	0	11	0						1	1	1	1
rs9349320	H669	1	HG02703:2	rs9349320	45269814	G	T	SNV	1	1	T	1:1	T:1	0	11	0						1	1	1	1
rs9349320	H67	6	HG00181:1;HG02792:2;HG03668:2;HG03693:1;HG03775:1;NA20911:2	rs9349320	45269814	G	T	SNV	6	1	T	1:6	T:6	0	11	0						1	1	1	1
rs9349320	H670	1	HG02771:1	rs9349320	45269814	G	T	SNV	1	1	T	1:1	T:1	0	11	0						1	1	1	1
rs9349320	H671	1	HG03054:1	rs9349320	45269814	G	T	SNV	1	1	T	1:1	T:1	0	11	0						1	1	1	1
rs9349320	H672	1	NA18879:2	rs9349320	45269814	G	T	SNV	1	1	T	1:1	T:1	0	11	0						1	1	1	1
rs9349320	H673	1	HG03120:1	rs9349320	45269814	G	T	SNV	1	1	T	1:1	T:1	0	11	0						1	1	1	1
rs9349320	H674	1	HG03397:1	rs9349320	45269814	G	T	SNV	1	1	T	1:1	T:1	0	11	0						1	1	1	1
rs9349320	H675	1	NA19331:2	rs9349320	45269814	G	T	SNV	1	1	T	1:1	T:1	0	11	0						1	1	1	1
rs9349320	H676	1	HG02804:1	rs9349320	45269814	G	T	SNV	1	1	T	1:1	T:1	0	11	0						1	1	1	1
rs9349320	H677	1	HG03567:2	rs9349320	45269814	G	T	SNV	1	1	T	1:1	T:1	0	11	0						1	1	1	1
rs9349320	H678	1	HG03378:2	rs9349320	45269814	G	T	SNV	1	1	T	1:1	T:1	0	11	0						1	1	1	1
rs9349320	H679	1	HG02836:2	rs9349320	45269814	G	T	SNV	1	1	T	1:1	T:1	0	11	0						1	1	1	1
rs9349320	H68	6	HG00131:2;HG00356:1;HG00361:2;HG01312:1;HG01441:1;NA19794:2	rs9349320	45269814	G	T	SNV	6	1	T	1:6	T:6	0	11	0						1	1	1	1
rs9349320	H680	1	HG03175:2	rs9349320	45269814	G	T	SNV	1	1	T	1:1	T:1	0	11	0						1	1	1	1
rs9349320	H681	1	HG02624:2	rs9349320	45269814	G	T	SNV	1	1	T	1:1	T:1	0	11	0						1	1	1	1
rs9349320	H682	1	NA19319:2	rs9349320	45269814	G	T	SNV	1	1	T	1:1	T:1	0	11	0						1	1	1	1
rs9349320	H683	1	NA19131:2	rs9349320	45269814	G	T	SNV	1	1	T	1:1	T:1	0	11	0						1	1	1	1
rs9349320	H684	1	HG03382:1	rs9349320	45269814	G	T	SNV	1	1	T	1:1	T:1	0	11	0						1	1	1	1
rs9349320	H685	1	HG03049:2	rs9349320	45269814	G	T	SNV	1	1	T	1:1	T:1	0	11	0						1	1	1	1
rs9349320	H686	1	HG02757:1	rs9349320	45269814	G	T	SNV	1	1	T	1:1	T:1	0	11	0						1	1	1	1
rs9349320	H687	1	HG02562:1	rs9349320	45269814	G	T	SNV	1	1	T	1:1	T:1	0	11	0						1	1	1	1
rs9349320	H688	1	HG02461:1	rs9349320	45269814	G	T	SNV	1	1	T	1:1	T:1	0	11	0						1	1	1	1
rs9349320	H689	1	HG02465:1	rs9349320	45269814	G	T	SNV	1	1	T	1:1	T:1	0	11	0						1	1	1	1
rs9349320	H69	6	HG00130:1;HG00330:2;HG00346:1;NA12006:1;NA20801:2;NA20828:1	rs9349320	45269814	G	T	SNV	6	1	T	1:6	T:6	0	11	0						1	1	1	1
rs9349320	H690	1	HG01985:1	rs9349320	45269814	G	T	SNV	1	1	T	1:1	T:1	0	11	0						1	1	1	1
rs9349320	H691	1	HG01088:1	rs9349320	45269814	G	T	SNV	1	1	T	1:1	T:1	0	11	0						1	1	1	1
rs9349320	H692	1	HG02941:1	rs9349320	45269814	G	T	SNV	1	1	T	1:1	T:1	0	11	0						1	1	1	1
rs9349320	H693	1	HG03025:1	rs9349320	45269814	G	T	SNV	1	1	T	1:1	T:1	0	11	0						1	1	1	1
rs9349320	H694	1	NA19434:1	rs9349320	45269814	G	T	SNV	1	1	T	1:1	T:1	0	11	0						1	1	1	1
rs9349320	H695	1	HG03446:2	rs9349320	45269814	G	T	SNV	1	1	T	1:1	T:1	0	11	0						1	1	1	1
rs9349320	H696	1	HG02860:1	rs9349320	45269814	G	T	SNV	1	1	T	1:1	T:1	0	11	0						1	1	1	1
rs9349320	H697	1	NA19223:2	rs9349320	45269814	G	T	SNV	1	1	T	1:1	T:1	0	11	0						1	1	1	1
rs9349320	H698	1	HG02941:2	rs9349320	45269814	G	T	SNV	1	1	T	1:1	T:1	0	11	0						1	1	1	1
rs9349320	H699	1	HG02836:1	rs9349320	45269814	G	T	SNV	1	1	T	1:1	T:1	0	11	0						1	1	1	1
rs9349320	H7	17	HG01047:2;HG01302:1;HG01353:1;HG01461:2;HG01927:2;HG01936:1;HG01982:1;HG01991:1;HG02002:1;HG02259:1;HG02274:2;HG02277:2;NA19726:1;NA19735:1;NA19755:2;NA19764:2;NA19780:1	rs9349320	45269814	G	T	SNV	17	1	T	1:17	T:17	0	11	1						1	1	1	1
rs9349320	H70	6	HG01882:1;HG02315:1;HG02484:2;HG03436:2;NA18505:2;NA18853:2	rs9349320	45269814	G	T	SNV	6	1	T	1:6	T:6	0	11	0						1	1	1	1
rs9349320	H700	1	NA18486:2	rs9349320	45269814	G	T	SNV	1	1	T	1:1	T:1	0	11	0						1	1	1	1
rs9349320	H701	1	NA18907:1	rs9349320	45269814	G	T	SNV	1	1	T	1:1	T:1	0	11	0						1	1	1	1
rs9349320	H702	1	HG03028:2	rs9349320	45269814	G	T	SNV	1	1	T	1:1	T:1	0	11	0						1	1	1	1
rs9349320	H703	1	HG03072:2	rs9349320	45269814	G	T	SNV	1	1	T	1:1	T:1	0	11	0						1	1	1	1
rs9349320	H704	1	HG02722:2	rs9349320	45269814	G	T	SNV	1	1	T	1:1	T:1	0	11	0						1	1	1	1
rs9349320	H705	1	NA19439:2	rs9349320	45269814	G	T	SNV	1	1	T	1:1	T:1	0	11	0						1	1	1	1
rs9349320	H706	1	NA19043:2	rs9349320	45269814	G	T	SNV	1	1	T	1:1	T:1	0	11	0						1	1	1	1
rs9349320	H707	1	NA19712:1	rs9349320	45269814	G	T	SNV	1	1	T	1:1	T:1	0	11	0						1	1	1	1
rs9349320	H708	1	NA19473:1	rs9349320	45269814	G	T	SNV	1	1	T	1:1	T:1	0	11	0						1	1	1	1
rs9349320	H709	1	HG03446:1	rs9349320	45269814	G	T	SNV	1	1	T	1:1	T:1	0	11	0						1	1	1	1
rs9349320	H71	6	HG03595:1;HG03634:1;HG03775:2;HG03900:1;HG03967:2;HG04164:2	rs9349320	45269814	G	T	SNV	6	1	T	1:6	T:6	0	11	0						1	1	1	1
rs9349320	H710	1	HG03159:2	rs9349320	45269814	G	T	SNV	1	1	T	1:1	T:1	0	11	0						1	1	1	1
rs9349320	H711	1	NA19474:2	rs9349320	45269814	G	T	SNV	1	1	T	1:1	T:1	0	11	0						1	1	1	1
rs9349320	H712	1	HG03301:1	rs9349320	45269814	G	T	SNV	1	1	T	1:1	T:1	0	11	0						1	1	1	1
rs9349320	H713	1	NA20348:1	rs9349320	45269814	G	T	SNV	1	1	T	1:1	T:1	0	11	0						1	1	1	1
rs9349320	H714	1	NA19456:2	rs9349320	45269814	G	T	SNV	1	1	T	1:1	T:1	0	11	0						1	1	1	1
rs9349320	H715	1	HG02628:2	rs9349320	45269814	G	T	SNV	1	1	T	1:1	T:1	0	11	0						1	1	1	1
rs9349320	H716	1	HG02634:1	rs9349320	45269814	G	T	SNV	1	1	T	1:1	T:1	0	11	0						1	1	1	1
rs9349320	H717	1	HG01988:1	rs9349320	45269814	G	T	SNV	1	1	T	1:1	T:1	0	11	0						1	1	1	1
rs9349320	H718	1	HG02816:2	rs9349320	45269814	G	T	SNV	1	1	T	1:1	T:1	0	11	0						1	1	1	1
rs9349320	H719	1	HG03410:1	rs9349320	45269814	G	T	SNV	1	1	T	1:1	T:1	0	11	0						1	1	1	1
rs9349320	H72	6	HG00251:1;HG01176:1;HG02284:2;HG03805:2;NA11840:2;NA12813:1	rs9349320	45269814	G	T	SNV	6	1	T	1:6	T:6	0	11	0						1	1	1	1
rs9349320	H720	1	NA19319:1	rs9349320	45269814	G	T	SNV	1	1	T	1:1	T:1	0	11	0						1	1	1	1
rs9349320	H721	1	NA19239:2	rs9349320	45269814	G	T	SNV	1	1	T	1:1	T:1	0	11	0						1	1	1	1
rs9349320	H722	1	HG03437:1	rs9349320	45269814	G	T	SNV	1	1	T	1:1	T:1	0	11	0						1	1	1	1
rs9349320	H723	1	NA19143:1	rs9349320	45269814	G	T	SNV	1	1	T	1:1	T:1	0	11	0						1	1	1	1
rs9349320	H724	1	HG03304:2	rs9349320	45269814	G	T	SNV	1	1	T	1:1	T:1	0	11	0						1	1	1	1
rs9349320	H725	1	HG03363:1	rs9349320	45269814	G	T	SNV	1	1	T	1:1	T:1	0	11	0						1	1	1	1
rs9349320	H726	1	HG02322:2	rs9349320	45269814	G	T	SNV	1	1	T	1:1	T:1	0	11	0						1	1	1	1
rs9349320	H727	1	HG02968:1	rs9349320	45269814	G	T	SNV	1	1	T	1:1	T:1	0	11	0						1	1	1	1
rs9349320	H728	1	HG02558:2	rs9349320	45269814	G	T	SNV	1	1	T	1:1	T:1	0	11	0						1	1	1	1
rs9349320	H729	1	NA19473:2	rs9349320	45269814	G	T	SNV	1	1	T	1:1	T:1	0	11	0						1	1	1	1
rs9349320	H73	6	HG00476:2;HG00632:2;HG00701:2;HG02017:1;HG02407:1;NA18613:1	rs9349320	45269814	G	T	SNV	6	1	T	1:6	T:6	0	11	0						1	1	1	1
rs9349320	H730	1	HG03470:1	rs9349320	45269814	G	T	SNV	1	1	T	1:1	T:1	0	11	0						1	1	1	1
rs9349320	H731	1	HG01879:2	rs9349320	45269814	G	T	SNV	1	1	T	1:1	T:1	0	11	0						1	1	1	1
rs9349320	H732	1	HG02589:1	rs9349320	45269814	G	T	SNV	1	1	T	1:1	T:1	0	11	0						1	1	1	1
rs9349320	H733	1	HG03499:1	rs9349320	45269814	G	T	SNV	1	1	T	1:1	T:1	0	11	0						1	1	1	1
rs9349320	H734	1	HG03049:1	rs9349320	45269814	G	T	SNV	1	1	T	1:1	T:1	0	11	0						1	1	1	1
rs9349320	H735	1	NA19704:1	rs9349320	45269814	G	T	SNV	1	1	T	1:1	T:1	0	11	0						1	1	1	1
rs9349320	H736	1	NA18908:1	rs9349320	45269814	G	T	SNV	1	1	T	1:1	T:1	0	11	0						1	1	1	1
rs9349320	H737	1	NA19171:2	rs9349320	45269814	G	T	SNV	1	1	T	1:1	T:1	0	11	0						1	1	1	1
rs9349320	H738	1	HG03385:2	rs9349320	45269814	G	T	SNV	1	1	T	1:1	T:1	0	11	0						1	1	1	1
rs9349320	H739	1	NA18878:2	rs9349320	45269814	G	T	SNV	1	1	T	1:1	T:1	0	11	0						1	1	1	1
rs9349320	H74	6	HG00106:2;HG00251:2;HG02224:2;NA07051:2;NA20799:1;NA20812:1	rs9349320	45269814	G	T	SNV	6	1	T	1:6	T:6	0	11	0						1	1	1	1
rs9349320	H740	1	HG02976:2	rs9349320	45269814	G	T	SNV	1	1	T	1:1	T:1	0	11	0						1	1	1	1
rs9349320	H741	1	HG03455:2	rs9349320	45269814	G	T	SNV	1	1	T	1:1	T:1	0	11	0						1	1	1	1
rs9349320	H742	1	NA18912:1	rs9349320	45269814	G	T	SNV	1	1	T	1:1	T:1	0	11	0						1	1	1	1
rs9349320	H743	1	HG03563:2	rs9349320	45269814	G	T	SNV	1	1	T	1:1	T:1	0	11	0						1	1	1	1
rs9349320	H744	1	HG03449:2	rs9349320	45269814	G	T	SNV	1	1	T	1:1	T:1	0	11	0						1	1	1	1
rs9349320	H745	1	NA19247:2	rs9349320	45269814	G	T	SNV	1	1	T	1:1	T:1	0	11	0						1	1	1	1
rs9349320	H746	1	HG03428:2	rs9349320	45269814	G	T	SNV	1	1	T	1:1	T:1	0	11	0						1	1	1	1
rs9349320	H747	1	HG03126:1	rs9349320	45269814	G	T	SNV	1	1	T	1:1	T:1	0	11	0						1	1	1	1
rs9349320	H748	1	NA18873:2	rs9349320	45269814	G	T	SNV	1	1	T	1:1	T:1	0	11	0						1	1	1	1
rs9349320	H749	1	NA19701:1	rs9349320	45269814	G	T	SNV	1	1	T	1:1	T:1	0	11	0						1	1	1	1
rs9349320	H75	6	HG03793:2;NA20752:2;NA20867:1;NA20868:1;NA21107:1;NA21117:1	rs9349320	45269814	G	T	SNV	6	1	T	1:6	T:6	0	11	0						1	1	1	1
rs9349320	H750	1	HG03084:1	rs9349320	45269814	G	T	SNV	1	1	T	1:1	T:1	0	11	0						1	1	1	1
rs9349320	H751	1	HG02702:1	rs9349320	45269814	G	T	SNV	1	1	T	1:1	T:1	0	11	0						1	1	1	1
rs9349320	H752	1	HG02629:2	rs9349320	45269814	G	T	SNV	1	1	T	1:1	T:1	0	11	0						1	1	1	1
rs9349320	H753	1	HG03241:1	rs9349320	45269814	G	T	SNV	1	1	T	1:1	T:1	0	11	0						1	1	1	1
rs9349320	H754	1	HG03442:2	rs9349320	45269814	G	T	SNV	1	1	T	1:1	T:1	0	11	0						1	1	1	1
rs9349320	H755	1	HG02471:1	rs9349320	45269814	G	T	SNV	1	1	T	1:1	T:1	0	11	0						1	1	1	1
rs9349320	H756	1	HG02628:1	rs9349320	45269814	G	T	SNV	1	1	T	1:1	T:1	0	11	0						1	1	1	1
rs9349320	H757	1	HG01092:1	rs9349320	45269814	G	T	SNV	1	1	T	1:1	T:1	0	11	0						1	1	1	1
rs9349320	H758	1	NA19472:2	rs9349320	45269814	G	T	SNV	1	1	T	1:1	T:1	0	11	0						1	1	1	1
rs9349320	H759	1	NA18520:2	rs9349320	45269814	G	T	SNV	1	1	T	1:1	T:1	0	11	0						1	1	1	1
rs9349320	H76	6	HG00404:1;HG00610:1;HG00628:2;NA19054:2;NA19077:2;NA19091:1	rs9349320	45269814	G	T	SNV	6	1	T	1:6	T:6	0	11	0						1	1	1	1
rs9349320	H760	1	HG03115:1	rs9349320	45269814	G	T	SNV	1	1	T	1:1	T:1	0	11	0						1	1	1	1
rs9349320	H761	1	HG03460:1	rs9349320	45269814	G	T	SNV	1	1	T	1:1	T:1	0	11	0						1	1	1	1
rs9349320	H762	1	HG03378:1	rs9349320	45269814	G	T	SNV	1	1	T	1:1	T:1	0	11	0						1	1	1	1
rs9349320	H763	1	HG03258:2	rs9349320	45269814	G	T	SNV	1	1	T	1:1	T:1	0	11	0						1	1	1	1
rs9349320	H764	1	HG03055:1	rs9349320	45269814	G	T	SNV	1	1	T	1:1	T:1	0	11	0						1	1	1	1
rs9349320	H765	1	HG02325:1	rs9349320	45269814	G	T	SNV	1	1	T	1:1	T:1	0	11	0						1	1	1	1
rs9349320	H766	1	HG03060:2	rs9349320	45269814	G	T	SNV	1	1	T	1:1	T:1	0	11	0						1	1	1	1
rs9349320	H767	1	HG02675:2	rs9349320	45269814	G	T	SNV	1	1	T	1:1	T:1	0	11	0						1	1	1	1
rs9349320	H768	1	HG02462:1	rs9349320	45269814	G	T	SNV	1	1	T	1:1	T:1	0	11	0						1	1	1	1
rs9349320	H769	1	HG02557:1	rs9349320	45269814	G	T	SNV	1	1	T	1:1	T:1	0	11	0						1	1	1	1
rs9349320	H77	6	HG01965:1;HG02012:1;HG02281:1;HG02339:1;HG03124:2;HG03139:1	rs9349320	45269814	G	T	SNV	6	1	T	1:6	T:6	0	11	0						1	1	1	1
rs9349320	H770	1	NA19314:2	rs9349320	45269814	G	T	SNV	1	1	T	1:1	T:1	0	11	0						1	1	1	1
rs9349320	H771	1	NA19020:1	rs9349320	45269814	G	T	SNV	1	1	T	1:1	T:1	0	11	0						1	1	1	1
rs9349320	H772	1	HG03578:1	rs9349320	45269814	G	T	SNV	1	1	T	1:1	T:1	0	11	0						1	1	1	1
rs9349320	H773	1	NA19171:1	rs9349320	45269814	G	T	SNV	1	1	T	1:1	T:1	0	11	0						1	1	1	1
rs9349320	H774	1	HG02573:1	rs9349320	45269814	G	T	SNV	1	1	T	1:1	T:1	0	11	0						1	1	1	1
rs9349320	H775	1	NA20296:1	rs9349320	45269814	G	T	SNV	1	1	T	1:1	T:1	0	11	0						1	1	1	1
rs9349320	H776	1	HG02922:1	rs9349320	45269814	G	T	SNV	1	1	T	1:1	T:1	0	11	0						1	1	1	1
rs9349320	H777	1	NA18538:2	rs9349320	45269814	G	T	SNV	1	1	T	1:1	T:1	0	11	0						1	1	1	1
rs9349320	H778	1	NA18640:2	rs9349320	45269814	G	T	SNV	1	1	T	1:1	T:1	0	11	0						1	1	1	1
rs9349320	H779	1	NA18563:2	rs9349320	45269814	G	T	SNV	1	1	T	1:1	T:1	0	11	0						1	1	1	1
rs9349320	H78	6	HG01198:2;HG01325:2;HG01631:1;NA20274:1;NA20538:2;NA20765:2	rs9349320	45269814	G	T	SNV	6	1	T	1:6	T:6	0	11	0						1	1	1	1
rs9349320	H780	1	HG01873:1	rs9349320	45269814	G	T	SNV	1	1	T	1:1	T:1	0	11	0						1	1	1	1
rs9349320	H781	1	HG02072:1	rs9349320	45269814	G	T	SNV	1	1	T	1:1	T:1	0	11	0						1	1	1	1
rs9349320	H782	1	NA18579:2	rs9349320	45269814	G	T	SNV	1	1	T	1:1	T:1	0	11	0						1	1	1	1
rs9349320	H783	1	HG03594:2	rs9349320	45269814	G	T	SNV	1	1	T	1:1	T:1	0	11	0						1	1	1	1
rs9349320	H784	1	HG01794:1	rs9349320	45269814	G	T	SNV	1	1	T	1:1	T:1	0	11	0						1	1	1	1
rs9349320	H785	1	HG02522:2	rs9349320	45269814	G	T	SNV	1	1	T	1:1	T:1	0	11	0						1	1	1	1
rs9349320	H786	1	HG01845:2	rs9349320	45269814	G	T	SNV	1	1	T	1:1	T:1	0	11	0						1	1	1	1
rs9349320	H787	1	HG02134:2	rs9349320	45269814	G	T	SNV	1	1	T	1:1	T:1	0	11	0						1	1	1	1
rs9349320	H788	1	HG01858:2	rs9349320	45269814	G	T	SNV	1	1	T	1:1	T:1	0	11	0						1	1	1	1
rs9349320	H789	1	NA18954:2	rs9349320	45269814	G	T	SNV	1	1	T	1:1	T:1	0	11	0						1	1	1	1
rs9349320	H79	6	HG00176:1;HG00381:1;NA06986:2;NA10847:2;NA11843:2;NA11892:1	rs9349320	45269814	G	T	SNV	6	1	T	1:6	T:6	0	11	0						1	1	1	1
rs9349320	H790	1	HG02156:2	rs9349320	45269814	G	T	SNV	1	1	T	1:1	T:1	0	11	0						1	1	1	1
rs9349320	H791	1	HG02073:1	rs9349320	45269814	G	T	SNV	1	1	T	1:1	T:1	0	11	0						1	1	1	1
rs9349320	H792	1	NA18990:2	rs9349320	45269814	G	T	SNV	1	1	T	1:1	T:1	0	11	0						1	1	1	1
rs9349320	H793	1	NA19055:1	rs9349320	45269814	G	T	SNV	1	1	T	1:1	T:1	0	11	0						1	1	1	1
rs9349320	H794	1	NA18967:2	rs9349320	45269814	G	T	SNV	1	1	T	1:1	T:1	0	11	0						1	1	1	1
rs9349320	H795	1	HG00653:2	rs9349320	45269814	G	T	SNV	1	1	T	1:1	T:1	0	11	0						1	1	1	1
rs9349320	H796	1	NA18611:1	rs9349320	45269814	G	T	SNV	1	1	T	1:1	T:1	0	11	0						1	1	1	1
rs9349320	H797	1	NA19067:1	rs9349320	45269814	G	T	SNV	1	1	T	1:1	T:1	0	11	0						1	1	1	1
rs9349320	H798	1	NA18992:2	rs9349320	45269814	G	T	SNV	1	1	T	1:1	T:1	0	11	0						1	1	1	1
rs9349320	H799	1	NA18537:1	rs9349320	45269814	G	T	SNV	1	1	T	1:1	T:1	0	11	0						1	1	1	1
rs9349320	H8	17	HG00130:2;HG00140:2;HG00151:1;HG00232:1;HG00258:1;HG00309:1;HG00324:1;HG00356:2;HG00358:1;HG01275:2;HG01342:2;HG01486:2;HG01620:2;HG01670:2;NA12878:1;NA20529:1;NA20763:2	rs9349320	45269814	G	T	SNV	17	1	T	1:17	T:17	0	11	1						1	1	1	1
rs9349320	H80	6	HG00278:2;HG00335:1;NA12829:2;NA20762:1;NA20803:1;NA20894:2	rs9349320	45269814	G	T	SNV	6	1	T	1:6	T:6	0	11	0						1	1	1	1
rs9349320	H800	1	NA19057:1	rs9349320	45269814	G	T	SNV	1	1	T	1:1	T:1	0	11	0						1	1	1	1
rs9349320	H801	1	NA19087:2	rs9349320	45269814	G	T	SNV	1	1	T	1:1	T:1	0	11	0						1	1	1	1
rs9349320	H802	1	NA19066:2	rs9349320	45269814	G	T	SNV	1	1	T	1:1	T:1	0	11	0						1	1	1	1
rs9349320	H803	1	NA19059:1	rs9349320	45269814	G	T	SNV	1	1	T	1:1	T:1	0	11	0						1	1	1	1
rs9349320	H804	1	NA18962:2	rs9349320	45269814	G	T	SNV	1	1	T	1:1	T:1	0	11	0						1	1	1	1
rs9349320	H805	1	NA19006:1	rs9349320	45269814	G	T	SNV	1	1	T	1:1	T:1	0	11	0						1	1	1	1
rs9349320	H806	1	HG03821:1	rs9349320	45269814	G	T	SNV	1	1	T	1:1	T:1	0	11	0						1	1	1	1
rs9349320	H807	1	HG03803:2	rs9349320	45269814	G	T	SNV	1	1	T	1:1	T:1	0	11	0						1	1	1	1
rs9349320	H808	1	NA18969:2	rs9349320	45269814	G	T	SNV	1	1	T	1:1	T:1	0	11	0						1	1	1	1
rs9349320	H809	1	HG00592:2	rs9349320	45269814	G	T	SNV	1	1	T	1:1	T:1	0	11	0						1	1	1	1
rs9349320	H81	6	HG01956:2;HG02010:1;NA20516:1;NA20785:1;NA20803:2;NA20863:2	rs9349320	45269814	G	T	SNV	6	1	T	1:6	T:6	0	11	0						1	1	1	1
rs9349320	H810	1	HG00102:1	rs9349320	45269814	G	T	SNV	1	1	T	1:1	T:1	0	11	0						1	1	1	1
rs9349320	H811	1	HG00138:1	rs9349320	45269814	G	T	SNV	1	1	T	1:1	T:1	0	11	0						1	1	1	1
rs9349320	H812	1	HG00133:2	rs9349320	45269814	G	T	SNV	1	1	T	1:1	T:1	0	11	0						1	1	1	1
rs9349320	H813	1	HG00717:1	rs9349320	45269814	G	T	SNV	1	1	T	1:1	T:1	0	11	0						1	1	1	1
rs9349320	H814	1	HG00479:1	rs9349320	45269814	G	T	SNV	1	1	T	1:1	T:1	0	11	0						1	1	1	1
rs9349320	H815	1	NA18745:1	rs9349320	45269814	G	T	SNV	1	1	T	1:1	T:1	0	11	0						1	1	1	1
rs9349320	H816	1	HG01805:1	rs9349320	45269814	G	T	SNV	1	1	T	1:1	T:1	0	11	0						1	1	1	1
rs9349320	H817	1	NA19068:1	rs9349320	45269814	G	T	SNV	1	1	T	1:1	T:1	0	11	0						1	1	1	1
rs9349320	H818	1	NA18960:2	rs9349320	45269814	G	T	SNV	1	1	T	1:1	T:1	0	11	0						1	1	1	1
rs9349320	H819	1	HG01377:2	rs9349320	45269814	G	T	SNV	1	1	T	1:1	T:1	0	11	0						1	1	1	1
rs9349320	H82	6	HG00188:1;HG00360:1;HG01125:1;HG01269:2;NA12155:1;NA20541:2	rs9349320	45269814	G	T	SNV	6	1	T	1:6	T:6	0	11	0						1	1	1	1
rs9349320	H820	1	NA18617:2	rs9349320	45269814	G	T	SNV	1	1	T	1:1	T:1	0	11	0						1	1	1	1
rs9349320	H821	1	HG00525:2	rs9349320	45269814	G	T	SNV	1	1	T	1:1	T:1	0	11	0						1	1	1	1
rs9349320	H822	1	HG00674:2	rs9349320	45269814	G	T	SNV	1	1	T	1:1	T:1	0	11	0						1	1	1	1
rs9349320	H823	1	HG02351:2	rs9349320	45269814	G	T	SNV	1	1	T	1:1	T:1	0	11	0						1	1	1	1
rs9349320	H824	1	HG01271:2	rs9349320	45269814	G	T	SNV	1	1	T	1:1	T:1	0	11	0						1	1	1	1
rs9349320	H825	1	NA18966:2	rs9349320	45269814	G	T	SNV	1	1	T	1:1	T:1	0	11	0						1	1	1	1
rs9349320	H826	1	NA19003:2	rs9349320	45269814	G	T	SNV	1	1	T	1:1	T:1	0	11	0						1	1	1	1
rs9349320	H827	1	HG00259:1	rs9349320	45269814	G	T	SNV	1	1	T	1:1	T:1	0	11	0						1	1	1	1
rs9349320	H828	1	HG03950:2	rs9349320	45269814	G	T	SNV	1	1	T	1:1	T:1	0	11	0						1	1	1	1
rs9349320	H829	1	HG00978:2	rs9349320	45269814	G	T	SNV	1	1	T	1:1	T:1	0	11	0						1	1	1	1
rs9349320	H83	6	HG03593:1;HG03755:1;HG03781:2;HG03871:1;HG03920:1;HG04212:2	rs9349320	45269814	G	T	SNV	6	1	T	1:6	T:6	0	11	0						1	1	1	1
rs9349320	H830	1	HG01200:1	rs9349320	45269814	G	T	SNV	1	1	T	1:1	T:1	0	11	0						1	1	1	1
rs9349320	H831	1	HG01101:1	rs9349320	45269814	G	T	SNV	1	1	T	1:1	T:1	0	11	0						1	1	1	1
rs9349320	H832	1	HG03978:2	rs9349320	45269814	G	T	SNV	1	1	T	1:1	T:1	0	11	0						1	1	1	1
rs9349320	H833	1	HG00651:1	rs9349320	45269814	G	T	SNV	1	1	T	1:1	T:1	0	11	0						1	1	1	1
rs9349320	H834	1	HG04225:2	rs9349320	45269814	G	T	SNV	1	1	T	1:1	T:1	0	11	0						1	1	1	1
rs9349320	H835	1	HG03837:2	rs9349320	45269814	G	T	SNV	1	1	T	1:1	T:1	0	11	0						1	1	1	1
rs9349320	H836	1	HG03882:2	rs9349320	45269814	G	T	SNV	1	1	T	1:1	T:1	0	11	0						1	1	1	1
rs9349320	H837	1	HG04140:1	rs9349320	45269814	G	T	SNV	1	1	T	1:1	T:1	0	11	0						1	1	1	1
rs9349320	H838	1	HG03640:2	rs9349320	45269814	G	T	SNV	1	1	T	1:1	T:1	0	11	0						1	1	1	1
rs9349320	H839	1	NA20896:1	rs9349320	45269814	G	T	SNV	1	1	T	1:1	T:1	0	11	0						1	1	1	1
rs9349320	H84	6	HG02009:2;HG02546:1;HG02878:1;HG03517:2;NA19092:1;NA20318:2	rs9349320	45269814	G	T	SNV	6	1	T	1:6	T:6	0	11	0						1	1	1	1
rs9349320	H840	1	NA21124:1	rs9349320	45269814	G	T	SNV	1	1	T	1:1	T:1	0	11	0						1	1	1	1
rs9349320	H841	1	HG02522:1	rs9349320	45269814	G	T	SNV	1	1	T	1:1	T:1	0	11	0						1	1	1	1
rs9349320	H842	1	HG04022:1	rs9349320	45269814	G	T	SNV	1	1	T	1:1	T:1	0	11	0						1	1	1	1
rs9349320	H843	1	HG03888:1	rs9349320	45269814	G	T	SNV	1	1	T	1:1	T:1	0	11	0						1	1	1	1
rs9349320	H844	1	HG02658:1	rs9349320	45269814	G	T	SNV	1	1	T	1:1	T:1	0	11	0						1	1	1	1
rs9349320	H845	1	HG02396:2	rs9349320	45269814	G	T	SNV	1	1	T	1:1	T:1	0	11	0						1	1	1	1
rs9349320	H846	1	HG02185:2	rs9349320	45269814	G	T	SNV	1	1	T	1:1	T:1	0	11	0						1	1	1	1
rs9349320	H847	1	HG00451:1	rs9349320	45269814	G	T	SNV	1	1	T	1:1	T:1	0	11	0						1	1	1	1
rs9349320	H848	1	HG03202:1	rs9349320	45269814	G	T	SNV	1	1	T	1:1	T:1	0	11	0						1	1	1	1
rs9349320	H849	1	HG03376:2	rs9349320	45269814	G	T	SNV	1	1	T	1:1	T:1	0	11	0						1	1	1	1
rs9349320	H85	6	HG03073:1;HG03088:1;HG03271:2;NA19117:1;NA19209:2;NA19461:1	rs9349320	45269814	G	T	SNV	6	1	T	1:6	T:6	0	11	0						1	1	1	1
rs9349320	H850	1	NA18531:1	rs9349320	45269814	G	T	SNV	1	1	T	1:1	T:1	0	11	0						1	1	1	1
rs9349320	H851	1	NA20882:2	rs9349320	45269814	G	T	SNV	1	1	T	1:1	T:1	0	11	0						1	1	1	1
rs9349320	H852	1	NA20900:2	rs9349320	45269814	G	T	SNV	1	1	T	1:1	T:1	0	11	0						1	1	1	1
rs9349320	H853	1	HG03907:2	rs9349320	45269814	G	T	SNV	1	1	T	1:1	T:1	0	11	0						1	1	1	1
rs9349320	H854	1	HG03898:2	rs9349320	45269814	G	T	SNV	1	1	T	1:1	T:1	0	11	0						1	1	1	1
rs9349320	H855	1	HG03991:2	rs9349320	45269814	G	T	SNV	1	1	T	1:1	T:1	0	11	0						1	1	1	1
rs9349320	H856	1	HG00267:1	rs9349320	45269814	G	T	SNV	1	1	T	1:1	T:1	0	11	0						1	1	1	1
rs9349320	H857	1	NA20900:1	rs9349320	45269814	G	T	SNV	1	1	T	1:1	T:1	0	11	0						1	1	1	1
rs9349320	H858	1	NA21126:2	rs9349320	45269814	G	T	SNV	1	1	T	1:1	T:1	0	11	0						1	1	1	1
rs9349320	H859	1	HG03753:2	rs9349320	45269814	G	T	SNV	1	1	T	1:1	T:1	0	11	0						1	1	1	1
rs9349320	H86	6	HG01197:2;HG02763:1;HG03082:2;HG03458:1;HG03461:1;NA20298:1	rs9349320	45269814	G	T	SNV	6	1	T	1:6	T:6	0	11	0						1	1	1	1
rs9349320	H860	1	HG04212:1	rs9349320	45269814	G	T	SNV	1	1	T	1:1	T:1	0	11	0						1	1	1	1
rs9349320	H861	1	HG02165:2	rs9349320	45269814	G	T	SNV	1	1	T	1:1	T:1	0	11	0						1	1	1	1
rs9349320	H862	1	HG03949:2	rs9349320	45269814	G	T	SNV	1	1	T	1:1	T:1	0	11	0						1	1	1	1
rs9349320	H863	1	HG01593:2	rs9349320	45269814	G	T	SNV	1	1	T	1:1	T:1	0	11	0						1	1	1	1
rs9349320	H864	1	HG04002:2	rs9349320	45269814	G	T	SNV	1	1	T	1:1	T:1	0	11	0						1	1	1	1
rs9349320	H865	1	HG00704:2	rs9349320	45269814	G	T	SNV	1	1	T	1:1	T:1	0	11	0						1	1	1	1
rs9349320	H866	1	NA18639:1	rs9349320	45269814	G	T	SNV	1	1	T	1:1	T:1	0	11	0						1	1	1	1
rs9349320	H867	1	HG00759:1	rs9349320	45269814	G	T	SNV	1	1	T	1:1	T:1	0	11	0						1	1	1	1
rs9349320	H868	1	HG03762:2	rs9349320	45269814	G	T	SNV	1	1	T	1:1	T:1	0	11	0						1	1	1	1
rs9349320	H869	1	HG04161:2	rs9349320	45269814	G	T	SNV	1	1	T	1:1	T:1	0	11	0						1	1	1	1
rs9349320	H87	6	HG01390:2;HG02052:1;HG02570:2;HG03388:2;HG03520:2;NA19703:1	rs9349320	45269814	G	T	SNV	6	1	T	1:6	T:6	0	11	0						1	1	1	1
rs9349320	H870	1	HG03589:2	rs9349320	45269814	G	T	SNV	1	1	T	1:1	T:1	0	11	0						1	1	1	1
rs9349320	H871	1	HG01395:2	rs9349320	45269814	G	T	SNV	1	1	T	1:1	T:1	0	11	0						1	1	1	1
rs9349320	H872	1	HG01444:1	rs9349320	45269814	G	T	SNV	1	1	T	1:1	T:1	0	11	0						1	1	1	1
rs9349320	H873	1	NA12155:2	rs9349320	45269814	G	T	SNV	1	1	T	1:1	T:1	0	11	0						1	1	1	1
rs9349320	H874	1	NA19065:1	rs9349320	45269814	G	T	SNV	1	1	T	1:1	T:1	0	11	0						1	1	1	1
rs9349320	H875	1	NA19921:1	rs9349320	45269814	G	T	SNV	1	1	T	1:1	T:1	0	11	0						1	1	1	1
rs9349320	H876	1	NA20755:2	rs9349320	45269814	G	T	SNV	1	1	T	1:1	T:1	0	11	0						1	1	1	1
rs9349320	H877	1	NA12546:2	rs9349320	45269814	G	T	SNV	1	1	T	1:1	T:1	0	11	0						1	1	1	1
rs9349320	H878	1	HG04002:1	rs9349320	45269814	G	T	SNV	1	1	T	1:1	T:1	0	11	0						1	1	1	1
rs9349320	H879	1	HG01678:2	rs9349320	45269814	G	T	SNV	1	1	T	1:1	T:1	0	11	0						1	1	1	1
rs9349320	H88	6	HG00731:2;HG01167:1;HG01509:1;HG01893:1;NA11894:1;NA12154:1	rs9349320	45269814	G	T	SNV	6	1	T	1:6	T:6	0	11	0						1	1	1	1
rs9349320	H880	1	HG00260:2	rs9349320	45269814	G	T	SNV	1	1	T	1:1	T:1	0	11	0						1	1	1	1
rs9349320	H881	1	HG01932:1	rs9349320	45269814	G	T	SNV	1	1	T	1:1	T:1	0	11	0						1	1	1	1
rs9349320	H882	1	HG02696:2	rs9349320	45269814	G	T	SNV	1	1	T	1:1	T:1	0	11	0						1	1	1	1
rs9349320	H883	1	HG01284:1	rs9349320	45269814	G	T	SNV	1	1	T	1:1	T:1	0	11	0						1	1	1	1
rs9349320	H884	1	NA20773:1	rs9349320	45269814	G	T	SNV	1	1	T	1:1	T:1	0	11	0						1	1	1	1
rs9349320	H885	1	HG01530:2	rs9349320	45269814	G	T	SNV	1	1	T	1:1	T:1	0	11	0						1	1	1	1
rs9349320	H886	1	HG02035:1	rs9349320	45269814	G	T	SNV	1	1	T	1:1	T:1	0	11	0						1	1	1	1
rs9349320	H887	1	NA18597:1	rs9349320	45269814	G	T	SNV	1	1	T	1:1	T:1	0	11	0						1	1	1	1
rs9349320	H888	1	NA20504:2	rs9349320	45269814	G	T	SNV	1	1	T	1:1	T:1	0	11	0						1	1	1	1
rs9349320	H889	1	NA20897:1	rs9349320	45269814	G	T	SNV	1	1	T	1:1	T:1	0	11	0						1	1	1	1
rs9349320	H89	6	HG00766:1;HG01860:1;HG02020:1;HG02088:2;HG03814:2;NA18555:2	rs9349320	45269814	G	T	SNV	6	1	T	1:6	T:6	0	11	0						1	1	1	1
rs9349320	H890	1	HG01672:2	rs9349320	45269814	G	T	SNV	1	1	T	1:1	T:1	0	11	0						1	1	1	1
rs9349320	H891	1	HG02725:1	rs9349320	45269814	G	T	SNV	1	1	T	1:1	T:1	0	11	0						1	1	1	1
rs9349320	H892	1	HG04118:2	rs9349320	45269814	G	T	SNV	1	1	T	1:1	T:1	0	11	0						1	1	1	1
rs9349320	H893	1	NA12156:2	rs9349320	45269814	G	T	SNV	1	1	T	1:1	T:1	0	11	0						1	1	1	1
rs9349320	H894	1	HG00590:2	rs9349320	45269814	G	T	SNV	1	1	T	1:1	T:1	0	11	0						1	1	1	1
rs9349320	H895	1	NA20862:2	rs9349320	45269814	G	T	SNV	1	1	T	1:1	T:1	0	11	0						1	1	1	1
rs9349320	H896	1	NA18988:1	rs9349320	45269814	G	T	SNV	1	1	T	1:1	T:1	0	11	0						1	1	1	1
rs9349320	H897	1	HG02180:2	rs9349320	45269814	G	T	SNV	1	1	T	1:1	T:1	0	11	0						1	1	1	1
rs9349320	H898	1	NA19782:2	rs9349320	45269814	G	T	SNV	1	1	T	1:1	T:1	0	11	0						1	1	1	1
rs9349320	H899	1	HG01709:1	rs9349320	45269814	G	T	SNV	1	1	T	1:1	T:1	0	11	0						1	1	1	1
rs9349320	H9	16	HG01894:2;HG02314:2;HG02588:2;HG02678:1;HG02679:1;HG02879:2;HG03086:2;HG03108:2;HG03109:1;HG03195:1;HG03354:1;NA19113:1;NA19116:1;NA19917:1;NA20287:1;NA20356:2	rs9349320	45269814	G	T	SNV	16	1	T	1:16	T:16	0	11	1						1	1	1	1
rs9349320	H90	5	HG02977:2;HG03136:2;HG03163:2;NA19093:1;NA19914:1	rs9349320	45269814	G	T	SNV	5	1	T	1:5	T:5	0	11	0						1	1	1	1
rs9349320	H900	1	HG00376:1	rs9349320	45269814	G	T	SNV	1	1	T	1:1	T:1	0	11	0						1	1	1	1
rs9349320	H901	1	HG01111:2	rs9349320	45269814	G	T	SNV	1	1	T	1:1	T:1	0	11	0						1	1	1	1
rs9349320	H902	1	NA19904:2	rs9349320	45269814	G	T	SNV	1	1	T	1:1	T:1	0	11	0						1	1	1	1
rs9349320	H903	1	HG00381:2	rs9349320	45269814	G	T	SNV	1	1	T	1:1	T:1	0	11	0						1	1	1	1
rs9349320	H904	1	HG03953:2	rs9349320	45269814	G	T	SNV	1	1	T	1:1	T:1	0	11	0						1	1	1	1
rs9349320	H905	1	HG00306:2	rs9349320	45269814	G	T	SNV	1	1	T	1:1	T:1	0	11	0						1	1	1	1
rs9349320	H906	1	HG00281:2	rs9349320	45269814	G	T	SNV	1	1	T	1:1	T:1	0	11	0						1	1	1	1
rs9349320	H907	1	HG00240:1	rs9349320	45269814	G	T	SNV	1	1	T	1:1	T:1	0	11	0						1	1	1	1
rs9349320	H908	1	HG03007:1	rs9349320	45269814	G	T	SNV	1	1	T	1:1	T:1	0	11	0						1	1	1	1
rs9349320	H909	1	HG03767:1	rs9349320	45269814	G	T	SNV	1	1	T	1:1	T:1	0	11	0						1	1	1	1
rs9349320	H91	5	HG00362:1;NA11829:1;NA12046:2;NA19756:2;NA20787:1	rs9349320	45269814	G	T	SNV	5	1	T	1:5	T:5	0	11	0						1	1	1	1
rs9349320	H910	1	HG01250:2	rs9349320	45269814	G	T	SNV	1	1	T	1:1	T:1	0	11	0						1	1	1	1
rs9349320	H911	1	HG03731:2	rs9349320	45269814	G	T	SNV	1	1	T	1:1	T:1	0	11	0						1	1	1	1
rs9349320	H912	1	NA21092:2	rs9349320	45269814	G	T	SNV	1	1	T	1:1	T:1	0	11	0						1	1	1	1
rs9349320	H913	1	HG04146:1	rs9349320	45269814	G	T	SNV	1	1	T	1:1	T:1	0	11	0						1	1	1	1
rs9349320	H914	1	HG03934:2	rs9349320	45269814	G	T	SNV	1	1	T	1:1	T:1	0	11	0						1	1	1	1
rs9349320	H915	1	HG01064:1	rs9349320	45269814	G	T	SNV	1	1	T	1:1	T:1	0	11	0						1	1	1	1
rs9349320	H916	1	NA12340:2	rs9349320	45269814	G	T	SNV	1	1	T	1:1	T:1	0	11	0						1	1	1	1
rs9349320	H917	1	HG00266:2	rs9349320	45269814	G	T	SNV	1	1	T	1:1	T:1	0	11	0						1	1	1	1
rs9349320	H918	1	HG02508:2	rs9349320	45269814	G	T	SNV	1	1	T	1:1	T:1	0	11	0						1	1	1	1
rs9349320	H919	1	HG04100:2	rs9349320	45269814	G	T	SNV	1	1	T	1:1	T:1	0	11	0						1	1	1	1
rs9349320	H92	5	HG01198:1;HG01572:1;HG01979:1;HG02105:1;HG02291:2	rs9349320	45269814	G	T	SNV	5	1	T	1:5	T:5	0	11	0						1	1	1	1
rs9349320	H920	1	HG03900:2	rs9349320	45269814	G	T	SNV	1	1	T	1:1	T:1	0	11	0						1	1	1	1
rs9349320	H921	1	NA21111:1	rs9349320	45269814	G	T	SNV	1	1	T	1:1	T:1	0	11	0						1	1	1	1
rs9349320	H922	1	HG03717:1	rs9349320	45269814	G	T	SNV	1	1	T	1:1	T:1	0	11	0						1	1	1	1
rs9349320	H923	1	HG03844:1	rs9349320	45269814	G	T	SNV	1	1	T	1:1	T:1	0	11	0						1	1	1	1
rs9349320	H924	1	HG04093:2	rs9349320	45269814	G	T	SNV	1	1	T	1:1	T:1	0	11	0						1	1	1	1
rs9349320	H925	1	HG02700:2	rs9349320	45269814	G	T	SNV	1	1	T	1:1	T:1	0	11	0						1	1	1	1
rs9349320	H926	1	HG02130:2	rs9349320	45269814	G	T	SNV	1	1	T	1:1	T:1	0	11	0						1	1	1	1
rs9349320	H927	1	NA18644:1	rs9349320	45269814	G	T	SNV	1	1	T	1:1	T:1	0	11	0						1	1	1	1
rs9349320	H928	1	HG02406:1	rs9349320	45269814	G	T	SNV	1	1	T	1:1	T:1	0	11	0						1	1	1	1
rs9349320	H929	1	NA18984:2	rs9349320	45269814	G	T	SNV	1	1	T	1:1	T:1	0	11	0						1	1	1	1
rs9349320	H93	5	HG01055:2;HG01353:2;HG01668:1;HG01676:2;NA12383:1	rs9349320	45269814	G	T	SNV	5	1	T	1:5	T:5	0	11	0						1	1	1	1
rs9349320	H930	1	NA18606:1	rs9349320	45269814	G	T	SNV	1	1	T	1:1	T:1	0	11	0						1	1	1	1
rs9349320	H931	1	HG02188:2	rs9349320	45269814	G	T	SNV	1	1	T	1:1	T:1	0	11	0						1	1	1	1
rs9349320	H932	1	NA18548:1	rs9349320	45269814	G	T	SNV	1	1	T	1:1	T:1	0	11	0						1	1	1	1
rs9349320	H933	1	HG03681:1	rs9349320	45269814	G	T	SNV	1	1	T	1:1	T:1	0	11	0						1	1	1	1
rs9349320	H934	1	HG03720:2	rs9349320	45269814	G	T	SNV	1	1	T	1:1	T:1	0	11	0						1	1	1	1
rs9349320	H935	1	NA20521:1	rs9349320	45269814	G	T	SNV	1	1	T	1:1	T:1	0	11	0						1	1	1	1
rs9349320	H936	1	HG02067:1	rs9349320	45269814	G	T	SNV	1	1	T	1:1	T:1	0	11	0						1	1	1	1
rs9349320	H937	1	HG00373:1	rs9349320	45269814	G	T	SNV	1	1	T	1:1	T:1	0	11	0						1	1	1	1
rs9349320	H938	1	NA21141:2	rs9349320	45269814	G	T	SNV	1	1	T	1:1	T:1	0	11	0						1	1	1	1
rs9349320	H939	1	NA18639:2	rs9349320	45269814	G	T	SNV	1	1	T	1:1	T:1	0	11	0						1	1	1	1
rs9349320	H94	5	HG03741:1;HG03754:2;HG04026:1;NA21088:1;NA21090:2	rs9349320	45269814	G	T	SNV	5	1	T	1:5	T:5	0	11	0						1	1	1	1
rs9349320	H940	1	HG03619:2	rs9349320	45269814	G	T	SNV	1	1	T	1:1	T:1	0	11	0						1	1	1	1
rs9349320	H941	1	HG00116:1	rs9349320	45269814	G	T	SNV	1	1	T	1:1	T:1	0	11	0						1	1	1	1
rs9349320	H942	1	HG02026:1	rs9349320	45269814	G	T	SNV	1	1	T	1:1	T:1	0	11	0						1	1	1	1
rs9349320	H943	1	HG02088:1	rs9349320	45269814	G	T	SNV	1	1	T	1:1	T:1	0	11	0						1	1	1	1
rs9349320	H944	1	HG00437:1	rs9349320	45269814	G	T	SNV	1	1	T	1:1	T:1	0	11	0						1	1	1	1
rs9349320	H945	1	HG00542:1	rs9349320	45269814	G	T	SNV	1	1	T	1:1	T:1	0	11	0						1	1	1	1
rs9349320	H946	1	HG00674:1	rs9349320	45269814	G	T	SNV	1	1	T	1:1	T:1	0	11	0						1	1	1	1
rs9349320	H947	1	HG01851:1	rs9349320	45269814	G	T	SNV	1	1	T	1:1	T:1	0	11	0						1	1	1	1
rs9349320	H948	1	HG02385:1	rs9349320	45269814	G	T	SNV	1	1	T	1:1	T:1	0	11	0						1	1	1	1
rs9349320	H949	1	HG01060:1	rs9349320	45269814	G	T	SNV	1	1	T	1:1	T:1	0	11	0						1	1	1	1
rs9349320	H95	5	HG00271:2;HG00284:2;HG00337:2;HG01777:2;HG02727:1	rs9349320	45269814	G	T	SNV	5	1	T	1:5	T:5	0	11	0						1	1	1	1
rs9349320	H950	1	NA19000:1	rs9349320	45269814	G	T	SNV	1	1	T	1:1	T:1	0	11	0						1	1	1	1
rs9349320	H951	1	NA19081:1	rs9349320	45269814	G	T	SNV	1	1	T	1:1	T:1	0	11	0						1	1	1	1
rs9349320	H952	1	HG01869:1	rs9349320	45269814	G	T	SNV	1	1	T	1:1	T:1	0	11	0						1	1	1	1
rs9349320	H953	1	HG02356:2	rs9349320	45269814	G	T	SNV	1	1	T	1:1	T:1	0	11	0						1	1	1	1
rs9349320	H954	1	NA18956:1	rs9349320	45269814	G	T	SNV	1	1	T	1:1	T:1	0	11	0						1	1	1	1
rs9349320	H955	1	NA18595:1	rs9349320	45269814	G	T	SNV	1	1	T	1:1	T:1	0	11	0						1	1	1	1
rs9349320	H956	1	NA18592:1	rs9349320	45269814	G	T	SNV	1	1	T	1:1	T:1	0	11	0						1	1	1	1
rs9349320	H957	1	NA18973:2	rs9349320	45269814	G	T	SNV	1	1	T	1:1	T:1	0	11	0						1	1	1	1
rs9349320	H958	1	NA18548:2	rs9349320	45269814	G	T	SNV	1	1	T	1:1	T:1	0	11	0						1	1	1	1
rs9349320	H959	1	HG00581:1	rs9349320	45269814	G	T	SNV	1	1	T	1:1	T:1	0	11	0						1	1	1	1
rs9349320	H96	5	HG00181:2;HG00290:2;HG00323:2;HG00360:2;HG00384:2	rs9349320	45269814	G	T	SNV	5	1	T	1:5	T:5	0	11	0						1	1	1	1
rs9349320	H960	1	HG01804:1	rs9349320	45269814	G	T	SNV	1	1	T	1:1	T:1	0	11	0						1	1	1	1
rs9349320	H961	1	NA18939:1	rs9349320	45269814	G	T	SNV	1	1	T	1:1	T:1	0	11	0						1	1	1	1
rs9349320	H962	1	HG00472:1	rs9349320	45269814	G	T	SNV	1	1	T	1:1	T:1	0	11	0						1	1	1	1
rs9349320	H963	1	NA18994:1	rs9349320	45269814	G	T	SNV	1	1	T	1:1	T:1	0	11	0						1	1	1	1
rs9349320	H964	1	HG02142:2	rs9349320	45269814	G	T	SNV	1	1	T	1:1	T:1	0	11	0						1	1	1	1
rs9349320	H965	1	HG00566:2	rs9349320	45269814	G	T	SNV	1	1	T	1:1	T:1	0	11	0						1	1	1	1
rs9349320	H966	1	NA18541:1	rs9349320	45269814	G	T	SNV	1	1	T	1:1	T:1	0	11	0						1	1	1	1
rs9349320	H967	1	HG03882:1	rs9349320	45269814	G	T	SNV	1	1	T	1:1	T:1	0	11	0						1	1	1	1
rs9349320	H968	1	NA18643:2	rs9349320	45269814	G	T	SNV	1	1	T	1:1	T:1	0	11	0						1	1	1	1
rs9349320	H969	1	HG02390:2	rs9349320	45269814	G	T	SNV	1	1	T	1:1	T:1	0	11	0						1	1	1	1
rs9349320	H97	5	HG01061:2;HG01072:1;HG01162:1;HG01173:2;HG01183:2	rs9349320	45269814	G	T	SNV	5	1	T	1:5	T:5	0	11	0						1	1	1	1
rs9349320	H970	1	HG04156:2	rs9349320	45269814	G	T	SNV	1	1	T	1:1	T:1	0	11	0						1	1	1	1
rs9349320	H971	1	HG03965:1	rs9349320	45269814	G	T	SNV	1	1	T	1:1	T:1	0	11	0						1	1	1	1
rs9349320	H972	1	NA18982:1	rs9349320	45269814	G	T	SNV	1	1	T	1:1	T:1	0	11	0						1	1	1	1
rs9349320	H973	1	HG03660:1	rs9349320	45269814	G	T	SNV	1	1	T	1:1	T:1	0	11	0						1	1	1	1
rs9349320	H974	1	NA20521:2	rs9349320	45269814	G	T	SNV	1	1	T	1:1	T:1	0	11	0						1	1	1	1
rs9349320	H975	1	NA18628:2	rs9349320	45269814	G	T	SNV	1	1	T	1:1	T:1	0	11	0						1	1	1	1
rs9349320	H976	1	NA19009:1	rs9349320	45269814	G	T	SNV	1	1	T	1:1	T:1	0	11	0						1	1	1	1
rs9349320	H977	1	NA18957:1	rs9349320	45269814	G	T	SNV	1	1	T	1:1	T:1	0	11	0						1	1	1	1
rs9349320	H978	1	NA19067:2	rs9349320	45269814	G	T	SNV	1	1	T	1:1	T:1	0	11	0						1	1	1	1
rs9349320	H979	1	NA18974:1	rs9349320	45269814	G	T	SNV	1	1	T	1:1	T:1	0	11	0						1	1	1	1
rs9349320	H98	5	HG00524:2;HG02153:2;HG02380:1;NA18612:2;NA18647:1	rs9349320	45269814	G	T	SNV	5	1	T	1:5	T:5	0	11	0						1	1	1	1
rs9349320	H980	1	NA19062:2	rs9349320	45269814	G	T	SNV	1	1	T	1:1	T:1	0	11	0						1	1	1	1
rs9349320	H981	1	NA18983:2	rs9349320	45269814	G	T	SNV	1	1	T	1:1	T:1	0	11	0						1	1	1	1
rs9349320	H982	1	HG00155:1	rs9349320	45269814	G	T	SNV	1	1	T	1:1	T:1	0	11	0						1	1	1	1
rs9349320	H983	1	NA20874:1	rs9349320	45269814	G	T	SNV	1	1	T	1:1	T:1	0	11	0						1	1	1	1
rs9349320	H984	1	HG04183:2	rs9349320	45269814	G	T	SNV	1	1	T	1:1	T:1	0	11	0						1	1	1	1
rs9349320	H985	1	HG03624:1	rs9349320	45269814	G	T	SNV	1	1	T	1:1	T:1	0	11	0						1	1	1	1
rs9349320	H986	1	HG03238:1	rs9349320	45269814	G	T	SNV	1	1	T	1:1	T:1	0	11	0						1	1	1	1
rs9349320	H987	1	HG03917:2	rs9349320	45269814	G	T	SNV	1	1	T	1:1	T:1	0	11	0						1	1	1	1
rs9349320	H988	1	HG04195:2	rs9349320	45269814	G	T	SNV	1	1	T	1:1	T:1	0	11	0						1	1	1	1
rs9349320	H989	1	HG04180:1	rs9349320	45269814	G	T	SNV	1	1	T	1:1	T:1	0	11	0						1	1	1	1
rs9349320	H99	5	HG00141:2;HG00143:1;HG01389:1;HG02648:2;NA20351:1	rs9349320	45269814	G	T	SNV	5	1	T	1:5	T:5	0	11	0						1	1	1	1
rs9349320	H990	1	HG02682:2	rs9349320	45269814	G	T	SNV	1	1	T	1:1	T:1	0	11	0						1	1	1	1
rs9349320	H991	1	HG03019:2	rs9349320	45269814	G	T	SNV	1	1	T	1:1	T:1	0	11	0						1	1	1	1
rs9349320	H992	1	HG04235:2	rs9349320	45269814	G	T	SNV	1	1	T	1:1	T:1	0	11	0						1	1	1	1
rs9349320	H993	1	HG01775:1	rs9349320	45269814	G	T	SNV	1	1	T	1:1	T:1	0	11	0						1	1	1	1
rs9349320	H994	1	HG02699:1	rs9349320	45269814	G	T	SNV	1	1	T	1:1	T:1	0	11	0						1	1	1	1
rs9349320	H995	1	HG01850:1	rs9349320	45269814	G	T	SNV	1	1	T	1:1	T:1	0	11	0						1	1	1	1
rs9349320	H996	1	NA18596:1	rs9349320	45269814	G	T	SNV	1	1	T	1:1	T:1	0	11	0						1	1	1	1
rs9349320	H997	1	HG02184:1	rs9349320	45269814	G	T	SNV	1	1	T	1:1	T:1	0	11	0						1	1	1	1
rs9349320	H998	1	HG01796:2	rs9349320	45269814	G	T	SNV	1	1	T	1:1	T:1	0	11	0						1	1	1	1
rs9349320	H999	1	HG02384:2	rs9349320	45269814	G	T	SNV	1	1	T	1:1	T:1	0	11	0						1	1	1	1
