method	genome_build	locus_id	hap_id	sample	haplotype
phyml	GRCh37	rs9349320	H1	HG00112	1
phyml	GRCh37	rs9349320	H1	HG00125	1
phyml	GRCh37	rs9349320	H1	HG00133	1
phyml	GRCh37	rs9349320	H1	HG00142	2
phyml	GRCh37	rs9349320	H1	HG00178	1
phyml	GRCh37	rs9349320	H1	HG00183	2
phyml	GRCh37	rs9349320	H1	HG00269	1
phyml	GRCh37	rs9349320	H1	HG00273	1
phyml	GRCh37	rs9349320	H1	HG00325	2
phyml	GRCh37	rs9349320	H1	HG00329	2
phyml	GRCh37	rs9349320	H1	HG00345	2
phyml	GRCh37	rs9349320	H1	HG00357	1
phyml	GRCh37	rs9349320	H1	HG00369	2
phyml	GRCh37	rs9349320	H1	HG00373	2
phyml	GRCh37	rs9349320	H1	HG00743	2
phyml	GRCh37	rs9349320	H1	HG01063	1
phyml	GRCh37	rs9349320	H1	HG01072	2
phyml	GRCh37	rs9349320	H1	HG01242	2
phyml	GRCh37	rs9349320	H1	HG01396	1
phyml	GRCh37	rs9349320	H1	HG01630	1
phyml	GRCh37	rs9349320	H1	HG01704	1
phyml	GRCh37	rs9349320	H1	HG01789	1
phyml	GRCh37	rs9349320	H1	HG02215	2
phyml	GRCh37	rs9349320	H1	HG02221	1
phyml	GRCh37	rs9349320	H1	HG02230	1
phyml	GRCh37	rs9349320	H1	HG02652	2
phyml	GRCh37	rs9349320	H1	HG02792	1
phyml	GRCh37	rs9349320	H1	HG04238	1
phyml	GRCh37	rs9349320	H1	NA07000	1
phyml	GRCh37	rs9349320	H1	NA11843	1
phyml	GRCh37	rs9349320	H1	NA12286	2
phyml	GRCh37	rs9349320	H1	NA12718	2
phyml	GRCh37	rs9349320	H1	NA12872	1
phyml	GRCh37	rs9349320	H1	NA19725	1
phyml	GRCh37	rs9349320	H1	NA20503	2
phyml	GRCh37	rs9349320	H1	NA20585	1
phyml	GRCh37	rs9349320	H1	NA20588	1
phyml	GRCh37	rs9349320	H1	NA20589	1
phyml	GRCh37	rs9349320	H1	NA20764	1
phyml	GRCh37	rs9349320	H1	NA20771	2
phyml	GRCh37	rs9349320	H1	NA20847	1
phyml	GRCh37	rs9349320	H1	NA20903	1
phyml	GRCh37	rs9349320	H2	HG00638	1
phyml	GRCh37	rs9349320	H2	HG01083	1
phyml	GRCh37	rs9349320	H2	HG01125	2
phyml	GRCh37	rs9349320	H2	HG01174	1
phyml	GRCh37	rs9349320	H2	HG01281	1
phyml	GRCh37	rs9349320	H2	HG01348	2
phyml	GRCh37	rs9349320	H2	HG01443	2
phyml	GRCh37	rs9349320	H2	HG01462	1
phyml	GRCh37	rs9349320	H2	HG01474	1
phyml	GRCh37	rs9349320	H2	HG01495	2
phyml	GRCh37	rs9349320	H2	HG01566	1
phyml	GRCh37	rs9349320	H2	HG01571	2
phyml	GRCh37	rs9349320	H2	HG01893	2
phyml	GRCh37	rs9349320	H2	HG01924	2
phyml	GRCh37	rs9349320	H2	HG01926	2
phyml	GRCh37	rs9349320	H2	HG01935	1
phyml	GRCh37	rs9349320	H2	HG01938	2
phyml	GRCh37	rs9349320	H2	HG01951	2
phyml	GRCh37	rs9349320	H2	HG01973	2
phyml	GRCh37	rs9349320	H2	HG01976	2
phyml	GRCh37	rs9349320	H2	HG01980	2
phyml	GRCh37	rs9349320	H2	HG01992	1
phyml	GRCh37	rs9349320	H2	HG01997	2
phyml	GRCh37	rs9349320	H2	HG02260	2
phyml	GRCh37	rs9349320	H2	HG02266	1
phyml	GRCh37	rs9349320	H2	HG02271	1
phyml	GRCh37	rs9349320	H2	HG02278	1
phyml	GRCh37	rs9349320	H2	HG02285	1
phyml	GRCh37	rs9349320	H2	HG02304	1
phyml	GRCh37	rs9349320	H2	NA18631	2
phyml	GRCh37	rs9349320	H2	NA19716	1
phyml	GRCh37	rs9349320	H2	NA19717	2
phyml	GRCh37	rs9349320	H2	NA19773	1
phyml	GRCh37	rs9349320	H2	NA19777	2
phyml	GRCh37	rs9349320	H3	HG01880	2
phyml	GRCh37	rs9349320	H3	HG01889	1
phyml	GRCh37	rs9349320	H3	HG02051	1
phyml	GRCh37	rs9349320	H3	HG02111	1
phyml	GRCh37	rs9349320	H3	HG02281	2
phyml	GRCh37	rs9349320	H3	HG02445	2
phyml	GRCh37	rs9349320	H3	HG02541	1
phyml	GRCh37	rs9349320	H3	HG02973	1
phyml	GRCh37	rs9349320	H3	HG03060	1
phyml	GRCh37	rs9349320	H3	HG03079	1
phyml	GRCh37	rs9349320	H3	HG03081	1
phyml	GRCh37	rs9349320	H3	HG03118	1
phyml	GRCh37	rs9349320	H3	HG03189	1
phyml	GRCh37	rs9349320	H3	HG03189	2
phyml	GRCh37	rs9349320	H3	HG03370	2
phyml	GRCh37	rs9349320	H3	HG03565	2
phyml	GRCh37	rs9349320	H3	NA18523	2
phyml	GRCh37	rs9349320	H3	NA18877	2
phyml	GRCh37	rs9349320	H3	NA19023	1
phyml	GRCh37	rs9349320	H3	NA19107	1
phyml	GRCh37	rs9349320	H3	NA19131	1
phyml	GRCh37	rs9349320	H3	NA19147	1
phyml	GRCh37	rs9349320	H3	NA19160	2
phyml	GRCh37	rs9349320	H3	NA19204	1
phyml	GRCh37	rs9349320	H3	NA19206	1
phyml	GRCh37	rs9349320	H3	NA19391	1
phyml	GRCh37	rs9349320	H3	NA19395	1
phyml	GRCh37	rs9349320	H3	NA19468	2
phyml	GRCh37	rs9349320	H3	NA19909	1
phyml	GRCh37	rs9349320	H3	NA20317	1
phyml	GRCh37	rs9349320	H4	HG00187	2
phyml	GRCh37	rs9349320	H4	HG00275	1
phyml	GRCh37	rs9349320	H4	HG00320	2
phyml	GRCh37	rs9349320	H4	HG00380	2
phyml	GRCh37	rs9349320	H4	HG01183	1
phyml	GRCh37	rs9349320	H4	HG01311	2
phyml	GRCh37	rs9349320	H4	HG01344	2
phyml	GRCh37	rs9349320	H4	HG01525	2
phyml	GRCh37	rs9349320	H4	HG01602	2
phyml	GRCh37	rs9349320	H4	HG01668	2
phyml	GRCh37	rs9349320	H4	HG01770	2
phyml	GRCh37	rs9349320	H4	HG01773	2
phyml	GRCh37	rs9349320	H4	HG01784	2
phyml	GRCh37	rs9349320	H4	HG01948	1
phyml	GRCh37	rs9349320	H4	HG02649	2
phyml	GRCh37	rs9349320	H4	HG03743	1
phyml	GRCh37	rs9349320	H4	NA12814	1
phyml	GRCh37	rs9349320	H4	NA19752	2
phyml	GRCh37	rs9349320	H4	NA20511	1
phyml	GRCh37	rs9349320	H4	NA20519	2
phyml	GRCh37	rs9349320	H4	NA20766	2
phyml	GRCh37	rs9349320	H4	NA20778	2
phyml	GRCh37	rs9349320	H4	NA20804	2
phyml	GRCh37	rs9349320	H5	HG02014	1
phyml	GRCh37	rs9349320	H5	HG02298	2
phyml	GRCh37	rs9349320	H5	HG02433	1
phyml	GRCh37	rs9349320	H5	HG02449	1
phyml	GRCh37	rs9349320	H5	HG02537	1
phyml	GRCh37	rs9349320	H5	HG02577	1
phyml	GRCh37	rs9349320	H5	HG02977	1
phyml	GRCh37	rs9349320	H5	HG03123	1
phyml	GRCh37	rs9349320	H5	HG03175	1
phyml	GRCh37	rs9349320	H5	HG03294	2
phyml	GRCh37	rs9349320	H5	HG03295	2
phyml	GRCh37	rs9349320	H5	HG03391	2
phyml	GRCh37	rs9349320	H5	HG03394	2
phyml	GRCh37	rs9349320	H5	HG03469	1
phyml	GRCh37	rs9349320	H5	NA18488	2
phyml	GRCh37	rs9349320	H5	NA18856	1
phyml	GRCh37	rs9349320	H5	NA19184	1
phyml	GRCh37	rs9349320	H5	NA19207	1
phyml	GRCh37	rs9349320	H5	NA19214	1
phyml	GRCh37	rs9349320	H5	NA19238	2
phyml	GRCh37	rs9349320	H5	NA19982	1
phyml	GRCh37	rs9349320	H5	NA20281	1
phyml	GRCh37	rs9349320	H6	HG01095	2
phyml	GRCh37	rs9349320	H6	HG01177	2
phyml	GRCh37	rs9349320	H6	HG01205	2
phyml	GRCh37	rs9349320	H6	HG01342	1
phyml	GRCh37	rs9349320	H6	HG01369	1
phyml	GRCh37	rs9349320	H6	HG01918	2
phyml	GRCh37	rs9349320	H6	HG01920	1
phyml	GRCh37	rs9349320	H6	HG01951	1
phyml	GRCh37	rs9349320	H6	HG01974	1
phyml	GRCh37	rs9349320	H6	HG02105	2
phyml	GRCh37	rs9349320	H6	HG02259	2
phyml	GRCh37	rs9349320	H6	HG02265	1
phyml	GRCh37	rs9349320	H6	HG02286	1
phyml	GRCh37	rs9349320	H6	NA19676	2
phyml	GRCh37	rs9349320	H6	NA19729	2
phyml	GRCh37	rs9349320	H6	NA19752	1
phyml	GRCh37	rs9349320	H6	NA19764	1
phyml	GRCh37	rs9349320	H6	NA19788	2
phyml	GRCh37	rs9349320	H7	HG01047	2
phyml	GRCh37	rs9349320	H7	HG01302	1
phyml	GRCh37	rs9349320	H7	HG01353	1
phyml	GRCh37	rs9349320	H7	HG01461	2
phyml	GRCh37	rs9349320	H7	HG01927	2
phyml	GRCh37	rs9349320	H7	HG01936	1
phyml	GRCh37	rs9349320	H7	HG01982	1
phyml	GRCh37	rs9349320	H7	HG01991	1
phyml	GRCh37	rs9349320	H7	HG02002	1
phyml	GRCh37	rs9349320	H7	HG02259	1
phyml	GRCh37	rs9349320	H7	HG02274	2
phyml	GRCh37	rs9349320	H7	HG02277	2
phyml	GRCh37	rs9349320	H7	NA19726	1
phyml	GRCh37	rs9349320	H7	NA19735	1
phyml	GRCh37	rs9349320	H7	NA19755	2
phyml	GRCh37	rs9349320	H7	NA19764	2
phyml	GRCh37	rs9349320	H7	NA19780	1
phyml	GRCh37	rs9349320	H8	HG00130	2
phyml	GRCh37	rs9349320	H8	HG00140	2
phyml	GRCh37	rs9349320	H8	HG00151	1
phyml	GRCh37	rs9349320	H8	HG00232	1
phyml	GRCh37	rs9349320	H8	HG00258	1
phyml	GRCh37	rs9349320	H8	HG00309	1
phyml	GRCh37	rs9349320	H8	HG00324	1
phyml	GRCh37	rs9349320	H8	HG00356	2
phyml	GRCh37	rs9349320	H8	HG00358	1
phyml	GRCh37	rs9349320	H8	HG01275	2
phyml	GRCh37	rs9349320	H8	HG01342	2
phyml	GRCh37	rs9349320	H8	HG01486	2
phyml	GRCh37	rs9349320	H8	HG01620	2
phyml	GRCh37	rs9349320	H8	HG01670	2
phyml	GRCh37	rs9349320	H8	NA12878	1
phyml	GRCh37	rs9349320	H8	NA20529	1
phyml	GRCh37	rs9349320	H8	NA20763	2
phyml	GRCh37	rs9349320	H9	HG01894	2
phyml	GRCh37	rs9349320	H9	HG02314	2
phyml	GRCh37	rs9349320	H9	HG02588	2
phyml	GRCh37	rs9349320	H9	HG02678	1
phyml	GRCh37	rs9349320	H9	HG02679	1
phyml	GRCh37	rs9349320	H9	HG02879	2
phyml	GRCh37	rs9349320	H9	HG03086	2
phyml	GRCh37	rs9349320	H9	HG03108	2
phyml	GRCh37	rs9349320	H9	HG03109	1
phyml	GRCh37	rs9349320	H9	HG03195	1
phyml	GRCh37	rs9349320	H9	HG03354	1
phyml	GRCh37	rs9349320	H9	NA19113	1
phyml	GRCh37	rs9349320	H9	NA19116	1
phyml	GRCh37	rs9349320	H9	NA19917	1
phyml	GRCh37	rs9349320	H9	NA20287	1
phyml	GRCh37	rs9349320	H9	NA20356	2
phyml	GRCh37	rs9349320	H10	HG01251	2
phyml	GRCh37	rs9349320	H10	HG01362	1
phyml	GRCh37	rs9349320	H10	HG01378	2
phyml	GRCh37	rs9349320	H10	HG01384	2
phyml	GRCh37	rs9349320	H10	HG01413	1
phyml	GRCh37	rs9349320	H10	HG01432	1
phyml	GRCh37	rs9349320	H10	HG01455	1
phyml	GRCh37	rs9349320	H10	HG01462	2
phyml	GRCh37	rs9349320	H10	HG01917	2
phyml	GRCh37	rs9349320	H10	HG01941	1
phyml	GRCh37	rs9349320	H10	HG02008	2
phyml	GRCh37	rs9349320	H10	HG02146	1
phyml	GRCh37	rs9349320	H10	HG02304	2
phyml	GRCh37	rs9349320	H10	NA19670	1
phyml	GRCh37	rs9349320	H10	NA19771	2
phyml	GRCh37	rs9349320	H11	HG01398	1
phyml	GRCh37	rs9349320	H11	HG01801	2
phyml	GRCh37	rs9349320	H11	HG01855	1
phyml	GRCh37	rs9349320	H11	HG02165	1
phyml	GRCh37	rs9349320	H11	HG02179	2
phyml	GRCh37	rs9349320	H11	HG02367	2
phyml	GRCh37	rs9349320	H11	HG03646	2
phyml	GRCh37	rs9349320	H11	HG03691	2
phyml	GRCh37	rs9349320	H11	HG03817	1
phyml	GRCh37	rs9349320	H11	HG03846	1
phyml	GRCh37	rs9349320	H11	HG03895	1
phyml	GRCh37	rs9349320	H11	NA18954	1
phyml	GRCh37	rs9349320	H11	NA19060	1
phyml	GRCh37	rs9349320	H11	NA19711	2
phyml	GRCh37	rs9349320	H12	HG02282	1
phyml	GRCh37	rs9349320	H12	HG02309	2
phyml	GRCh37	rs9349320	H12	HG02470	1
phyml	GRCh37	rs9349320	H12	HG02485	1
phyml	GRCh37	rs9349320	H12	HG02635	1
phyml	GRCh37	rs9349320	H12	HG03212	2
phyml	GRCh37	rs9349320	H12	HG03267	2
phyml	GRCh37	rs9349320	H12	NA19030	1
phyml	GRCh37	rs9349320	H12	NA19236	1
phyml	GRCh37	rs9349320	H12	NA19239	1
phyml	GRCh37	rs9349320	H12	NA19256	1
phyml	GRCh37	rs9349320	H12	NA19256	2
phyml	GRCh37	rs9349320	H12	NA19320	2
phyml	GRCh37	rs9349320	H12	NA20296	2
phyml	GRCh37	rs9349320	H13	HG02339	2
phyml	GRCh37	rs9349320	H13	HG02511	1
phyml	GRCh37	rs9349320	H13	HG02571	1
phyml	GRCh37	rs9349320	H13	HG02586	2
phyml	GRCh37	rs9349320	H13	HG02760	1
phyml	GRCh37	rs9349320	H13	HG02799	1
phyml	GRCh37	rs9349320	H13	HG02983	2
phyml	GRCh37	rs9349320	H13	HG03268	1
phyml	GRCh37	rs9349320	H13	HG03370	1
phyml	GRCh37	rs9349320	H13	NA18861	1
phyml	GRCh37	rs9349320	H13	NA19098	1
phyml	GRCh37	rs9349320	H13	NA20339	1
phyml	GRCh37	rs9349320	H13	NA20346	1
phyml	GRCh37	rs9349320	H14	HG00114	1
phyml	GRCh37	rs9349320	H14	HG01182	1
phyml	GRCh37	rs9349320	H14	HG01341	2
phyml	GRCh37	rs9349320	H14	HG01921	1
phyml	GRCh37	rs9349320	H14	HG01971	1
phyml	GRCh37	rs9349320	H14	HG02003	1
phyml	GRCh37	rs9349320	H14	HG02006	1
phyml	GRCh37	rs9349320	H14	HG02090	1
phyml	GRCh37	rs9349320	H14	HG02345	2
phyml	GRCh37	rs9349320	H14	NA19661	2
phyml	GRCh37	rs9349320	H14	NA19758	2
phyml	GRCh37	rs9349320	H14	NA20274	2
phyml	GRCh37	rs9349320	H15	HG02054	1
phyml	GRCh37	rs9349320	H15	HG02479	2
phyml	GRCh37	rs9349320	H15	HG02643	2
phyml	GRCh37	rs9349320	H15	HG03079	2
phyml	GRCh37	rs9349320	H15	HG03095	1
phyml	GRCh37	rs9349320	H15	HG03457	2
phyml	GRCh37	rs9349320	H15	HG03521	2
phyml	GRCh37	rs9349320	H15	NA18934	2
phyml	GRCh37	rs9349320	H15	NA19257	2
phyml	GRCh37	rs9349320	H15	NA19789	2
phyml	GRCh37	rs9349320	H15	NA20282	1
phyml	GRCh37	rs9349320	H15	NA20359	2
phyml	GRCh37	rs9349320	H16	HG00449	2
phyml	GRCh37	rs9349320	H16	HG00464	2
phyml	GRCh37	rs9349320	H16	HG00473	1
phyml	GRCh37	rs9349320	H16	HG00614	2
phyml	GRCh37	rs9349320	H16	HG00671	1
phyml	GRCh37	rs9349320	H16	HG02136	1
phyml	GRCh37	rs9349320	H16	HG02396	1
phyml	GRCh37	rs9349320	H16	HG03911	2
phyml	GRCh37	rs9349320	H16	NA18533	1
phyml	GRCh37	rs9349320	H16	NA18627	1
phyml	GRCh37	rs9349320	H16	NA18991	1
phyml	GRCh37	rs9349320	H16	NA19056	2
phyml	GRCh37	rs9349320	H17	HG01958	2
phyml	GRCh37	rs9349320	H17	HG02051	2
phyml	GRCh37	rs9349320	H17	HG02143	1
phyml	GRCh37	rs9349320	H17	HG02946	1
phyml	GRCh37	rs9349320	H17	HG03084	2
phyml	GRCh37	rs9349320	H17	HG03133	1
phyml	GRCh37	rs9349320	H17	HG03342	1
phyml	GRCh37	rs9349320	H17	NA19236	2
phyml	GRCh37	rs9349320	H17	NA19818	1
phyml	GRCh37	rs9349320	H17	NA19904	1
phyml	GRCh37	rs9349320	H17	NA19913	2
phyml	GRCh37	rs9349320	H18	HG00146	1
phyml	GRCh37	rs9349320	H18	HG01094	1
phyml	GRCh37	rs9349320	H18	HG01111	1
phyml	GRCh37	rs9349320	H18	HG01435	2
phyml	GRCh37	rs9349320	H18	HG01437	2
phyml	GRCh37	rs9349320	H18	HG01438	1
phyml	GRCh37	rs9349320	H18	HG01710	2
phyml	GRCh37	rs9349320	H18	HG01935	2
phyml	GRCh37	rs9349320	H18	HG02496	1
phyml	GRCh37	rs9349320	H18	NA12043	2
phyml	GRCh37	rs9349320	H18	NA20786	2
phyml	GRCh37	rs9349320	H19	HG01892	1
phyml	GRCh37	rs9349320	H19	HG02485	2
phyml	GRCh37	rs9349320	H19	HG02545	1
phyml	GRCh37	rs9349320	H19	HG02860	2
phyml	GRCh37	rs9349320	H19	HG02861	1
phyml	GRCh37	rs9349320	H19	HG02938	1
phyml	GRCh37	rs9349320	H19	HG03046	2
phyml	GRCh37	rs9349320	H19	HG03458	2
phyml	GRCh37	rs9349320	H19	NA19028	2
phyml	GRCh37	rs9349320	H19	NA19338	1
phyml	GRCh37	rs9349320	H19	NA19448	2
phyml	GRCh37	rs9349320	H20	HG00108	1
phyml	GRCh37	rs9349320	H20	HG00234	1
phyml	GRCh37	rs9349320	H20	HG00554	2
phyml	GRCh37	rs9349320	H20	HG01052	2
phyml	GRCh37	rs9349320	H20	HG01137	1
phyml	GRCh37	rs9349320	H20	HG01521	1
phyml	GRCh37	rs9349320	H20	HG01522	2
phyml	GRCh37	rs9349320	H20	HG01528	1
phyml	GRCh37	rs9349320	H20	HG01610	1
phyml	GRCh37	rs9349320	H20	HG01779	2
phyml	GRCh37	rs9349320	H20	NA12760	2
phyml	GRCh37	rs9349320	H21	HG02660	2
phyml	GRCh37	rs9349320	H21	HG02731	2
phyml	GRCh37	rs9349320	H21	HG03774	1
phyml	GRCh37	rs9349320	H21	HG03838	2
phyml	GRCh37	rs9349320	H21	HG03951	2
phyml	GRCh37	rs9349320	H21	HG03971	2
phyml	GRCh37	rs9349320	H21	HG04019	1
phyml	GRCh37	rs9349320	H21	HG04219	2
phyml	GRCh37	rs9349320	H21	NA19792	1
phyml	GRCh37	rs9349320	H21	NA20876	1
phyml	GRCh37	rs9349320	H21	NA20905	2
phyml	GRCh37	rs9349320	H22	HG02420	1
phyml	GRCh37	rs9349320	H22	HG02582	2
phyml	GRCh37	rs9349320	H22	HG02760	2
phyml	GRCh37	rs9349320	H22	HG02840	1
phyml	GRCh37	rs9349320	H22	HG02887	2
phyml	GRCh37	rs9349320	H22	HG03072	1
phyml	GRCh37	rs9349320	H22	HG03539	1
phyml	GRCh37	rs9349320	H22	HG03575	1
phyml	GRCh37	rs9349320	H22	NA18504	1
phyml	GRCh37	rs9349320	H22	NA19700	2
phyml	GRCh37	rs9349320	H22	NA20342	1
phyml	GRCh37	rs9349320	H23	HG01880	1
phyml	GRCh37	rs9349320	H23	HG01956	1
phyml	GRCh37	rs9349320	H23	HG01986	1
phyml	GRCh37	rs9349320	H23	HG02107	2
phyml	GRCh37	rs9349320	H23	HG02952	2
phyml	GRCh37	rs9349320	H23	HG03077	2
phyml	GRCh37	rs9349320	H23	HG03394	1
phyml	GRCh37	rs9349320	H23	NA19198	2
phyml	GRCh37	rs9349320	H23	NA19235	1
phyml	GRCh37	rs9349320	H23	NA20294	2
phyml	GRCh37	rs9349320	H24	HG01989	1
phyml	GRCh37	rs9349320	H24	HG02009	1
phyml	GRCh37	rs9349320	H24	HG02476	2
phyml	GRCh37	rs9349320	H24	HG02953	1
phyml	GRCh37	rs9349320	H24	HG02974	1
phyml	GRCh37	rs9349320	H24	HG03100	1
phyml	GRCh37	rs9349320	H24	HG03280	2
phyml	GRCh37	rs9349320	H24	HG03363	2
phyml	GRCh37	rs9349320	H24	NA19172	2
phyml	GRCh37	rs9349320	H24	NA19713	2
phyml	GRCh37	rs9349320	H25	HG02315	2
phyml	GRCh37	rs9349320	H25	NA18504	2
phyml	GRCh37	rs9349320	H25	NA19017	2
phyml	GRCh37	rs9349320	H25	NA19041	1
phyml	GRCh37	rs9349320	H25	NA19042	2
phyml	GRCh37	rs9349320	H25	NA19095	1
phyml	GRCh37	rs9349320	H25	NA19379	2
phyml	GRCh37	rs9349320	H25	NA19403	2
phyml	GRCh37	rs9349320	H25	NA19454	1
phyml	GRCh37	rs9349320	H25	NA19466	1
phyml	GRCh37	rs9349320	H26	HG00442	1
phyml	GRCh37	rs9349320	H26	HG01843	2
phyml	GRCh37	rs9349320	H26	HG01860	2
phyml	GRCh37	rs9349320	H26	HG01866	2
phyml	GRCh37	rs9349320	H26	HG01870	1
phyml	GRCh37	rs9349320	H26	HG02401	1
phyml	GRCh37	rs9349320	H26	HG03908	1
phyml	GRCh37	rs9349320	H26	NA18535	2
phyml	GRCh37	rs9349320	H26	NA18536	1
phyml	GRCh37	rs9349320	H26	NA18592	2
phyml	GRCh37	rs9349320	H27	HG00553	1
phyml	GRCh37	rs9349320	H27	HG03781	1
phyml	GRCh37	rs9349320	H27	HG04094	2
phyml	GRCh37	rs9349320	H27	NA07037	1
phyml	GRCh37	rs9349320	H27	NA12273	1
phyml	GRCh37	rs9349320	H27	NA12814	2
phyml	GRCh37	rs9349320	H27	NA12827	1
phyml	GRCh37	rs9349320	H27	NA19719	2
phyml	GRCh37	rs9349320	H27	NA21105	1
phyml	GRCh37	rs9349320	H28	HG00259	2
phyml	GRCh37	rs9349320	H28	HG00323	1
phyml	GRCh37	rs9349320	H28	HG01130	1
phyml	GRCh37	rs9349320	H28	HG01986	2
phyml	GRCh37	rs9349320	H28	NA12399	1
phyml	GRCh37	rs9349320	H28	NA12748	2
phyml	GRCh37	rs9349320	H28	NA12874	2
phyml	GRCh37	rs9349320	H28	NA21112	1
phyml	GRCh37	rs9349320	H28	NA21125	1
phyml	GRCh37	rs9349320	H29	HG00103	2
phyml	GRCh37	rs9349320	H29	HG00177	2
phyml	GRCh37	rs9349320	H29	HG00273	2
phyml	GRCh37	rs9349320	H29	HG00288	2
phyml	GRCh37	rs9349320	H29	HG00378	1
phyml	GRCh37	rs9349320	H29	HG01390	1
phyml	GRCh37	rs9349320	H29	HG01625	2
phyml	GRCh37	rs9349320	H29	HG01670	1
phyml	GRCh37	rs9349320	H29	NA20807	1
phyml	GRCh37	rs9349320	H30	HG00557	1
phyml	GRCh37	rs9349320	H30	HG00596	2
phyml	GRCh37	rs9349320	H30	HG00864	2
phyml	GRCh37	rs9349320	H30	HG01800	1
phyml	GRCh37	rs9349320	H30	HG01873	2
phyml	GRCh37	rs9349320	H30	HG02139	2
phyml	GRCh37	rs9349320	H30	HG02408	2
phyml	GRCh37	rs9349320	H30	NA18611	2
phyml	GRCh37	rs9349320	H30	NA18620	1
phyml	GRCh37	rs9349320	H31	HG03009	2
phyml	GRCh37	rs9349320	H31	HG03695	1
phyml	GRCh37	rs9349320	H31	HG03824	1
phyml	GRCh37	rs9349320	H31	HG03857	2
phyml	GRCh37	rs9349320	H31	HG03926	1
phyml	GRCh37	rs9349320	H31	HG03940	1
phyml	GRCh37	rs9349320	H31	HG03960	1
phyml	GRCh37	rs9349320	H31	HG04144	1
phyml	GRCh37	rs9349320	H31	HG04222	1
phyml	GRCh37	rs9349320	H32	HG00099	2
phyml	GRCh37	rs9349320	H32	HG00136	1
phyml	GRCh37	rs9349320	H32	HG00285	2
phyml	GRCh37	rs9349320	H32	HG01122	2
phyml	GRCh37	rs9349320	H32	HG01363	1
phyml	GRCh37	rs9349320	H32	HG01479	1
phyml	GRCh37	rs9349320	H32	HG03897	1
phyml	GRCh37	rs9349320	H32	NA12046	1
phyml	GRCh37	rs9349320	H32	NA21108	1
phyml	GRCh37	rs9349320	H33	HG00185	2
phyml	GRCh37	rs9349320	H33	HG01345	2
phyml	GRCh37	rs9349320	H33	HG01501	1
phyml	GRCh37	rs9349320	H33	HG01521	2
phyml	GRCh37	rs9349320	H33	HG01613	2
phyml	GRCh37	rs9349320	H33	HG01705	1
phyml	GRCh37	rs9349320	H33	HG01789	2
phyml	GRCh37	rs9349320	H33	HG02493	1
phyml	GRCh37	rs9349320	H33	NA20517	2
phyml	GRCh37	rs9349320	H34	HG00530	2
phyml	GRCh37	rs9349320	H34	HG00613	1
phyml	GRCh37	rs9349320	H34	HG00626	2
phyml	GRCh37	rs9349320	H34	HG00683	1
phyml	GRCh37	rs9349320	H34	HG00693	1
phyml	GRCh37	rs9349320	H34	HG02512	1
phyml	GRCh37	rs9349320	H34	NA18541	2
phyml	GRCh37	rs9349320	H34	NA18572	2
phyml	GRCh37	rs9349320	H34	NA18980	2
phyml	GRCh37	rs9349320	H35	HG00734	2
phyml	GRCh37	rs9349320	H35	HG02012	2
phyml	GRCh37	rs9349320	H35	HG02489	1
phyml	GRCh37	rs9349320	H35	HG02555	1
phyml	GRCh37	rs9349320	H35	HG03091	1
phyml	GRCh37	rs9349320	H35	HG03366	1
phyml	GRCh37	rs9349320	H35	NA19114	1
phyml	GRCh37	rs9349320	H35	NA19121	2
phyml	GRCh37	rs9349320	H35	NA19137	2
phyml	GRCh37	rs9349320	H36	HG00266	1
phyml	GRCh37	rs9349320	H36	HG00551	2
phyml	GRCh37	rs9349320	H36	HG01139	2
phyml	GRCh37	rs9349320	H36	HG01164	2
phyml	GRCh37	rs9349320	H36	HG01757	1
phyml	GRCh37	rs9349320	H36	HG02223	2
phyml	GRCh37	rs9349320	H36	HG02494	1
phyml	GRCh37	rs9349320	H36	NA20800	2
phyml	GRCh37	rs9349320	H36	NA20827	2
phyml	GRCh37	rs9349320	H37	HG01060	2
phyml	GRCh37	rs9349320	H37	HG01350	2
phyml	GRCh37	rs9349320	H37	HG01365	2
phyml	GRCh37	rs9349320	H37	HG01518	1
phyml	GRCh37	rs9349320	H37	HG01673	2
phyml	GRCh37	rs9349320	H37	NA12778	2
phyml	GRCh37	rs9349320	H37	NA19651	2
phyml	GRCh37	rs9349320	H37	NA20278	1
phyml	GRCh37	rs9349320	H38	HG00099	1
phyml	GRCh37	rs9349320	H38	HG00146	2
phyml	GRCh37	rs9349320	H38	HG01173	1
phyml	GRCh37	rs9349320	H38	HG04075	1
phyml	GRCh37	rs9349320	H38	NA19390	2
phyml	GRCh37	rs9349320	H38	NA19649	1
phyml	GRCh37	rs9349320	H38	NA19657	1
phyml	GRCh37	rs9349320	H38	NA20346	2
phyml	GRCh37	rs9349320	H39	HG01369	2
phyml	GRCh37	rs9349320	H39	HG02337	1
phyml	GRCh37	rs9349320	H39	HG02923	1
phyml	GRCh37	rs9349320	H39	HG03270	1
phyml	GRCh37	rs9349320	H39	HG03300	2
phyml	GRCh37	rs9349320	H39	NA18505	1
phyml	GRCh37	rs9349320	H39	NA19096	2
phyml	GRCh37	rs9349320	H39	NA20320	1
phyml	GRCh37	rs9349320	H40	HG00309	2
phyml	GRCh37	rs9349320	H40	HG01513	2
phyml	GRCh37	rs9349320	H40	HG01603	1
phyml	GRCh37	rs9349320	H40	HG01672	1
phyml	GRCh37	rs9349320	H40	HG03934	1
phyml	GRCh37	rs9349320	H40	NA07000	2
phyml	GRCh37	rs9349320	H40	NA10847	1
phyml	GRCh37	rs9349320	H40	NA20795	1
phyml	GRCh37	rs9349320	H41	HG00116	2
phyml	GRCh37	rs9349320	H41	HG00311	1
phyml	GRCh37	rs9349320	H41	HG01102	2
phyml	GRCh37	rs9349320	H41	HG01354	2
phyml	GRCh37	rs9349320	H41	HG02144	2
phyml	GRCh37	rs9349320	H41	HG02697	1
phyml	GRCh37	rs9349320	H41	NA12348	1
phyml	GRCh37	rs9349320	H41	NA20532	1
phyml	GRCh37	rs9349320	H42	HG02570	1
phyml	GRCh37	rs9349320	H42	HG02624	1
phyml	GRCh37	rs9349320	H42	HG02721	2
phyml	GRCh37	rs9349320	H42	HG02799	2
phyml	GRCh37	rs9349320	H42	HG02819	1
phyml	GRCh37	rs9349320	H42	HG02837	2
phyml	GRCh37	rs9349320	H42	HG02885	1
phyml	GRCh37	rs9349320	H42	NA20765	1
phyml	GRCh37	rs9349320	H43	HG02013	1
phyml	GRCh37	rs9349320	H43	HG03196	1
phyml	GRCh37	rs9349320	H43	HG03520	1
phyml	GRCh37	rs9349320	H43	NA18878	1
phyml	GRCh37	rs9349320	H43	NA18915	2
phyml	GRCh37	rs9349320	H43	NA19214	2
phyml	GRCh37	rs9349320	H43	NA19475	2
phyml	GRCh37	rs9349320	H43	NA20282	2
phyml	GRCh37	rs9349320	H44	HG00097	2
phyml	GRCh37	rs9349320	H44	HG00101	2
phyml	GRCh37	rs9349320	H44	HG00111	2
phyml	GRCh37	rs9349320	H44	HG00341	1
phyml	GRCh37	rs9349320	H44	HG00345	1
phyml	GRCh37	rs9349320	H44	HG00375	1
phyml	GRCh37	rs9349320	H44	HG01605	1
phyml	GRCh37	rs9349320	H44	HG03885	2
phyml	GRCh37	rs9349320	H45	HG00131	1
phyml	GRCh37	rs9349320	H45	HG00265	2
phyml	GRCh37	rs9349320	H45	HG00277	2
phyml	GRCh37	rs9349320	H45	HG01187	2
phyml	GRCh37	rs9349320	H45	HG01284	2
phyml	GRCh37	rs9349320	H45	HG01571	1
phyml	GRCh37	rs9349320	H45	HG02003	2
phyml	GRCh37	rs9349320	H45	NA20792	2
phyml	GRCh37	rs9349320	H46	HG01286	1
phyml	GRCh37	rs9349320	H46	HG03172	1
phyml	GRCh37	rs9349320	H46	HG03304	1
phyml	GRCh37	rs9349320	H46	NA18516	2
phyml	GRCh37	rs9349320	H46	NA18876	1
phyml	GRCh37	rs9349320	H46	NA19185	2
phyml	GRCh37	rs9349320	H46	NA20332	1
phyml	GRCh37	rs9349320	H46	NA20357	2
phyml	GRCh37	rs9349320	H47	HG02722	1
phyml	GRCh37	rs9349320	H47	HG02923	2
phyml	GRCh37	rs9349320	H47	HG03172	2
phyml	GRCh37	rs9349320	H47	HG03351	2
phyml	GRCh37	rs9349320	H47	NA19435	2
phyml	GRCh37	rs9349320	H47	NA19445	1
phyml	GRCh37	rs9349320	H47	NA20318	1
phyml	GRCh37	rs9349320	H48	HG02330	1
phyml	GRCh37	rs9349320	H48	HG03139	2
phyml	GRCh37	rs9349320	H48	HG03190	1
phyml	GRCh37	rs9349320	H48	HG03518	1
phyml	GRCh37	rs9349320	H48	HG03575	2
phyml	GRCh37	rs9349320	H48	NA19098	2
phyml	GRCh37	rs9349320	H48	NA19448	1
phyml	GRCh37	rs9349320	H49	HG01896	1
phyml	GRCh37	rs9349320	H49	HG02979	1
phyml	GRCh37	rs9349320	H49	HG03291	2
phyml	GRCh37	rs9349320	H49	NA18865	2
phyml	GRCh37	rs9349320	H49	NA19138	1
phyml	GRCh37	rs9349320	H49	NA19159	1
phyml	GRCh37	rs9349320	H49	NA20291	2
phyml	GRCh37	rs9349320	H50	HG01029	2
phyml	GRCh37	rs9349320	H50	HG02020	2
phyml	GRCh37	rs9349320	H50	HG02139	1
phyml	GRCh37	rs9349320	H50	NA18546	1
phyml	GRCh37	rs9349320	H50	NA18616	1
phyml	GRCh37	rs9349320	H50	NA18989	1
phyml	GRCh37	rs9349320	H50	NA19077	1
phyml	GRCh37	rs9349320	H51	HG01357	2
phyml	GRCh37	rs9349320	H51	HG01396	2
phyml	GRCh37	rs9349320	H51	HG01486	1
phyml	GRCh37	rs9349320	H51	HG01953	1
phyml	GRCh37	rs9349320	H51	NA12718	1
phyml	GRCh37	rs9349320	H51	NA19735	2
phyml	GRCh37	rs9349320	H51	NA20802	2
phyml	GRCh37	rs9349320	H52	HG00132	2
phyml	GRCh37	rs9349320	H52	HG01589	1
phyml	GRCh37	rs9349320	H52	HG01924	1
phyml	GRCh37	rs9349320	H52	HG03838	1
phyml	GRCh37	rs9349320	H52	HG03968	1
phyml	GRCh37	rs9349320	H52	HG03973	2
phyml	GRCh37	rs9349320	H52	NA11830	1
phyml	GRCh37	rs9349320	H53	HG00139	1
phyml	GRCh37	rs9349320	H53	HG00252	1
phyml	GRCh37	rs9349320	H53	HG00275	2
phyml	GRCh37	rs9349320	H53	HG00371	2
phyml	GRCh37	rs9349320	H53	HG03491	2
phyml	GRCh37	rs9349320	H53	NA12342	1
phyml	GRCh37	rs9349320	H53	NA20805	1
phyml	GRCh37	rs9349320	H54	HG00123	1
phyml	GRCh37	rs9349320	H54	HG02657	2
phyml	GRCh37	rs9349320	H54	HG02687	2
phyml	GRCh37	rs9349320	H54	HG03237	2
phyml	GRCh37	rs9349320	H54	HG03762	1
phyml	GRCh37	rs9349320	H54	HG03969	2
phyml	GRCh37	rs9349320	H54	HG04134	2
phyml	GRCh37	rs9349320	H55	HG00421	2
phyml	GRCh37	rs9349320	H55	HG00607	2
phyml	GRCh37	rs9349320	H55	HG00708	2
phyml	GRCh37	rs9349320	H55	HG01867	1
phyml	GRCh37	rs9349320	H55	HG02048	1
phyml	GRCh37	rs9349320	H55	HG02185	1
phyml	GRCh37	rs9349320	H55	HG02188	1
phyml	GRCh37	rs9349320	H56	HG01945	1
phyml	GRCh37	rs9349320	H56	HG01945	2
phyml	GRCh37	rs9349320	H56	HG02272	2
phyml	GRCh37	rs9349320	H56	NA18641	1
phyml	GRCh37	rs9349320	H56	NA19780	2
phyml	GRCh37	rs9349320	H56	NA19785	2
phyml	GRCh37	rs9349320	H56	NA19795	1
phyml	GRCh37	rs9349320	H57	HG01537	2
phyml	GRCh37	rs9349320	H57	HG01757	2
phyml	GRCh37	rs9349320	H57	HG02420	2
phyml	GRCh37	rs9349320	H57	HG04239	1
phyml	GRCh37	rs9349320	H57	NA07056	2
phyml	GRCh37	rs9349320	H57	NA12414	2
phyml	GRCh37	rs9349320	H57	NA20775	1
phyml	GRCh37	rs9349320	H58	HG02095	1
phyml	GRCh37	rs9349320	H58	HG02442	1
phyml	GRCh37	rs9349320	H58	HG02759	2
phyml	GRCh37	rs9349320	H58	HG02820	2
phyml	GRCh37	rs9349320	H58	HG02979	2
phyml	GRCh37	rs9349320	H58	HG03195	2
phyml	GRCh37	rs9349320	H58	NA19144	1
phyml	GRCh37	rs9349320	H59	HG01372	1
phyml	GRCh37	rs9349320	H59	HG01678	1
phyml	GRCh37	rs9349320	H59	HG01695	2
phyml	GRCh37	rs9349320	H59	HG01927	1
phyml	GRCh37	rs9349320	H59	HG01979	2
phyml	GRCh37	rs9349320	H59	NA12776	2
phyml	GRCh37	rs9349320	H59	NA20506	2
phyml	GRCh37	rs9349320	H60	HG00472	2
phyml	GRCh37	rs9349320	H60	HG01599	1
phyml	GRCh37	rs9349320	H60	HG02075	1
phyml	GRCh37	rs9349320	H60	HG02087	1
phyml	GRCh37	rs9349320	H60	HG02141	1
phyml	GRCh37	rs9349320	H60	NA18582	1
phyml	GRCh37	rs9349320	H60	NA18636	1
phyml	GRCh37	rs9349320	H61	HG01990	2
phyml	GRCh37	rs9349320	H61	HG03163	1
phyml	GRCh37	rs9349320	H61	HG03294	1
phyml	GRCh37	rs9349320	H61	HG03295	1
phyml	GRCh37	rs9349320	H61	NA18861	2
phyml	GRCh37	rs9349320	H61	NA19143	2
phyml	GRCh37	rs9349320	H61	NA19713	1
phyml	GRCh37	rs9349320	H62	HG03869	2
phyml	GRCh37	rs9349320	H62	HG04059	1
phyml	GRCh37	rs9349320	H62	HG04211	1
phyml	GRCh37	rs9349320	H62	HG04211	2
phyml	GRCh37	rs9349320	H62	NA18645	1
phyml	GRCh37	rs9349320	H62	NA20856	1
phyml	GRCh37	rs9349320	H62	NA20872	1
phyml	GRCh37	rs9349320	H63	HG02684	1
phyml	GRCh37	rs9349320	H63	HG02789	2
phyml	GRCh37	rs9349320	H63	HG03598	1
phyml	GRCh37	rs9349320	H63	HG03690	2
phyml	GRCh37	rs9349320	H63	HG03790	1
phyml	GRCh37	rs9349320	H63	HG03867	2
phyml	GRCh37	rs9349320	H63	NA21118	1
phyml	GRCh37	rs9349320	H64	HG02601	1
phyml	GRCh37	rs9349320	H64	HG03663	2
phyml	GRCh37	rs9349320	H64	HG03752	1
phyml	GRCh37	rs9349320	H64	HG03836	1
phyml	GRCh37	rs9349320	H64	HG03995	2
phyml	GRCh37	rs9349320	H64	HG04047	1
phyml	GRCh37	rs9349320	H65	HG00331	1
phyml	GRCh37	rs9349320	H65	HG01142	2
phyml	GRCh37	rs9349320	H65	HG01524	1
phyml	GRCh37	rs9349320	H65	HG01608	2
phyml	GRCh37	rs9349320	H65	NA20588	2
phyml	GRCh37	rs9349320	H65	NA20810	1
phyml	GRCh37	rs9349320	H66	HG00479	2
phyml	GRCh37	rs9349320	H66	HG00701	1
phyml	GRCh37	rs9349320	H66	HG01810	2
phyml	GRCh37	rs9349320	H66	HG01848	1
phyml	GRCh37	rs9349320	H66	HG02345	1
phyml	GRCh37	rs9349320	H66	NA18635	1
phyml	GRCh37	rs9349320	H67	HG00181	1
phyml	GRCh37	rs9349320	H67	HG02792	2
phyml	GRCh37	rs9349320	H67	HG03668	2
phyml	GRCh37	rs9349320	H67	HG03693	1
phyml	GRCh37	rs9349320	H67	HG03775	1
phyml	GRCh37	rs9349320	H67	NA20911	2
phyml	GRCh37	rs9349320	H68	HG00131	2
phyml	GRCh37	rs9349320	H68	HG00356	1
phyml	GRCh37	rs9349320	H68	HG00361	2
phyml	GRCh37	rs9349320	H68	HG01312	1
phyml	GRCh37	rs9349320	H68	HG01441	1
phyml	GRCh37	rs9349320	H68	NA19794	2
phyml	GRCh37	rs9349320	H69	HG00130	1
phyml	GRCh37	rs9349320	H69	HG00330	2
phyml	GRCh37	rs9349320	H69	HG00346	1
phyml	GRCh37	rs9349320	H69	NA12006	1
phyml	GRCh37	rs9349320	H69	NA20801	2
phyml	GRCh37	rs9349320	H69	NA20828	1
phyml	GRCh37	rs9349320	H70	HG01882	1
phyml	GRCh37	rs9349320	H70	HG02315	1
phyml	GRCh37	rs9349320	H70	HG02484	2
phyml	GRCh37	rs9349320	H70	HG03436	2
phyml	GRCh37	rs9349320	H70	NA18505	2
phyml	GRCh37	rs9349320	H70	NA18853	2
phyml	GRCh37	rs9349320	H71	HG03595	1
phyml	GRCh37	rs9349320	H71	HG03634	1
phyml	GRCh37	rs9349320	H71	HG03775	2
phyml	GRCh37	rs9349320	H71	HG03900	1
phyml	GRCh37	rs9349320	H71	HG03967	2
phyml	GRCh37	rs9349320	H71	HG04164	2
phyml	GRCh37	rs9349320	H72	HG00251	1
phyml	GRCh37	rs9349320	H72	HG01176	1
phyml	GRCh37	rs9349320	H72	HG02284	2
phyml	GRCh37	rs9349320	H72	HG03805	2
phyml	GRCh37	rs9349320	H72	NA11840	2
phyml	GRCh37	rs9349320	H72	NA12813	1
phyml	GRCh37	rs9349320	H73	HG00476	2
phyml	GRCh37	rs9349320	H73	HG00632	2
phyml	GRCh37	rs9349320	H73	HG00701	2
phyml	GRCh37	rs9349320	H73	HG02017	1
phyml	GRCh37	rs9349320	H73	HG02407	1
phyml	GRCh37	rs9349320	H73	NA18613	1
phyml	GRCh37	rs9349320	H74	HG00106	2
phyml	GRCh37	rs9349320	H74	HG00251	2
phyml	GRCh37	rs9349320	H74	HG02224	2
phyml	GRCh37	rs9349320	H74	NA07051	2
phyml	GRCh37	rs9349320	H74	NA20799	1
phyml	GRCh37	rs9349320	H74	NA20812	1
phyml	GRCh37	rs9349320	H75	HG03793	2
phyml	GRCh37	rs9349320	H75	NA20752	2
phyml	GRCh37	rs9349320	H75	NA20867	1
phyml	GRCh37	rs9349320	H75	NA20868	1
phyml	GRCh37	rs9349320	H75	NA21107	1
phyml	GRCh37	rs9349320	H75	NA21117	1
phyml	GRCh37	rs9349320	H76	HG00404	1
phyml	GRCh37	rs9349320	H76	HG00610	1
phyml	GRCh37	rs9349320	H76	HG00628	2
phyml	GRCh37	rs9349320	H76	NA19054	2
phyml	GRCh37	rs9349320	H76	NA19077	2
phyml	GRCh37	rs9349320	H76	NA19091	1
phyml	GRCh37	rs9349320	H77	HG01965	1
phyml	GRCh37	rs9349320	H77	HG02012	1
phyml	GRCh37	rs9349320	H77	HG02281	1
phyml	GRCh37	rs9349320	H77	HG02339	1
phyml	GRCh37	rs9349320	H77	HG03124	2
phyml	GRCh37	rs9349320	H77	HG03139	1
phyml	GRCh37	rs9349320	H78	HG01198	2
phyml	GRCh37	rs9349320	H78	HG01325	2
phyml	GRCh37	rs9349320	H78	HG01631	1
phyml	GRCh37	rs9349320	H78	NA20274	1
phyml	GRCh37	rs9349320	H78	NA20538	2
phyml	GRCh37	rs9349320	H78	NA20765	2
phyml	GRCh37	rs9349320	H79	HG00176	1
phyml	GRCh37	rs9349320	H79	HG00381	1
phyml	GRCh37	rs9349320	H79	NA06986	2
phyml	GRCh37	rs9349320	H79	NA10847	2
phyml	GRCh37	rs9349320	H79	NA11843	2
phyml	GRCh37	rs9349320	H79	NA11892	1
phyml	GRCh37	rs9349320	H80	HG00278	2
phyml	GRCh37	rs9349320	H80	HG00335	1
phyml	GRCh37	rs9349320	H80	NA12829	2
phyml	GRCh37	rs9349320	H80	NA20762	1
phyml	GRCh37	rs9349320	H80	NA20803	1
phyml	GRCh37	rs9349320	H80	NA20894	2
phyml	GRCh37	rs9349320	H81	HG01956	2
phyml	GRCh37	rs9349320	H81	HG02010	1
phyml	GRCh37	rs9349320	H81	NA20516	1
phyml	GRCh37	rs9349320	H81	NA20785	1
phyml	GRCh37	rs9349320	H81	NA20803	2
phyml	GRCh37	rs9349320	H81	NA20863	2
phyml	GRCh37	rs9349320	H82	HG00188	1
phyml	GRCh37	rs9349320	H82	HG00360	1
phyml	GRCh37	rs9349320	H82	HG01125	1
phyml	GRCh37	rs9349320	H82	HG01269	2
phyml	GRCh37	rs9349320	H82	NA12155	1
phyml	GRCh37	rs9349320	H82	NA20541	2
phyml	GRCh37	rs9349320	H83	HG03593	1
phyml	GRCh37	rs9349320	H83	HG03755	1
phyml	GRCh37	rs9349320	H83	HG03781	2
phyml	GRCh37	rs9349320	H83	HG03871	1
phyml	GRCh37	rs9349320	H83	HG03920	1
phyml	GRCh37	rs9349320	H83	HG04212	2
phyml	GRCh37	rs9349320	H84	HG02009	2
phyml	GRCh37	rs9349320	H84	HG02546	1
phyml	GRCh37	rs9349320	H84	HG02878	1
phyml	GRCh37	rs9349320	H84	HG03517	2
phyml	GRCh37	rs9349320	H84	NA19092	1
phyml	GRCh37	rs9349320	H84	NA20318	2
phyml	GRCh37	rs9349320	H85	HG03073	1
phyml	GRCh37	rs9349320	H85	HG03088	1
phyml	GRCh37	rs9349320	H85	HG03271	2
phyml	GRCh37	rs9349320	H85	NA19117	1
phyml	GRCh37	rs9349320	H85	NA19209	2
phyml	GRCh37	rs9349320	H85	NA19461	1
phyml	GRCh37	rs9349320	H86	HG01197	2
phyml	GRCh37	rs9349320	H86	HG02763	1
phyml	GRCh37	rs9349320	H86	HG03082	2
phyml	GRCh37	rs9349320	H86	HG03458	1
phyml	GRCh37	rs9349320	H86	HG03461	1
phyml	GRCh37	rs9349320	H86	NA20298	1
phyml	GRCh37	rs9349320	H87	HG01390	2
phyml	GRCh37	rs9349320	H87	HG02052	1
phyml	GRCh37	rs9349320	H87	HG02570	2
phyml	GRCh37	rs9349320	H87	HG03388	2
phyml	GRCh37	rs9349320	H87	HG03520	2
phyml	GRCh37	rs9349320	H87	NA19703	1
phyml	GRCh37	rs9349320	H88	HG00731	2
phyml	GRCh37	rs9349320	H88	HG01167	1
phyml	GRCh37	rs9349320	H88	HG01509	1
phyml	GRCh37	rs9349320	H88	HG01893	1
phyml	GRCh37	rs9349320	H88	NA11894	1
phyml	GRCh37	rs9349320	H88	NA12154	1
phyml	GRCh37	rs9349320	H89	HG00766	1
phyml	GRCh37	rs9349320	H89	HG01860	1
phyml	GRCh37	rs9349320	H89	HG02020	1
phyml	GRCh37	rs9349320	H89	HG02088	2
phyml	GRCh37	rs9349320	H89	HG03814	2
phyml	GRCh37	rs9349320	H89	NA18555	2
phyml	GRCh37	rs9349320	H90	HG02977	2
phyml	GRCh37	rs9349320	H90	HG03136	2
phyml	GRCh37	rs9349320	H90	HG03163	2
phyml	GRCh37	rs9349320	H90	NA19093	1
phyml	GRCh37	rs9349320	H90	NA19914	1
phyml	GRCh37	rs9349320	H91	HG00362	1
phyml	GRCh37	rs9349320	H91	NA11829	1
phyml	GRCh37	rs9349320	H91	NA12046	2
phyml	GRCh37	rs9349320	H91	NA19756	2
phyml	GRCh37	rs9349320	H91	NA20787	1
phyml	GRCh37	rs9349320	H92	HG01198	1
phyml	GRCh37	rs9349320	H92	HG01572	1
phyml	GRCh37	rs9349320	H92	HG01979	1
phyml	GRCh37	rs9349320	H92	HG02105	1
phyml	GRCh37	rs9349320	H92	HG02291	2
phyml	GRCh37	rs9349320	H93	HG01055	2
phyml	GRCh37	rs9349320	H93	HG01353	2
phyml	GRCh37	rs9349320	H93	HG01668	1
phyml	GRCh37	rs9349320	H93	HG01676	2
phyml	GRCh37	rs9349320	H93	NA12383	1
phyml	GRCh37	rs9349320	H94	HG03741	1
phyml	GRCh37	rs9349320	H94	HG03754	2
phyml	GRCh37	rs9349320	H94	HG04026	1
phyml	GRCh37	rs9349320	H94	NA21088	1
phyml	GRCh37	rs9349320	H94	NA21090	2
phyml	GRCh37	rs9349320	H95	HG00271	2
phyml	GRCh37	rs9349320	H95	HG00284	2
phyml	GRCh37	rs9349320	H95	HG00337	2
phyml	GRCh37	rs9349320	H95	HG01777	2
phyml	GRCh37	rs9349320	H95	HG02727	1
phyml	GRCh37	rs9349320	H96	HG00181	2
phyml	GRCh37	rs9349320	H96	HG00290	2
phyml	GRCh37	rs9349320	H96	HG00323	2
phyml	GRCh37	rs9349320	H96	HG00360	2
phyml	GRCh37	rs9349320	H96	HG00384	2
phyml	GRCh37	rs9349320	H97	HG01061	2
phyml	GRCh37	rs9349320	H97	HG01072	1
phyml	GRCh37	rs9349320	H97	HG01162	1
phyml	GRCh37	rs9349320	H97	HG01173	2
phyml	GRCh37	rs9349320	H97	HG01183	2
phyml	GRCh37	rs9349320	H98	HG00524	2
phyml	GRCh37	rs9349320	H98	HG02153	2
phyml	GRCh37	rs9349320	H98	HG02380	1
phyml	GRCh37	rs9349320	H98	NA18612	2
phyml	GRCh37	rs9349320	H98	NA18647	1
phyml	GRCh37	rs9349320	H99	HG00141	2
phyml	GRCh37	rs9349320	H99	HG00143	1
phyml	GRCh37	rs9349320	H99	HG01389	1
phyml	GRCh37	rs9349320	H99	HG02648	2
phyml	GRCh37	rs9349320	H99	NA20351	1
phyml	GRCh37	rs9349320	H100	HG01537	1
phyml	GRCh37	rs9349320	H100	HG02236	1
phyml	GRCh37	rs9349320	H100	HG03907	1
phyml	GRCh37	rs9349320	H100	NA12830	2
phyml	GRCh37	rs9349320	H100	NA21088	2
phyml	GRCh37	rs9349320	H101	HG00190	1
phyml	GRCh37	rs9349320	H101	HG01188	1
phyml	GRCh37	rs9349320	H101	HG02790	2
phyml	GRCh37	rs9349320	H101	NA11840	1
phyml	GRCh37	rs9349320	H101	NA20773	2
phyml	GRCh37	rs9349320	H102	HG01883	2
phyml	GRCh37	rs9349320	H102	HG03114	2
phyml	GRCh37	rs9349320	H102	HG03129	1
phyml	GRCh37	rs9349320	H102	HG03190	2
phyml	GRCh37	rs9349320	H102	NA20356	1
phyml	GRCh37	rs9349320	H103	HG03052	2
phyml	GRCh37	rs9349320	H103	HG03132	2
phyml	GRCh37	rs9349320	H103	HG03515	1
phyml	GRCh37	rs9349320	H103	NA19184	2
phyml	GRCh37	rs9349320	H103	NA19197	2
phyml	GRCh37	rs9349320	H104	HG02635	2
phyml	GRCh37	rs9349320	H104	HG02816	1
phyml	GRCh37	rs9349320	H104	HG02982	2
phyml	GRCh37	rs9349320	H104	HG03024	1
phyml	GRCh37	rs9349320	H104	HG03464	1
phyml	GRCh37	rs9349320	H105	HG01890	1
phyml	GRCh37	rs9349320	H105	HG02429	1
phyml	GRCh37	rs9349320	H105	HG02952	1
phyml	GRCh37	rs9349320	H105	HG03123	2
phyml	GRCh37	rs9349320	H105	NA19130	2
phyml	GRCh37	rs9349320	H106	HG02284	1
phyml	GRCh37	rs9349320	H106	HG02322	1
phyml	GRCh37	rs9349320	H106	NA19038	2
phyml	GRCh37	rs9349320	H106	NA19108	2
phyml	GRCh37	rs9349320	H106	NA20334	2
phyml	GRCh37	rs9349320	H107	HG01488	1
phyml	GRCh37	rs9349320	H107	HG02574	1
phyml	GRCh37	rs9349320	H107	HG02769	1
phyml	GRCh37	rs9349320	H107	HG03436	1
phyml	GRCh37	rs9349320	H107	NA19917	2
phyml	GRCh37	rs9349320	H108	HG01107	2
phyml	GRCh37	rs9349320	H108	HG01377	1
phyml	GRCh37	rs9349320	H108	HG01494	2
phyml	GRCh37	rs9349320	H108	HG01497	1
phyml	GRCh37	rs9349320	H108	NA19755	1
phyml	GRCh37	rs9349320	H109	HG01926	1
phyml	GRCh37	rs9349320	H109	HG01933	2
phyml	GRCh37	rs9349320	H109	HG02104	1
phyml	GRCh37	rs9349320	H109	NA19788	1
phyml	GRCh37	rs9349320	H109	NA20299	1
phyml	GRCh37	rs9349320	H110	HG00593	1
phyml	GRCh37	rs9349320	H110	HG02152	1
phyml	GRCh37	rs9349320	H110	HG02156	1
phyml	GRCh37	rs9349320	H110	HG02382	1
phyml	GRCh37	rs9349320	H110	HG03603	2
phyml	GRCh37	rs9349320	H111	HG01491	2
phyml	GRCh37	rs9349320	H111	HG01761	1
phyml	GRCh37	rs9349320	H111	HG03863	2
phyml	GRCh37	rs9349320	H111	NA20769	1
phyml	GRCh37	rs9349320	H111	NA20790	1
phyml	GRCh37	rs9349320	H112	HG00308	1
phyml	GRCh37	rs9349320	H112	HG00327	1
phyml	GRCh37	rs9349320	H112	HG01168	1
phyml	GRCh37	rs9349320	H112	NA11933	1
phyml	GRCh37	rs9349320	H112	NA20531	1
phyml	GRCh37	rs9349320	H113	HG01058	2
phyml	GRCh37	rs9349320	H113	HG01161	1
phyml	GRCh37	rs9349320	H113	HG02053	2
phyml	GRCh37	rs9349320	H113	HG03439	1
phyml	GRCh37	rs9349320	H113	NA18874	1
phyml	GRCh37	rs9349320	H114	HG02586	1
phyml	GRCh37	rs9349320	H114	HG02667	2
phyml	GRCh37	rs9349320	H114	HG02855	2
phyml	GRCh37	rs9349320	H114	HG03473	1
phyml	GRCh37	rs9349320	H114	NA19247	1
phyml	GRCh37	rs9349320	H115	HG02944	1
phyml	GRCh37	rs9349320	H115	HG03132	1
phyml	GRCh37	rs9349320	H115	HG03280	1
phyml	GRCh37	rs9349320	H115	NA18519	2
phyml	GRCh37	rs9349320	H115	NA19209	1
phyml	GRCh37	rs9349320	H116	HG03680	1
phyml	GRCh37	rs9349320	H116	HG03745	2
phyml	GRCh37	rs9349320	H116	HG03787	2
phyml	GRCh37	rs9349320	H116	HG03809	2
phyml	GRCh37	rs9349320	H116	HG04038	1
phyml	GRCh37	rs9349320	H117	HG00551	1
phyml	GRCh37	rs9349320	H117	HG01437	1
phyml	GRCh37	rs9349320	H117	HG02220	2
phyml	GRCh37	rs9349320	H117	NA20543	2
phyml	GRCh37	rs9349320	H117	NA20808	1
phyml	GRCh37	rs9349320	H118	HG02511	2
phyml	GRCh37	rs9349320	H118	NA18522	1
phyml	GRCh37	rs9349320	H118	NA19038	1
phyml	GRCh37	rs9349320	H118	NA19129	1
phyml	GRCh37	rs9349320	H118	NA19819	2
phyml	GRCh37	rs9349320	H119	HG00125	2
phyml	GRCh37	rs9349320	H119	HG00320	1
phyml	GRCh37	rs9349320	H119	HG00339	2
phyml	GRCh37	rs9349320	H119	HG01746	2
phyml	GRCh37	rs9349320	H119	NA19682	2
phyml	GRCh37	rs9349320	H120	HG00174	2
phyml	GRCh37	rs9349320	H120	HG00641	2
phyml	GRCh37	rs9349320	H120	HG01253	1
phyml	GRCh37	rs9349320	H120	HG01518	2
phyml	GRCh37	rs9349320	H120	NA20786	1
phyml	GRCh37	rs9349320	H121	HG00096	1
phyml	GRCh37	rs9349320	H121	HG01504	2
phyml	GRCh37	rs9349320	H121	HG01510	1
phyml	GRCh37	rs9349320	H121	HG01631	2
phyml	GRCh37	rs9349320	H121	NA20519	1
phyml	GRCh37	rs9349320	H122	HG03789	1
phyml	GRCh37	rs9349320	H122	NA20758	2
phyml	GRCh37	rs9349320	H122	NA20889	1
phyml	GRCh37	rs9349320	H122	NA21087	1
phyml	GRCh37	rs9349320	H122	NA21133	1
phyml	GRCh37	rs9349320	H123	HG00436	1
phyml	GRCh37	rs9349320	H123	HG00475	1
phyml	GRCh37	rs9349320	H123	HG02406	2
phyml	GRCh37	rs9349320	H123	NA18644	2
phyml	GRCh37	rs9349320	H123	NA18993	2
phyml	GRCh37	rs9349320	H124	HG00458	1
phyml	GRCh37	rs9349320	H124	HG01811	1
phyml	GRCh37	rs9349320	H124	HG01811	2
phyml	GRCh37	rs9349320	H124	HG02026	2
phyml	GRCh37	rs9349320	H124	NA18943	1
phyml	GRCh37	rs9349320	H125	HG03366	2
phyml	GRCh37	rs9349320	H125	NA19394	1
phyml	GRCh37	rs9349320	H125	NA19435	1
phyml	GRCh37	rs9349320	H125	NA19437	1
phyml	GRCh37	rs9349320	H125	NA20412	1
phyml	GRCh37	rs9349320	H126	HG02497	1
phyml	GRCh37	rs9349320	H126	HG02613	2
phyml	GRCh37	rs9349320	H126	HG02938	2
phyml	GRCh37	rs9349320	H126	NA19451	1
phyml	GRCh37	rs9349320	H126	NA20362	2
phyml	GRCh37	rs9349320	H127	HG03099	1
phyml	GRCh37	rs9349320	H127	NA19147	2
phyml	GRCh37	rs9349320	H127	NA19190	1
phyml	GRCh37	rs9349320	H127	NA19399	1
phyml	GRCh37	rs9349320	H128	HG00731	1
phyml	GRCh37	rs9349320	H128	HG01205	1
phyml	GRCh37	rs9349320	H128	HG01326	2
phyml	GRCh37	rs9349320	H128	NA11894	2
phyml	GRCh37	rs9349320	H129	HG01188	2
phyml	GRCh37	rs9349320	H129	HG03511	1
phyml	GRCh37	rs9349320	H129	NA18856	2
phyml	GRCh37	rs9349320	H129	NA18916	2
phyml	GRCh37	rs9349320	H130	HG02484	1
phyml	GRCh37	rs9349320	H130	HG03157	1
phyml	GRCh37	rs9349320	H130	NA18501	2
phyml	GRCh37	rs9349320	H130	NA19317	2
phyml	GRCh37	rs9349320	H131	NA18965	1
phyml	GRCh37	rs9349320	H131	NA18991	2
phyml	GRCh37	rs9349320	H131	NA19007	1
phyml	GRCh37	rs9349320	H131	NA19063	1
phyml	GRCh37	rs9349320	H132	NA18947	2
phyml	GRCh37	rs9349320	H132	NA18950	1
phyml	GRCh37	rs9349320	H132	NA18979	1
phyml	GRCh37	rs9349320	H132	NA19085	1
phyml	GRCh37	rs9349320	H133	HG03829	2
phyml	GRCh37	rs9349320	H133	HG03986	2
phyml	GRCh37	rs9349320	H133	NA20849	1
phyml	GRCh37	rs9349320	H133	NA20891	2
phyml	GRCh37	rs9349320	H134	HG00610	2
phyml	GRCh37	rs9349320	H134	HG01878	1
phyml	GRCh37	rs9349320	H134	HG02040	2
phyml	GRCh37	rs9349320	H134	NA18562	2
phyml	GRCh37	rs9349320	H135	HG01844	2
phyml	GRCh37	rs9349320	H135	HG02178	1
phyml	GRCh37	rs9349320	H135	NA18539	2
phyml	GRCh37	rs9349320	H135	NA18627	2
phyml	GRCh37	rs9349320	H136	HG03714	1
phyml	GRCh37	rs9349320	H136	NA20864	1
phyml	GRCh37	rs9349320	H136	NA21129	2
phyml	GRCh37	rs9349320	H136	NA21144	2
phyml	GRCh37	rs9349320	H137	HG00107	2
phyml	GRCh37	rs9349320	H137	HG00143	2
phyml	GRCh37	rs9349320	H137	HG01363	2
phyml	GRCh37	rs9349320	H137	NA07357	1
phyml	GRCh37	rs9349320	H138	HG00245	1
phyml	GRCh37	rs9349320	H138	HG01101	2
phyml	GRCh37	rs9349320	H138	HG01776	2
phyml	GRCh37	rs9349320	H138	NA06984	2
phyml	GRCh37	rs9349320	H139	HG00321	1
phyml	GRCh37	rs9349320	H139	HG02282	2
phyml	GRCh37	rs9349320	H139	NA11832	1
phyml	GRCh37	rs9349320	H139	NA12872	2
phyml	GRCh37	rs9349320	H140	HG00120	2
phyml	GRCh37	rs9349320	H140	HG00173	1
phyml	GRCh37	rs9349320	H140	HG01522	1
phyml	GRCh37	rs9349320	H140	NA20518	1
phyml	GRCh37	rs9349320	H141	HG00446	2
phyml	GRCh37	rs9349320	H141	HG00530	1
phyml	GRCh37	rs9349320	H141	HG01797	1
phyml	GRCh37	rs9349320	H141	HG02351	1
phyml	GRCh37	rs9349320	H142	HG00108	2
phyml	GRCh37	rs9349320	H142	HG01077	1
phyml	GRCh37	rs9349320	H142	HG03953	1
phyml	GRCh37	rs9349320	H142	NA12761	1
phyml	GRCh37	rs9349320	H143	HG00129	1
phyml	GRCh37	rs9349320	H143	HG01311	1
phyml	GRCh37	rs9349320	H143	NA19719	1
phyml	GRCh37	rs9349320	H143	NA20527	1
phyml	GRCh37	rs9349320	H144	HG01070	1
phyml	GRCh37	rs9349320	H144	NA07347	2
phyml	GRCh37	rs9349320	H144	NA12044	1
phyml	GRCh37	rs9349320	H144	NA20809	1
phyml	GRCh37	rs9349320	H145	NA19707	1
phyml	GRCh37	rs9349320	H145	NA20586	1
phyml	GRCh37	rs9349320	H145	NA20787	2
phyml	GRCh37	rs9349320	H145	NA20862	1
phyml	GRCh37	rs9349320	H146	HG00157	2
phyml	GRCh37	rs9349320	H146	HG00186	1
phyml	GRCh37	rs9349320	H146	HG00288	1
phyml	GRCh37	rs9349320	H146	HG01171	1
phyml	GRCh37	rs9349320	H147	HG00254	2
phyml	GRCh37	rs9349320	H147	HG00306	1
phyml	GRCh37	rs9349320	H147	HG00361	1
phyml	GRCh37	rs9349320	H147	NA12777	1
phyml	GRCh37	rs9349320	H148	HG02496	2
phyml	GRCh37	rs9349320	H148	HG03091	2
phyml	GRCh37	rs9349320	H148	NA20359	1
phyml	GRCh37	rs9349320	H148	NA20362	1
phyml	GRCh37	rs9349320	H149	HG02337	2
phyml	GRCh37	rs9349320	H149	HG02501	1
phyml	GRCh37	rs9349320	H149	NA20289	2
phyml	GRCh37	rs9349320	H149	NA20294	1
phyml	GRCh37	rs9349320	H150	HG02561	2
phyml	GRCh37	rs9349320	H150	HG02970	2
phyml	GRCh37	rs9349320	H150	HG03100	2
phyml	GRCh37	rs9349320	H150	HG03351	1
phyml	GRCh37	rs9349320	H151	HG02557	2
phyml	GRCh37	rs9349320	H151	HG03193	1
phyml	GRCh37	rs9349320	H151	NA18488	1
phyml	GRCh37	rs9349320	H151	NA20126	1
phyml	GRCh37	rs9349320	H152	HG01088	2
phyml	GRCh37	rs9349320	H152	HG01241	1
phyml	GRCh37	rs9349320	H152	HG02974	2
phyml	GRCh37	rs9349320	H152	NA19197	1
phyml	GRCh37	rs9349320	H153	HG00260	1
phyml	GRCh37	rs9349320	H153	HG00328	2
phyml	GRCh37	rs9349320	H153	HG00329	1
phyml	GRCh37	rs9349320	H153	HG00342	2
phyml	GRCh37	rs9349320	H154	HG00653	1
phyml	GRCh37	rs9349320	H154	HG00656	1
phyml	GRCh37	rs9349320	H154	HG02082	2
phyml	GRCh37	rs9349320	H154	NA18565	2
phyml	GRCh37	rs9349320	H155	HG00350	2
phyml	GRCh37	rs9349320	H155	HG01048	1
phyml	GRCh37	rs9349320	H155	HG01965	2
phyml	GRCh37	rs9349320	H155	HG02215	1
phyml	GRCh37	rs9349320	H156	HG01872	1
phyml	GRCh37	rs9349320	H156	NA18526	2
phyml	GRCh37	rs9349320	H156	NA18544	2
phyml	GRCh37	rs9349320	H156	NA18632	2
phyml	GRCh37	rs9349320	H157	HG00732	2
phyml	GRCh37	rs9349320	H157	HG01168	2
phyml	GRCh37	rs9349320	H157	HG01612	1
phyml	GRCh37	rs9349320	H157	HG01746	1
phyml	GRCh37	rs9349320	H158	HG00513	1
phyml	GRCh37	rs9349320	H158	HG00608	1
phyml	GRCh37	rs9349320	H158	HG00622	1
phyml	GRCh37	rs9349320	H158	NA18591	2
phyml	GRCh37	rs9349320	H159	HG03021	1
phyml	GRCh37	rs9349320	H159	HG03611	1
phyml	GRCh37	rs9349320	H159	HG03740	1
phyml	GRCh37	rs9349320	H159	HG04209	2
phyml	GRCh37	rs9349320	H160	HG01086	2
phyml	GRCh37	rs9349320	H160	HG01615	1
phyml	GRCh37	rs9349320	H160	HG02220	1
phyml	GRCh37	rs9349320	H160	NA11931	2
phyml	GRCh37	rs9349320	H161	HG00132	1
phyml	GRCh37	rs9349320	H161	HG01085	1
phyml	GRCh37	rs9349320	H161	NA12005	1
phyml	GRCh37	rs9349320	H161	NA20535	2
phyml	GRCh37	rs9349320	H162	HG00313	1
phyml	GRCh37	rs9349320	H162	HG00372	1
phyml	GRCh37	rs9349320	H162	NA18634	2
phyml	GRCh37	rs9349320	H162	NA18948	2
phyml	GRCh37	rs9349320	H163	HG02554	1
phyml	GRCh37	rs9349320	H163	HG03117	1
phyml	GRCh37	rs9349320	H163	NA12273	2
phyml	GRCh37	rs9349320	H163	NA18915	1
phyml	GRCh37	rs9349320	H164	HG02546	2
phyml	GRCh37	rs9349320	H164	HG02976	1
phyml	GRCh37	rs9349320	H164	NA18864	1
phyml	GRCh37	rs9349320	H164	NA18924	1
phyml	GRCh37	rs9349320	H165	HG02323	1
phyml	GRCh37	rs9349320	H165	HG03045	2
phyml	GRCh37	rs9349320	H165	NA18873	1
phyml	GRCh37	rs9349320	H165	NA19434	2
phyml	GRCh37	rs9349320	H166	HG02690	2
phyml	GRCh37	rs9349320	H166	HG03585	1
phyml	GRCh37	rs9349320	H166	HG03727	2
phyml	GRCh37	rs9349320	H166	NA20884	2
phyml	GRCh37	rs9349320	H167	HG00149	2
phyml	GRCh37	rs9349320	H167	HG00253	1
phyml	GRCh37	rs9349320	H167	HG01756	2
phyml	GRCh37	rs9349320	H167	NA12843	2
phyml	GRCh37	rs9349320	H168	HG00607	1
phyml	GRCh37	rs9349320	H168	HG00654	2
phyml	GRCh37	rs9349320	H168	HG02385	2
phyml	GRCh37	rs9349320	H168	NA18967	1
phyml	GRCh37	rs9349320	H169	HG00141	1
phyml	GRCh37	rs9349320	H169	HG01375	2
phyml	GRCh37	rs9349320	H169	HG01770	1
phyml	GRCh37	rs9349320	H169	NA11930	1
phyml	GRCh37	rs9349320	H170	HG01506	2
phyml	GRCh37	rs9349320	H170	HG03018	2
phyml	GRCh37	rs9349320	H170	HG03668	1
phyml	GRCh37	rs9349320	H170	HG04177	1
phyml	GRCh37	rs9349320	H171	HG03343	2
phyml	GRCh37	rs9349320	H171	HG03367	2
phyml	GRCh37	rs9349320	H171	NA18523	1
phyml	GRCh37	rs9349320	H171	NA19908	1
phyml	GRCh37	rs9349320	H172	HG00278	1
phyml	GRCh37	rs9349320	H172	HG00367	2
phyml	GRCh37	rs9349320	H172	NA20535	1
phyml	GRCh37	rs9349320	H172	NA20757	1
phyml	GRCh37	rs9349320	H173	HG01883	1
phyml	GRCh37	rs9349320	H173	NA18933	2
phyml	GRCh37	rs9349320	H173	NA19238	1
phyml	GRCh37	rs9349320	H173	NA19307	1
phyml	GRCh37	rs9349320	H174	HG00380	1
phyml	GRCh37	rs9349320	H174	HG00740	2
phyml	GRCh37	rs9349320	H174	HG01628	2
phyml	GRCh37	rs9349320	H174	NA12813	2
phyml	GRCh37	rs9349320	H175	HG02427	1
phyml	GRCh37	rs9349320	H175	HG02676	1
phyml	GRCh37	rs9349320	H175	HG02947	2
phyml	GRCh37	rs9349320	H175	HG03135	2
phyml	GRCh37	rs9349320	H176	HG02681	2
phyml	GRCh37	rs9349320	H176	HG02682	1
phyml	GRCh37	rs9349320	H176	HG03619	1
phyml	GRCh37	rs9349320	H176	NA20877	1
phyml	GRCh37	rs9349320	H177	HG01967	1
phyml	GRCh37	rs9349320	H177	HG02696	1
phyml	GRCh37	rs9349320	H177	NA19648	1
phyml	GRCh37	rs9349320	H177	NA20904	2
phyml	GRCh37	rs9349320	H178	HG01598	2
phyml	GRCh37	rs9349320	H178	HG02069	2
phyml	GRCh37	rs9349320	H178	HG02085	2
phyml	GRCh37	rs9349320	H178	NA18632	1
phyml	GRCh37	rs9349320	H179	HG00632	1
phyml	GRCh37	rs9349320	H179	HG00684	1
phyml	GRCh37	rs9349320	H179	HG01868	2
phyml	GRCh37	rs9349320	H179	HG02375	1
phyml	GRCh37	rs9349320	H180	NA19025	2
phyml	GRCh37	rs9349320	H180	NA19323	2
phyml	GRCh37	rs9349320	H180	NA19338	2
phyml	GRCh37	rs9349320	H180	NA19384	2
phyml	GRCh37	rs9349320	H181	HG04134	1
phyml	GRCh37	rs9349320	H181	NA21099	1
phyml	GRCh37	rs9349320	H181	NA21102	2
phyml	GRCh37	rs9349320	H181	NA21112	2
phyml	GRCh37	rs9349320	H182	HG03718	1
phyml	GRCh37	rs9349320	H182	HG03729	2
phyml	GRCh37	rs9349320	H182	HG03771	2
phyml	GRCh37	rs9349320	H182	NA20881	2
phyml	GRCh37	rs9349320	H183	HG02010	2
phyml	GRCh37	rs9349320	H183	HG03199	2
phyml	GRCh37	rs9349320	H183	NA18502	2
phyml	GRCh37	rs9349320	H184	HG01366	2
phyml	GRCh37	rs9349320	H184	HG02477	2
phyml	GRCh37	rs9349320	H184	HG03196	2
phyml	GRCh37	rs9349320	H185	HG02561	1
phyml	GRCh37	rs9349320	H185	HG02768	1
phyml	GRCh37	rs9349320	H185	HG03028	1
phyml	GRCh37	rs9349320	H186	HG01896	2
phyml	GRCh37	rs9349320	H186	HG02455	1
phyml	GRCh37	rs9349320	H186	NA19172	1
phyml	GRCh37	rs9349320	H187	HG01762	2
phyml	GRCh37	rs9349320	H187	HG01777	1
phyml	GRCh37	rs9349320	H187	NA20529	2
phyml	GRCh37	rs9349320	H188	HG02029	1
phyml	GRCh37	rs9349320	H188	HG02355	1
phyml	GRCh37	rs9349320	H188	NA18648	1
phyml	GRCh37	rs9349320	H189	HG01061	1
phyml	GRCh37	rs9349320	H189	HG01102	1
phyml	GRCh37	rs9349320	H189	HG01303	1
phyml	GRCh37	rs9349320	H190	HG04001	1
phyml	GRCh37	rs9349320	H190	NA21094	1
phyml	GRCh37	rs9349320	H190	NA21106	2
phyml	GRCh37	rs9349320	H191	NA20875	1
phyml	GRCh37	rs9349320	H191	NA21090	1
phyml	GRCh37	rs9349320	H191	NA21129	1
phyml	GRCh37	rs9349320	H192	HG03653	2
phyml	GRCh37	rs9349320	H192	HG03770	2
phyml	GRCh37	rs9349320	H192	NA21123	1
phyml	GRCh37	rs9349320	H193	HG01164	1
phyml	GRCh37	rs9349320	H193	HG01593	1
phyml	GRCh37	rs9349320	H193	NA21143	1
phyml	GRCh37	rs9349320	H194	HG01073	2
phyml	GRCh37	rs9349320	H194	HG01079	1
phyml	GRCh37	rs9349320	H194	HG01187	1
phyml	GRCh37	rs9349320	H195	NA19655	2
phyml	GRCh37	rs9349320	H195	NA20508	1
phyml	GRCh37	rs9349320	H195	NA21115	1
phyml	GRCh37	rs9349320	H196	HG02138	2
phyml	GRCh37	rs9349320	H196	NA18546	2
phyml	GRCh37	rs9349320	H196	NA18550	2
phyml	GRCh37	rs9349320	H197	HG00118	1
phyml	GRCh37	rs9349320	H197	HG01075	2
phyml	GRCh37	rs9349320	H197	NA12748	1
phyml	GRCh37	rs9349320	H198	NA18544	1
phyml	GRCh37	rs9349320	H198	NA19006	2
phyml	GRCh37	rs9349320	H198	NA19087	1
phyml	GRCh37	rs9349320	H199	HG01280	1
phyml	GRCh37	rs9349320	H199	HG01360	2
phyml	GRCh37	rs9349320	H199	HG01443	1
phyml	GRCh37	rs9349320	H200	HG04131	2
phyml	GRCh37	rs9349320	H200	NA19070	1
phyml	GRCh37	rs9349320	H200	NA19079	2
phyml	GRCh37	rs9349320	H201	HG01813	2
phyml	GRCh37	rs9349320	H201	HG02122	1
phyml	GRCh37	rs9349320	H201	NA18566	1
phyml	GRCh37	rs9349320	H202	HG00186	2
phyml	GRCh37	rs9349320	H202	HG00187	1
phyml	GRCh37	rs9349320	H202	NA12828	2
phyml	GRCh37	rs9349320	H203	HG00436	2
phyml	GRCh37	rs9349320	H203	NA18549	2
phyml	GRCh37	rs9349320	H203	NA18629	1
phyml	GRCh37	rs9349320	H204	HG00728	2
phyml	GRCh37	rs9349320	H204	HG02060	2
phyml	GRCh37	rs9349320	H204	NA18572	1
phyml	GRCh37	rs9349320	H205	HG00634	1
phyml	GRCh37	rs9349320	H205	HG02134	1
phyml	GRCh37	rs9349320	H205	HG02353	1
phyml	GRCh37	rs9349320	H206	HG02491	2
phyml	GRCh37	rs9349320	H206	HG03800	2
phyml	GRCh37	rs9349320	H206	HG03826	1
phyml	GRCh37	rs9349320	H207	HG03673	1
phyml	GRCh37	rs9349320	H207	HG03854	1
phyml	GRCh37	rs9349320	H207	NA21126	1
phyml	GRCh37	rs9349320	H208	HG03672	2
phyml	GRCh37	rs9349320	H208	HG03702	1
phyml	GRCh37	rs9349320	H208	HG03760	1
phyml	GRCh37	rs9349320	H209	HG01097	2
phyml	GRCh37	rs9349320	H209	HG01765	1
phyml	GRCh37	rs9349320	H209	NA11994	1
phyml	GRCh37	rs9349320	H210	HG01702	1
phyml	GRCh37	rs9349320	H210	HG02238	1
phyml	GRCh37	rs9349320	H210	NA20520	2
phyml	GRCh37	rs9349320	H211	HG00231	2
phyml	GRCh37	rs9349320	H211	HG01489	1
phyml	GRCh37	rs9349320	H211	NA20885	2
phyml	GRCh37	rs9349320	H212	HG01389	2
phyml	GRCh37	rs9349320	H212	HG01699	1
phyml	GRCh37	rs9349320	H212	HG04118	1
phyml	GRCh37	rs9349320	H213	HG01761	2
phyml	GRCh37	rs9349320	H213	NA12489	2
phyml	GRCh37	rs9349320	H213	NA19649	2
phyml	GRCh37	rs9349320	H214	HG01303	2
phyml	GRCh37	rs9349320	H214	NA20759	2
phyml	GRCh37	rs9349320	H214	NA20826	1
phyml	GRCh37	rs9349320	H215	HG03624	2
phyml	GRCh37	rs9349320	H215	NA11881	2
phyml	GRCh37	rs9349320	H215	NA19750	1
phyml	GRCh37	rs9349320	H216	HG00276	2
phyml	GRCh37	rs9349320	H216	NA12144	2
phyml	GRCh37	rs9349320	H216	NA19923	1
phyml	GRCh37	rs9349320	H217	HG01510	2
phyml	GRCh37	rs9349320	H217	NA20854	1
phyml	GRCh37	rs9349320	H217	NA20896	2
phyml	GRCh37	rs9349320	H218	NA18517	1
phyml	GRCh37	rs9349320	H218	NA19399	2
phyml	GRCh37	rs9349320	H218	NA19901	1
phyml	GRCh37	rs9349320	H219	HG01885	1
phyml	GRCh37	rs9349320	H219	HG02419	2
phyml	GRCh37	rs9349320	H219	HG03103	2
phyml	GRCh37	rs9349320	H220	HG01393	1
phyml	GRCh37	rs9349320	H220	NA18910	2
phyml	GRCh37	rs9349320	H220	NA19107	2
phyml	GRCh37	rs9349320	H221	HG02455	2
phyml	GRCh37	rs9349320	H221	HG02629	1
phyml	GRCh37	rs9349320	H221	HG03461	2
phyml	GRCh37	rs9349320	H222	HG03074	1
phyml	GRCh37	rs9349320	H222	NA18511	2
phyml	GRCh37	rs9349320	H222	NA19093	2
phyml	GRCh37	rs9349320	H223	NA19436	2
phyml	GRCh37	rs9349320	H223	NA19440	2
phyml	GRCh37	rs9349320	H223	NA19461	2
phyml	GRCh37	rs9349320	H224	HG03109	2
phyml	GRCh37	rs9349320	H224	HG03297	1
phyml	GRCh37	rs9349320	H224	NA19379	1
phyml	GRCh37	rs9349320	H225	HG01912	2
phyml	GRCh37	rs9349320	H225	HG03291	1
phyml	GRCh37	rs9349320	H225	NA19438	1
phyml	GRCh37	rs9349320	H226	HG02645	1
phyml	GRCh37	rs9349320	H226	HG03130	2
phyml	GRCh37	rs9349320	H226	NA19129	2
phyml	GRCh37	rs9349320	H227	HG00737	2
phyml	GRCh37	rs9349320	H227	HG01162	2
phyml	GRCh37	rs9349320	H227	HG01392	1
phyml	GRCh37	rs9349320	H228	HG01052	1
phyml	GRCh37	rs9349320	H228	HG03684	2
phyml	GRCh37	rs9349320	H228	NA20759	1
phyml	GRCh37	rs9349320	H229	HG03598	2
phyml	GRCh37	rs9349320	H229	HG03615	1
phyml	GRCh37	rs9349320	H229	HG04156	1
phyml	GRCh37	rs9349320	H230	HG00252	2
phyml	GRCh37	rs9349320	H230	HG00263	1
phyml	GRCh37	rs9349320	H230	NA20815	2
phyml	GRCh37	rs9349320	H231	HG00105	1
phyml	GRCh37	rs9349320	H231	HG01133	2
phyml	GRCh37	rs9349320	H231	NA12827	2
phyml	GRCh37	rs9349320	H232	HG03720	1
phyml	GRCh37	rs9349320	H232	HG03896	1
phyml	GRCh37	rs9349320	H232	HG04171	1
phyml	GRCh37	rs9349320	H233	HG00631	2
phyml	GRCh37	rs9349320	H233	NA18997	1
phyml	GRCh37	rs9349320	H233	NA19011	2
phyml	GRCh37	rs9349320	H234	HG02078	1
phyml	GRCh37	rs9349320	H234	HG03611	2
phyml	GRCh37	rs9349320	H234	HG04162	1
phyml	GRCh37	rs9349320	H235	HG01085	2
phyml	GRCh37	rs9349320	H235	HG01182	2
phyml	GRCh37	rs9349320	H235	HG01412	2
phyml	GRCh37	rs9349320	H236	HG01167	2
phyml	GRCh37	rs9349320	H236	HG01607	1
phyml	GRCh37	rs9349320	H236	HG02235	1
phyml	GRCh37	rs9349320	H237	HG01031	1
phyml	GRCh37	rs9349320	H237	HG01812	1
phyml	GRCh37	rs9349320	H237	HG01840	2
phyml	GRCh37	rs9349320	H238	HG00978	1
phyml	GRCh37	rs9349320	H238	HG01812	2
phyml	GRCh37	rs9349320	H238	HG02190	1
phyml	GRCh37	rs9349320	H239	NA21104	2
phyml	GRCh37	rs9349320	H239	NA21113	1
phyml	GRCh37	rs9349320	H239	NA21114	1
phyml	GRCh37	rs9349320	H240	NA18532	1
phyml	GRCh37	rs9349320	H240	NA18549	1
phyml	GRCh37	rs9349320	H240	NA18626	1
phyml	GRCh37	rs9349320	H241	NA18952	2
phyml	GRCh37	rs9349320	H241	NA18992	1
phyml	GRCh37	rs9349320	H241	NA18999	1
phyml	GRCh37	rs9349320	H242	HG00421	1
phyml	GRCh37	rs9349320	H242	HG01869	2
phyml	GRCh37	rs9349320	H242	HG02166	2
phyml	GRCh37	rs9349320	H243	HG00128	2
phyml	GRCh37	rs9349320	H243	NA07056	1
phyml	GRCh37	rs9349320	H243	NA12272	1
phyml	GRCh37	rs9349320	H244	HG02023	1
phyml	GRCh37	rs9349320	H244	HG02364	2
phyml	GRCh37	rs9349320	H244	HG02397	2
phyml	GRCh37	rs9349320	H245	HG00536	2
phyml	GRCh37	rs9349320	H245	HG00662	2
phyml	GRCh37	rs9349320	H245	NA18987	1
phyml	GRCh37	rs9349320	H246	HG01384	1
phyml	GRCh37	rs9349320	H246	HG02253	2
phyml	GRCh37	rs9349320	H246	NA19728	2
phyml	GRCh37	rs9349320	H247	HG03790	2
phyml	GRCh37	rs9349320	H247	HG03990	1
phyml	GRCh37	rs9349320	H247	NA21109	2
phyml	GRCh37	rs9349320	H248	HG03024	2
phyml	GRCh37	rs9349320	H248	NA18865	1
phyml	GRCh37	rs9349320	H248	NA20351	2
phyml	GRCh37	rs9349320	H249	HG02425	2
phyml	GRCh37	rs9349320	H249	NA18858	1
phyml	GRCh37	rs9349320	H249	NA19746	2
phyml	GRCh37	rs9349320	H250	NA19310	2
phyml	GRCh37	rs9349320	H250	NA19350	2
phyml	GRCh37	rs9349320	H250	NA20342	2
phyml	GRCh37	rs9349320	H251	HG03689	2
phyml	GRCh37	rs9349320	H251	HG03858	1
phyml	GRCh37	rs9349320	H251	HG04070	2
phyml	GRCh37	rs9349320	H252	HG01248	2
phyml	GRCh37	rs9349320	H252	NA12763	2
phyml	GRCh37	rs9349320	H252	NA12777	2
phyml	GRCh37	rs9349320	H253	HG00263	2
phyml	GRCh37	rs9349320	H253	HG00341	2
phyml	GRCh37	rs9349320	H253	HG01676	1
phyml	GRCh37	rs9349320	H254	HG01374	2
phyml	GRCh37	rs9349320	H254	HG01771	1
phyml	GRCh37	rs9349320	H254	NA19734	1
phyml	GRCh37	rs9349320	H255	HG00255	1
phyml	GRCh37	rs9349320	H255	NA06989	2
phyml	GRCh37	rs9349320	H255	NA20814	2
phyml	GRCh37	rs9349320	H256	HG00121	2
phyml	GRCh37	rs9349320	H256	HG00310	1
phyml	GRCh37	rs9349320	H256	HG00337	1
phyml	GRCh37	rs9349320	H257	HG01177	1
phyml	GRCh37	rs9349320	H257	HG01765	2
phyml	GRCh37	rs9349320	H257	NA12400	2
phyml	GRCh37	rs9349320	H258	HG00158	1
phyml	GRCh37	rs9349320	H258	NA07347	1
phyml	GRCh37	rs9349320	H258	NA20753	1
phyml	GRCh37	rs9349320	H259	HG00378	2
phyml	GRCh37	rs9349320	H259	HG01259	2
phyml	GRCh37	rs9349320	H259	HG01700	1
phyml	GRCh37	rs9349320	H260	HG00554	1
phyml	GRCh37	rs9349320	H260	HG01673	1
phyml	GRCh37	rs9349320	H260	NA19669	2
phyml	GRCh37	rs9349320	H261	HG02690	1
phyml	GRCh37	rs9349320	H261	HG03864	1
phyml	GRCh37	rs9349320	H261	HG03887	1
phyml	GRCh37	rs9349320	H262	HG03663	1
phyml	GRCh37	rs9349320	H262	HG03718	2
phyml	GRCh37	rs9349320	H262	HG04206	1
phyml	GRCh37	rs9349320	H263	HG01334	1
phyml	GRCh37	rs9349320	H263	HG01990	1
phyml	GRCh37	rs9349320	H263	NA12873	1
phyml	GRCh37	rs9349320	H264	HG02554	2
phyml	GRCh37	rs9349320	H264	HG02768	2
phyml	GRCh37	rs9349320	H264	HG02851	1
phyml	GRCh37	rs9349320	H265	HG02079	1
phyml	GRCh37	rs9349320	H265	HG02654	2
phyml	GRCh37	rs9349320	H265	HG03684	1
phyml	GRCh37	rs9349320	H266	HG01613	1
phyml	GRCh37	rs9349320	H266	NA12342	2
phyml	GRCh37	rs9349320	H266	NA12874	1
phyml	GRCh37	rs9349320	H267	HG00123	2
phyml	GRCh37	rs9349320	H267	NA12341	1
phyml	GRCh37	rs9349320	H267	NA20858	1
phyml	GRCh37	rs9349320	H268	HG01204	1
phyml	GRCh37	rs9349320	H268	NA19717	1
phyml	GRCh37	rs9349320	H268	NA20522	1
phyml	GRCh37	rs9349320	H269	HG01914	2
phyml	GRCh37	rs9349320	H269	NA19430	1
phyml	GRCh37	rs9349320	H269	NA19454	2
phyml	GRCh37	rs9349320	H270	HG02070	1
phyml	GRCh37	rs9349320	H270	HG02087	2
phyml	GRCh37	rs9349320	H270	HG02138	1
phyml	GRCh37	rs9349320	H271	HG02643	1
phyml	GRCh37	rs9349320	H271	HG03571	2
phyml	GRCh37	rs9349320	H271	NA19031	2
phyml	GRCh37	rs9349320	H272	HG02283	1
phyml	GRCh37	rs9349320	H272	HG02813	1
phyml	GRCh37	rs9349320	H272	HG03259	1
phyml	GRCh37	rs9349320	H273	HG02888	1
phyml	GRCh37	rs9349320	H273	NA18510	2
phyml	GRCh37	rs9349320	H273	NA19121	1
phyml	GRCh37	rs9349320	H274	HG03103	1
phyml	GRCh37	rs9349320	H274	HG03193	2
phyml	GRCh37	rs9349320	H274	NA19225	1
phyml	GRCh37	rs9349320	H275	HG02601	2
phyml	GRCh37	rs9349320	H275	HG03910	1
phyml	GRCh37	rs9349320	H275	HG04210	1
phyml	GRCh37	rs9349320	H276	HG00100	1
phyml	GRCh37	rs9349320	H276	HG00346	2
phyml	GRCh37	rs9349320	H276	NA20511	2
phyml	GRCh37	rs9349320	H277	HG01124	1
phyml	GRCh37	rs9349320	H277	HG02502	2
phyml	GRCh37	rs9349320	H277	NA19321	2
phyml	GRCh37	rs9349320	H278	HG00560	1
phyml	GRCh37	rs9349320	H278	HG01858	1
phyml	GRCh37	rs9349320	H278	NA18547	1
phyml	GRCh37	rs9349320	H279	HG00739	1
phyml	GRCh37	rs9349320	H279	HG01051	2
phyml	GRCh37	rs9349320	H279	HG01097	1
phyml	GRCh37	rs9349320	H280	HG01886	1
phyml	GRCh37	rs9349320	H280	HG03077	1
phyml	GRCh37	rs9349320	H280	HG03265	2
phyml	GRCh37	rs9349320	H281	HG03052	1
phyml	GRCh37	rs9349320	H281	HG03469	2
phyml	GRCh37	rs9349320	H282	NA20755	1
phyml	GRCh37	rs9349320	H282	NA20832	2
phyml	GRCh37	rs9349320	H283	HG02536	2
phyml	GRCh37	rs9349320	H283	NA20281	2
phyml	GRCh37	rs9349320	H284	HG03388	1
phyml	GRCh37	rs9349320	H284	NA19189	1
phyml	GRCh37	rs9349320	H285	HG00118	2
phyml	GRCh37	rs9349320	H285	HG01602	1
phyml	GRCh37	rs9349320	H286	HG01885	2
phyml	GRCh37	rs9349320	H286	NA19206	2
phyml	GRCh37	rs9349320	H287	HG02489	2
phyml	GRCh37	rs9349320	H287	HG02716	1
phyml	GRCh37	rs9349320	H288	HG03168	2
phyml	GRCh37	rs9349320	H288	HG03567	1
phyml	GRCh37	rs9349320	H289	HG02646	2
phyml	GRCh37	rs9349320	H289	HG03563	1
phyml	GRCh37	rs9349320	H290	HG02881	2
phyml	GRCh37	rs9349320	H290	HG02891	1
phyml	GRCh37	rs9349320	H291	HG01551	2
phyml	GRCh37	rs9349320	H291	HG02419	1
phyml	GRCh37	rs9349320	H292	HG03303	1
phyml	GRCh37	rs9349320	H292	NA20276	2
phyml	GRCh37	rs9349320	H293	HG03135	1
phyml	GRCh37	rs9349320	H293	HG03548	1
phyml	GRCh37	rs9349320	H294	HG03303	2
phyml	GRCh37	rs9349320	H294	NA19428	2
phyml	GRCh37	rs9349320	H295	HG03057	1
phyml	GRCh37	rs9349320	H295	HG03577	1
phyml	GRCh37	rs9349320	H296	NA18876	2
phyml	GRCh37	rs9349320	H296	NA19222	1
phyml	GRCh37	rs9349320	H297	HG03297	2
phyml	GRCh37	rs9349320	H297	NA19428	1
phyml	GRCh37	rs9349320	H298	HG02481	2
phyml	GRCh37	rs9349320	H298	HG03162	1
phyml	GRCh37	rs9349320	H299	NA19138	2
phyml	GRCh37	rs9349320	H299	NA19475	1
phyml	GRCh37	rs9349320	H300	HG02756	2
phyml	GRCh37	rs9349320	H300	HG03557	2
phyml	GRCh37	rs9349320	H301	HG03479	1
phyml	GRCh37	rs9349320	H301	NA20340	1
phyml	GRCh37	rs9349320	H302	HG02943	2
phyml	GRCh37	rs9349320	H302	HG03521	1
phyml	GRCh37	rs9349320	H303	HG02314	1
phyml	GRCh37	rs9349320	H303	HG02332	1
phyml	GRCh37	rs9349320	H304	HG03121	2
phyml	GRCh37	rs9349320	H304	NA19204	2
phyml	GRCh37	rs9349320	H305	HG03445	1
phyml	GRCh37	rs9349320	H305	HG03473	2
phyml	GRCh37	rs9349320	H306	HG01783	1
phyml	GRCh37	rs9349320	H306	NA19198	1
phyml	GRCh37	rs9349320	H307	HG01912	1
phyml	GRCh37	rs9349320	H307	NA19704	2
phyml	GRCh37	rs9349320	H308	HG01069	2
phyml	GRCh37	rs9349320	H308	NA19446	2
phyml	GRCh37	rs9349320	H309	NA18942	2
phyml	GRCh37	rs9349320	H309	NA18971	2
phyml	GRCh37	rs9349320	H310	NA18603	1
phyml	GRCh37	rs9349320	H310	NA18757	2
phyml	GRCh37	rs9349320	H311	HG00235	2
phyml	GRCh37	rs9349320	H311	NA11994	2
phyml	GRCh37	rs9349320	H312	NA18612	1
phyml	GRCh37	rs9349320	H312	NA19091	2
phyml	GRCh37	rs9349320	H313	HG01809	1
phyml	GRCh37	rs9349320	H313	HG02386	1
phyml	GRCh37	rs9349320	H314	HG01816	1
phyml	GRCh37	rs9349320	H314	HG02379	1
phyml	GRCh37	rs9349320	H315	HG00728	1
phyml	GRCh37	rs9349320	H315	HG01800	2
phyml	GRCh37	rs9349320	H316	NA18965	2
phyml	GRCh37	rs9349320	H316	NA18978	1
phyml	GRCh37	rs9349320	H317	HG00343	1
phyml	GRCh37	rs9349320	H317	HG01617	1
phyml	GRCh37	rs9349320	H318	NA21093	1
phyml	GRCh37	rs9349320	H318	NA21137	1
phyml	GRCh37	rs9349320	H319	NA12762	2
phyml	GRCh37	rs9349320	H319	NA20534	1
phyml	GRCh37	rs9349320	H320	HG00189	2
phyml	GRCh37	rs9349320	H320	NA20763	1
phyml	GRCh37	rs9349320	H321	HG03743	2
phyml	GRCh37	rs9349320	H321	HG04020	1
phyml	GRCh37	rs9349320	H322	HG00637	2
phyml	GRCh37	rs9349320	H322	HG01414	2
phyml	GRCh37	rs9349320	H323	HG01170	2
phyml	GRCh37	rs9349320	H323	NA12717	1
phyml	GRCh37	rs9349320	H324	HG03488	2
phyml	GRCh37	rs9349320	H324	HG03788	1
phyml	GRCh37	rs9349320	H325	HG00475	2
phyml	GRCh37	rs9349320	H325	HG02399	1
phyml	GRCh37	rs9349320	H326	NA18614	1
phyml	GRCh37	rs9349320	H326	NA19090	1
phyml	GRCh37	rs9349320	H327	HG01067	1
phyml	GRCh37	rs9349320	H327	HG02008	1
phyml	GRCh37	rs9349320	H328	HG03846	2
phyml	GRCh37	rs9349320	H328	NA19007	2
phyml	GRCh37	rs9349320	H329	HG00536	1
phyml	GRCh37	rs9349320	H329	NA19012	1
phyml	GRCh37	rs9349320	H330	NA20804	1
phyml	GRCh37	rs9349320	H330	NA20910	1
phyml	GRCh37	rs9349320	H331	HG03968	2
phyml	GRCh37	rs9349320	H331	HG04022	2
phyml	GRCh37	rs9349320	H332	HG01583	1
phyml	GRCh37	rs9349320	H332	HG02734	2
phyml	GRCh37	rs9349320	H333	HG00759	2
phyml	GRCh37	rs9349320	H333	NA18636	2
phyml	GRCh37	rs9349320	H334	HG00246	1
phyml	GRCh37	rs9349320	H334	NA12776	1
phyml	GRCh37	rs9349320	H335	NA12413	2
phyml	GRCh37	rs9349320	H335	NA19835	1
phyml	GRCh37	rs9349320	H336	HG00105	2
phyml	GRCh37	rs9349320	H336	NA19756	1
phyml	GRCh37	rs9349320	H337	HG01762	1
phyml	GRCh37	rs9349320	H337	HG01783	2
phyml	GRCh37	rs9349320	H338	NA19725	2
phyml	GRCh37	rs9349320	H338	NA19762	1
phyml	GRCh37	rs9349320	H339	HG01565	2
phyml	GRCh37	rs9349320	H339	HG02150	1
phyml	GRCh37	rs9349320	H340	HG03744	1
phyml	GRCh37	rs9349320	H340	NA20899	2
phyml	GRCh37	rs9349320	H341	NA21122	1
phyml	GRCh37	rs9349320	H341	NA21122	2
phyml	GRCh37	rs9349320	H342	HG00324	2
phyml	GRCh37	rs9349320	H342	HG00344	1
phyml	GRCh37	rs9349320	H343	HG04216	1
phyml	GRCh37	rs9349320	H343	NA20538	1
phyml	GRCh37	rs9349320	H344	HG00336	2
phyml	GRCh37	rs9349320	H344	NA20870	1
phyml	GRCh37	rs9349320	H345	HG00736	1
phyml	GRCh37	rs9349320	H345	HG00736	2
phyml	GRCh37	rs9349320	H346	HG01527	2
phyml	GRCh37	rs9349320	H346	NA20807	2
phyml	GRCh37	rs9349320	H347	HG01459	1
phyml	GRCh37	rs9349320	H347	NA12751	1
phyml	GRCh37	rs9349320	H348	HG03229	1
phyml	GRCh37	rs9349320	H348	HG03793	1
phyml	GRCh37	rs9349320	H349	HG01190	2
phyml	GRCh37	rs9349320	H349	HG01414	1
phyml	GRCh37	rs9349320	H350	NA18535	1
phyml	GRCh37	rs9349320	H350	NA18969	1
phyml	GRCh37	rs9349320	H351	HG02032	2
phyml	GRCh37	rs9349320	H351	NA18536	2
phyml	GRCh37	rs9349320	H352	HG01801	1
phyml	GRCh37	rs9349320	H352	HG02391	1
phyml	GRCh37	rs9349320	H353	HG01066	2
phyml	GRCh37	rs9349320	H353	HG01086	1
phyml	GRCh37	rs9349320	H354	HG01098	1
phyml	GRCh37	rs9349320	H354	HG01108	2
phyml	GRCh37	rs9349320	H355	HG00956	1
phyml	GRCh37	rs9349320	H355	HG02521	2
phyml	GRCh37	rs9349320	H356	HG01489	2
phyml	GRCh37	rs9349320	H356	NA19761	2
phyml	GRCh37	rs9349320	H357	HG01950	1
phyml	GRCh37	rs9349320	H357	HG01980	1
phyml	GRCh37	rs9349320	H358	HG04219	1
phyml	GRCh37	rs9349320	H358	NA21105	2
phyml	GRCh37	rs9349320	H359	HG01942	1
phyml	GRCh37	rs9349320	H359	HG02285	2
phyml	GRCh37	rs9349320	H360	HG00326	1
phyml	GRCh37	rs9349320	H360	NA20802	1
phyml	GRCh37	rs9349320	H361	HG03714	2
phyml	GRCh37	rs9349320	H361	HG03727	1
phyml	GRCh37	rs9349320	H362	NA20851	1
phyml	GRCh37	rs9349320	H362	NA20878	2
phyml	GRCh37	rs9349320	H363	NA12414	1
phyml	GRCh37	rs9349320	H363	NA20811	1
phyml	GRCh37	rs9349320	H364	HG01989	2
phyml	GRCh37	rs9349320	H364	NA20756	1
phyml	GRCh37	rs9349320	H365	HG02597	1
phyml	GRCh37	rs9349320	H365	HG03869	1
phyml	GRCh37	rs9349320	H366	HG01798	1
phyml	GRCh37	rs9349320	H366	HG02182	2
phyml	GRCh37	rs9349320	H367	HG03809	1
phyml	GRCh37	rs9349320	H367	HG03969	1
phyml	GRCh37	rs9349320	H368	HG03235	1
phyml	GRCh37	rs9349320	H368	HG04164	1
phyml	GRCh37	rs9349320	H369	HG03607	1
phyml	GRCh37	rs9349320	H369	NA20903	2
phyml	GRCh37	rs9349320	H370	HG01599	2
phyml	GRCh37	rs9349320	H370	HG02078	2
phyml	GRCh37	rs9349320	H371	NA18946	1
phyml	GRCh37	rs9349320	H371	NA18970	2
phyml	GRCh37	rs9349320	H372	HG01794	2
phyml	GRCh37	rs9349320	H372	HG02040	1
phyml	GRCh37	rs9349320	H373	NA21125	2
phyml	GRCh37	rs9349320	H373	NA21127	1
phyml	GRCh37	rs9349320	H374	HG03722	2
phyml	GRCh37	rs9349320	H374	HG03867	1
phyml	GRCh37	rs9349320	H375	HG01861	1
phyml	GRCh37	rs9349320	H375	NA19012	2
phyml	GRCh37	rs9349320	H376	HG00556	1
phyml	GRCh37	rs9349320	H376	NA18634	1
phyml	GRCh37	rs9349320	H377	HG02069	1
phyml	GRCh37	rs9349320	H377	NA18990	1
phyml	GRCh37	rs9349320	H378	NA18577	1
phyml	GRCh37	rs9349320	H378	NA18624	2
phyml	GRCh37	rs9349320	H379	HG00250	1
phyml	GRCh37	rs9349320	H379	HG03634	2
phyml	GRCh37	rs9349320	H380	HG03857	1
phyml	GRCh37	rs9349320	H380	HG03919	1
phyml	GRCh37	rs9349320	H381	HG03695	2
phyml	GRCh37	rs9349320	H381	HG03750	1
phyml	GRCh37	rs9349320	H382	HG00428	1
phyml	GRCh37	rs9349320	H382	HG01797	2
phyml	GRCh37	rs9349320	H383	NA18545	1
phyml	GRCh37	rs9349320	H383	NA18562	1
phyml	GRCh37	rs9349320	H384	HG00448	2
phyml	GRCh37	rs9349320	H384	HG00457	1
phyml	GRCh37	rs9349320	H385	HG02654	1
phyml	GRCh37	rs9349320	H385	NA21087	2
phyml	GRCh37	rs9349320	H386	HG04099	1
phyml	GRCh37	rs9349320	H386	NA21091	1
phyml	GRCh37	rs9349320	H387	HG03667	2
phyml	GRCh37	rs9349320	H387	HG03863	1
phyml	GRCh37	rs9349320	H388	NA18963	2
phyml	GRCh37	rs9349320	H388	NA19074	2
phyml	GRCh37	rs9349320	H389	HG01524	2
phyml	GRCh37	rs9349320	H389	HG02505	2
phyml	GRCh37	rs9349320	H390	NA20542	2
phyml	GRCh37	rs9349320	H390	NA20581	2
phyml	GRCh37	rs9349320	H391	HG00371	1
phyml	GRCh37	rs9349320	H391	HG00383	2
phyml	GRCh37	rs9349320	H392	HG01323	1
phyml	GRCh37	rs9349320	H392	HG02784	1
phyml	GRCh37	rs9349320	H393	HG01105	1
phyml	GRCh37	rs9349320	H393	HG02236	2
phyml	GRCh37	rs9349320	H394	HG01247	2
phyml	GRCh37	rs9349320	H394	HG01435	1
phyml	GRCh37	rs9349320	H395	HG01606	1
phyml	GRCh37	rs9349320	H395	NA19655	1
phyml	GRCh37	rs9349320	H396	HG00253	2
phyml	GRCh37	rs9349320	H396	HG01704	2
phyml	GRCh37	rs9349320	H397	HG01130	2
phyml	GRCh37	rs9349320	H397	HG01134	2
phyml	GRCh37	rs9349320	H398	HG02014	2
phyml	GRCh37	rs9349320	H398	NA12005	2
phyml	GRCh37	rs9349320	H399	HG01695	1
phyml	GRCh37	rs9349320	H399	HG01708	1
phyml	GRCh37	rs9349320	H400	HG01967	2
phyml	GRCh37	rs9349320	H400	HG01992	2
phyml	GRCh37	rs9349320	H401	HG01325	1
phyml	GRCh37	rs9349320	H401	HG01628	1
phyml	GRCh37	rs9349320	H402	HG03702	2
phyml	GRCh37	rs9349320	H402	NA21086	1
phyml	GRCh37	rs9349320	H403	NA20761	1
phyml	GRCh37	rs9349320	H403	NA20821	2
phyml	GRCh37	rs9349320	H404	HG00282	2
phyml	GRCh37	rs9349320	H404	HG02477	1
phyml	GRCh37	rs9349320	H405	HG00231	1
phyml	GRCh37	rs9349320	H405	NA20586	2
phyml	GRCh37	rs9349320	H406	HG01344	1
phyml	GRCh37	rs9349320	H406	HG01507	1
phyml	GRCh37	rs9349320	H407	HG01259	1
phyml	GRCh37	rs9349320	H407	HG01275	1
phyml	GRCh37	rs9349320	H408	HG01440	2
phyml	GRCh37	rs9349320	H408	HG03354	2
phyml	GRCh37	rs9349320	H409	NA11931	1
phyml	GRCh37	rs9349320	H409	NA20783	1
phyml	GRCh37	rs9349320	H410	HG02298	1
phyml	GRCh37	rs9349320	H410	NA20819	2
phyml	GRCh37	rs9349320	H411	HG01942	2
phyml	GRCh37	rs9349320	H411	HG01976	1
phyml	GRCh37	rs9349320	H412	HG01842	2
phyml	GRCh37	rs9349320	H412	HG01847	2
phyml	GRCh37	rs9349320	H413	HG02820	1
phyml	GRCh37	rs9349320	H413	HG02839	1
phyml	GRCh37	rs9349320	H414	HG03457	1
phyml	GRCh37	rs9349320	H414	NA19740	1
phyml	GRCh37	rs9349320	H415	HG02981	1
phyml	GRCh37	rs9349320	H415	HG03136	1
phyml	GRCh37	rs9349320	H416	HG02308	2
phyml	GRCh37	rs9349320	H416	HG02881	1
phyml	GRCh37	rs9349320	H417	HG03074	2
phyml	GRCh37	rs9349320	H417	HG03085	1
phyml	GRCh37	rs9349320	H418	HG02107	1
phyml	GRCh37	rs9349320	H418	NA19900	1
phyml	GRCh37	rs9349320	H419	HG03476	2
phyml	GRCh37	rs9349320	H419	HG03572	2
phyml	GRCh37	rs9349320	H420	HG00740	1
phyml	GRCh37	rs9349320	H420	HG01094	2
phyml	GRCh37	rs9349320	H421	NA19355	2
phyml	GRCh37	rs9349320	H421	NA19384	1
phyml	GRCh37	rs9349320	H422	NA19102	1
phyml	GRCh37	rs9349320	H422	NA19225	2
phyml	GRCh37	rs9349320	H423	NA19023	2
phyml	GRCh37	rs9349320	H423	NA19380	1
phyml	GRCh37	rs9349320	H424	HG02568	2
phyml	GRCh37	rs9349320	H424	HG02769	2
phyml	GRCh37	rs9349320	H425	NA18879	1
phyml	GRCh37	rs9349320	H425	NA19331	1
phyml	GRCh37	rs9349320	H426	HG02006	2
phyml	GRCh37	rs9349320	H426	HG02549	1
phyml	GRCh37	rs9349320	H427	NA18972	2
phyml	GRCh37	rs9349320	H427	NA19088	2
phyml	GRCh37	rs9349320	H428	HG02716	2
phyml	GRCh37	rs9349320	H428	HG02805	2
phyml	GRCh37	rs9349320	H429	HG01254	1
phyml	GRCh37	rs9349320	H429	NA19190	2
phyml	GRCh37	rs9349320	H430	NA19213	1
phyml	GRCh37	rs9349320	H430	NA19916	1
phyml	GRCh37	rs9349320	H431	HG03007	2
phyml	GRCh37	rs9349320	H431	HG03228	2
phyml	GRCh37	rs9349320	H432	HG00110	2
phyml	GRCh37	rs9349320	H432	HG01699	2
phyml	GRCh37	rs9349320	H433	HG03823	2
phyml	GRCh37	rs9349320	H433	HG03922	1
phyml	GRCh37	rs9349320	H434	HG02433	2
phyml	GRCh37	rs9349320	H434	HG02703	1
phyml	GRCh37	rs9349320	H435	HG00120	1
phyml	GRCh37	rs9349320	H435	HG00239	2
phyml	GRCh37	rs9349320	H436	HG02275	2
phyml	GRCh37	rs9349320	H436	NA19771	1
phyml	GRCh37	rs9349320	H437	HG01586	1
phyml	GRCh37	rs9349320	H437	HG02733	2
phyml	GRCh37	rs9349320	H438	NA19663	1
phyml	GRCh37	rs9349320	H438	NA19789	1
phyml	GRCh37	rs9349320	H439	HG03789	2
phyml	GRCh37	rs9349320	H439	NA21109	1
phyml	GRCh37	rs9349320	H440	HG00128	1
phyml	GRCh37	rs9349320	H440	HG01933	1
phyml	GRCh37	rs9349320	H441	HG03708	2
phyml	GRCh37	rs9349320	H441	HG03874	1
phyml	GRCh37	rs9349320	H442	HG00180	2
phyml	GRCh37	rs9349320	H442	HG00331	2
phyml	GRCh37	rs9349320	H443	HG02691	1
phyml	GRCh37	rs9349320	H443	HG03491	1
phyml	GRCh37	rs9349320	H444	NA06984	1
phyml	GRCh37	rs9349320	H444	NA12761	2
phyml	GRCh37	rs9349320	H445	HG02699	2
phyml	GRCh37	rs9349320	H445	HG03777	2
phyml	GRCh37	rs9349320	H446	HG03490	1
phyml	GRCh37	rs9349320	H446	HG03886	2
phyml	GRCh37	rs9349320	H447	HG02651	2
phyml	GRCh37	rs9349320	H447	HG04202	2
phyml	GRCh37	rs9349320	H448	HG00343	2
phyml	GRCh37	rs9349320	H448	NA12778	1
phyml	GRCh37	rs9349320	H449	HG03738	2
phyml	GRCh37	rs9349320	H449	HG03998	1
phyml	GRCh37	rs9349320	H450	HG03945	2
phyml	GRCh37	rs9349320	H450	NA19081	2
phyml	GRCh37	rs9349320	H451	NA20867	2
phyml	GRCh37	rs9349320	H451	NA20875	2
phyml	GRCh37	rs9349320	H452	HG00325	1
phyml	GRCh37	rs9349320	H452	HG00384	1
phyml	GRCh37	rs9349320	H453	HG03589	1
phyml	GRCh37	rs9349320	H453	NA12043	1
phyml	GRCh37	rs9349320	H454	HG01707	2
phyml	GRCh37	rs9349320	H454	NA19759	2
phyml	GRCh37	rs9349320	H455	NA18942	1
phyml	GRCh37	rs9349320	H455	NA18950	2
phyml	GRCh37	rs9349320	H456	HG00956	2
phyml	GRCh37	rs9349320	H456	HG02151	1
phyml	GRCh37	rs9349320	H457	HG00737	1
phyml	GRCh37	rs9349320	H457	NA12347	2
phyml	GRCh37	rs9349320	H458	HG00245	2
phyml	GRCh37	rs9349320	H458	NA12890	1
phyml	GRCh37	rs9349320	H459	HG01680	1
phyml	GRCh37	rs9349320	H459	HG01680	2
phyml	GRCh37	rs9349320	H460	HG00119	1
phyml	GRCh37	rs9349320	H460	HG00355	1
phyml	GRCh37	rs9349320	H461	HG02058	1
phyml	GRCh37	rs9349320	H461	HG02389	2
phyml	GRCh37	rs9349320	H462	HG03866	1
phyml	GRCh37	rs9349320	H462	HG04227	2
phyml	GRCh37	rs9349320	H463	HG01768	2
phyml	GRCh37	rs9349320	H463	HG03697	1
phyml	GRCh37	rs9349320	H464	HG01136	1
phyml	GRCh37	rs9349320	H464	HG01357	1
phyml	GRCh37	rs9349320	H465	HG01170	1
phyml	GRCh37	rs9349320	H465	HG01174	2
phyml	GRCh37	rs9349320	H466	HG01846	2
phyml	GRCh37	rs9349320	H466	NA18949	1
phyml	GRCh37	rs9349320	H467	NA19746	1
phyml	GRCh37	rs9349320	H467	NA19786	2
phyml	GRCh37	rs9349320	H468	HG00734	1
phyml	GRCh37	rs9349320	H468	HG01392	2
phyml	GRCh37	rs9349320	H469	NA20517	1
phyml	GRCh37	rs9349320	H469	NA20821	1
phyml	GRCh37	rs9349320	H470	HG00262	2
phyml	GRCh37	rs9349320	H470	HG01632	1
phyml	GRCh37	rs9349320	H471	HG02178	2
phyml	GRCh37	rs9349320	H471	HG02513	1
phyml	GRCh37	rs9349320	H472	HG00556	2
phyml	GRCh37	rs9349320	H472	HG01029	1
phyml	GRCh37	rs9349320	H473	NA12749	1
phyml	GRCh37	rs9349320	H473	NA12812	1
phyml	GRCh37	rs9349320	H474	HG01682	1
phyml	GRCh37	rs9349320	H474	HG03926	2
phyml	GRCh37	rs9349320	H475	HG00451	2
phyml	GRCh37	rs9349320	H475	HG01871	2
phyml	GRCh37	rs9349320	H476	HG03616	1
phyml	GRCh37	rs9349320	H476	HG03913	2
phyml	GRCh37	rs9349320	H477	NA20542	1
phyml	GRCh37	rs9349320	H477	NA20754	2
phyml	GRCh37	rs9349320	H478	HG02072	2
phyml	GRCh37	rs9349320	H478	HG02121	2
phyml	GRCh37	rs9349320	H479	NA18567	1
phyml	GRCh37	rs9349320	H479	NA18745	2
phyml	GRCh37	rs9349320	H480	HG01944	2
phyml	GRCh37	rs9349320	H480	HG01997	1
phyml	GRCh37	rs9349320	H481	HG01939	1
phyml	GRCh37	rs9349320	H481	NA19732	2
phyml	GRCh37	rs9349320	H482	HG01441	2
phyml	GRCh37	rs9349320	H482	NA19678	1
phyml	GRCh37	rs9349320	H483	NA20544	1
phyml	GRCh37	rs9349320	H483	NA20778	1
phyml	GRCh37	rs9349320	H484	HG01113	2
phyml	GRCh37	rs9349320	H484	NA19734	2
phyml	GRCh37	rs9349320	H485	HG01708	2
phyml	GRCh37	rs9349320	H485	NA11918	2
phyml	GRCh37	rs9349320	H486	HG00844	2
phyml	GRCh37	rs9349320	H486	HG02047	2
phyml	GRCh37	rs9349320	H487	NA18946	2
phyml	GRCh37	rs9349320	H487	NA19085	2
phyml	GRCh37	rs9349320	H488	NA18564	2
phyml	GRCh37	rs9349320	H488	NA18972	1
phyml	GRCh37	rs9349320	H489	HG00407	2
phyml	GRCh37	rs9349320	H489	NA19083	2
phyml	GRCh37	rs9349320	H490	HG00614	1
phyml	GRCh37	rs9349320	H490	HG02137	2
phyml	GRCh37	rs9349320	H491	HG00537	2
phyml	GRCh37	rs9349320	H491	NA19010	2
phyml	GRCh37	rs9349320	H492	NA19055	2
phyml	GRCh37	rs9349320	H492	NA19082	2
phyml	GRCh37	rs9349320	H493	HG02060	1
phyml	GRCh37	rs9349320	H493	NA18613	2
phyml	GRCh37	rs9349320	H494	NA19378	1
phyml	GRCh37	rs9349320	H494	NA19819	1
phyml	GRCh37	rs9349320	H495	HG03130	1
phyml	GRCh37	rs9349320	H495	NA19119	1
phyml	GRCh37	rs9349320	H496	HG02594	1
phyml	GRCh37	rs9349320	H496	HG02861	2
phyml	GRCh37	rs9349320	H497	HG03452	1
phyml	GRCh37	rs9349320	H497	HG03556	1
phyml	GRCh37	rs9349320	H498	HG03716	1
phyml	GRCh37	rs9349320	H498	HG04235	1
phyml	GRCh37	rs9349320	H499	HG03679	1
phyml	GRCh37	rs9349320	H499	NA20892	1
phyml	GRCh37	rs9349320	H500	HG02983	1
phyml	GRCh37	rs9349320	H500	HG03169	2
phyml	GRCh37	rs9349320	H501	HG03433	1
phyml	GRCh37	rs9349320	H501	NA18934	1
phyml	GRCh37	rs9349320	H502	HG03730	2
phyml	GRCh37	rs9349320	H502	NA20795	2
phyml	GRCh37	rs9349320	H503	NA19401	2
phyml	GRCh37	rs9349320	H503	NA20287	2
phyml	GRCh37	rs9349320	H504	HG02611	2
phyml	GRCh37	rs9349320	H504	HG02839	2
phyml	GRCh37	rs9349320	H505	HG02810	2
phyml	GRCh37	rs9349320	H505	HG02854	1
phyml	GRCh37	rs9349320	H506	HG03246	1
phyml	GRCh37	rs9349320	H506	HG03449	1
phyml	GRCh37	rs9349320	H507	HG03054	2
phyml	GRCh37	rs9349320	H507	HG03419	1
phyml	GRCh37	rs9349320	H508	HG02334	2
phyml	GRCh37	rs9349320	H508	NA12760	1
phyml	GRCh37	rs9349320	H509	HG01686	1
phyml	GRCh37	rs9349320	H509	HG02089	1
phyml	GRCh37	rs9349320	H510	HG02491	1
phyml	GRCh37	rs9349320	H510	HG03746	1
phyml	GRCh37	rs9349320	H511	HG03012	1
phyml	GRCh37	rs9349320	H511	HG03736	2
phyml	GRCh37	rs9349320	H512	NA19026	1
phyml	GRCh37	rs9349320	H512	NA19446	1
phyml	GRCh37	rs9349320	H513	HG00315	2
phyml	GRCh37	rs9349320	H513	NA12347	1
phyml	GRCh37	rs9349320	H514	HG02429	2
phyml	GRCh37	rs9349320	H514	HG02479	1
phyml	GRCh37	rs9349320	H515	HG00344	2
phyml	GRCh37	rs9349320	H515	HG00379	2
phyml	GRCh37	rs9349320	H516	HG01171	2
phyml	GRCh37	rs9349320	H516	HG01461	1
phyml	GRCh37	rs9349320	H517	HG00338	1
phyml	GRCh37	rs9349320	H517	HG02221	2
phyml	GRCh37	rs9349320	H518	HG00140	1
phyml	GRCh37	rs9349320	H518	HG01468	2
phyml	GRCh37	rs9349320	H519	HG01536	1
phyml	GRCh37	rs9349320	H519	NA20797	1
phyml	GRCh37	rs9349320	H520	HG01556	2
phyml	GRCh37	rs9349320	H520	NA12750	1
phyml	GRCh37	rs9349320	H521	HG00129	2
phyml	GRCh37	rs9349320	H521	HG01105	2
phyml	GRCh37	rs9349320	H522	HG01503	2
phyml	GRCh37	rs9349320	H522	NA19679	2
phyml	GRCh37	rs9349320	H523	HG01607	2
phyml	GRCh37	rs9349320	H523	NA20775	2
phyml	GRCh37	rs9349320	H524	HG02301	2
phyml	GRCh37	rs9349320	H524	NA19678	2
phyml	GRCh37	rs9349320	H525	NA20861	1
phyml	GRCh37	rs9349320	H525	NA21144	1
phyml	GRCh37	rs9349320	H526	HG01503	1
phyml	GRCh37	rs9349320	H526	HG02277	1
phyml	GRCh37	rs9349320	H527	HG00237	1
phyml	GRCh37	rs9349320	H527	HG00243	1
phyml	GRCh37	rs9349320	H528	HG01253	2
phyml	GRCh37	rs9349320	H528	NA21106	1
phyml	GRCh37	rs9349320	H529	HG02583	2
phyml	GRCh37	rs9349320	H529	HG02756	1
phyml	GRCh37	rs9349320	H530	HG03021	2
phyml	GRCh37	rs9349320	H530	HG04098	2
phyml	GRCh37	rs9349320	H531	HG00139	2
phyml	GRCh37	rs9349320	H531	HG00178	2
phyml	GRCh37	rs9349320	H532	HG01707	1
phyml	GRCh37	rs9349320	H532	HG01747	1
phyml	GRCh37	rs9349320	H533	HG01260	1
phyml	GRCh37	rs9349320	H533	HG01281	2
phyml	GRCh37	rs9349320	H534	HG00113	2
phyml	GRCh37	rs9349320	H534	NA12003	1
phyml	GRCh37	rs9349320	H535	HG03692	1
phyml	GRCh37	rs9349320	H535	NA20808	2
phyml	GRCh37	rs9349320	H536	HG02786	1
phyml	GRCh37	rs9349320	H536	HG03963	2
phyml	GRCh37	rs9349320	H537	HG03787	1
phyml	GRCh37	rs9349320	H537	NA21097	2
phyml	GRCh37	rs9349320	H538	HG02783	1
phyml	GRCh37	rs9349320	H538	HG02793	2
phyml	GRCh37	rs9349320	H539	HG03971	1
phyml	GRCh37	rs9349320	H539	NA20906	1
phyml	GRCh37	rs9349320	H540	NA20869	2
phyml	GRCh37	rs9349320	H540	NA21141	1
phyml	GRCh37	rs9349320	H541	HG00176	2
phyml	GRCh37	rs9349320	H541	HG00272	1
phyml	GRCh37	rs9349320	H542	HG01771	2
phyml	GRCh37	rs9349320	H542	NA12287	2
phyml	GRCh37	rs9349320	H543	HG02568	1
phyml	GRCh37	rs9349320	H543	HG03391	1
phyml	GRCh37	rs9349320	H544	HG00285	1
phyml	GRCh37	rs9349320	H544	HG00310	2
phyml	GRCh37	rs9349320	H545	HG03511	2
phyml	GRCh37	rs9349320	H545	NA18501	1
phyml	GRCh37	rs9349320	H546	NA19648	2
phyml	GRCh37	rs9349320	H546	NA19776	1
phyml	GRCh37	rs9349320	H547	HG02733	1
phyml	GRCh37	rs9349320	H547	HG03722	1
phyml	GRCh37	rs9349320	H548	HG00117	2
phyml	GRCh37	rs9349320	H548	NA12004	2
phyml	GRCh37	rs9349320	H549	HG04017	1
phyml	GRCh37	rs9349320	H549	HG04056	1
phyml	GRCh37	rs9349320	H550	HG00280	1
phyml	GRCh37	rs9349320	H550	HG03616	2
phyml	GRCh37	rs9349320	H551	HG01464	2
phyml	GRCh37	rs9349320	H551	HG01775	2
phyml	GRCh37	rs9349320	H552	HG00364	1
phyml	GRCh37	rs9349320	H552	HG01791	2
phyml	GRCh37	rs9349320	H553	HG03960	2
phyml	GRCh37	rs9349320	H553	HG03995	1
phyml	GRCh37	rs9349320	H554	HG03802	2
phyml	GRCh37	rs9349320	H554	HG03931	2
phyml	GRCh37	rs9349320	H555	HG04062	1
phyml	GRCh37	rs9349320	H555	HG04225	1
phyml	GRCh37	rs9349320	H556	HG00463	2
phyml	GRCh37	rs9349320	H556	HG02391	2
phyml	GRCh37	rs9349320	H557	NA21098	2
phyml	GRCh37	rs9349320	H557	NA21137	2
phyml	GRCh37	rs9349320	H558	HG03708	1
phyml	GRCh37	rs9349320	H558	HG04131	1
phyml	GRCh37	rs9349320	H559	NA21100	1
phyml	GRCh37	rs9349320	H559	NA21117	2
phyml	GRCh37	rs9349320	H560	HG04238	2
phyml	GRCh37	rs9349320	H560	NA21120	2
phyml	GRCh37	rs9349320	H561	NA20783	2
phyml	GRCh37	rs9349320	H561	NA20800	1
phyml	GRCh37	rs9349320	H562	HG02286	2
phyml	GRCh37	rs9349320	H562	NA20522	2
phyml	GRCh37	rs9349320	H563	HG03955	1
phyml	GRCh37	rs9349320	H563	NA21111	2
phyml	GRCh37	rs9349320	H564	HG03908	2
phyml	GRCh37	rs9349320	H564	NA20881	1
phyml	GRCh37	rs9349320	H565	HG01492	1
phyml	GRCh37	rs9349320	H565	NA21086	2
phyml	GRCh37	rs9349320	H566	HG03944	2
phyml	GRCh37	rs9349320	H566	NA20512	1
phyml	GRCh37	rs9349320	H567	HG01867	2
phyml	GRCh37	rs9349320	H567	HG04206	2
phyml	GRCh37	rs9349320	H568	HG00145	2
phyml	GRCh37	rs9349320	H568	HG00255	2
phyml	GRCh37	rs9349320	H569	HG00180	1
phyml	GRCh37	rs9349320	H569	NA07037	2
phyml	GRCh37	rs9349320	H570	HG01142	1
phyml	GRCh37	rs9349320	H570	HG01495	1
phyml	GRCh37	rs9349320	H571	HG02715	1
phyml	GRCh37	rs9349320	H571	HG03572	1
phyml	GRCh37	rs9349320	H572	HG03439	2
phyml	GRCh37	rs9349320	H572	HG03583	1
phyml	GRCh37	rs9349320	H573	HG01089	2
phyml	GRCh37	rs9349320	H573	HG03124	1
phyml	GRCh37	rs9349320	H574	HG03686	1
phyml	GRCh37	rs9349320	H574	HG03967	1
phyml	GRCh37	rs9349320	H575	HG02502	1
phyml	GRCh37	rs9349320	H575	NA19328	2
phyml	GRCh37	rs9349320	H576	NA19026	2
phyml	GRCh37	rs9349320	H576	NA19347	1
phyml	GRCh37	rs9349320	H577	HG03027	2
phyml	GRCh37	rs9349320	H577	HG03040	2
phyml	GRCh37	rs9349320	H578	HG02944	2
phyml	GRCh37	rs9349320	H578	NA19152	2
phyml	GRCh37	rs9349320	H579	HG02611	1
phyml	GRCh37	rs9349320	H579	HG03419	2
phyml	GRCh37	rs9349320	H580	HG02442	2
phyml	GRCh37	rs9349320	H580	NA19248	1
phyml	GRCh37	rs9349320	H581	NA18964	2
phyml	GRCh37	rs9349320	H581	NA19075	2
phyml	GRCh37	rs9349320	H582	HG00864	1
phyml	GRCh37	rs9349320	H582	HG02386	2
phyml	GRCh37	rs9349320	H583	HG00476	1
phyml	GRCh37	rs9349320	H583	HG00625	2
phyml	GRCh37	rs9349320	H584	HG01596	2
phyml	GRCh37	rs9349320	H584	NA18530	2
phyml	GRCh37	rs9349320	H585	HG01841	1
phyml	GRCh37	rs9349320	H585	HG02085	1
phyml	GRCh37	rs9349320	H586	HG03607	2
phyml	GRCh37	rs9349320	H586	HG03757	1
phyml	GRCh37	rs9349320	H587	HG03750	2
phyml	GRCh37	rs9349320	H587	HG03754	1
phyml	GRCh37	rs9349320	H588	HG00879	1
phyml	GRCh37	rs9349320	H588	HG01031	2
phyml	GRCh37	rs9349320	H589	NA18971	1
phyml	GRCh37	rs9349320	H589	NA18981	2
phyml	GRCh37	rs9349320	H590	HG03868	1
phyml	GRCh37	rs9349320	H590	NA21102	1
phyml	GRCh37	rs9349320	H591	NA20911	1
phyml	GRCh37	rs9349320	H591	NA21116	2
phyml	GRCh37	rs9349320	H592	HG03604	2
phyml	GRCh37	rs9349320	H592	NA21114	2
phyml	GRCh37	rs9349320	H593	HG03770	1
phyml	GRCh37	rs9349320	H593	HG03977	2
phyml	GRCh37	rs9349320	H594	HG03594	1
phyml	GRCh37	rs9349320	H594	HG03885	1
phyml	GRCh37	rs9349320	H595	HG02073	2
phyml	GRCh37	rs9349320	H595	HG02410	1
phyml	GRCh37	rs9349320	H596	NA18573	1
phyml	GRCh37	rs9349320	H596	NA18642	1
phyml	GRCh37	rs9349320	H597	HG00611	1
phyml	GRCh37	rs9349320	H597	HG01863	2
phyml	GRCh37	rs9349320	H598	NA18633	1
phyml	GRCh37	rs9349320	H598	NA19009	2
phyml	GRCh37	rs9349320	H599	HG02780	1
phyml	GRCh37	rs9349320	H599	HG03016	2
phyml	GRCh37	rs9349320	H600	HG01958	1
phyml	GRCh37	rs9349320	H600	NA19679	1
phyml	GRCh37	rs9349320	H601	HG00103	1
phyml	GRCh37	rs9349320	H601	HG01779	1
phyml	GRCh37	rs9349320	H602	HG02143	2
phyml	GRCh37	rs9349320	H602	HG03428	1
phyml	GRCh37	rs9349320	H603	HG02614	2
phyml	GRCh37	rs9349320	H603	HG02772	2
phyml	GRCh37	rs9349320	H604	HG02571	2
phyml	GRCh37	rs9349320	H604	HG02666	1
phyml	GRCh37	rs9349320	H605	HG02970	1
phyml	GRCh37	rs9349320	H605	HG03268	2
phyml	GRCh37	rs9349320	H606	HG03455	1
phyml	GRCh37	rs9349320	H606	HG03583	2
phyml	GRCh37	rs9349320	H607	HG04062	2
phyml	GRCh37	rs9349320	H607	HG04171	2
phyml	GRCh37	rs9349320	H608	HG02731	1
phyml	GRCh37	rs9349320	H608	HG04059	2
phyml	GRCh37	rs9349320	H609	HG02481	1
phyml	GRCh37	rs9349320	H609	HG03556	2
phyml	GRCh37	rs9349320	H610	HG03367	1
phyml	GRCh37	rs9349320	H610	NA18917	2
phyml	GRCh37	rs9349320	H611	HG03086	1
phyml	GRCh37	rs9349320	H611	HG03479	2
phyml	GRCh37	rs9349320	H612	HG03279	1
phyml	GRCh37	rs9349320	H612	NA19207	2
phyml	GRCh37	rs9349320	H613	NA19320	1
phyml	GRCh37	rs9349320	H613	NA20357	1
phyml	GRCh37	rs9349320	H614	HG02497	2
phyml	GRCh37	rs9349320	H614	NA19922	1
phyml	GRCh37	rs9349320	H615	NA18998	2
phyml	GRCh37	rs9349320	H616	NA19001	1
phyml	GRCh37	rs9349320	H617	NA18957	2
phyml	GRCh37	rs9349320	H618	NA19036	1
phyml	GRCh37	rs9349320	H619	NA19835	2
phyml	GRCh37	rs9349320	H620	NA19378	2
phyml	GRCh37	rs9349320	H621	HG03577	2
phyml	GRCh37	rs9349320	H622	HG01857	2
phyml	GRCh37	rs9349320	H623	HG03649	2
phyml	GRCh37	rs9349320	H624	HG02691	2
phyml	GRCh37	rs9349320	H625	HG03780	1
phyml	GRCh37	rs9349320	H626	HG03920	2
phyml	GRCh37	rs9349320	H627	HG00879	2
phyml	GRCh37	rs9349320	H628	HG03829	1
phyml	GRCh37	rs9349320	H629	HG03681	2
phyml	GRCh37	rs9349320	H630	NA21089	1
phyml	GRCh37	rs9349320	H631	HG03778	2
phyml	GRCh37	rs9349320	H632	HG03736	1
phyml	GRCh37	rs9349320	H633	NA20874	2
phyml	GRCh37	rs9349320	H634	HG03832	1
phyml	GRCh37	rs9349320	H635	HG02634	2
phyml	GRCh37	rs9349320	H636	NA19317	1
phyml	GRCh37	rs9349320	H637	NA19431	1
phyml	GRCh37	rs9349320	H638	HG02537	2
phyml	GRCh37	rs9349320	H639	NA19439	1
phyml	GRCh37	rs9349320	H640	HG03343	1
phyml	GRCh37	rs9349320	H641	HG03111	1
phyml	GRCh37	rs9349320	H642	HG03129	2
phyml	GRCh37	rs9349320	H643	HG03265	1
phyml	GRCh37	rs9349320	H644	HG02573	2
phyml	GRCh37	rs9349320	H645	NA19334	2
phyml	GRCh37	rs9349320	H646	NA19360	1
phyml	GRCh37	rs9349320	H647	HG02577	2
phyml	GRCh37	rs9349320	H648	HG03472	1
phyml	GRCh37	rs9349320	H649	HG03247	1
phyml	GRCh37	rs9349320	H650	HG03432	2
phyml	GRCh37	rs9349320	H651	HG01799	1
phyml	GRCh37	rs9349320	H652	NA18622	2
phyml	GRCh37	rs9349320	H653	NA18940	2
phyml	GRCh37	rs9349320	H654	HG02688	2
phyml	GRCh37	rs9349320	H655	HG03022	2
phyml	GRCh37	rs9349320	H656	HG02724	2
phyml	GRCh37	rs9349320	H657	HG03270	2
phyml	GRCh37	rs9349320	H658	NA18923	2
phyml	GRCh37	rs9349320	H659	NA19463	2
phyml	GRCh37	rs9349320	H660	NA18908	2
phyml	GRCh37	rs9349320	H661	NA19391	2
phyml	GRCh37	rs9349320	H662	HG03126	2
phyml	GRCh37	rs9349320	H663	HG02594	2
phyml	GRCh37	rs9349320	H664	HG02804	2
phyml	GRCh37	rs9349320	H665	NA19175	2
phyml	GRCh37	rs9349320	H666	HG03073	2
phyml	GRCh37	rs9349320	H667	HG03578	2
phyml	GRCh37	rs9349320	H668	HG03397	2
phyml	GRCh37	rs9349320	H669	HG02703	2
phyml	GRCh37	rs9349320	H670	HG02771	1
phyml	GRCh37	rs9349320	H671	HG03054	1
phyml	GRCh37	rs9349320	H672	NA18879	2
phyml	GRCh37	rs9349320	H673	HG03120	1
phyml	GRCh37	rs9349320	H674	HG03397	1
phyml	GRCh37	rs9349320	H675	NA19331	2
phyml	GRCh37	rs9349320	H676	HG02804	1
phyml	GRCh37	rs9349320	H677	HG03567	2
phyml	GRCh37	rs9349320	H678	HG03378	2
phyml	GRCh37	rs9349320	H679	HG02836	2
phyml	GRCh37	rs9349320	H680	HG03175	2
phyml	GRCh37	rs9349320	H681	HG02624	2
phyml	GRCh37	rs9349320	H682	NA19319	2
phyml	GRCh37	rs9349320	H683	NA19131	2
phyml	GRCh37	rs9349320	H684	HG03382	1
phyml	GRCh37	rs9349320	H685	HG03049	2
phyml	GRCh37	rs9349320	H686	HG02757	1
phyml	GRCh37	rs9349320	H687	HG02562	1
phyml	GRCh37	rs9349320	H688	HG02461	1
phyml	GRCh37	rs9349320	H689	HG02465	1
phyml	GRCh37	rs9349320	H690	HG01985	1
phyml	GRCh37	rs9349320	H691	HG01088	1
phyml	GRCh37	rs9349320	H692	HG02941	1
phyml	GRCh37	rs9349320	H693	HG03025	1
phyml	GRCh37	rs9349320	H694	NA19434	1
phyml	GRCh37	rs9349320	H695	HG03446	2
phyml	GRCh37	rs9349320	H696	HG02860	1
phyml	GRCh37	rs9349320	H697	NA19223	2
phyml	GRCh37	rs9349320	H698	HG02941	2
phyml	GRCh37	rs9349320	H699	HG02836	1
phyml	GRCh37	rs9349320	H700	NA18486	2
phyml	GRCh37	rs9349320	H701	NA18907	1
phyml	GRCh37	rs9349320	H702	HG03028	2
phyml	GRCh37	rs9349320	H703	HG03072	2
phyml	GRCh37	rs9349320	H704	HG02722	2
phyml	GRCh37	rs9349320	H705	NA19439	2
phyml	GRCh37	rs9349320	H706	NA19043	2
phyml	GRCh37	rs9349320	H707	NA19712	1
phyml	GRCh37	rs9349320	H708	NA19473	1
phyml	GRCh37	rs9349320	H709	HG03446	1
phyml	GRCh37	rs9349320	H710	HG03159	2
phyml	GRCh37	rs9349320	H711	NA19474	2
phyml	GRCh37	rs9349320	H712	HG03301	1
phyml	GRCh37	rs9349320	H713	NA20348	1
phyml	GRCh37	rs9349320	H714	NA19456	2
phyml	GRCh37	rs9349320	H715	HG02628	2
phyml	GRCh37	rs9349320	H716	HG02634	1
phyml	GRCh37	rs9349320	H717	HG01988	1
phyml	GRCh37	rs9349320	H718	HG02816	2
phyml	GRCh37	rs9349320	H719	HG03410	1
phyml	GRCh37	rs9349320	H720	NA19319	1
phyml	GRCh37	rs9349320	H721	NA19239	2
phyml	GRCh37	rs9349320	H722	HG03437	1
phyml	GRCh37	rs9349320	H723	NA19143	1
phyml	GRCh37	rs9349320	H724	HG03304	2
phyml	GRCh37	rs9349320	H725	HG03363	1
phyml	GRCh37	rs9349320	H726	HG02322	2
phyml	GRCh37	rs9349320	H727	HG02968	1
phyml	GRCh37	rs9349320	H728	HG02558	2
phyml	GRCh37	rs9349320	H729	NA19473	2
phyml	GRCh37	rs9349320	H730	HG03470	1
phyml	GRCh37	rs9349320	H731	HG01879	2
phyml	GRCh37	rs9349320	H732	HG02589	1
phyml	GRCh37	rs9349320	H733	HG03499	1
phyml	GRCh37	rs9349320	H734	HG03049	1
phyml	GRCh37	rs9349320	H735	NA19704	1
phyml	GRCh37	rs9349320	H736	NA18908	1
phyml	GRCh37	rs9349320	H737	NA19171	2
phyml	GRCh37	rs9349320	H738	HG03385	2
phyml	GRCh37	rs9349320	H739	NA18878	2
phyml	GRCh37	rs9349320	H740	HG02976	2
phyml	GRCh37	rs9349320	H741	HG03455	2
phyml	GRCh37	rs9349320	H742	NA18912	1
phyml	GRCh37	rs9349320	H743	HG03563	2
phyml	GRCh37	rs9349320	H744	HG03449	2
phyml	GRCh37	rs9349320	H745	NA19247	2
phyml	GRCh37	rs9349320	H746	HG03428	2
phyml	GRCh37	rs9349320	H747	HG03126	1
phyml	GRCh37	rs9349320	H748	NA18873	2
phyml	GRCh37	rs9349320	H749	NA19701	1
phyml	GRCh37	rs9349320	H750	HG03084	1
phyml	GRCh37	rs9349320	H751	HG02702	1
phyml	GRCh37	rs9349320	H752	HG02629	2
phyml	GRCh37	rs9349320	H753	HG03241	1
phyml	GRCh37	rs9349320	H754	HG03442	2
phyml	GRCh37	rs9349320	H755	HG02471	1
phyml	GRCh37	rs9349320	H756	HG02628	1
phyml	GRCh37	rs9349320	H757	HG01092	1
phyml	GRCh37	rs9349320	H758	NA19472	2
phyml	GRCh37	rs9349320	H759	NA18520	2
phyml	GRCh37	rs9349320	H760	HG03115	1
phyml	GRCh37	rs9349320	H761	HG03460	1
phyml	GRCh37	rs9349320	H762	HG03378	1
phyml	GRCh37	rs9349320	H763	HG03258	2
phyml	GRCh37	rs9349320	H764	HG03055	1
phyml	GRCh37	rs9349320	H765	HG02325	1
phyml	GRCh37	rs9349320	H766	HG03060	2
phyml	GRCh37	rs9349320	H767	HG02675	2
phyml	GRCh37	rs9349320	H768	HG02462	1
phyml	GRCh37	rs9349320	H769	HG02557	1
phyml	GRCh37	rs9349320	H770	NA19314	2
phyml	GRCh37	rs9349320	H771	NA19020	1
phyml	GRCh37	rs9349320	H772	HG03578	1
phyml	GRCh37	rs9349320	H773	NA19171	1
phyml	GRCh37	rs9349320	H774	HG02573	1
phyml	GRCh37	rs9349320	H775	NA20296	1
phyml	GRCh37	rs9349320	H776	HG02922	1
phyml	GRCh37	rs9349320	H777	NA18538	2
phyml	GRCh37	rs9349320	H778	NA18640	2
phyml	GRCh37	rs9349320	H779	NA18563	2
phyml	GRCh37	rs9349320	H780	HG01873	1
phyml	GRCh37	rs9349320	H781	HG02072	1
phyml	GRCh37	rs9349320	H782	NA18579	2
phyml	GRCh37	rs9349320	H783	HG03594	2
phyml	GRCh37	rs9349320	H784	HG01794	1
phyml	GRCh37	rs9349320	H785	HG02522	2
phyml	GRCh37	rs9349320	H786	HG01845	2
phyml	GRCh37	rs9349320	H787	HG02134	2
phyml	GRCh37	rs9349320	H788	HG01858	2
phyml	GRCh37	rs9349320	H789	NA18954	2
phyml	GRCh37	rs9349320	H790	HG02156	2
phyml	GRCh37	rs9349320	H791	HG02073	1
phyml	GRCh37	rs9349320	H792	NA18990	2
phyml	GRCh37	rs9349320	H793	NA19055	1
phyml	GRCh37	rs9349320	H794	NA18967	2
phyml	GRCh37	rs9349320	H795	HG00653	2
phyml	GRCh37	rs9349320	H796	NA18611	1
phyml	GRCh37	rs9349320	H797	NA19067	1
phyml	GRCh37	rs9349320	H798	NA18992	2
phyml	GRCh37	rs9349320	H799	NA18537	1
phyml	GRCh37	rs9349320	H800	NA19057	1
phyml	GRCh37	rs9349320	H801	NA19087	2
phyml	GRCh37	rs9349320	H802	NA19066	2
phyml	GRCh37	rs9349320	H803	NA19059	1
phyml	GRCh37	rs9349320	H804	NA18962	2
phyml	GRCh37	rs9349320	H805	NA19006	1
phyml	GRCh37	rs9349320	H806	HG03821	1
phyml	GRCh37	rs9349320	H807	HG03803	2
phyml	GRCh37	rs9349320	H808	NA18969	2
phyml	GRCh37	rs9349320	H809	HG00592	2
phyml	GRCh37	rs9349320	H810	HG00102	1
phyml	GRCh37	rs9349320	H811	HG00138	1
phyml	GRCh37	rs9349320	H812	HG00133	2
phyml	GRCh37	rs9349320	H813	HG00717	1
phyml	GRCh37	rs9349320	H814	HG00479	1
phyml	GRCh37	rs9349320	H815	NA18745	1
phyml	GRCh37	rs9349320	H816	HG01805	1
phyml	GRCh37	rs9349320	H817	NA19068	1
phyml	GRCh37	rs9349320	H818	NA18960	2
phyml	GRCh37	rs9349320	H819	HG01377	2
phyml	GRCh37	rs9349320	H820	NA18617	2
phyml	GRCh37	rs9349320	H821	HG00525	2
phyml	GRCh37	rs9349320	H822	HG00674	2
phyml	GRCh37	rs9349320	H823	HG02351	2
phyml	GRCh37	rs9349320	H824	HG01271	2
phyml	GRCh37	rs9349320	H825	NA18966	2
phyml	GRCh37	rs9349320	H826	NA19003	2
phyml	GRCh37	rs9349320	H827	HG00259	1
phyml	GRCh37	rs9349320	H828	HG03950	2
phyml	GRCh37	rs9349320	H829	HG00978	2
phyml	GRCh37	rs9349320	H830	HG01200	1
phyml	GRCh37	rs9349320	H831	HG01101	1
phyml	GRCh37	rs9349320	H832	HG03978	2
phyml	GRCh37	rs9349320	H833	HG00651	1
phyml	GRCh37	rs9349320	H834	HG04225	2
phyml	GRCh37	rs9349320	H835	HG03837	2
phyml	GRCh37	rs9349320	H836	HG03882	2
phyml	GRCh37	rs9349320	H837	HG04140	1
phyml	GRCh37	rs9349320	H838	HG03640	2
phyml	GRCh37	rs9349320	H839	NA20896	1
phyml	GRCh37	rs9349320	H840	NA21124	1
phyml	GRCh37	rs9349320	H841	HG02522	1
phyml	GRCh37	rs9349320	H842	HG04022	1
phyml	GRCh37	rs9349320	H843	HG03888	1
phyml	GRCh37	rs9349320	H844	HG02658	1
phyml	GRCh37	rs9349320	H845	HG02396	2
phyml	GRCh37	rs9349320	H846	HG02185	2
phyml	GRCh37	rs9349320	H847	HG00451	1
phyml	GRCh37	rs9349320	H848	HG03202	1
phyml	GRCh37	rs9349320	H849	HG03376	2
phyml	GRCh37	rs9349320	H850	NA18531	1
phyml	GRCh37	rs9349320	H851	NA20882	2
phyml	GRCh37	rs9349320	H852	NA20900	2
phyml	GRCh37	rs9349320	H853	HG03907	2
phyml	GRCh37	rs9349320	H854	HG03898	2
phyml	GRCh37	rs9349320	H855	HG03991	2
phyml	GRCh37	rs9349320	H856	HG00267	1
phyml	GRCh37	rs9349320	H857	NA20900	1
phyml	GRCh37	rs9349320	H858	NA21126	2
phyml	GRCh37	rs9349320	H859	HG03753	2
phyml	GRCh37	rs9349320	H860	HG04212	1
phyml	GRCh37	rs9349320	H861	HG02165	2
phyml	GRCh37	rs9349320	H862	HG03949	2
phyml	GRCh37	rs9349320	H863	HG01593	2
phyml	GRCh37	rs9349320	H864	HG04002	2
phyml	GRCh37	rs9349320	H865	HG00704	2
phyml	GRCh37	rs9349320	H866	NA18639	1
phyml	GRCh37	rs9349320	H867	HG00759	1
phyml	GRCh37	rs9349320	H868	HG03762	2
phyml	GRCh37	rs9349320	H869	HG04161	2
phyml	GRCh37	rs9349320	H870	HG03589	2
phyml	GRCh37	rs9349320	H871	HG01395	2
phyml	GRCh37	rs9349320	H872	HG01444	1
phyml	GRCh37	rs9349320	H873	NA12155	2
phyml	GRCh37	rs9349320	H874	NA19065	1
phyml	GRCh37	rs9349320	H875	NA19921	1
phyml	GRCh37	rs9349320	H876	NA20755	2
phyml	GRCh37	rs9349320	H877	NA12546	2
phyml	GRCh37	rs9349320	H878	HG04002	1
phyml	GRCh37	rs9349320	H879	HG01678	2
phyml	GRCh37	rs9349320	H880	HG00260	2
phyml	GRCh37	rs9349320	H881	HG01932	1
phyml	GRCh37	rs9349320	H882	HG02696	2
phyml	GRCh37	rs9349320	H883	HG01284	1
phyml	GRCh37	rs9349320	H884	NA20773	1
phyml	GRCh37	rs9349320	H885	HG01530	2
phyml	GRCh37	rs9349320	H886	HG02035	1
phyml	GRCh37	rs9349320	H887	NA18597	1
phyml	GRCh37	rs9349320	H888	NA20504	2
phyml	GRCh37	rs9349320	H889	NA20897	1
phyml	GRCh37	rs9349320	H890	HG01672	2
phyml	GRCh37	rs9349320	H891	HG02725	1
phyml	GRCh37	rs9349320	H892	HG04118	2
phyml	GRCh37	rs9349320	H893	NA12156	2
phyml	GRCh37	rs9349320	H894	HG00590	2
phyml	GRCh37	rs9349320	H895	NA20862	2
phyml	GRCh37	rs9349320	H896	NA18988	1
phyml	GRCh37	rs9349320	H897	HG02180	2
phyml	GRCh37	rs9349320	H898	NA19782	2
phyml	GRCh37	rs9349320	H899	HG01709	1
phyml	GRCh37	rs9349320	H900	HG00376	1
phyml	GRCh37	rs9349320	H901	HG01111	2
phyml	GRCh37	rs9349320	H902	NA19904	2
phyml	GRCh37	rs9349320	H903	HG00381	2
phyml	GRCh37	rs9349320	H904	HG03953	2
phyml	GRCh37	rs9349320	H905	HG00306	2
phyml	GRCh37	rs9349320	H906	HG00281	2
phyml	GRCh37	rs9349320	H907	HG00240	1
phyml	GRCh37	rs9349320	H908	HG03007	1
phyml	GRCh37	rs9349320	H909	HG03767	1
phyml	GRCh37	rs9349320	H910	HG01250	2
phyml	GRCh37	rs9349320	H911	HG03731	2
phyml	GRCh37	rs9349320	H912	NA21092	2
phyml	GRCh37	rs9349320	H913	HG04146	1
phyml	GRCh37	rs9349320	H914	HG03934	2
phyml	GRCh37	rs9349320	H915	HG01064	1
phyml	GRCh37	rs9349320	H916	NA12340	2
phyml	GRCh37	rs9349320	H917	HG00266	2
phyml	GRCh37	rs9349320	H918	HG02508	2
phyml	GRCh37	rs9349320	H919	HG04100	2
phyml	GRCh37	rs9349320	H920	HG03900	2
phyml	GRCh37	rs9349320	H921	NA21111	1
phyml	GRCh37	rs9349320	H922	HG03717	1
phyml	GRCh37	rs9349320	H923	HG03844	1
phyml	GRCh37	rs9349320	H924	HG04093	2
phyml	GRCh37	rs9349320	H925	HG02700	2
phyml	GRCh37	rs9349320	H926	HG02130	2
phyml	GRCh37	rs9349320	H927	NA18644	1
phyml	GRCh37	rs9349320	H928	HG02406	1
phyml	GRCh37	rs9349320	H929	NA18984	2
phyml	GRCh37	rs9349320	H930	NA18606	1
phyml	GRCh37	rs9349320	H931	HG02188	2
phyml	GRCh37	rs9349320	H932	NA18548	1
phyml	GRCh37	rs9349320	H933	HG03681	1
phyml	GRCh37	rs9349320	H934	HG03720	2
phyml	GRCh37	rs9349320	H935	NA20521	1
phyml	GRCh37	rs9349320	H936	HG02067	1
phyml	GRCh37	rs9349320	H937	HG00373	1
phyml	GRCh37	rs9349320	H938	NA21141	2
phyml	GRCh37	rs9349320	H939	NA18639	2
phyml	GRCh37	rs9349320	H940	HG03619	2
phyml	GRCh37	rs9349320	H941	HG00116	1
phyml	GRCh37	rs9349320	H942	HG02026	1
phyml	GRCh37	rs9349320	H943	HG02088	1
phyml	GRCh37	rs9349320	H944	HG00437	1
phyml	GRCh37	rs9349320	H945	HG00542	1
phyml	GRCh37	rs9349320	H946	HG00674	1
phyml	GRCh37	rs9349320	H947	HG01851	1
phyml	GRCh37	rs9349320	H948	HG02385	1
phyml	GRCh37	rs9349320	H949	HG01060	1
phyml	GRCh37	rs9349320	H950	NA19000	1
phyml	GRCh37	rs9349320	H951	NA19081	1
phyml	GRCh37	rs9349320	H952	HG01869	1
phyml	GRCh37	rs9349320	H953	HG02356	2
phyml	GRCh37	rs9349320	H954	NA18956	1
phyml	GRCh37	rs9349320	H955	NA18595	1
phyml	GRCh37	rs9349320	H956	NA18592	1
phyml	GRCh37	rs9349320	H957	NA18973	2
phyml	GRCh37	rs9349320	H958	NA18548	2
phyml	GRCh37	rs9349320	H959	HG00581	1
phyml	GRCh37	rs9349320	H960	HG01804	1
phyml	GRCh37	rs9349320	H961	NA18939	1
phyml	GRCh37	rs9349320	H962	HG00472	1
phyml	GRCh37	rs9349320	H963	NA18994	1
phyml	GRCh37	rs9349320	H964	HG02142	2
phyml	GRCh37	rs9349320	H965	HG00566	2
phyml	GRCh37	rs9349320	H966	NA18541	1
phyml	GRCh37	rs9349320	H967	HG03882	1
phyml	GRCh37	rs9349320	H968	NA18643	2
phyml	GRCh37	rs9349320	H969	HG02390	2
phyml	GRCh37	rs9349320	H970	HG04156	2
phyml	GRCh37	rs9349320	H971	HG03965	1
phyml	GRCh37	rs9349320	H972	NA18982	1
phyml	GRCh37	rs9349320	H973	HG03660	1
phyml	GRCh37	rs9349320	H974	NA20521	2
phyml	GRCh37	rs9349320	H975	NA18628	2
phyml	GRCh37	rs9349320	H976	NA19009	1
phyml	GRCh37	rs9349320	H977	NA18957	1
phyml	GRCh37	rs9349320	H978	NA19067	2
phyml	GRCh37	rs9349320	H979	NA18974	1
phyml	GRCh37	rs9349320	H980	NA19062	2
phyml	GRCh37	rs9349320	H981	NA18983	2
phyml	GRCh37	rs9349320	H982	HG00155	1
phyml	GRCh37	rs9349320	H983	NA20874	1
phyml	GRCh37	rs9349320	H984	HG04183	2
phyml	GRCh37	rs9349320	H985	HG03624	1
phyml	GRCh37	rs9349320	H986	HG03238	1
phyml	GRCh37	rs9349320	H987	HG03917	2
phyml	GRCh37	rs9349320	H988	HG04195	2
phyml	GRCh37	rs9349320	H989	HG04180	1
phyml	GRCh37	rs9349320	H990	HG02682	2
phyml	GRCh37	rs9349320	H991	HG03019	2
phyml	GRCh37	rs9349320	H992	HG04235	2
phyml	GRCh37	rs9349320	H993	HG01775	1
phyml	GRCh37	rs9349320	H994	HG02699	1
phyml	GRCh37	rs9349320	H995	HG01850	1
phyml	GRCh37	rs9349320	H996	NA18596	1
phyml	GRCh37	rs9349320	H997	HG02184	1
phyml	GRCh37	rs9349320	H998	HG01796	2
phyml	GRCh37	rs9349320	H999	HG02384	2
phyml	GRCh37	rs9349320	H1000	HG00766	2
phyml	GRCh37	rs9349320	H1001	HG02028	2
phyml	GRCh37	rs9349320	H1002	HG00463	1
phyml	GRCh37	rs9349320	H1003	NA19010	1
phyml	GRCh37	rs9349320	H1004	NA18558	2
phyml	GRCh37	rs9349320	H1005	NA18574	1
phyml	GRCh37	rs9349320	H1006	HG01802	2
phyml	GRCh37	rs9349320	H1007	HG02025	1
phyml	GRCh37	rs9349320	H1008	HG00631	1
phyml	GRCh37	rs9349320	H1009	NA18982	2
phyml	GRCh37	rs9349320	H1010	HG02031	2
phyml	GRCh37	rs9349320	H1011	HG02398	2
phyml	GRCh37	rs9349320	H1012	HG00689	2
phyml	GRCh37	rs9349320	H1013	NA18646	1
phyml	GRCh37	rs9349320	H1014	HG02190	2
phyml	GRCh37	rs9349320	H1015	HG01815	2
phyml	GRCh37	rs9349320	H1016	HG01817	1
phyml	GRCh37	rs9349320	H1017	HG00589	1
phyml	GRCh37	rs9349320	H1018	HG02113	1
phyml	GRCh37	rs9349320	H1019	HG02049	1
phyml	GRCh37	rs9349320	H1020	HG00406	1
phyml	GRCh37	rs9349320	H1021	NA18622	1
phyml	GRCh37	rs9349320	H1022	HG00445	2
phyml	GRCh37	rs9349320	H1023	HG02028	1
phyml	GRCh37	rs9349320	H1024	NA18579	1
phyml	GRCh37	rs9349320	H1025	NA18964	1
phyml	GRCh37	rs9349320	H1026	NA19065	2
phyml	GRCh37	rs9349320	H1027	NA19089	2
phyml	GRCh37	rs9349320	H1028	NA19060	2
phyml	GRCh37	rs9349320	H1029	NA18528	2
phyml	GRCh37	rs9349320	H1030	NA18945	2
phyml	GRCh37	rs9349320	H1031	HG01694	2
phyml	GRCh37	rs9349320	H1032	NA12775	2
phyml	GRCh37	rs9349320	H1033	NA12489	1
phyml	GRCh37	rs9349320	H1034	HG01679	2
phyml	GRCh37	rs9349320	H1035	NA20587	1
phyml	GRCh37	rs9349320	H1036	HG01939	2
phyml	GRCh37	rs9349320	H1037	NA12842	1
phyml	GRCh37	rs9349320	H1038	HG01766	1
phyml	GRCh37	rs9349320	H1039	HG01578	2
phyml	GRCh37	rs9349320	H1040	HG02661	1
phyml	GRCh37	rs9349320	H1041	NA19663	2
phyml	GRCh37	rs9349320	H1042	HG01785	1
phyml	GRCh37	rs9349320	H1043	HG00622	2
phyml	GRCh37	rs9349320	H1044	NA18747	1
phyml	GRCh37	rs9349320	H1045	NA18543	2
phyml	GRCh37	rs9349320	H1046	HG02775	2
phyml	GRCh37	rs9349320	H1047	HG03899	1
phyml	GRCh37	rs9349320	H1048	HG03703	2
phyml	GRCh37	rs9349320	H1049	HG03875	1
phyml	GRCh37	rs9349320	H1050	HG04198	1
phyml	GRCh37	rs9349320	H1051	HG03802	1
phyml	GRCh37	rs9349320	H1052	NA18623	1
phyml	GRCh37	rs9349320	H1053	HG02047	1
phyml	GRCh37	rs9349320	H1054	HG00729	1
phyml	GRCh37	rs9349320	H1055	NA19064	2
phyml	GRCh37	rs9349320	H1056	HG02050	2
phyml	GRCh37	rs9349320	H1057	HG00422	1
phyml	GRCh37	rs9349320	H1058	HG03697	2
phyml	GRCh37	rs9349320	H1059	HG04141	2
phyml	GRCh37	rs9349320	H1060	NA18640	1
phyml	GRCh37	rs9349320	H1061	HG00452	2
phyml	GRCh37	rs9349320	H1062	HG01807	2
phyml	GRCh37	rs9349320	H1063	NA12045	1
phyml	GRCh37	rs9349320	H1064	HG04038	2
phyml	GRCh37	rs9349320	H1065	NA12004	1
phyml	GRCh37	rs9349320	H1066	HG02231	1
phyml	GRCh37	rs9349320	H1067	HG00638	2
phyml	GRCh37	rs9349320	H1068	NA20527	2
phyml	GRCh37	rs9349320	H1069	NA20811	2
phyml	GRCh37	rs9349320	H1070	HG00445	1
phyml	GRCh37	rs9349320	H1071	HG02053	1
phyml	GRCh37	rs9349320	H1072	NA12249	1
phyml	GRCh37	rs9349320	H1073	HG02684	2
phyml	GRCh37	rs9349320	H1074	NA20525	1
phyml	GRCh37	rs9349320	H1075	NA20589	2
phyml	GRCh37	rs9349320	H1076	NA20890	2
phyml	GRCh37	rs9349320	H1077	HG01791	1
phyml	GRCh37	rs9349320	H1078	HG02685	2
phyml	GRCh37	rs9349320	H1079	HG00254	1
phyml	GRCh37	rs9349320	H1080	HG01790	1
phyml	GRCh37	rs9349320	H1081	HG04146	2
phyml	GRCh37	rs9349320	H1082	HG02154	1
phyml	GRCh37	rs9349320	H1083	HG01853	1
phyml	GRCh37	rs9349320	H1084	HG00844	1
phyml	GRCh37	rs9349320	H1085	HG01861	2
phyml	GRCh37	rs9349320	H1086	NA18975	2
phyml	GRCh37	rs9349320	H1087	NA18947	1
phyml	GRCh37	rs9349320	H1088	NA19075	1
phyml	GRCh37	rs9349320	H1089	NA18566	2
phyml	GRCh37	rs9349320	H1090	NA20888	2
phyml	GRCh37	rs9349320	H1091	NA21119	1
phyml	GRCh37	rs9349320	H1092	NA11831	1
phyml	GRCh37	rs9349320	H1093	HG00382	2
phyml	GRCh37	rs9349320	H1094	HG02239	2
phyml	GRCh37	rs9349320	H1095	NA20587	2
phyml	GRCh37	rs9349320	H1096	HG00238	1
phyml	GRCh37	rs9349320	H1097	HG01623	1
phyml	GRCh37	rs9349320	H1098	NA18941	1
phyml	GRCh37	rs9349320	H1099	HG02299	1
phyml	GRCh37	rs9349320	H1100	HG00590	1
phyml	GRCh37	rs9349320	H1101	HG02076	2
phyml	GRCh37	rs9349320	H1102	HG01863	1
phyml	GRCh37	rs9349320	H1103	HG01866	1
phyml	GRCh37	rs9349320	H1104	HG04015	1
phyml	GRCh37	rs9349320	H1105	HG03756	2
phyml	GRCh37	rs9349320	H1106	NA18526	1
phyml	GRCh37	rs9349320	H1107	HG00557	2
phyml	GRCh37	rs9349320	H1108	HG01767	2
phyml	GRCh37	rs9349320	H1109	HG02002	2
phyml	GRCh37	rs9349320	H1110	HG00353	2
phyml	GRCh37	rs9349320	H1111	NA21142	2
phyml	GRCh37	rs9349320	H1112	HG03949	1
phyml	GRCh37	rs9349320	H1113	HG00739	2
phyml	GRCh37	rs9349320	H1114	HG03488	1
phyml	GRCh37	rs9349320	H1115	NA20863	1
phyml	GRCh37	rs9349320	H1116	HG04140	2
phyml	GRCh37	rs9349320	H1117	NA20882	1
phyml	GRCh37	rs9349320	H1118	HG03850	2
phyml	GRCh37	rs9349320	H1119	NA20888	1
phyml	GRCh37	rs9349320	H1120	HG04015	2
phyml	GRCh37	rs9349320	H1121	NA20902	1
phyml	GRCh37	rs9349320	H1122	HG03644	1
phyml	GRCh37	rs9349320	H1123	HG03015	1
phyml	GRCh37	rs9349320	H1124	HG03991	1
phyml	GRCh37	rs9349320	H1125	NA20774	1
phyml	GRCh37	rs9349320	H1126	HG02737	1
phyml	GRCh37	rs9349320	H1127	HG02086	1
phyml	GRCh37	rs9349320	H1128	HG02151	2
phyml	GRCh37	rs9349320	H1129	HG03812	1
phyml	GRCh37	rs9349320	H1130	HG03928	1
phyml	GRCh37	rs9349320	H1131	HG03905	2
phyml	GRCh37	rs9349320	H1132	HG04227	1
phyml	GRCh37	rs9349320	H1133	HG03645	1
phyml	GRCh37	rs9349320	H1134	HG01350	1
phyml	GRCh37	rs9349320	H1135	NA20812	2
phyml	GRCh37	rs9349320	H1136	NA20582	2
phyml	GRCh37	rs9349320	H1137	HG04158	1
phyml	GRCh37	rs9349320	H1138	HG01082	2
phyml	GRCh37	rs9349320	H1139	HG03782	2
phyml	GRCh37	rs9349320	H1140	NA19900	2
phyml	GRCh37	rs9349320	H1141	NA20516	2
phyml	GRCh37	rs9349320	H1142	NA20531	2
phyml	GRCh37	rs9349320	H1143	HG01063	2
phyml	GRCh37	rs9349320	H1144	HG01776	1
phyml	GRCh37	rs9349320	H1145	HG01501	2
phyml	GRCh37	rs9349320	H1146	NA11892	2
phyml	GRCh37	rs9349320	H1147	HG01550	1
phyml	GRCh37	rs9349320	H1148	NA21089	2
phyml	GRCh37	rs9349320	H1149	HG04035	2
phyml	GRCh37	rs9349320	H1150	NA20525	2
phyml	GRCh37	rs9349320	H1151	HG03756	1
phyml	GRCh37	rs9349320	H1152	NA20897	2
phyml	GRCh37	rs9349320	H1153	NA19088	1
phyml	GRCh37	rs9349320	H1154	NA12400	1
phyml	GRCh37	rs9349320	H1155	HG00268	1
phyml	GRCh37	rs9349320	H1156	HG00262	1
phyml	GRCh37	rs9349320	H1157	HG02252	1
phyml	GRCh37	rs9349320	H1158	HG00155	2
phyml	GRCh37	rs9349320	H1159	HG00376	2
phyml	GRCh37	rs9349320	H1160	HG01242	1
phyml	GRCh37	rs9349320	H1161	HG02064	2
phyml	GRCh37	rs9349320	H1162	NA18979	2
phyml	GRCh37	rs9349320	H1163	NA18618	2
phyml	GRCh37	rs9349320	H1164	NA18944	2
phyml	GRCh37	rs9349320	H1165	HG03774	2
phyml	GRCh37	rs9349320	H1166	HG03698	2
phyml	GRCh37	rs9349320	H1167	HG01413	2
phyml	GRCh37	rs9349320	H1168	HG02786	2
phyml	GRCh37	rs9349320	H1169	HG03871	2
phyml	GRCh37	rs9349320	H1170	HG04159	2
phyml	GRCh37	rs9349320	H1171	HG01080	2
phyml	GRCh37	rs9349320	H1172	HG01395	1
phyml	GRCh37	rs9349320	H1173	HG04195	1
phyml	GRCh37	rs9349320	H1174	HG00717	2
phyml	GRCh37	rs9349320	H1175	HG01878	2
phyml	GRCh37	rs9349320	H1176	HG03696	1
phyml	GRCh37	rs9349320	H1177	HG01046	2
phyml	GRCh37	rs9349320	H1178	HG01802	1
phyml	GRCh37	rs9349320	H1179	HG00154	1
phyml	GRCh37	rs9349320	H1180	HG03914	2
phyml	GRCh37	rs9349320	H1181	HG03680	2
phyml	GRCh37	rs9349320	H1182	HG00584	1
phyml	GRCh37	rs9349320	H1183	HG02410	2
phyml	GRCh37	rs9349320	H1184	HG03862	2
phyml	GRCh37	rs9349320	H1185	NA18557	1
phyml	GRCh37	rs9349320	H1186	NA18997	2
phyml	GRCh37	rs9349320	H1187	HG00656	2
phyml	GRCh37	rs9349320	H1188	NA18624	1
phyml	GRCh37	rs9349320	H1189	NA18591	1
phyml	GRCh37	rs9349320	H1190	HG00531	2
phyml	GRCh37	rs9349320	H1191	HG02373	1
phyml	GRCh37	rs9349320	H1192	NA18564	1
phyml	GRCh37	rs9349320	H1193	HG02061	2
phyml	GRCh37	rs9349320	H1194	HG00626	1
phyml	GRCh37	rs9349320	H1195	HG01857	1
phyml	GRCh37	rs9349320	H1196	NA18574	2
phyml	GRCh37	rs9349320	H1197	NA18941	2
phyml	GRCh37	rs9349320	H1198	HG00326	2
phyml	GRCh37	rs9349320	H1199	HG02397	1
phyml	GRCh37	rs9349320	H1200	HG00623	2
phyml	GRCh37	rs9349320	H1201	NA18626	2
phyml	GRCh37	rs9349320	H1202	HG01254	2
phyml	GRCh37	rs9349320	H1203	HG01365	1
phyml	GRCh37	rs9349320	H1204	HG04054	2
phyml	GRCh37	rs9349320	H1205	HG01134	1
phyml	GRCh37	rs9349320	H1206	HG00698	2
phyml	GRCh37	rs9349320	H1207	HG00542	2
phyml	GRCh37	rs9349320	H1208	NA19058	1
phyml	GRCh37	rs9349320	H1209	HG02408	1
phyml	GRCh37	rs9349320	H1210	HG03792	1
phyml	GRCh37	rs9349320	H1211	NA18633	2
phyml	GRCh37	rs9349320	H1212	NA18977	1
phyml	GRCh37	rs9349320	H1213	NA18973	1
phyml	GRCh37	rs9349320	H1214	HG03711	2
phyml	GRCh37	rs9349320	H1215	HG02102	2
phyml	GRCh37	rs9349320	H1216	HG02649	1
phyml	GRCh37	rs9349320	H1217	NA18602	2
phyml	GRCh37	rs9349320	H1218	HG01851	2
phyml	GRCh37	rs9349320	H1219	HG01595	2
phyml	GRCh37	rs9349320	H1220	NA19776	2
phyml	GRCh37	rs9349320	H1221	HG03731	1
phyml	GRCh37	rs9349320	H1222	HG00650	1
phyml	GRCh37	rs9349320	H1223	NA18944	1
phyml	GRCh37	rs9349320	H1224	NA18994	2
phyml	GRCh37	rs9349320	H1225	NA18609	2
phyml	GRCh37	rs9349320	H1226	NA18960	1
phyml	GRCh37	rs9349320	H1227	NA18961	1
phyml	GRCh37	rs9349320	H1228	HG00148	1
phyml	GRCh37	rs9349320	H1229	NA19003	1
phyml	GRCh37	rs9349320	H1230	HG03006	2
phyml	GRCh37	rs9349320	H1231	NA19011	1
phyml	GRCh37	rs9349320	H1232	HG01354	1
phyml	GRCh37	rs9349320	H1233	HG00137	1
phyml	GRCh37	rs9349320	H1234	NA18599	2
phyml	GRCh37	rs9349320	H1235	HG01578	1
phyml	GRCh37	rs9349320	H1236	HG00580	1
phyml	GRCh37	rs9349320	H1237	HG01286	2
phyml	GRCh37	rs9349320	H1238	HG01625	1
phyml	GRCh37	rs9349320	H1239	NA19625	2
phyml	GRCh37	rs9349320	H1240	NA20768	2
phyml	GRCh37	rs9349320	H1241	HG01110	1
phyml	GRCh37	rs9349320	H1242	HG01108	1
phyml	GRCh37	rs9349320	H1243	HG01366	1
phyml	GRCh37	rs9349320	H1244	HG02272	1
phyml	GRCh37	rs9349320	H1245	HG01122	1
phyml	GRCh37	rs9349320	H1246	HG02081	2
phyml	GRCh37	rs9349320	H1247	HG02725	2
phyml	GRCh37	rs9349320	H1248	HG00699	1
phyml	GRCh37	rs9349320	H1249	NA19076	1
phyml	GRCh37	rs9349320	H1250	HG02140	1
phyml	GRCh37	rs9349320	H1251	HG00851	2
phyml	GRCh37	rs9349320	H1252	NA18985	1
phyml	GRCh37	rs9349320	H1253	NA20904	1
phyml	GRCh37	rs9349320	H1254	HG03896	2
phyml	GRCh37	rs9349320	H1255	NA20876	2
phyml	GRCh37	rs9349320	H1256	HG01070	2
phyml	GRCh37	rs9349320	H1257	HG00367	1
phyml	GRCh37	rs9349320	H1258	NA18617	1
phyml	GRCh37	rs9349320	H1259	HG02299	2
phyml	GRCh37	rs9349320	H1260	NA19080	1
phyml	GRCh37	rs9349320	H1261	NA19086	2
phyml	GRCh37	rs9349320	H1262	NA11893	1
phyml	GRCh37	rs9349320	H1263	NA18993	1
phyml	GRCh37	rs9349320	H1264	HG02128	2
phyml	GRCh37	rs9349320	H1265	HG01845	1
phyml	GRCh37	rs9349320	H1266	HG01848	2
phyml	GRCh37	rs9349320	H1267	HG03705	1
phyml	GRCh37	rs9349320	H1268	HG01485	2
phyml	GRCh37	rs9349320	H1269	HG00543	1
phyml	GRCh37	rs9349320	H1270	HG02086	2
phyml	GRCh37	rs9349320	H1271	NA20505	1
phyml	GRCh37	rs9349320	H1272	HG02373	2
phyml	GRCh37	rs9349320	H1273	HG03009	1
phyml	GRCh37	rs9349320	H1274	HG03951	1
phyml	GRCh37	rs9349320	H1275	HG01843	1
phyml	GRCh37	rs9349320	H1276	HG02019	2
phyml	GRCh37	rs9349320	H1277	HG03709	1
phyml	GRCh37	rs9349320	H1278	HG00693	2
phyml	GRCh37	rs9349320	H1279	HG04047	2
phyml	GRCh37	rs9349320	H1280	HG02493	2
phyml	GRCh37	rs9349320	H1281	HG02102	1
phyml	GRCh37	rs9349320	H1282	HG04158	2
phyml	GRCh37	rs9349320	H1283	HG03706	2
phyml	GRCh37	rs9349320	H1284	HG01383	1
phyml	GRCh37	rs9349320	H1285	HG03238	2
phyml	GRCh37	rs9349320	H1286	NA21123	2
phyml	GRCh37	rs9349320	H1287	HG01694	1
phyml	GRCh37	rs9349320	H1288	HG04003	1
phyml	GRCh37	rs9349320	H1289	NA20845	2
phyml	GRCh37	rs9349320	H1290	HG04001	2
phyml	GRCh37	rs9349320	H1291	NA20512	2
phyml	GRCh37	rs9349320	H1292	NA20813	2
phyml	GRCh37	rs9349320	H1293	HG00357	2
phyml	GRCh37	rs9349320	H1294	NA20887	2
phyml	GRCh37	rs9349320	H1295	HG01859	2
phyml	GRCh37	rs9349320	H1296	NA18573	2
phyml	GRCh37	rs9349320	H1297	HG01479	2
phyml	GRCh37	rs9349320	H1298	NA20856	2
phyml	GRCh37	rs9349320	H1299	HG04080	2
phyml	GRCh37	rs9349320	H1300	NA18619	1
phyml	GRCh37	rs9349320	H1301	HG02394	1
phyml	GRCh37	rs9349320	H1302	HG02379	2
phyml	GRCh37	rs9349320	H1303	NA18748	1
phyml	GRCh37	rs9349320	H1304	NA18940	1
phyml	GRCh37	rs9349320	H1305	NA18525	2
phyml	GRCh37	rs9349320	H1306	NA18961	2
phyml	GRCh37	rs9349320	H1307	HG00690	2
phyml	GRCh37	rs9349320	H1308	HG01600	1
phyml	GRCh37	rs9349320	H1309	HG02360	2
phyml	GRCh37	rs9349320	H1310	HG00410	1
phyml	GRCh37	rs9349320	H1311	HG02179	1
phyml	GRCh37	rs9349320	H1312	HG02384	1
phyml	GRCh37	rs9349320	H1313	HG04155	1
phyml	GRCh37	rs9349320	H1314	HG04018	2
phyml	GRCh37	rs9349320	H1315	HG03679	2
phyml	GRCh37	rs9349320	H1316	NA21110	1
phyml	GRCh37	rs9349320	H1317	HG03698	1
phyml	GRCh37	rs9349320	H1318	HG03844	2
phyml	GRCh37	rs9349320	H1319	HG03925	1
phyml	GRCh37	rs9349320	H1320	HG03999	1
phyml	GRCh37	rs9349320	H1321	HG03916	1
phyml	GRCh37	rs9349320	H1322	HG04039	2
phyml	GRCh37	rs9349320	H1323	HG02687	1
phyml	GRCh37	rs9349320	H1324	HG02790	1
phyml	GRCh37	rs9349320	H1325	HG03019	1
phyml	GRCh37	rs9349320	H1326	HG04200	1
phyml	GRCh37	rs9349320	H1327	HG01971	2
phyml	GRCh37	rs9349320	H1328	NA18596	2
phyml	GRCh37	rs9349320	H1329	HG00584	2
phyml	GRCh37	rs9349320	H1330	HG04106	2
phyml	GRCh37	rs9349320	H1331	NA18977	2
phyml	GRCh37	rs9349320	H1332	NA21110	2
phyml	GRCh37	rs9349320	H1333	HG03803	1
phyml	GRCh37	rs9349320	H1334	HG03833	1
phyml	GRCh37	rs9349320	H1335	HG04161	1
phyml	GRCh37	rs9349320	H1336	HG00589	2
phyml	GRCh37	rs9349320	H1337	HG02023	2
phyml	GRCh37	rs9349320	H1338	HG02019	1
phyml	GRCh37	rs9349320	H1339	HG01864	1
phyml	GRCh37	rs9349320	H1340	HG02409	1
phyml	GRCh37	rs9349320	H1341	HG02360	1
phyml	GRCh37	rs9349320	H1342	HG02604	1
phyml	GRCh37	rs9349320	H1343	HG03746	2
phyml	GRCh37	rs9349320	H1344	HG00338	2
phyml	GRCh37	rs9349320	H1345	HG00177	1
phyml	GRCh37	rs9349320	H1346	HG01686	2
phyml	GRCh37	rs9349320	H1347	HG01768	1
phyml	GRCh37	rs9349320	H1348	NA12144	1
phyml	GRCh37	rs9349320	H1349	NA11919	2
phyml	GRCh37	rs9349320	H1350	HG00365	2
phyml	GRCh37	rs9349320	H1351	HG04099	2
phyml	GRCh37	rs9349320	H1352	HG04054	1
phyml	GRCh37	rs9349320	H1353	NA21115	2
phyml	GRCh37	rs9349320	H1354	HG02694	2
phyml	GRCh37	rs9349320	H1355	HG00336	1
phyml	GRCh37	rs9349320	H1356	NA18966	1
phyml	GRCh37	rs9349320	H1357	NA18989	2
phyml	GRCh37	rs9349320	H1358	NA19002	1
phyml	GRCh37	rs9349320	H1359	NA19068	2
phyml	GRCh37	rs9349320	H1360	NA19059	2
phyml	GRCh37	rs9349320	H1361	HG01868	1
phyml	GRCh37	rs9349320	H1362	HG01853	2
phyml	GRCh37	rs9349320	H1363	NA18988	2
phyml	GRCh37	rs9349320	H1364	HG02382	2
phyml	GRCh37	rs9349320	H1365	HG03870	1
phyml	GRCh37	rs9349320	H1366	NA18976	1
phyml	GRCh37	rs9349320	H1367	NA18984	1
phyml	GRCh37	rs9349320	H1368	HG01817	2
phyml	GRCh37	rs9349320	H1369	NA19759	1
phyml	GRCh37	rs9349320	H1370	NA11832	2
phyml	GRCh37	rs9349320	H1371	HG01348	1
phyml	GRCh37	rs9349320	H1372	HG00232	2
phyml	GRCh37	rs9349320	H1373	NA11920	1
phyml	GRCh37	rs9349320	H1374	HG01530	1
phyml	GRCh37	rs9349320	H1375	HG00349	2
phyml	GRCh37	rs9349320	H1376	NA12878	2
phyml	GRCh37	rs9349320	H1377	NA12763	1
phyml	GRCh37	rs9349320	H1378	NA19056	1
phyml	GRCh37	rs9349320	H1379	HG03234	2
phyml	GRCh37	rs9349320	H1380	HG03742	1
phyml	GRCh37	rs9349320	H1381	NA19723	1
phyml	GRCh37	rs9349320	H1382	NA18968	1
phyml	GRCh37	rs9349320	H1383	NA11930	2
phyml	GRCh37	rs9349320	H1384	HG03757	2
phyml	GRCh37	rs9349320	H1385	HG03792	2
phyml	GRCh37	rs9349320	H1386	NA21094	2
phyml	GRCh37	rs9349320	H1387	NA18953	1
phyml	GRCh37	rs9349320	H1388	HG00583	2
phyml	GRCh37	rs9349320	H1389	HG00662	1
phyml	GRCh37	rs9349320	H1390	HG02058	2
phyml	GRCh37	rs9349320	H1391	NA18602	1
phyml	GRCh37	rs9349320	H1392	HG00619	1
phyml	GRCh37	rs9349320	H1393	HG01859	1
phyml	GRCh37	rs9349320	H1394	NA18975	1
phyml	GRCh37	rs9349320	H1395	HG02140	2
phyml	GRCh37	rs9349320	H1396	HG00446	1
phyml	GRCh37	rs9349320	H1397	HG01804	2
phyml	GRCh37	rs9349320	H1398	HG02250	2
phyml	GRCh37	rs9349320	H1399	HG01149	2
phyml	GRCh37	rs9349320	H1400	HG02367	1
phyml	GRCh37	rs9349320	H1401	HG01589	2
phyml	GRCh37	rs9349320	H1402	HG01855	2
phyml	GRCh37	rs9349320	H1403	HG02035	2
phyml	GRCh37	rs9349320	H1404	HG04173	2
phyml	GRCh37	rs9349320	H1405	HG02389	1
phyml	GRCh37	rs9349320	H1406	HG02081	1
phyml	GRCh37	rs9349320	H1407	NA19058	2
phyml	GRCh37	rs9349320	H1408	NA19089	1
phyml	GRCh37	rs9349320	H1409	HG00625	1
phyml	GRCh37	rs9349320	H1410	HG00560	2
phyml	GRCh37	rs9349320	H1411	HG01806	1
phyml	GRCh37	rs9349320	H1412	NA19074	1
phyml	GRCh37	rs9349320	H1413	HG02239	1
phyml	GRCh37	rs9349320	H1414	HG02700	1
phyml	GRCh37	rs9349320	H1415	NA20902	2
phyml	GRCh37	rs9349320	H1416	HG01595	1
phyml	GRCh37	rs9349320	H1417	NA18621	1
phyml	GRCh37	rs9349320	H1418	NA18995	1
phyml	GRCh37	rs9349320	H1419	NA18605	2
phyml	GRCh37	rs9349320	H1420	HG00683	2
phyml	GRCh37	rs9349320	H1421	NA20771	1
phyml	GRCh37	rs9349320	H1422	HG00240	2
phyml	GRCh37	rs9349320	H1423	NA18645	2
phyml	GRCh37	rs9349320	H1424	HG00657	2
phyml	GRCh37	rs9349320	H1425	HG00406	2
phyml	GRCh37	rs9349320	H1426	HG02383	1
phyml	GRCh37	rs9349320	H1427	HG02076	1
phyml	GRCh37	rs9349320	H1428	HG02250	1
phyml	GRCh37	rs9349320	H1429	HG01865	2
phyml	GRCh37	rs9349320	H1430	HG00442	2
phyml	GRCh37	rs9349320	H1431	NA18599	1
phyml	GRCh37	rs9349320	H1432	HG02049	2
phyml	GRCh37	rs9349320	H1433	HG00342	1
phyml	GRCh37	rs9349320	H1434	NA12815	2
phyml	GRCh37	rs9349320	H1435	HG01326	1
phyml	GRCh37	rs9349320	H1436	HG00732	1
phyml	GRCh37	rs9349320	H1437	HG02153	1
phyml	GRCh37	rs9349320	H1438	HG00663	1
phyml	GRCh37	rs9349320	H1439	NA18557	2
phyml	GRCh37	rs9349320	H1440	HG02057	1
phyml	GRCh37	rs9349320	H1441	NA18631	1
phyml	GRCh37	rs9349320	H1442	HG00707	1
phyml	GRCh37	rs9349320	H1443	NA18593	1
phyml	GRCh37	rs9349320	H1444	HG00422	2
phyml	GRCh37	rs9349320	H1445	NA18616	2
phyml	GRCh37	rs9349320	H1446	NA18567	2
phyml	GRCh37	rs9349320	H1447	NA18553	2
phyml	GRCh37	rs9349320	H1448	NA19082	1
phyml	GRCh37	rs9349320	H1449	NA19005	1
phyml	GRCh37	rs9349320	H1450	NA18962	1
phyml	GRCh37	rs9349320	H1451	NA18542	2
phyml	GRCh37	rs9349320	H1452	NA18560	2
phyml	GRCh37	rs9349320	H1453	HG01841	2
phyml	GRCh37	rs9349320	H1454	HG03784	1
phyml	GRCh37	rs9349320	H1455	HG04023	2
phyml	GRCh37	rs9349320	H1456	NA12830	1
phyml	GRCh37	rs9349320	H1457	HG01709	2
phyml	GRCh37	rs9349320	H1458	HG00148	2
phyml	GRCh37	rs9349320	H1459	HG00158	2
phyml	GRCh37	rs9349320	H1460	HG02648	1
phyml	GRCh37	rs9349320	H1461	HG03977	1
phyml	GRCh37	rs9349320	H1462	NA20892	2
phyml	GRCh37	rs9349320	H1463	NA20905	1
phyml	GRCh37	rs9349320	H1464	HG03765	1
phyml	GRCh37	rs9349320	H1465	HG04076	1
phyml	GRCh37	rs9349320	H1466	HG03925	2
phyml	GRCh37	rs9349320	H1467	NA18595	2
phyml	GRCh37	rs9349320	H1468	HG00663	2
phyml	GRCh37	rs9349320	H1469	HG00613	2
phyml	GRCh37	rs9349320	H1470	HG00478	1
phyml	GRCh37	rs9349320	H1471	NA18983	1
phyml	GRCh37	rs9349320	H1472	HG02356	1
phyml	GRCh37	rs9349320	H1473	NA20822	1
phyml	GRCh37	rs9349320	H1474	HG00620	2
phyml	GRCh37	rs9349320	H1475	HG00524	1
phyml	GRCh37	rs9349320	H1476	HG00592	1
phyml	GRCh37	rs9349320	H1477	HG00729	2
phyml	GRCh37	rs9349320	H1478	NA18641	2
phyml	GRCh37	rs9349320	H1479	NA18625	1
phyml	GRCh37	rs9349320	H1480	HG00559	2
phyml	GRCh37	rs9349320	H1481	NA19076	2
phyml	GRCh37	rs9349320	H1482	HG01596	1
phyml	GRCh37	rs9349320	H1483	HG02075	2
phyml	GRCh37	rs9349320	H1484	HG01849	1
phyml	GRCh37	rs9349320	H1485	HG00580	2
phyml	GRCh37	rs9349320	H1486	HG03886	1
phyml	GRCh37	rs9349320	H1487	HG04039	1
phyml	GRCh37	rs9349320	H1488	HG02685	1
phyml	GRCh37	rs9349320	H1489	NA18740	1
phyml	GRCh37	rs9349320	H1490	HG01970	1
phyml	GRCh37	rs9349320	H1491	NA18637	2
phyml	GRCh37	rs9349320	H1492	HG04183	1
phyml	GRCh37	rs9349320	H1493	HG03890	1
phyml	GRCh37	rs9349320	H1494	HG01849	2
phyml	GRCh37	rs9349320	H1495	HG03870	2
phyml	GRCh37	rs9349320	H1496	HG03593	2
phyml	GRCh37	rs9349320	H1497	HG03866	2
phyml	GRCh37	rs9349320	H1498	HG03947	1
phyml	GRCh37	rs9349320	H1499	HG02783	2
phyml	GRCh37	rs9349320	H1500	HG00239	1
phyml	GRCh37	rs9349320	H1501	NA11881	1
phyml	GRCh37	rs9349320	H1502	HG00159	1
phyml	GRCh37	rs9349320	H1503	HG01618	1
phyml	GRCh37	rs9349320	H1504	HG01341	1
phyml	GRCh37	rs9349320	H1505	HG02658	2
phyml	GRCh37	rs9349320	H1506	NA21101	2
phyml	GRCh37	rs9349320	H1507	NA18978	2
phyml	GRCh37	rs9349320	H1508	HG00599	2
phyml	GRCh37	rs9349320	H1509	HG01600	2
phyml	GRCh37	rs9349320	H1510	NA18553	1
phyml	GRCh37	rs9349320	H1511	HG00708	1
phyml	GRCh37	rs9349320	H1512	NA18959	2
phyml	GRCh37	rs9349320	H1513	HG02050	1
phyml	GRCh37	rs9349320	H1514	HG02016	1
phyml	GRCh37	rs9349320	H1515	HG01494	1
phyml	GRCh37	rs9349320	H1516	HG01799	2
phyml	GRCh37	rs9349320	H1517	HG00698	1
phyml	GRCh37	rs9349320	H1518	HG01119	2
phyml	GRCh37	rs9349320	H1519	NA19740	2
phyml	GRCh37	rs9349320	H1520	NA20758	1
phyml	GRCh37	rs9349320	H1521	HG02724	1
phyml	GRCh37	rs9349320	H1522	HG01131	2
phyml	GRCh37	rs9349320	H1523	HG03782	1
phyml	GRCh37	rs9349320	H1524	NA12842	2
phyml	GRCh37	rs9349320	H1525	NA20908	1
phyml	GRCh37	rs9349320	H1526	NA21107	2
phyml	GRCh37	rs9349320	H1527	HG02789	1
phyml	GRCh37	rs9349320	H1528	NA20886	2
phyml	GRCh37	rs9349320	H1529	HG04229	2
phyml	GRCh37	rs9349320	H1530	HG03985	2
phyml	GRCh37	rs9349320	H1531	HG01982	2
phyml	GRCh37	rs9349320	H1532	HG01941	2
phyml	GRCh37	rs9349320	H1533	HG01870	2
phyml	GRCh37	rs9349320	H1534	HG01810	1
phyml	GRCh37	rs9349320	H1535	NA18582	2
phyml	GRCh37	rs9349320	H1536	HG00409	1
phyml	GRCh37	rs9349320	H1537	NA18550	1
phyml	GRCh37	rs9349320	H1538	HG00543	2
phyml	GRCh37	rs9349320	H1539	HG01864	2
phyml	GRCh37	rs9349320	H1540	NA18621	2
phyml	GRCh37	rs9349320	H1541	NA18976	2
phyml	GRCh37	rs9349320	H1542	NA19072	1
phyml	GRCh37	rs9349320	H1543	NA12413	1
phyml	GRCh37	rs9349320	H1544	NA18951	1
phyml	GRCh37	rs9349320	H1545	HG01872	2
phyml	GRCh37	rs9349320	H1546	NA18948	1
phyml	GRCh37	rs9349320	H1547	NA18534	1
phyml	GRCh37	rs9349320	H1548	HG00404	2
phyml	GRCh37	rs9349320	H1549	NA18570	2
phyml	GRCh37	rs9349320	H1550	NA18542	1
phyml	GRCh37	rs9349320	H1551	HG01675	2
phyml	GRCh37	rs9349320	H1552	HG00358	2
phyml	GRCh37	rs9349320	H1553	HG01455	2
phyml	GRCh37	rs9349320	H1554	HG01504	1
phyml	GRCh37	rs9349320	H1555	HG01075	1
phyml	GRCh37	rs9349320	H1556	HG00233	2
phyml	GRCh37	rs9349320	H1557	NA21116	1
phyml	GRCh37	rs9349320	H1558	HG01191	2
phyml	GRCh37	rs9349320	H1559	HG02660	1
phyml	GRCh37	rs9349320	H1560	HG01080	1
phyml	GRCh37	rs9349320	H1561	NA12249	2
phyml	GRCh37	rs9349320	H1562	NA20770	1
phyml	GRCh37	rs9349320	H1563	HG01531	1
phyml	GRCh37	rs9349320	H1564	HG01308	1
phyml	GRCh37	rs9349320	H1565	NA18995	2
phyml	GRCh37	rs9349320	H1566	HG01808	2
phyml	GRCh37	rs9349320	H1567	HG02355	2
phyml	GRCh37	rs9349320	H1568	NA18533	2
phyml	GRCh37	rs9349320	H1569	HG03786	1
phyml	GRCh37	rs9349320	H1570	HG03643	1
phyml	GRCh37	rs9349320	H1571	HG01280	2
phyml	GRCh37	rs9349320	H1572	HG01372	2
phyml	GRCh37	rs9349320	H1573	NA20530	1
phyml	GRCh37	rs9349320	H1574	HG03928	2
phyml	GRCh37	rs9349320	H1575	HG00264	2
phyml	GRCh37	rs9349320	H1576	HG00238	2
phyml	GRCh37	rs9349320	H1577	HG00236	2
phyml	GRCh37	rs9349320	H1578	HG00242	1
phyml	GRCh37	rs9349320	H1579	HG01624	2
phyml	GRCh37	rs9349320	H1580	NA20504	1
phyml	GRCh37	rs9349320	H1581	HG01402	1
phyml	GRCh37	rs9349320	H1582	HG01679	1
phyml	GRCh37	rs9349320	H1583	HG02233	2
phyml	GRCh37	rs9349320	H1584	NA20530	2
phyml	GRCh37	rs9349320	H1585	HG02260	1
phyml	GRCh37	rs9349320	H1586	NA19684	2
phyml	GRCh37	rs9349320	H1587	NA19658	2
phyml	GRCh37	rs9349320	H1588	NA20314	1
phyml	GRCh37	rs9349320	H1589	NA20332	2
phyml	GRCh37	rs9349320	H1590	HG01148	2
phyml	GRCh37	rs9349320	H1591	NA20752	1
phyml	GRCh37	rs9349320	H1592	NA20772	1
phyml	GRCh37	rs9349320	H1593	HG01917	1
phyml	GRCh37	rs9349320	H1594	HG00264	1
phyml	GRCh37	rs9349320	H1595	HG03944	1
phyml	GRCh37	rs9349320	H1596	HG01954	2
phyml	GRCh37	rs9349320	H1597	HG01067	2
phyml	GRCh37	rs9349320	H1598	HG01058	1
phyml	GRCh37	rs9349320	H1599	HG01620	1
phyml	GRCh37	rs9349320	H1600	NA12717	2
phyml	GRCh37	rs9349320	H1601	HG01509	2
phyml	GRCh37	rs9349320	H1602	HG00281	1
phyml	GRCh37	rs9349320	H1603	HG00332	1
phyml	GRCh37	rs9349320	H1604	NA12283	2
phyml	GRCh37	rs9349320	H1605	NA19921	2
phyml	GRCh37	rs9349320	H1606	HG00315	1
phyml	GRCh37	rs9349320	H1607	NA21120	1
phyml	GRCh37	rs9349320	H1608	NA20510	2
phyml	GRCh37	rs9349320	H1609	HG01374	1
phyml	GRCh37	rs9349320	H1610	HG00364	2
phyml	GRCh37	rs9349320	H1611	HG00313	2
phyml	GRCh37	rs9349320	H1612	NA11829	2
phyml	GRCh37	rs9349320	H1613	NA21142	1
phyml	GRCh37	rs9349320	H1614	HG00350	1
phyml	GRCh37	rs9349320	H1615	HG02655	1
phyml	GRCh37	rs9349320	H1616	NA20818	1
phyml	GRCh37	rs9349320	H1617	NA06985	1
phyml	GRCh37	rs9349320	H1618	NA11920	2
phyml	GRCh37	rs9349320	H1619	NA19681	1
phyml	GRCh37	rs9349320	H1620	NA12751	2
phyml	GRCh37	rs9349320	H1621	HG01531	2
phyml	GRCh37	rs9349320	H1622	HG01405	2
phyml	GRCh37	rs9349320	H1623	HG01624	1
phyml	GRCh37	rs9349320	H1624	NA20832	1
phyml	GRCh37	rs9349320	H1625	HG01149	1
phyml	GRCh37	rs9349320	H1626	HG00242	2
phyml	GRCh37	rs9349320	H1627	HG01362	2
phyml	GRCh37	rs9349320	H1628	HG00369	1
phyml	GRCh37	rs9349320	H1629	HG00319	1
phyml	GRCh37	rs9349320	H1630	HG01131	1
phyml	GRCh37	rs9349320	H1631	HG01112	1
phyml	GRCh37	rs9349320	H1632	HG00109	1
phyml	GRCh37	rs9349320	H1633	HG00110	1
phyml	GRCh37	rs9349320	H1634	NA19762	2
phyml	GRCh37	rs9349320	H1635	NA12275	1
phyml	GRCh37	rs9349320	H1636	HG03765	2
phyml	GRCh37	rs9349320	H1637	HG00335	2
phyml	GRCh37	rs9349320	H1638	HG03018	1
phyml	GRCh37	rs9349320	H1639	NA12282	2
phyml	GRCh37	rs9349320	H1640	NA12287	1
phyml	GRCh37	rs9349320	H1641	HG01498	1
phyml	GRCh37	rs9349320	H1642	NA20581	1
phyml	GRCh37	rs9349320	H1643	HG01405	1
phyml	GRCh37	rs9349320	H1644	NA20753	2
phyml	GRCh37	rs9349320	H1645	HG02759	1
phyml	GRCh37	rs9349320	H1646	NA12006	2
phyml	GRCh37	rs9349320	H1647	NA20514	2
phyml	GRCh37	rs9349320	H1648	HG02256	2
phyml	GRCh37	rs9349320	H1649	HG01513	1
phyml	GRCh37	rs9349320	H1650	HG01383	2
phyml	GRCh37	rs9349320	H1651	HG00246	2
phyml	GRCh37	rs9349320	H1652	HG01500	1
phyml	GRCh37	rs9349320	H1653	HG02233	1
phyml	GRCh37	rs9349320	H1654	NA20585	2
phyml	GRCh37	rs9349320	H1655	HG02681	1
phyml	GRCh37	rs9349320	H1656	HG04060	1
phyml	GRCh37	rs9349320	H1657	HG04209	1
phyml	GRCh37	rs9349320	H1658	NA20582	1
phyml	GRCh37	rs9349320	H1659	HG00274	1
phyml	GRCh37	rs9349320	H1660	HG00637	1
phyml	GRCh37	rs9349320	H1661	NA12283	1
phyml	GRCh37	rs9349320	H1662	HG00171	2
phyml	GRCh37	rs9349320	H1663	HG03826	2
phyml	GRCh37	rs9349320	H1664	NA20515	1
phyml	GRCh37	rs9349320	H1665	HG01204	2
phyml	GRCh37	rs9349320	H1666	HG03873	1
phyml	GRCh37	rs9349320	H1667	HG01277	2
phyml	GRCh37	rs9349320	H1668	NA19661	1
phyml	GRCh37	rs9349320	H1669	NA20524	1
phyml	GRCh37	rs9349320	H1670	HG00109	2
phyml	GRCh37	rs9349320	H1671	NA20520	1
phyml	GRCh37	rs9349320	H1672	HG01766	2
phyml	GRCh37	rs9349320	H1673	HG02223	1
phyml	GRCh37	rs9349320	H1674	HG03780	2
phyml	GRCh37	rs9349320	H1675	HG02694	1
phyml	GRCh37	rs9349320	H1676	HG03808	2
phyml	GRCh37	rs9349320	H1677	NA20772	2
phyml	GRCh37	rs9349320	H1678	HG00382	1
phyml	GRCh37	rs9349320	H1679	HG03642	2
phyml	GRCh37	rs9349320	H1680	HG02048	2
phyml	GRCh37	rs9349320	H1681	HG01528	2
phyml	GRCh37	rs9349320	H1682	NA12286	1
phyml	GRCh37	rs9349320	H1683	HG00640	1
phyml	GRCh37	rs9349320	H1684	NA11918	1
phyml	GRCh37	rs9349320	H1685	HG04144	2
phyml	GRCh37	rs9349320	H1686	NA20822	2
phyml	GRCh37	rs9349320	H1687	HG01551	1
phyml	GRCh37	rs9349320	H1688	HG01619	1
phyml	GRCh37	rs9349320	H1689	NA12750	2
phyml	GRCh37	rs9349320	H1690	HG01468	1
phyml	GRCh37	rs9349320	H1691	NA19676	1
phyml	GRCh37	rs9349320	H1692	HG01781	1
phyml	GRCh37	rs9349320	H1693	NA19474	1
phyml	GRCh37	rs9349320	H1694	HG01488	2
phyml	GRCh37	rs9349320	H1695	HG03943	2
phyml	GRCh37	rs9349320	H1696	HG04075	2
phyml	GRCh37	rs9349320	H1697	HG01305	1
phyml	GRCh37	rs9349320	H1698	NA19099	2
phyml	GRCh37	rs9349320	H1699	HG03258	1
phyml	GRCh37	rs9349320	H1700	HG01500	2
phyml	GRCh37	rs9349320	H1701	NA19654	1
phyml	GRCh37	rs9349320	H1702	NA19794	1
phyml	GRCh37	rs9349320	H1703	NA12812	2
phyml	GRCh37	rs9349320	H1704	NA21095	2
phyml	GRCh37	rs9349320	H1705	NA20815	1
phyml	GRCh37	rs9349320	H1706	HG01685	1
phyml	GRCh37	rs9349320	H1707	HG01334	2
phyml	GRCh37	rs9349320	H1708	NA20532	2
phyml	GRCh37	rs9349320	H1709	HG00182	2
phyml	GRCh37	rs9349320	H1710	HG00171	1
phyml	GRCh37	rs9349320	H1711	HG00375	2
phyml	GRCh37	rs9349320	H1712	HG00154	2
phyml	GRCh37	rs9349320	H1713	HG01432	2
phyml	GRCh37	rs9349320	H1714	HG01121	1
phyml	GRCh37	rs9349320	H1715	HG04182	1
phyml	GRCh37	rs9349320	H1716	HG04180	2
phyml	GRCh37	rs9349320	H1717	NA19315	1
phyml	GRCh37	rs9349320	H1718	HG02736	1
phyml	GRCh37	rs9349320	H1719	NA19347	2
phyml	GRCh37	rs9349320	H1720	NA19750	2
phyml	GRCh37	rs9349320	H1721	HG01351	1
phyml	GRCh37	rs9349320	H1722	HG01256	1
phyml	GRCh37	rs9349320	H1723	NA12815	1
phyml	GRCh37	rs9349320	H1724	HG03937	1
phyml	GRCh37	rs9349320	H1725	HG00419	1
phyml	GRCh37	rs9349320	H1726	HG01871	1
phyml	GRCh37	rs9349320	H1727	NA18539	1
phyml	GRCh37	rs9349320	H1728	NA18949	2
phyml	GRCh37	rs9349320	H1729	HG02180	1
phyml	GRCh37	rs9349320	H1730	HG02392	2
phyml	GRCh37	rs9349320	H1731	HG02398	1
phyml	GRCh37	rs9349320	H1732	NA18749	2
phyml	GRCh37	rs9349320	H1733	HG01813	1
phyml	GRCh37	rs9349320	H1734	HG02374	2
phyml	GRCh37	rs9349320	H1735	HG03636	1
phyml	GRCh37	rs9349320	H1736	HG02721	1
phyml	GRCh37	rs9349320	H1737	NA20289	1
phyml	GRCh37	rs9349320	H1738	HG02052	2
phyml	GRCh37	rs9349320	H1739	HG03241	2
phyml	GRCh37	rs9349320	H1740	HG02588	1
phyml	GRCh37	rs9349320	H1741	HG02582	1
phyml	GRCh37	rs9349320	H1742	HG02621	1
phyml	GRCh37	rs9349320	H1743	NA19436	1
phyml	GRCh37	rs9349320	H1744	HG03115	2
phyml	GRCh37	rs9349320	H1745	NA19310	1
phyml	GRCh37	rs9349320	H1746	NA20348	2
phyml	GRCh37	rs9349320	H1747	NA19923	2
phyml	GRCh37	rs9349320	H1748	NA19036	2
phyml	GRCh37	rs9349320	H1749	NA19149	2
phyml	GRCh37	rs9349320	H1750	NA18520	1
phyml	GRCh37	rs9349320	H1751	NA19472	1
phyml	GRCh37	rs9349320	H1752	NA19466	2
phyml	GRCh37	rs9349320	H1753	HG01197	1
phyml	GRCh37	rs9349320	H1754	NA19457	2
phyml	GRCh37	rs9349320	H1755	HG02971	1
phyml	GRCh37	rs9349320	H1756	NA18864	2
phyml	GRCh37	rs9349320	H1757	HG01556	1
phyml	GRCh37	rs9349320	H1758	NA19095	2
phyml	GRCh37	rs9349320	H1759	HG03063	1
phyml	GRCh37	rs9349320	H1760	HG02646	1
phyml	GRCh37	rs9349320	H1761	HG03078	2
phyml	GRCh37	rs9349320	H1762	NA19175	1
phyml	GRCh37	rs9349320	H1763	HG02541	2
phyml	GRCh37	rs9349320	H1764	HG02968	2
phyml	GRCh37	rs9349320	H1765	NA12775	1
phyml	GRCh37	rs9349320	H1766	HG02323	2
phyml	GRCh37	rs9349320	H1767	NA19308	2
phyml	GRCh37	rs9349320	H1768	NA19429	1
phyml	GRCh37	rs9349320	H1769	NA19028	1
phyml	GRCh37	rs9349320	H1770	HG03485	1
phyml	GRCh37	rs9349320	H1771	HG03039	1
phyml	GRCh37	rs9349320	H1772	NA19117	2
phyml	GRCh37	rs9349320	H1773	HG02623	1
phyml	GRCh37	rs9349320	H1774	HG02971	2
phyml	GRCh37	rs9349320	H1775	NA19153	2
phyml	GRCh37	rs9349320	H1776	HG02981	2
phyml	GRCh37	rs9349320	H1777	HG03082	1
phyml	GRCh37	rs9349320	H1778	HG03057	2
phyml	GRCh37	rs9349320	H1779	HG03538	2
phyml	GRCh37	rs9349320	H1780	NA20340	2
phyml	GRCh37	rs9349320	H1781	HG02256	1
phyml	GRCh37	rs9349320	H1782	HG02896	2
phyml	GRCh37	rs9349320	H1783	HG03061	1
phyml	GRCh37	rs9349320	H1784	HG02879	1
phyml	GRCh37	rs9349320	H1785	NA19096	1
phyml	GRCh37	rs9349320	H1786	HG02580	2
phyml	GRCh37	rs9349320	H1787	HG03485	2
phyml	GRCh37	rs9349320	H1788	HG01248	1
phyml	GRCh37	rs9349320	H1789	HG03166	1
phyml	GRCh37	rs9349320	H1790	HG02946	2
phyml	GRCh37	rs9349320	H1791	HG02583	1
phyml	GRCh37	rs9349320	H1792	HG01139	1
phyml	GRCh37	rs9349320	H1793	HG02471	2
phyml	GRCh37	rs9349320	H1794	HG01110	2
phyml	GRCh37	rs9349320	H1795	NA19916	2
phyml	GRCh37	rs9349320	H1796	NA19024	1
phyml	GRCh37	rs9349320	H1797	HG02645	2
phyml	GRCh37	rs9349320	H1798	NA19390	1
phyml	GRCh37	rs9349320	H1799	HG03127	1
phyml	GRCh37	rs9349320	H1800	HG03040	1
phyml	GRCh37	rs9349320	H1801	NA19920	1
phyml	GRCh37	rs9349320	H1802	HG03539	2
phyml	GRCh37	rs9349320	H1803	HG03518	2
phyml	GRCh37	rs9349320	H1804	HG01882	2
phyml	GRCh37	rs9349320	H1805	NA19451	2
phyml	GRCh37	rs9349320	H1806	NA19452	2
phyml	GRCh37	rs9349320	H1807	HG02973	2
phyml	GRCh37	rs9349320	H1808	NA19149	1
phyml	GRCh37	rs9349320	H1809	NA19372	1
phyml	GRCh37	rs9349320	H1810	NA19383	2
phyml	GRCh37	rs9349320	H1811	HG03112	1
phyml	GRCh37	rs9349320	H1812	NA18502	1
phyml	GRCh37	rs9349320	H1813	NA18912	2
phyml	GRCh37	rs9349320	H1814	HG02461	2
phyml	GRCh37	rs9349320	H1815	NA19397	1
phyml	GRCh37	rs9349320	H1816	NA19445	2
phyml	GRCh37	rs9349320	H1817	NA19463	1
phyml	GRCh37	rs9349320	H1818	NA19397	2
phyml	GRCh37	rs9349320	H1819	NA19393	2
phyml	GRCh37	rs9349320	H1820	HG02574	2
phyml	GRCh37	rs9349320	H1821	HG02884	1
phyml	GRCh37	rs9349320	H1822	HG02702	2
phyml	GRCh37	rs9349320	H1823	HG03061	2
phyml	GRCh37	rs9349320	H1824	NA20278	2
phyml	GRCh37	rs9349320	H1825	NA19035	1
phyml	GRCh37	rs9349320	H1826	HG03565	1
phyml	GRCh37	rs9349320	H1827	NA19031	1
phyml	GRCh37	rs9349320	H1828	NA19355	1
phyml	GRCh37	rs9349320	H1829	NA18870	2
phyml	GRCh37	rs9349320	H1830	NA19144	2
phyml	GRCh37	rs9349320	H1831	HG03445	2
phyml	GRCh37	rs9349320	H1832	HG03267	1
phyml	GRCh37	rs9349320	H1833	NA19449	1
phyml	GRCh37	rs9349320	H1834	NA19372	2
phyml	GRCh37	rs9349320	H1835	NA19308	1
phyml	GRCh37	rs9349320	H1836	NA19380	2
phyml	GRCh37	rs9349320	H1837	HG02462	2
phyml	GRCh37	rs9349320	H1838	NA19113	2
phyml	GRCh37	rs9349320	H1839	HG03369	1
phyml	GRCh37	rs9349320	H1840	HG02870	2
phyml	GRCh37	rs9349320	H1841	NA19019	2
phyml	GRCh37	rs9349320	H1842	NA19141	1
phyml	GRCh37	rs9349320	H1843	HG03369	2
phyml	GRCh37	rs9349320	H1844	NA19099	1
phyml	GRCh37	rs9349320	H1845	HG03117	2
phyml	GRCh37	rs9349320	H1846	HG03547	1
phyml	GRCh37	rs9349320	H1847	NA19316	1
phyml	GRCh37	rs9349320	H1848	NA19185	1
phyml	GRCh37	rs9349320	H1849	HG01610	2
phyml	GRCh37	rs9349320	H1850	HG02882	2
phyml	GRCh37	rs9349320	H1851	HG03246	2
phyml	GRCh37	rs9349320	H1852	HG03460	2
phyml	GRCh37	rs9349320	H1853	NA19200	2
phyml	GRCh37	rs9349320	H1854	NA19210	1
phyml	GRCh37	rs9349320	H1855	NA19210	2
phyml	GRCh37	rs9349320	H1856	HG02501	2
phyml	GRCh37	rs9349320	H1857	NA19118	1
phyml	GRCh37	rs9349320	H1858	HG02348	1
phyml	GRCh37	rs9349320	H1859	NA19119	2
phyml	GRCh37	rs9349320	H1860	NA19316	2
phyml	GRCh37	rs9349320	H1861	NA19027	1
phyml	GRCh37	rs9349320	H1862	NA19438	2
phyml	GRCh37	rs9349320	H1863	NA19404	1
phyml	GRCh37	rs9349320	H1864	NA19309	1
phyml	GRCh37	rs9349320	H1865	NA18499	2
phyml	GRCh37	rs9349320	H1866	HG02054	2
phyml	GRCh37	rs9349320	H1867	HG02558	1
phyml	GRCh37	rs9349320	H1868	HG03097	2
phyml	GRCh37	rs9349320	H1869	NA19374	2
phyml	GRCh37	rs9349320	H1870	HG02439	2
phyml	GRCh37	rs9349320	H1871	NA18508	2
phyml	GRCh37	rs9349320	H1872	NA18867	2
phyml	GRCh37	rs9349320	H1873	NA18510	1
phyml	GRCh37	rs9349320	H1874	NA19201	1
phyml	GRCh37	rs9349320	H1875	NA19159	2
phyml	GRCh37	rs9349320	H1876	NA19834	1
phyml	GRCh37	rs9349320	H1877	NA18868	2
phyml	GRCh37	rs9349320	H1878	NA19257	1
phyml	GRCh37	rs9349320	H1879	NA19312	1
phyml	GRCh37	rs9349320	H1880	NA19914	2
phyml	GRCh37	rs9349320	H1881	NA19700	1
phyml	GRCh37	rs9349320	H1882	NA19449	2
phyml	GRCh37	rs9349320	H1883	NA19385	1
phyml	GRCh37	rs9349320	H1884	HG01915	2
phyml	GRCh37	rs9349320	H1885	NA19913	1
phyml	GRCh37	rs9349320	H1886	HG00596	1
phyml	GRCh37	rs9349320	H1887	NA19030	2
phyml	GRCh37	rs9349320	H1888	NA20320	2
phyml	GRCh37	rs9349320	H1889	NA20321	2
phyml	GRCh37	rs9349320	H1890	HG02152	2
phyml	GRCh37	rs9349320	H1891	HG00458	2
phyml	GRCh37	rs9349320	H1892	NA19004	2
phyml	GRCh37	rs9349320	H1893	HG00244	2
phyml	GRCh37	rs9349320	H1894	HG02675	1
phyml	GRCh37	rs9349320	H1895	HG02807	1
phyml	GRCh37	rs9349320	H1896	HG03039	2
phyml	GRCh37	rs9349320	H1897	HG02811	2
phyml	GRCh37	rs9349320	H1898	NA18516	1
phyml	GRCh37	rs9349320	H1899	HG02232	1
phyml	GRCh37	rs9349320	H1900	HG00537	1
phyml	GRCh37	rs9349320	H1901	HG00690	1
phyml	GRCh37	rs9349320	H1902	HG01795	1
phyml	GRCh37	rs9349320	H1903	NA18561	2
phyml	GRCh37	rs9349320	H1904	NA18560	1
phyml	GRCh37	rs9349320	H1905	HG02154	2
phyml	GRCh37	rs9349320	H1906	NA18629	2
phyml	GRCh37	rs9349320	H1907	HG00513	2
phyml	GRCh37	rs9349320	H1908	NA18577	2
phyml	GRCh37	rs9349320	H1909	NA18534	2
phyml	GRCh37	rs9349320	H1910	NA18565	1
phyml	GRCh37	rs9349320	H1911	NA18555	1
phyml	GRCh37	rs9349320	H1912	HG00409	2
phyml	GRCh37	rs9349320	H1913	HG02016	2
phyml	GRCh37	rs9349320	H1914	NA18538	1
phyml	GRCh37	rs9349320	H1915	NA19401	1
phyml	GRCh37	rs9349320	H1916	NA19321	1
phyml	GRCh37	rs9349320	H1917	NA19440	1
phyml	GRCh37	rs9349320	H1918	NA19332	1
phyml	GRCh37	rs9349320	H1919	NA19625	1
phyml	GRCh37	rs9349320	H1920	HG03127	2
phyml	GRCh37	rs9349320	H1921	NA21097	1
phyml	GRCh37	rs9349320	H1922	NA12003	2
phyml	GRCh37	rs9349320	H1923	HG00276	1
phyml	GRCh37	rs9349320	H1924	HG00269	2
phyml	GRCh37	rs9349320	H1925	NA12873	2
phyml	GRCh37	rs9349320	H1926	NA12889	1
phyml	GRCh37	rs9349320	H1927	HG01104	2
phyml	GRCh37	rs9349320	H1928	HG00096	2
phyml	GRCh37	rs9349320	H1929	HG01312	2
phyml	GRCh37	rs9349320	H1930	HG02772	1
phyml	GRCh37	rs9349320	H1931	HG03212	1
phyml	GRCh37	rs9349320	H1932	HG03224	1
phyml	GRCh37	rs9349320	H1933	NA18917	1
phyml	GRCh37	rs9349320	H1934	HG03157	2
phyml	GRCh37	rs9349320	H1935	HG02771	2
phyml	GRCh37	rs9349320	H1936	NA18867	1
phyml	GRCh37	rs9349320	H1937	HG02870	1
phyml	GRCh37	rs9349320	H1938	HG03660	2
phyml	GRCh37	rs9349320	H1939	NA19681	2
phyml	GRCh37	rs9349320	H1940	HG01089	1
phyml	GRCh37	rs9349320	H1941	HG03114	1
phyml	GRCh37	rs9349320	H1942	HG03025	2
phyml	GRCh37	rs9349320	H1943	HG02805	1
phyml	GRCh37	rs9349320	H1944	HG03027	1
phyml	GRCh37	rs9349320	H1945	NA18907	2
phyml	GRCh37	rs9349320	H1946	HG04076	2
phyml	GRCh37	rs9349320	H1947	HG03821	2
phyml	GRCh37	rs9349320	H1948	HG01272	2
phyml	GRCh37	rs9349320	H1949	HG01767	1
phyml	GRCh37	rs9349320	H1950	HG03833	2
phyml	GRCh37	rs9349320	H1951	NA19773	2
phyml	GRCh37	rs9349320	H1952	HG01302	2
phyml	GRCh37	rs9349320	H1953	HG00185	1
phyml	GRCh37	rs9349320	H1954	NA12829	1
phyml	GRCh37	rs9349320	H1955	HG00179	2
phyml	GRCh37	rs9349320	H1956	HG00234	2
phyml	GRCh37	rs9349320	H1957	NA20798	2
phyml	GRCh37	rs9349320	H1958	NA20757	2
phyml	GRCh37	rs9349320	H1959	HG01603	2
phyml	GRCh37	rs9349320	H1960	HG04239	2
phyml	GRCh37	rs9349320	H1961	HG01669	2
phyml	GRCh37	rs9349320	H1962	NA20503	1
phyml	GRCh37	rs9349320	H1963	NA20515	2
phyml	GRCh37	rs9349320	H1964	HG00121	1
phyml	GRCh37	rs9349320	H1965	NA19749	2
phyml	GRCh37	rs9349320	H1966	HG02104	2
phyml	GRCh37	rs9349320	H1967	HG01947	1
phyml	GRCh37	rs9349320	H1968	HG01586	2
phyml	GRCh37	rs9349320	H1969	HG03629	1
phyml	GRCh37	rs9349320	H1970	HG01608	1
phyml	GRCh37	rs9349320	H1971	HG00366	2
phyml	GRCh37	rs9349320	H1972	HG00138	2
phyml	GRCh37	rs9349320	H1973	NA20895	1
phyml	GRCh37	rs9349320	H1974	HG04176	2
phyml	GRCh37	rs9349320	H1975	NA20889	2
phyml	GRCh37	rs9349320	H1976	HG04061	2
phyml	GRCh37	rs9349320	H1977	HG03234	1
phyml	GRCh37	rs9349320	H1978	NA18605	1
phyml	GRCh37	rs9349320	H1979	HG03636	2
phyml	GRCh37	rs9349320	H1980	NA20852	1
phyml	GRCh37	rs9349320	H1981	HG01359	2
phyml	GRCh37	rs9349320	H1982	HG03237	1
phyml	GRCh37	rs9349320	H1983	HG02774	2
phyml	GRCh37	rs9349320	H1984	HG00372	2
phyml	GRCh37	rs9349320	H1985	HG00100	2
phyml	GRCh37	rs9349320	H1986	HG01136	2
phyml	GRCh37	rs9349320	H1987	NA12154	2
phyml	GRCh37	rs9349320	H1988	HG01269	1
phyml	GRCh37	rs9349320	H1989	HG02728	1
phyml	GRCh37	rs9349320	H1990	NA06986	1
phyml	GRCh37	rs9349320	H1991	HG03517	1
phyml	GRCh37	rs9349320	H1992	HG03271	1
phyml	GRCh37	rs9349320	H1993	HG03380	2
phyml	GRCh37	rs9349320	H1994	HG02947	1
phyml	GRCh37	rs9349320	H1995	HG01756	1
phyml	GRCh37	rs9349320	H1996	NA20770	2
phyml	GRCh37	rs9349320	H1997	HG01464	1
phyml	GRCh37	rs9349320	H1998	HG01447	2
phyml	GRCh37	rs9349320	H1999	NA18608	2
phyml	GRCh37	rs9349320	H2000	NA18623	2
phyml	GRCh37	rs9349320	H2001	HG01923	1
phyml	GRCh37	rs9349320	H2002	HG00272	2
phyml	GRCh37	rs9349320	H2003	NA20276	1
phyml	GRCh37	rs9349320	H2004	HG03941	2
phyml	GRCh37	rs9349320	H2005	NA20540	2
phyml	GRCh37	rs9349320	H2006	HG04188	2
phyml	GRCh37	rs9349320	H2007	HG00705	2
phyml	GRCh37	rs9349320	H2008	NA18609	1
phyml	GRCh37	rs9349320	H2009	HG02371	2
phyml	GRCh37	rs9349320	H2010	NA19062	1
phyml	GRCh37	rs9349320	H2011	HG00534	1
phyml	GRCh37	rs9349320	H2012	HG00675	1
phyml	GRCh37	rs9349320	H2013	HG02181	2
phyml	GRCh37	rs9349320	H2014	HG04141	1
phyml	GRCh37	rs9349320	H2015	NA20891	1
phyml	GRCh37	rs9349320	H2016	NA07357	2
phyml	GRCh37	rs9349320	H2017	HG03585	2
phyml	GRCh37	rs9349320	H2018	NA11830	2
phyml	GRCh37	rs9349320	H2019	HG01577	2
phyml	GRCh37	rs9349320	H2020	HG02095	2
phyml	GRCh37	rs9349320	H2021	HG04188	1
phyml	GRCh37	rs9349320	H2022	NA18537	2
phyml	GRCh37	rs9349320	H2023	HG03851	1
phyml	GRCh37	rs9349320	H2024	HG01623	2
phyml	GRCh37	rs9349320	H2025	HG01630	2
phyml	GRCh37	rs9349320	H2026	HG03862	1
phyml	GRCh37	rs9349320	H2027	HG04094	1
phyml	GRCh37	rs9349320	H2028	NA19747	2
phyml	GRCh37	rs9349320	H2029	HG01431	1
phyml	GRCh37	rs9349320	H2030	NA18618	1
phyml	GRCh37	rs9349320	H2031	NA20509	2
phyml	GRCh37	rs9349320	H2032	NA18571	2
phyml	GRCh37	rs9349320	H2033	HG04014	2
phyml	GRCh37	rs9349320	H2034	HG00339	1
phyml	GRCh37	rs9349320	H2035	NA20890	1
phyml	GRCh37	rs9349320	H2036	HG01431	2
phyml	GRCh37	rs9349320	H2037	HG01140	2
phyml	GRCh37	rs9349320	H2038	HG01140	1
phyml	GRCh37	rs9349320	H2039	HG01459	2
phyml	GRCh37	rs9349320	H2040	NA18968	2
phyml	GRCh37	rs9349320	H2041	NA19078	2
phyml	GRCh37	rs9349320	H2042	NA06985	2
phyml	GRCh37	rs9349320	H2043	HG01375	1
phyml	GRCh37	rs9349320	H2044	HG03625	2
phyml	GRCh37	rs9349320	H2045	HG03625	1
phyml	GRCh37	rs9349320	H2046	HG02811	1
phyml	GRCh37	rs9349320	H2047	NA21135	2
phyml	GRCh37	rs9349320	H2048	NA21119	2
phyml	GRCh37	rs9349320	H2049	NA21100	2
phyml	GRCh37	rs9349320	H2050	NA20828	2
phyml	GRCh37	rs9349320	H2051	HG03895	2
phyml	GRCh37	rs9349320	H2052	HG03694	1
phyml	GRCh37	rs9349320	H2053	NA21101	1
phyml	GRCh37	rs9349320	H2054	HG01973	1
phyml	GRCh37	rs9349320	H2055	NA20799	2
phyml	GRCh37	rs9349320	H2056	HG00692	1
phyml	GRCh37	rs9349320	H2057	HG02131	2
phyml	GRCh37	rs9349320	H2058	NA18619	2
phyml	GRCh37	rs9349320	H2059	NA18558	1
phyml	GRCh37	rs9349320	H2060	HG00559	1
phyml	GRCh37	rs9349320	H2061	HG00629	2
phyml	GRCh37	rs9349320	H2062	NA18543	1
phyml	GRCh37	rs9349320	H2063	NA19080	2
phyml	GRCh37	rs9349320	H2064	HG03788	2
phyml	GRCh37	rs9349320	H2065	HG03873	2
phyml	GRCh37	rs9349320	H2066	NA20870	2
phyml	GRCh37	rs9349320	H2067	HG00114	2
phyml	GRCh37	rs9349320	H2068	HG00368	2
phyml	GRCh37	rs9349320	H2069	HG00271	1
phyml	GRCh37	rs9349320	H2070	HG03629	2
phyml	GRCh37	rs9349320	H2071	HG03690	1
phyml	GRCh37	rs9349320	H2072	NA18597	2
phyml	GRCh37	rs9349320	H2073	HG04090	1
phyml	GRCh37	rs9349320	H2074	NA20806	2
phyml	GRCh37	rs9349320	H2075	NA20810	2
phyml	GRCh37	rs9349320	H2076	HG04020	2
phyml	GRCh37	rs9349320	H2077	HG00410	2
phyml	GRCh37	rs9349320	H2078	HG03978	1
phyml	GRCh37	rs9349320	H2079	HG01491	1
phyml	GRCh37	rs9349320	H2080	HG00150	2
phyml	GRCh37	rs9349320	H2081	HG00742	1
phyml	GRCh37	rs9349320	H2082	HG03861	2
phyml	GRCh37	rs9349320	H2083	HG03884	2
phyml	GRCh37	rs9349320	H2084	HG02657	1
phyml	GRCh37	rs9349320	H2085	HG02775	1
phyml	GRCh37	rs9349320	H2086	HG01456	1
phyml	GRCh37	rs9349320	H2087	HG02252	2
phyml	GRCh37	rs9349320	H2088	HG04014	1
phyml	GRCh37	rs9349320	H2089	NA12234	1
phyml	GRCh37	rs9349320	H2090	NA18956	2
phyml	GRCh37	rs9349320	H2091	HG01356	2
phyml	GRCh37	rs9349320	H2092	HG00265	1
phyml	GRCh37	rs9349320	H2093	HG00127	1
phyml	GRCh37	rs9349320	H2094	NA20853	2
phyml	GRCh37	rs9349320	H2095	NA20505	2
phyml	GRCh37	rs9349320	H2096	HG03603	1
phyml	GRCh37	rs9349320	H2097	HG00111	1
phyml	GRCh37	rs9349320	H2098	HG01113	1
phyml	GRCh37	rs9349320	H2099	HG00366	1
phyml	GRCh37	rs9349320	H2100	HG00383	1
phyml	GRCh37	rs9349320	H2101	HG01536	2
phyml	GRCh37	rs9349320	H2102	HG01697	2
phyml	GRCh37	rs9349320	H2103	NA18943	2
phyml	GRCh37	rs9349320	H2104	HG00274	2
phyml	GRCh37	rs9349320	H2105	HG00349	1
phyml	GRCh37	rs9349320	H2106	HG01112	2
phyml	GRCh37	rs9349320	H2107	HG01852	2
phyml	GRCh37	rs9349320	H2108	HG02141	2
phyml	GRCh37	rs9349320	H2109	HG00407	1
phyml	GRCh37	rs9349320	H2110	NA19086	1
phyml	GRCh37	rs9349320	H2111	HG02374	1
phyml	GRCh37	rs9349320	H2112	NA19057	2
phyml	GRCh37	rs9349320	H2113	NA18563	1
phyml	GRCh37	rs9349320	H2114	HG02127	1
phyml	GRCh37	rs9349320	H2115	HG00593	2
phyml	GRCh37	rs9349320	H2116	HG00473	2
phyml	GRCh37	rs9349320	H2117	NA18646	2
phyml	GRCh37	rs9349320	H2118	HG00675	2
phyml	GRCh37	rs9349320	H2119	NA18547	2
phyml	GRCh37	rs9349320	H2120	NA19782	1
phyml	GRCh37	rs9349320	H2121	HG04152	2
phyml	GRCh37	rs9349320	H2122	HG01190	1
phyml	GRCh37	rs9349320	H2123	NA19682	1
phyml	GRCh37	rs9349320	H2124	NA19731	1
phyml	GRCh37	rs9349320	H2125	HG02390	1
phyml	GRCh37	rs9349320	H2126	HG00437	2
phyml	GRCh37	rs9349320	H2127	HG01862	2
phyml	GRCh37	rs9349320	H2128	NA12843	1
phyml	GRCh37	rs9349320	H2129	HG01393	2
phyml	GRCh37	rs9349320	H2130	HG00258	2
phyml	GRCh37	rs9349320	H2131	HG02079	2
phyml	GRCh37	rs9349320	H2132	HG00150	1
phyml	GRCh37	rs9349320	H2133	HG01082	1
phyml	GRCh37	rs9349320	H2134	HG01507	2
phyml	GRCh37	rs9349320	H2135	HG00353	1
phyml	GRCh37	rs9349320	H2136	HG01527	1
phyml	GRCh37	rs9349320	H2137	HG01497	2
phyml	GRCh37	rs9349320	H2138	HG00236	1
phyml	GRCh37	rs9349320	H2139	HG01790	2
phyml	GRCh37	rs9349320	H2140	HG02224	1
phyml	GRCh37	rs9349320	H2141	NA20541	1
phyml	GRCh37	rs9349320	H2142	HG00743	1
phyml	GRCh37	rs9349320	H2143	HG04063	2
phyml	GRCh37	rs9349320	H2144	HG00595	1
phyml	GRCh37	rs9349320	H2145	HG01852	1
phyml	GRCh37	rs9349320	H2146	NA18749	1
phyml	GRCh37	rs9349320	H2147	HG02182	1
phyml	GRCh37	rs9349320	H2148	HG01597	1
phyml	GRCh37	rs9349320	H2149	HG02186	2
phyml	GRCh37	rs9349320	H2150	HG00982	2
phyml	GRCh37	rs9349320	H2151	HG00651	2
phyml	GRCh37	rs9349320	H2152	HG03805	1
phyml	GRCh37	rs9349320	H2153	NA19654	2
phyml	GRCh37	rs9349320	H2154	HG03914	1
phyml	GRCh37	rs9349320	H2155	HG03848	1
phyml	GRCh37	rs9349320	H2156	HG01781	2
phyml	GRCh37	rs9349320	H2157	HG03999	2
phyml	GRCh37	rs9349320	H2158	NA18998	1
phyml	GRCh37	rs9349320	H2159	NA19001	2
phyml	GRCh37	rs9349320	H2160	HG01028	2
phyml	GRCh37	rs9349320	H2161	HG02131	1
phyml	GRCh37	rs9349320	H2162	HG00449	1
phyml	GRCh37	rs9349320	H2163	HG00654	1
phyml	GRCh37	rs9349320	H2164	HG03779	2
phyml	GRCh37	rs9349320	H2165	NA18528	1
phyml	GRCh37	rs9349320	H2166	HG02122	2
phyml	GRCh37	rs9349320	H2167	HG00443	2
phyml	GRCh37	rs9349320	H2168	HG02136	2
phyml	GRCh37	rs9349320	H2169	HG02394	2
phyml	GRCh37	rs9349320	H2170	HG03800	1
phyml	GRCh37	rs9349320	H2171	HG00619	2
phyml	GRCh37	rs9349320	H2172	HG02301	1
phyml	GRCh37	rs9349320	H2173	HG01250	1
phyml	GRCh37	rs9349320	H2174	HG04198	2
phyml	GRCh37	rs9349320	H2175	HG01577	1
phyml	GRCh37	rs9349320	H2176	NA20851	2
phyml	GRCh37	rs9349320	H2177	HG04070	1
phyml	GRCh37	rs9349320	H2178	HG02395	1
phyml	GRCh37	rs9349320	H2179	NA20895	2
phyml	GRCh37	rs9349320	H2180	NA18593	2
phyml	GRCh37	rs9349320	H2181	NA21127	2
phyml	GRCh37	rs9349320	H2182	HG00671	2
phyml	GRCh37	rs9349320	H2183	HG03706	1
phyml	GRCh37	rs9349320	H2184	HG02371	1
phyml	GRCh37	rs9349320	H2185	NA19701	2
phyml	GRCh37	rs9349320	H2186	HG00867	1
phyml	GRCh37	rs9349320	H2187	HG03868	2
phyml	GRCh37	rs9349320	H2188	NA11995	2
phyml	GRCh37	rs9349320	H2189	HG03767	2
phyml	GRCh37	rs9349320	H2190	HG01028	1
phyml	GRCh37	rs9349320	H2191	HG01241	2
phyml	GRCh37	rs9349320	H2192	HG01947	2
phyml	GRCh37	rs9349320	H2193	HG00611	2
phyml	GRCh37	rs9349320	H2194	NA19063	2
phyml	GRCh37	rs9349320	H2195	HG02032	1
phyml	GRCh37	rs9349320	H2196	HG04029	1
phyml	GRCh37	rs9349320	H2197	HG01892	2
phyml	GRCh37	rs9349320	H2198	HG01968	2
phyml	GRCh37	rs9349320	H2199	NA18748	2
phyml	GRCh37	rs9349320	H2200	HG01807	1
phyml	GRCh37	rs9349320	H2201	HG01968	1
phyml	GRCh37	rs9349320	H2202	HG01923	2
phyml	GRCh37	rs9349320	H2203	NA19732	1
phyml	GRCh37	rs9349320	H2204	HG01961	1
phyml	GRCh37	rs9349320	H2205	HG01936	2
phyml	GRCh37	rs9349320	H2206	HG01918	1
phyml	GRCh37	rs9349320	H2207	HG01456	2
phyml	GRCh37	rs9349320	H2208	HG02271	2
phyml	GRCh37	rs9349320	H2209	HG01938	1
phyml	GRCh37	rs9349320	H2210	NA19723	2
phyml	GRCh37	rs9349320	H2211	NA19002	2
phyml	GRCh37	rs9349320	H2212	HG03856	1
phyml	GRCh37	rs9349320	H2213	HG03872	2
phyml	GRCh37	rs9349320	H2214	HG02291	1
phyml	GRCh37	rs9349320	H2215	HG00500	2
phyml	GRCh37	rs9349320	H2216	HG00628	1
phyml	GRCh37	rs9349320	H2217	HG03990	2
phyml	GRCh37	rs9349320	H2218	NA18561	1
phyml	GRCh37	rs9349320	H2219	HG00428	2
phyml	GRCh37	rs9349320	H2220	NA20760	1
phyml	GRCh37	rs9349320	H2221	HG03022	1
phyml	GRCh37	rs9349320	H2222	HG02278	2
phyml	GRCh37	rs9349320	H2223	NA19084	2
phyml	GRCh37	rs9349320	H2224	HG04029	2
phyml	GRCh37	rs9349320	H2225	HG02155	1
phyml	GRCh37	rs9349320	H2226	HG00657	1
phyml	GRCh37	rs9349320	H2227	NA18647	2
phyml	GRCh37	rs9349320	H2228	NA20539	1
phyml	GRCh37	rs9349320	H2229	NA11893	2
phyml	GRCh37	rs9349320	H2230	HG00328	1
phyml	GRCh37	rs9349320	H2231	NA20754	1
phyml	GRCh37	rs9349320	H2232	NA20801	1
phyml	GRCh37	rs9349320	H2233	HG01107	1
phyml	GRCh37	rs9349320	H2234	HG03760	2
phyml	GRCh37	rs9349320	H2235	HG00277	1
phyml	GRCh37	rs9349320	H2236	NA19774	1
phyml	GRCh37	rs9349320	H2237	NA20774	2
phyml	GRCh37	rs9349320	H2238	HG01710	1
phyml	GRCh37	rs9349320	H2239	HG01051	1
phyml	GRCh37	rs9349320	H2240	HG01492	2
phyml	GRCh37	rs9349320	H2241	HG02292	2
phyml	GRCh37	rs9349320	H2242	HG01862	1
phyml	GRCh37	rs9349320	H2243	HG01874	1
phyml	GRCh37	rs9349320	H2244	HG00629	1
phyml	GRCh37	rs9349320	H2245	HG00565	2
phyml	GRCh37	rs9349320	H2246	NA18531	2
phyml	GRCh37	rs9349320	H2247	HG00478	2
phyml	GRCh37	rs9349320	H2248	HG02409	2
phyml	GRCh37	rs9349320	H2249	HG00533	1
phyml	GRCh37	rs9349320	H2250	NA19000	2
phyml	GRCh37	rs9349320	H2251	NA18559	1
phyml	GRCh37	rs9349320	H2252	HG01846	1
phyml	GRCh37	rs9349320	H2253	HG01049	1
phyml	GRCh37	rs9349320	H2254	NA20785	2
phyml	GRCh37	rs9349320	H2255	HG00257	2
phyml	GRCh37	rs9349320	H2256	NA12058	2
phyml	GRCh37	rs9349320	H2257	HG01988	2
phyml	GRCh37	rs9349320	H2258	HG00280	2
phyml	GRCh37	rs9349320	H2259	NA11932	1
phyml	GRCh37	rs9349320	H2260	NA11992	1
phyml	GRCh37	rs9349320	H2261	HG00113	1
phyml	GRCh37	rs9349320	H2262	NA12716	2
phyml	GRCh37	rs9349320	H2263	HG00237	2
phyml	GRCh37	rs9349320	H2264	NA11932	2
phyml	GRCh37	rs9349320	H2265	HG00117	1
phyml	GRCh37	rs9349320	H2266	NA20536	1
phyml	GRCh37	rs9349320	H2267	HG01054	1
phyml	GRCh37	rs9349320	H2268	HG01675	1
phyml	GRCh37	rs9349320	H2269	HG00332	2
phyml	GRCh37	rs9349320	H2270	HG00318	2
phyml	GRCh37	rs9349320	H2271	HG01879	1
phyml	GRCh37	rs9349320	H2272	HG03490	2
phyml	GRCh37	rs9349320	H2273	HG04177	2
phyml	GRCh37	rs9349320	H2274	HG01977	2
phyml	GRCh37	rs9349320	H2275	HG03442	1
phyml	GRCh37	rs9349320	H2276	HG01685	2
phyml	GRCh37	rs9349320	H2277	NA19777	1
phyml	GRCh37	rs9349320	H2278	NA19664	1
phyml	GRCh37	rs9349320	H2279	NA19072	2
phyml	GRCh37	rs9349320	H2280	NA18610	2
phyml	GRCh37	rs9349320	H2281	HG03890	2
phyml	GRCh37	rs9349320	H2282	HG03717	2
phyml	GRCh37	rs9349320	H2283	HG03872	1
phyml	GRCh37	rs9349320	H2284	HG00583	1
phyml	GRCh37	rs9349320	H2285	HG02187	1
phyml	GRCh37	rs9349320	H2286	HG02116	2
phyml	GRCh37	rs9349320	H2287	HG00641	1
phyml	GRCh37	rs9349320	H2288	HG01403	1
phyml	GRCh37	rs9349320	H2289	HG00553	2
phyml	GRCh37	rs9349320	H2290	NA18963	1
phyml	GRCh37	rs9349320	H2291	HG01974	2
phyml	GRCh37	rs9349320	H2292	NA18951	2
phyml	GRCh37	rs9349320	H2293	HG02265	2
phyml	GRCh37	rs9349320	H2294	NA19770	1
phyml	GRCh37	rs9349320	H2295	NA19728	1
phyml	GRCh37	rs9349320	H2296	HG02166	1
phyml	GRCh37	rs9349320	H2297	NA21092	1
phyml	GRCh37	rs9349320	H2298	HG02688	1
phyml	GRCh37	rs9349320	H2299	NA18953	2
phyml	GRCh37	rs9349320	H2300	NA20768	1
phyml	GRCh37	rs9349320	H2301	NA20513	1
phyml	GRCh37	rs9349320	H2302	HG02364	1
phyml	GRCh37	rs9349320	H2303	NA18620	2
phyml	GRCh37	rs9349320	H2304	HG01077	2
phyml	GRCh37	rs9349320	H2305	HG01359	1
phyml	GRCh37	rs9349320	H2306	HG01519	2
phyml	GRCh37	rs9349320	H2307	HG02292	1
phyml	GRCh37	rs9349320	H2308	NA18608	1
phyml	GRCh37	rs9349320	H2309	HG00867	2
phyml	GRCh37	rs9349320	H2310	NA18545	2
phyml	GRCh37	rs9349320	H2311	NA18980	1
phyml	GRCh37	rs9349320	H2312	NA18559	2
phyml	GRCh37	rs9349320	H2313	NA18974	2
phyml	GRCh37	rs9349320	H2314	HG02353	2
phyml	GRCh37	rs9349320	H2315	HG00982	1
phyml	GRCh37	rs9349320	H2316	HG03711	1
phyml	GRCh37	rs9349320	H2317	HG01525	1
phyml	GRCh37	rs9349320	H2318	HG04018	1
phyml	GRCh37	rs9349320	H2319	HG01512	2
phyml	GRCh37	rs9349320	H2320	NA12716	1
phyml	GRCh37	rs9349320	H2321	HG02262	2
phyml	GRCh37	rs9349320	H2322	HG00159	2
phyml	GRCh37	rs9349320	H2323	NA19652	1
phyml	GRCh37	rs9349320	H2324	HG00881	1
phyml	GRCh37	rs9349320	H2325	HG02513	2
phyml	GRCh37	rs9349320	H2326	HG00149	1
phyml	GRCh37	rs9349320	H2327	NA20533	2
phyml	GRCh37	rs9349320	H2328	HG01137	2
phyml	GRCh37	rs9349320	H2329	HG01054	2
phyml	GRCh37	rs9349320	H2330	HG02031	1
phyml	GRCh37	rs9349320	H2331	HG00443	1
phyml	GRCh37	rs9349320	H2332	NA19064	1
phyml	GRCh37	rs9349320	H2333	HG03771	1
phyml	GRCh37	rs9349320	H2334	HG03644	2
phyml	GRCh37	rs9349320	H2335	HG03672	1
phyml	GRCh37	rs9349320	H2336	HG03854	2
phyml	GRCh37	rs9349320	H2337	HG04202	1
phyml	GRCh37	rs9349320	H2338	HG00256	2
phyml	GRCh37	rs9349320	H2339	HG02150	2
phyml	GRCh37	rs9349320	H2340	HG04107	2
phyml	GRCh37	rs9349320	H2341	NA19083	1
phyml	GRCh37	rs9349320	H2342	NA19716	2
phyml	GRCh37	rs9349320	H2343	HG02275	1
phyml	GRCh37	rs9349320	H2344	NA20314	2
phyml	GRCh37	rs9349320	H2345	NA19722	1
phyml	GRCh37	rs9349320	H2346	HG01932	2
phyml	GRCh37	rs9349320	H2347	HG02146	2
phyml	GRCh37	rs9349320	H2348	NA19741	1
phyml	GRCh37	rs9349320	H2349	HG01961	2
phyml	GRCh37	rs9349320	H2350	HG01669	1
phyml	GRCh37	rs9349320	H2351	HG02266	2
phyml	GRCh37	rs9349320	H2352	HG02231	2
phyml	GRCh37	rs9349320	H2353	HG03649	1
phyml	GRCh37	rs9349320	H2354	HG01083	2
phyml	GRCh37	rs9349320	H2355	HG02562	2
phyml	GRCh37	rs9349320	H2356	HG03058	2
phyml	GRCh37	rs9349320	H2357	HG00122	1
phyml	GRCh37	rs9349320	H2358	HG03631	1
phyml	GRCh37	rs9349320	H2359	HG01626	1
phyml	GRCh37	rs9349320	H2360	HG00179	1
phyml	GRCh37	rs9349320	H2361	HG00290	1
phyml	GRCh37	rs9349320	H2362	HG04222	2
phyml	GRCh37	rs9349320	H2363	HG03773	2
phyml	GRCh37	rs9349320	H2364	HG03729	1
phyml	GRCh37	rs9349320	H2365	HG01950	2
phyml	GRCh37	rs9349320	H2366	HG00851	1
phyml	GRCh37	rs9349320	H2367	NA18970	1
phyml	GRCh37	rs9349320	H2368	NA19054	1
phyml	GRCh37	rs9349320	H2369	HG00126	2
phyml	GRCh37	rs9349320	H2370	HG01796	1
phyml	GRCh37	rs9349320	H2371	HG01808	1
phyml	GRCh37	rs9349320	H2372	HG01815	1
phyml	GRCh37	rs9349320	H2373	NA18642	2
phyml	GRCh37	rs9349320	H2374	HG00531	1
phyml	GRCh37	rs9349320	H2375	HG00881	2
phyml	GRCh37	rs9349320	H2376	HG03917	1
phyml	GRCh37	rs9349320	H2377	HG00692	2
phyml	GRCh37	rs9349320	H2378	NA18552	1
phyml	GRCh37	rs9349320	H2379	NA18981	1
phyml	GRCh37	rs9349320	H2380	HG00534	2
phyml	GRCh37	rs9349320	H2381	NA18614	2
phyml	GRCh37	rs9349320	H2382	NA18648	2
phyml	GRCh37	rs9349320	H2383	HG00448	1
phyml	GRCh37	rs9349320	H2384	HG02061	1
phyml	GRCh37	rs9349320	H2385	NA18757	1
phyml	GRCh37	rs9349320	H2386	NA19005	2
phyml	GRCh37	rs9349320	H2387	HG03730	1
phyml	GRCh37	rs9349320	H2388	HG02219	1
phyml	GRCh37	rs9349320	H2389	NA18530	1
phyml	GRCh37	rs9349320	H2390	HG00704	1
phyml	GRCh37	rs9349320	H2391	NA18986	2
phyml	GRCh37	rs9349320	H2392	HG00379	1
phyml	GRCh37	rs9349320	H2393	NA20819	1
phyml	GRCh37	rs9349320	H2394	NA20796	1
phyml	GRCh37	rs9349320	H2395	HG01682	2
phyml	GRCh37	rs9349320	H2396	HG00308	2
phyml	GRCh37	rs9349320	H2397	HG02230	2
phyml	GRCh37	rs9349320	H2398	NA20790	2
phyml	GRCh37	rs9349320	H2399	NA20908	2
phyml	GRCh37	rs9349320	H2400	NA18628	1
phyml	GRCh37	rs9349320	H2401	HG01046	1
phyml	GRCh37	rs9349320	H2402	HG02017	2
phyml	GRCh37	rs9349320	H2403	HG02025	2
phyml	GRCh37	rs9349320	H2404	HG01795	2
phyml	GRCh37	rs9349320	H2405	HG00640	2
phyml	GRCh37	rs9349320	H2406	HG02655	2
phyml	GRCh37	rs9349320	H2407	NA19774	2
phyml	GRCh37	rs9349320	H2408	NA20809	2
phyml	GRCh37	rs9349320	H2409	NA20872	2
phyml	GRCh37	rs9349320	H2410	HG00634	2
phyml	GRCh37	rs9349320	H2411	HG00452	1
phyml	GRCh37	rs9349320	H2412	NA18987	2
phyml	GRCh37	rs9349320	H2413	HG02728	2
phyml	GRCh37	rs9349320	H2414	HG01970	2
phyml	GRCh37	rs9349320	H2415	NA19669	1
phyml	GRCh37	rs9349320	H2416	HG01447	1
phyml	GRCh37	rs9349320	H2417	HG01550	2
phyml	GRCh37	rs9349320	H2418	HG02262	1
phyml	GRCh37	rs9349320	H2419	NA18525	1
phyml	GRCh37	rs9349320	H2420	NA19726	2
phyml	GRCh37	rs9349320	H2421	NA19779	2
phyml	GRCh37	rs9349320	H2422	HG01572	2
phyml	GRCh37	rs9349320	H2423	HG01954	1
phyml	GRCh37	rs9349320	H2424	HG02253	1
phyml	GRCh37	rs9349320	H2425	HG01977	1
phyml	GRCh37	rs9349320	H2426	HG02274	1
phyml	GRCh37	rs9349320	H2427	HG01133	1
phyml	GRCh37	rs9349320	H2428	HG01356	1
phyml	GRCh37	rs9349320	H2429	NA19731	2
phyml	GRCh37	rs9349320	H2430	HG01991	2
phyml	GRCh37	rs9349320	H2431	NA19652	2
phyml	GRCh37	rs9349320	H2432	NA19741	2
phyml	GRCh37	rs9349320	H2433	NA18959	1
phyml	GRCh37	rs9349320	H2434	HG00368	1
phyml	GRCh37	rs9349320	H2435	HG00174	1
phyml	GRCh37	rs9349320	H2436	NA19004	1
phyml	GRCh37	rs9349320	H2437	NA18635	2
phyml	GRCh37	rs9349320	H2438	HG01840	1
phyml	GRCh37	rs9349320	H2439	HG00190	2
phyml	GRCh37	rs9349320	H2440	HG00351	2
phyml	GRCh37	rs9349320	H2441	HG00334	1
phyml	GRCh37	rs9349320	H2442	NA18625	2
phyml	GRCh37	rs9349320	H2443	HG03733	2
phyml	GRCh37	rs9349320	H2444	HG04153	1
phyml	GRCh37	rs9349320	H2445	HG01271	1
phyml	GRCh37	rs9349320	H2446	NA12340	1
phyml	GRCh37	rs9349320	H2447	HG04185	1
phyml	GRCh37	rs9349320	H2448	HG03778	1
phyml	GRCh37	rs9349320	H2449	HG04194	1
phyml	GRCh37	rs9349320	H2450	HG01412	1
phyml	GRCh37	rs9349320	H2451	HG02666	2
phyml	GRCh37	rs9349320	H2452	HG02814	1
phyml	GRCh37	rs9349320	H2453	HG01890	2
phyml	GRCh37	rs9349320	H2454	HG03095	2
phyml	GRCh37	rs9349320	H2455	HG02808	1
phyml	GRCh37	rs9349320	H2456	HG03105	2
phyml	GRCh37	rs9349320	H2457	HG02505	1
phyml	GRCh37	rs9349320	H2458	HG03111	2
phyml	GRCh37	rs9349320	H2459	NA19130	1
phyml	GRCh37	rs9349320	H2460	HG02814	2
phyml	GRCh37	rs9349320	H2461	NA19818	2
phyml	GRCh37	rs9349320	H2462	HG02642	2
phyml	GRCh37	rs9349320	H2463	NA18909	1
phyml	GRCh37	rs9349320	H2464	HG02887	1
phyml	GRCh37	rs9349320	H2465	NA20298	2
phyml	GRCh37	rs9349320	H2466	NA18874	2
phyml	GRCh37	rs9349320	H2467	NA19327	1
phyml	GRCh37	rs9349320	H2468	HG03940	2
phyml	GRCh37	rs9349320	H2469	NA20894	1
phyml	GRCh37	rs9349320	H2470	NA20845	1
phyml	GRCh37	rs9349320	H2471	NA21130	1
phyml	GRCh37	rs9349320	H2472	NA20877	2
phyml	GRCh37	rs9349320	H2473	HG03919	2
phyml	GRCh37	rs9349320	H2474	NA21091	2
phyml	GRCh37	rs9349320	H2475	HG04035	1
phyml	GRCh37	rs9349320	H2476	HG04080	1
phyml	GRCh37	rs9349320	H2477	HG03910	2
phyml	GRCh37	rs9349320	H2478	NA19019	1
phyml	GRCh37	rs9349320	H2479	NA19332	2
phyml	GRCh37	rs9349320	H2480	NA19395	2
phyml	GRCh37	rs9349320	H2481	NA19307	2
phyml	GRCh37	rs9349320	H2482	HG03069	1
phyml	GRCh37	rs9349320	H2483	HG03437	2
phyml	GRCh37	rs9349320	H2484	HG03169	1
phyml	GRCh37	rs9349320	H2485	HG03166	2
phyml	GRCh37	rs9349320	H2486	NA19431	2
phyml	GRCh37	rs9349320	H2487	NA19712	2
phyml	GRCh37	rs9349320	H2488	HG02308	1
phyml	GRCh37	rs9349320	H2489	NA19137	1
phyml	GRCh37	rs9349320	H2490	HG01914	1
phyml	GRCh37	rs9349320	H2491	HG03199	1
phyml	GRCh37	rs9349320	H2492	NA19201	2
phyml	GRCh37	rs9349320	H2493	HG02334	1
phyml	GRCh37	rs9349320	H2494	HG03118	2
phyml	GRCh37	rs9349320	H2495	NA19984	2
phyml	GRCh37	rs9349320	H2496	HG02620	2
phyml	GRCh37	rs9349320	H2497	NA19222	2
phyml	GRCh37	rs9349320	H2498	HG03385	1
phyml	GRCh37	rs9349320	H2499	NA19984	1
phyml	GRCh37	rs9349320	H2500	HG02307	1
phyml	GRCh37	rs9349320	H2501	NA18499	1
phyml	GRCh37	rs9349320	H2502	HG02144	1
phyml	GRCh37	rs9349320	H2503	HG03538	1
phyml	GRCh37	rs9349320	H2504	HG02642	1
phyml	GRCh37	rs9349320	H2505	HG03259	2
phyml	GRCh37	rs9349320	H2506	NA19146	2
phyml	GRCh37	rs9349320	H2507	HG03382	2
phyml	GRCh37	rs9349320	H2508	NA19041	2
phyml	GRCh37	rs9349320	H2509	HG03311	2
phyml	GRCh37	rs9349320	H2510	NA19200	1
phyml	GRCh37	rs9349320	H2511	NA19035	2
phyml	GRCh37	rs9349320	H2512	NA19043	1
phyml	GRCh37	rs9349320	H2513	NA19334	1
phyml	GRCh37	rs9349320	H2514	NA19146	1
phyml	GRCh37	rs9349320	H2515	HG02464	1
phyml	GRCh37	rs9349320	H2516	HG03048	2
phyml	GRCh37	rs9349320	H2517	HG01618	2
phyml	GRCh37	rs9349320	H2518	NA19323	1
phyml	GRCh37	rs9349320	H2519	NA18881	2
phyml	GRCh37	rs9349320	H2520	NA19360	2
phyml	GRCh37	rs9349320	H2521	NA19327	2
phyml	GRCh37	rs9349320	H2522	NA18881	1
phyml	GRCh37	rs9349320	H2523	HG03352	2
phyml	GRCh37	rs9349320	H2524	HG02476	1
phyml	GRCh37	rs9349320	H2525	HG02111	2
phyml	GRCh37	rs9349320	H2526	NA19383	1
phyml	GRCh37	rs9349320	H2527	HG03311	1
phyml	GRCh37	rs9349320	H2528	NA19314	1
phyml	GRCh37	rs9349320	H2529	NA19024	2
phyml	GRCh37	rs9349320	H2530	HG03225	1
phyml	GRCh37	rs9349320	H2531	HG02427	2
phyml	GRCh37	rs9349320	H2532	HG04098	1
phyml	GRCh37	rs9349320	H2533	HG01403	2
phyml	GRCh37	rs9349320	H2534	HG00284	1
phyml	GRCh37	rs9349320	H2535	HG03687	2
phyml	GRCh37	rs9349320	H2536	HG03897	2
phyml	GRCh37	rs9349320	H2537	HG03713	1
phyml	GRCh37	rs9349320	H2538	HG03830	1
phyml	GRCh37	rs9349320	H2539	HG03745	1
phyml	GRCh37	rs9349320	H2540	NA19761	1
phyml	GRCh37	rs9349320	H2541	HG02130	1
phyml	GRCh37	rs9349320	H2542	NA18924	2
phyml	GRCh37	rs9349320	H2543	HG02127	2
phyml	GRCh37	rs9349320	H2544	HG02450	1
phyml	GRCh37	rs9349320	H2545	NA19404	2
phyml	GRCh37	rs9349320	H2546	NA19471	2
phyml	GRCh37	rs9349320	H2547	HG02922	2
phyml	GRCh37	rs9349320	H2548	NA19118	2
phyml	GRCh37	rs9349320	H2549	NA18909	2
phyml	GRCh37	rs9349320	H2550	HG04182	2
phyml	GRCh37	rs9349320	H2551	NA19376	2
phyml	GRCh37	rs9349320	H2552	NA19377	1
phyml	GRCh37	rs9349320	H2553	HG02536	1
phyml	GRCh37	rs9349320	H2554	HG03069	2
phyml	GRCh37	rs9349320	H2555	NA19377	2
phyml	GRCh37	rs9349320	H2556	NA19324	2
phyml	GRCh37	rs9349320	H2557	NA19456	1
phyml	GRCh37	rs9349320	H2558	NA19375	1
phyml	GRCh37	rs9349320	H2559	HG02450	2
phyml	GRCh37	rs9349320	H2560	NA19437	2
phyml	GRCh37	rs9349320	H2561	HG02807	2
phyml	GRCh37	rs9349320	H2562	HG02549	2
phyml	GRCh37	rs9349320	H2563	HG02623	2
phyml	GRCh37	rs9349320	H2564	NA19324	1
phyml	GRCh37	rs9349320	H2565	HG02610	2
phyml	GRCh37	rs9349320	H2566	HG01066	1
phyml	GRCh37	rs9349320	H2567	NA18870	1
phyml	GRCh37	rs9349320	H2568	HG03209	1
phyml	GRCh37	rs9349320	H2569	HG02890	1
phyml	GRCh37	rs9349320	H2570	HG03046	1
phyml	GRCh37	rs9349320	H2571	HG02678	2
phyml	GRCh37	rs9349320	H2572	HG03352	1
phyml	GRCh37	rs9349320	H2573	NA19467	2
phyml	GRCh37	rs9349320	H2574	HG03235	2
phyml	GRCh37	rs9349320	H2575	HG03016	1
phyml	GRCh37	rs9349320	H2576	HG02603	1
phyml	GRCh37	rs9349320	H2577	NA21118	2
phyml	GRCh37	rs9349320	H2578	HG04229	1
phyml	GRCh37	rs9349320	H2579	HG03685	1
phyml	GRCh37	rs9349320	H2580	HG01257	1
phyml	GRCh37	rs9349320	H2581	HG02798	2
phyml	GRCh37	rs9349320	H2582	NA19160	1
phyml	GRCh37	rs9349320	H2583	HG00319	2
phyml	GRCh37	rs9349320	H2584	HG02330	2
phyml	GRCh37	rs9349320	H2585	NA12272	2
phyml	GRCh37	rs9349320	H2586	HG00097	1
phyml	GRCh37	rs9349320	H2587	NA20502	1
phyml	GRCh37	rs9349320	H2588	NA21133	2
phyml	GRCh37	rs9349320	H2589	HG04090	2
phyml	GRCh37	rs9349320	H2590	HG04063	1
phyml	GRCh37	rs9349320	H2591	HG04025	1
phyml	GRCh37	rs9349320	H2592	NA19783	2
phyml	GRCh37	rs9349320	H2593	NA12762	1
phyml	GRCh37	rs9349320	H2594	HG03160	2
phyml	GRCh37	rs9349320	H2595	HG03198	1
phyml	GRCh37	rs9349320	H2596	NA19351	2
phyml	GRCh37	rs9349320	H2597	HG03687	1
phyml	GRCh37	rs9349320	H2598	HG02318	1
phyml	GRCh37	rs9349320	H2599	NA19309	2
phyml	GRCh37	rs9349320	H2600	HG02895	1
phyml	GRCh37	rs9349320	H2601	HG02343	2
phyml	GRCh37	rs9349320	H2602	NA19020	2
phyml	GRCh37	rs9349320	H2603	HG02595	1
phyml	GRCh37	rs9349320	H2604	HG01915	1
phyml	GRCh37	rs9349320	H2605	HG01747	2
phyml	GRCh37	rs9349320	H2606	NA20826	2
phyml	GRCh37	rs9349320	H2607	NA20850	1
phyml	GRCh37	rs9349320	H2608	NA20509	1
phyml	GRCh37	rs9349320	H2609	NA19657	2
phyml	GRCh37	rs9349320	H2610	NA20797	2
phyml	GRCh37	rs9349320	H2611	HG01615	2
phyml	GRCh37	rs9349320	H2612	NA07048	2
phyml	GRCh37	rs9349320	H2613	HG00106	1
phyml	GRCh37	rs9349320	H2614	NA20818	2
phyml	GRCh37	rs9349320	H2615	NA20507	1
phyml	GRCh37	rs9349320	H2616	NA20539	2
phyml	GRCh37	rs9349320	H2617	NA20806	1
phyml	GRCh37	rs9349320	H2618	NA12348	2
phyml	GRCh37	rs9349320	H2619	HG01251	1
phyml	GRCh37	rs9349320	H2620	HG01438	2
phyml	GRCh37	rs9349320	H2621	NA11831	2
phyml	GRCh37	rs9349320	H2622	NA20528	1
phyml	GRCh37	rs9349320	H2623	HG00261	2
phyml	GRCh37	rs9349320	H2624	HG00137	2
phyml	GRCh37	rs9349320	H2625	NA06994	2
phyml	GRCh37	rs9349320	H2626	NA12044	2
phyml	GRCh37	rs9349320	H2627	HG01773	1
phyml	GRCh37	rs9349320	H2628	HG03716	2
phyml	GRCh37	rs9349320	H2629	NA20850	2
phyml	GRCh37	rs9349320	H2630	HG00157	1
phyml	GRCh37	rs9349320	H2631	NA20792	1
phyml	GRCh37	rs9349320	H2632	HG03849	2
phyml	GRCh37	rs9349320	H2633	HG03943	1
phyml	GRCh37	rs9349320	H2634	NA20518	2
phyml	GRCh37	rs9349320	H2635	HG00362	2
phyml	GRCh37	rs9349320	H2636	HG00257	1
phyml	GRCh37	rs9349320	H2637	HG01705	2
phyml	GRCh37	rs9349320	H2638	HG03916	2
phyml	GRCh37	rs9349320	H2639	NA07048	1
phyml	GRCh37	rs9349320	H2640	NA20805	2
phyml	GRCh37	rs9349320	H2641	HG01257	2
phyml	GRCh37	rs9349320	H2642	HG02734	1
phyml	GRCh37	rs9349320	H2643	NA19703	2
phyml	GRCh37	rs9349320	H2644	HG01702	2
phyml	GRCh37	rs9349320	H2645	HG01565	1
phyml	GRCh37	rs9349320	H2646	NA19084	1
phyml	GRCh37	rs9349320	H2647	HG00142	1
phyml	GRCh37	rs9349320	H2648	HG00101	1
phyml	GRCh37	rs9349320	H2649	NA12156	1
phyml	GRCh37	rs9349320	H2650	HG00566	1
phyml	GRCh37	rs9349320	H2651	HG01069	1
phyml	GRCh37	rs9349320	H2652	NA19078	1
phyml	GRCh37	rs9349320	H2653	HG02113	2
phyml	GRCh37	rs9349320	H2654	HG00500	1
phyml	GRCh37	rs9349320	H2655	HG04176	1
phyml	GRCh37	rs9349320	H2656	NA18610	1
phyml	GRCh37	rs9349320	H2657	HG00650	2
phyml	GRCh37	rs9349320	H2658	HG02057	2
phyml	GRCh37	rs9349320	H2659	NA19066	1
phyml	GRCh37	rs9349320	H2660	HG00122	2
phyml	GRCh37	rs9349320	H2661	HG00235	1
phyml	GRCh37	rs9349320	H2662	NA11933	2
phyml	GRCh37	rs9349320	H2663	HG01606	2
phyml	GRCh37	rs9349320	H2664	NA20544	2
phyml	GRCh37	rs9349320	H2665	NA20540	1
phyml	GRCh37	rs9349320	H2666	HG01519	1
phyml	GRCh37	rs9349320	H2667	NA20513	2
phyml	GRCh37	rs9349320	H2668	HG01465	2
phyml	GRCh37	rs9349320	H2669	NA20846	2
phyml	GRCh37	rs9349320	H2670	HG01515	1
phyml	GRCh37	rs9349320	H2671	NA10851	2
phyml	GRCh37	rs9349320	H2672	HG00256	1
phyml	GRCh37	rs9349320	H2673	HG01444	2
phyml	GRCh37	rs9349320	H2674	NA12234	2
phyml	GRCh37	rs9349320	H2675	HG02312	2
phyml	GRCh37	rs9349320	H2676	NA06994	1
phyml	GRCh37	rs9349320	H2677	HG00351	1
phyml	GRCh37	rs9349320	H2678	HG00160	1
phyml	GRCh37	rs9349320	H2679	NA11919	1
phyml	GRCh37	rs9349320	H2680	HG01516	2
phyml	GRCh37	rs9349320	H2681	NA20760	2
phyml	GRCh37	rs9349320	H2682	HG01684	2
phyml	GRCh37	rs9349320	H2683	HG00183	1
phyml	GRCh37	rs9349320	H2684	NA20524	2
phyml	GRCh37	rs9349320	H2685	HG01073	1
phyml	GRCh37	rs9349320	H2686	NA12275	2
phyml	GRCh37	rs9349320	H2687	NA20507	2
phyml	GRCh37	rs9349320	H2688	NA19749	1
phyml	GRCh37	rs9349320	H2689	HG01583	2
phyml	GRCh37	rs9349320	H2690	NA20861	2
phyml	GRCh37	rs9349320	H2691	HG00365	1
phyml	GRCh37	rs9349320	H2692	HG02784	2
phyml	GRCh37	rs9349320	H2693	NA12045	2
phyml	GRCh37	rs9349320	H2694	NA19783	1
phyml	GRCh37	rs9349320	H2695	HG02312	1
phyml	GRCh37	rs9349320	H2696	HG01200	2
phyml	GRCh37	rs9349320	H2697	HG01850	2
phyml	GRCh37	rs9349320	H2698	NA18606	2
phyml	GRCh37	rs9349320	H2699	HG03691	1
phyml	GRCh37	rs9349320	H2700	HG03667	1
phyml	GRCh37	rs9349320	H2701	HG01148	1
phyml	GRCh37	rs9349320	H2702	HG00705	1
phyml	GRCh37	rs9349320	H2703	NA18603	2
phyml	GRCh37	rs9349320	H2704	NA19090	2
phyml	GRCh37	rs9349320	H2705	NA20858	2
phyml	GRCh37	rs9349320	H2706	HG02348	2
phyml	GRCh37	rs9349320	H2707	NA20534	2
phyml	GRCh37	rs9349320	H2708	NA18643	1
phyml	GRCh37	rs9349320	H2709	HG00581	2
phyml	GRCh37	rs9349320	H2710	HG04060	2
phyml	GRCh37	rs9349320	H2711	HG01798	2
phyml	GRCh37	rs9349320	H2712	HG01805	2
phyml	GRCh37	rs9349320	H2713	HG01894	1
phyml	GRCh37	rs9349320	H2714	NA18871	2
phyml	GRCh37	rs9349320	H2715	HG03849	1
phyml	GRCh37	rs9349320	H2716	HG01598	1
phyml	GRCh37	rs9349320	H2717	HG04173	1
phyml	GRCh37	rs9349320	H2718	HG04096	1
phyml	GRCh37	rs9349320	H2719	NA21104	1
phyml	GRCh37	rs9349320	H2720	HG00115	2
phyml	GRCh37	rs9349320	H2721	NA12341	2
phyml	GRCh37	rs9349320	H2722	HG00151	2
phyml	GRCh37	rs9349320	H2723	HG04214	1
phyml	GRCh37	rs9349320	H2724	NA20798	1
phyml	GRCh37	rs9349320	H2725	NA20514	1
phyml	GRCh37	rs9349320	H2726	NA18498	1
phyml	GRCh37	rs9349320	H2727	HG02813	2
phyml	GRCh37	rs9349320	H2728	HG01612	2
phyml	GRCh37	rs9349320	H2729	NA20761	2
phyml	GRCh37	rs9349320	H2730	HG02089	2
phyml	GRCh37	rs9349320	H2731	NA19795	2
phyml	GRCh37	rs9349320	H2732	HG00311	2
phyml	GRCh37	rs9349320	H2733	HG00233	1
phyml	GRCh37	rs9349320	H2734	HG03514	1
phyml	GRCh37	rs9349320	H2735	HG01516	1
phyml	GRCh37	rs9349320	H2736	HG00115	1
phyml	GRCh37	rs9349320	H2737	HG00330	1
phyml	GRCh37	rs9349320	H2738	HG01191	1
phyml	GRCh37	rs9349320	H2739	HG00742	2
phyml	GRCh37	rs9349320	H2740	NA12889	2
phyml	GRCh37	rs9349320	H2741	NA19670	2
phyml	GRCh37	rs9349320	H2742	NA19722	2
phyml	GRCh37	rs9349320	H2743	NA19785	1
phyml	GRCh37	rs9349320	H2744	HG01079	2
phyml	GRCh37	rs9349320	H2745	NA20910	2
phyml	GRCh37	rs9349320	H2746	HG02084	2
phyml	GRCh37	rs9349320	H2747	HG00419	2
phyml	GRCh37	rs9349320	H2748	HG00127	2
phyml	GRCh37	rs9349320	H2749	HG00145	1
phyml	GRCh37	rs9349320	H2750	NA20528	2
phyml	GRCh37	rs9349320	H2751	HG00244	1
phyml	GRCh37	rs9349320	H2752	HG01176	2
phyml	GRCh37	rs9349320	H2753	HG03836	2
phyml	GRCh37	rs9349320	H2754	NA19315	2
phyml	GRCh37	rs9349320	H2755	HG00243	2
phyml	GRCh37	rs9349320	H2756	HG00112	2
phyml	GRCh37	rs9349320	H2757	HG00102	2
phyml	GRCh37	rs9349320	H2758	HG02651	1
phyml	GRCh37	rs9349320	H2759	HG02652	1
phyml	GRCh37	rs9349320	H2760	NA21093	2
phyml	GRCh37	rs9349320	H2761	HG00327	2
phyml	GRCh37	rs9349320	H2762	HG00261	1
phyml	GRCh37	rs9349320	H2763	HG01515	2
phyml	GRCh37	rs9349320	H2764	HG02490	1
phyml	GRCh37	rs9349320	H2765	HG01920	2
phyml	GRCh37	rs9349320	H2766	HG03864	2
phyml	GRCh37	rs9349320	H2767	NA18985	2
phyml	GRCh37	rs9349320	H2768	HG01277	1
phyml	GRCh37	rs9349320	H2769	HG01512	1
phyml	GRCh37	rs9349320	H2770	NA19429	2
phyml	GRCh37	rs9349320	H2771	HG01784	1
phyml	GRCh37	rs9349320	H2772	HG02465	2
phyml	GRCh37	rs9349320	H2773	HG02819	2
phyml	GRCh37	rs9349320	H2774	NA18489	1
phyml	GRCh37	rs9349320	H2775	NA21103	1
phyml	GRCh37	rs9349320	H2776	NA21113	2
phyml	GRCh37	rs9349320	H2777	HG02255	1
phyml	GRCh37	rs9349320	H2778	HG02490	2
phyml	GRCh37	rs9349320	H2779	HG01605	2
phyml	GRCh37	rs9349320	H2780	HG03692	2
phyml	GRCh37	rs9349320	H2781	NA20885	1
phyml	GRCh37	rs9349320	H2782	HG03848	2
phyml	GRCh37	rs9349320	H2783	HG03850	1
phyml	GRCh37	rs9349320	H2784	NA20764	2
phyml	GRCh37	rs9349320	H2785	HG04023	1
phyml	GRCh37	rs9349320	H2786	HG03228	1
phyml	GRCh37	rs9349320	H2787	HG02697	2
phyml	GRCh37	rs9349320	H2788	HG04093	1
phyml	GRCh37	rs9349320	H2789	NA21099	2
phyml	GRCh37	rs9349320	H2790	NA19658	1
phyml	GRCh37	rs9349320	H2791	HG00267	2
phyml	GRCh37	rs9349320	H2792	HG00304	2
phyml	GRCh37	rs9349320	H2793	HG01161	2
phyml	GRCh37	rs9349320	H2794	HG03096	2
phyml	GRCh37	rs9349320	H2795	HG01351	2
phyml	GRCh37	rs9349320	H2796	HG00189	1
phyml	GRCh37	rs9349320	H2797	NA12383	2
phyml	GRCh37	rs9349320	H2798	HG02851	2
phyml	GRCh37	rs9349320	H2799	HG03063	2
phyml	GRCh37	rs9349320	H2800	HG02464	2
phyml	GRCh37	rs9349320	H2801	HG02890	2
phyml	GRCh37	rs9349320	H2802	HG02613	1
phyml	GRCh37	rs9349320	H2803	HG03470	2
phyml	GRCh37	rs9349320	H2804	HG03380	1
phyml	GRCh37	rs9349320	H2805	HG02676	2
phyml	GRCh37	rs9349320	H2806	NA19455	2
phyml	GRCh37	rs9349320	H2807	NA20814	1
phyml	GRCh37	rs9349320	H2808	NA19346	2
phyml	GRCh37	rs9349320	H2809	NA19042	1
phyml	GRCh37	rs9349320	H2810	HG01360	1
phyml	GRCh37	rs9349320	H2811	NA19235	2
phyml	GRCh37	rs9349320	H2812	NA19834	2
phyml	GRCh37	rs9349320	H2813	HG01786	1
phyml	GRCh37	rs9349320	H2814	NA20813	1
phyml	GRCh37	rs9349320	H2815	NA19747	1
phyml	GRCh37	rs9349320	H2816	HG00321	2
phyml	GRCh37	rs9349320	H2817	HG00355	2
phyml	GRCh37	rs9349320	H2818	HG01104	1
phyml	GRCh37	rs9349320	H2819	NA20126	2
phyml	GRCh37	rs9349320	H2820	NA18877	1
phyml	GRCh37	rs9349320	H2821	NA19375	2
phyml	GRCh37	rs9349320	H2822	HG01064	2
phyml	GRCh37	rs9349320	H2823	NA19318	1
phyml	GRCh37	rs9349320	H2824	NA19394	2
phyml	GRCh37	rs9349320	H2825	HG03372	2
phyml	GRCh37	rs9349320	H2826	HG03515	2
phyml	GRCh37	rs9349320	H2827	HG03301	2
phyml	GRCh37	rs9349320	H2828	NA18910	1
phyml	GRCh37	rs9349320	H2829	NA18853	1
phyml	GRCh37	rs9349320	H2830	HG03160	1
phyml	GRCh37	rs9349320	H2831	HG03499	2
phyml	GRCh37	rs9349320	H2832	NA19312	2
phyml	GRCh37	rs9349320	H2833	NA19468	1
phyml	GRCh37	rs9349320	H2834	NA19443	2
phyml	GRCh37	rs9349320	H2835	HG03955	2
phyml	GRCh37	rs9349320	H2836	HG00250	2
phyml	GRCh37	rs9349320	H2837	HG03784	2
phyml	GRCh37	rs9349320	H2838	HG03773	1
phyml	GRCh37	rs9349320	H2839	HG01398	2
phyml	GRCh37	rs9349320	H2840	HG01247	1
phyml	GRCh37	rs9349320	H2841	HG03832	2
phyml	GRCh37	rs9349320	H2842	HG03817	2
phyml	GRCh37	rs9349320	H2843	HG03888	2
phyml	GRCh37	rs9349320	H2844	HG03887	2
phyml	GRCh37	rs9349320	H2845	HG03709	2
phyml	GRCh37	rs9349320	H2846	NA21108	2
phyml	GRCh37	rs9349320	H2847	HG03753	1
phyml	GRCh37	rs9349320	H2848	NA10851	1
phyml	GRCh37	rs9349320	H2849	HG00282	1
phyml	GRCh37	rs9349320	H2850	HG02597	2
phyml	GRCh37	rs9349320	H2851	HG04189	2
phyml	GRCh37	rs9349320	H2852	HG04096	2
phyml	GRCh37	rs9349320	H2853	HG01345	1
phyml	GRCh37	rs9349320	H2854	NA20510	1
phyml	GRCh37	rs9349320	H2855	NA19908	2
phyml	GRCh37	rs9349320	H2856	HG01378	1
phyml	GRCh37	rs9349320	H2857	HG01632	2
phyml	GRCh37	rs9349320	H2858	HG01323	2
phyml	GRCh37	rs9349320	H2859	NA20502	2
phyml	GRCh37	rs9349320	H2860	HG00173	2
phyml	GRCh37	rs9349320	H2861	NA12749	2
phyml	GRCh37	rs9349320	H2862	HG02580	1
phyml	GRCh37	rs9349320	H2863	HG01055	1
phyml	GRCh37	rs9349320	H2864	NA11992	2
phyml	GRCh37	rs9349320	H2865	HG01626	2
phyml	GRCh37	rs9349320	H2866	HG01617	2
phyml	GRCh37	rs9349320	H2867	HG00160	2
phyml	GRCh37	rs9349320	H2868	HG02235	2
phyml	GRCh37	rs9349320	H2869	NA20767	1
phyml	GRCh37	rs9349320	H2870	HG01465	1
phyml	GRCh37	rs9349320	H2871	HG01121	2
phyml	GRCh37	rs9349320	H2872	NA12546	1
phyml	GRCh37	rs9349320	H2873	NA20508	2
phyml	GRCh37	rs9349320	H2874	HG00107	1
phyml	GRCh37	rs9349320	H2875	HG00119	2
phyml	GRCh37	rs9349320	H2876	HG02661	2
phyml	GRCh37	rs9349320	H2877	NA20796	2
phyml	GRCh37	rs9349320	H2878	NA12399	2
phyml	GRCh37	rs9349320	H2879	NA12828	1
phyml	GRCh37	rs9349320	H2880	NA20533	1
phyml	GRCh37	rs9349320	H2881	HG01786	2
phyml	GRCh37	rs9349320	H2882	HG01098	2
phyml	GRCh37	rs9349320	H2883	HG01049	2
phyml	GRCh37	rs9349320	H2884	HG04189	1
phyml	GRCh37	rs9349320	H2885	NA19374	1
phyml	GRCh37	rs9349320	H2886	NA19037	1
phyml	GRCh37	rs9349320	H2887	NA19248	2
phyml	GRCh37	rs9349320	H2888	HG01684	1
phyml	GRCh37	rs9349320	H2889	NA18933	1
phyml	GRCh37	rs9349320	H2890	HG02614	1
phyml	GRCh37	rs9349320	H2891	NA20866	1
phyml	GRCh37	rs9349320	H2892	NA20852	2
phyml	GRCh37	rs9349320	H2893	HG02232	2
phyml	GRCh37	rs9349320	H2894	NA19102	2
phyml	GRCh37	rs9349320	H2895	HG03858	2
phyml	GRCh37	rs9349320	H2896	HG04216	2
phyml	GRCh37	rs9349320	H2897	NA20901	2
phyml	GRCh37	rs9349320	H2898	HG03600	1
phyml	GRCh37	rs9349320	H2899	HG02774	1
phyml	GRCh37	rs9349320	H2900	HG02604	2
phyml	GRCh37	rs9349320	H2901	HG03976	1
phyml	GRCh37	rs9349320	H2902	HG03973	1
phyml	GRCh37	rs9349320	H2903	NA20846	1
phyml	GRCh37	rs9349320	H2904	HG04194	2
phyml	GRCh37	rs9349320	H2905	HG04155	2
phyml	GRCh37	rs9349320	H2906	HG03012	2
phyml	GRCh37	rs9349320	H2907	HG03595	2
phyml	GRCh37	rs9349320	H2908	HG03693	2
phyml	GRCh37	rs9349320	H2909	HG04186	2
phyml	GRCh37	rs9349320	H2910	NA20864	2
phyml	GRCh37	rs9349320	H2911	HG03814	1
phyml	GRCh37	rs9349320	H2912	HG04159	1
phyml	GRCh37	rs9349320	H2913	HG03989	2
phyml	GRCh37	rs9349320	H2914	HG03911	1
phyml	GRCh37	rs9349320	H2915	HG02494	2
phyml	GRCh37	rs9349320	H2916	HG03963	1
phyml	GRCh37	rs9349320	H2917	HG03941	1
phyml	GRCh37	rs9349320	H2918	HG03875	2
phyml	GRCh37	rs9349320	H2919	HG01095	1
phyml	GRCh37	rs9349320	H2920	HG03247	2
phyml	GRCh37	rs9349320	H2921	NA19351	1
phyml	GRCh37	rs9349320	H2922	NA12282	1
phyml	GRCh37	rs9349320	H2923	HG03571	1
phyml	GRCh37	rs9349320	H2924	HG03105	1
phyml	GRCh37	rs9349320	H2925	HG02108	2
phyml	GRCh37	rs9349320	H2926	HG04107	1
phyml	GRCh37	rs9349320	H2927	HG03744	2
phyml	GRCh37	rs9349320	H2928	HG03931	1
phyml	GRCh37	rs9349320	H2929	HG03815	1
phyml	GRCh37	rs9349320	H2930	HG03685	2
phyml	GRCh37	rs9349320	H2931	HG04006	2
phyml	GRCh37	rs9349320	H2932	HG04003	2
phyml	GRCh37	rs9349320	H2933	HG03851	2
phyml	GRCh37	rs9349320	H2934	HG03902	2
phyml	GRCh37	rs9349320	H2935	HG03830	2
phyml	GRCh37	rs9349320	H2936	HG03861	1
phyml	GRCh37	rs9349320	H2937	HG03937	2
phyml	GRCh37	rs9349320	H2938	NA20854	2
phyml	GRCh37	rs9349320	H2939	HG02600	2
phyml	GRCh37	rs9349320	H2940	HG02736	2
phyml	GRCh37	rs9349320	H2941	HG03600	2
phyml	GRCh37	rs9349320	H2942	HG03229	2
phyml	GRCh37	rs9349320	H2943	HG04214	2
phyml	GRCh37	rs9349320	H2944	HG02600	1
phyml	GRCh37	rs9349320	H2945	HG03905	1
phyml	GRCh37	rs9349320	H2946	NA20849	2
phyml	GRCh37	rs9349320	H2947	NA21135	1
phyml	GRCh37	rs9349320	H2948	HG04026	2
phyml	GRCh37	rs9349320	H2949	HG03808	1
phyml	GRCh37	rs9349320	H2950	NA20884	1
phyml	GRCh37	rs9349320	H2951	NA20899	1
phyml	GRCh37	rs9349320	H2952	HG03989	1
phyml	GRCh37	rs9349320	H2953	HG03689	1
phyml	GRCh37	rs9349320	H2954	HG03884	1
phyml	GRCh37	rs9349320	H2955	HG03998	2
phyml	GRCh37	rs9349320	H2956	HG04033	2
phyml	GRCh37	rs9349320	H2957	NA20869	1
phyml	GRCh37	rs9349320	H2958	NA21130	2
phyml	GRCh37	rs9349320	H2959	HG03947	2
phyml	GRCh37	rs9349320	H2960	HG03823	1
phyml	GRCh37	rs9349320	H2961	HG04200	2
phyml	GRCh37	rs9349320	H2962	HG03713	2
phyml	GRCh37	rs9349320	H2963	HG04100	1
phyml	GRCh37	rs9349320	H2964	NA21128	1
phyml	GRCh37	rs9349320	H2965	NA21128	2
phyml	GRCh37	rs9349320	H2966	HG03705	2
phyml	GRCh37	rs9349320	H2967	HG03640	1
phyml	GRCh37	rs9349320	H2968	HG03006	1
phyml	GRCh37	rs9349320	H2969	NA20847	2
phyml	GRCh37	rs9349320	H2970	NA21143	2
phyml	GRCh37	rs9349320	H2971	NA20859	2
phyml	GRCh37	rs9349320	H2972	HG00268	2
phyml	GRCh37	rs9349320	H2973	NA19651	1
phyml	GRCh37	rs9349320	H2974	HG00334	2
phyml	GRCh37	rs9349320	H2975	NA20756	2
phyml	GRCh37	rs9349320	H2976	HG01785	2
phyml	GRCh37	rs9349320	H2977	HG03652	1
phyml	GRCh37	rs9349320	H2978	NA20906	2
phyml	GRCh37	rs9349320	H2979	NA12058	1
phyml	GRCh37	rs9349320	H2980	HG00126	1
phyml	GRCh37	rs9349320	H2981	HG02238	2
phyml	GRCh37	rs9349320	H2982	HG01700	2
phyml	GRCh37	rs9349320	H2983	NA07051	1
phyml	GRCh37	rs9349320	H2984	NA19684	1
phyml	GRCh37	rs9349320	H2985	NA20543	1
phyml	GRCh37	rs9349320	H2986	NA20866	2
phyml	GRCh37	rs9349320	H2987	HG01485	1
phyml	GRCh37	rs9349320	H2988	NA20766	1
phyml	GRCh37	rs9349320	H2989	NA20767	2
phyml	GRCh37	rs9349320	H2990	HG01506	1
phyml	GRCh37	rs9349320	H2991	NA19779	1
phyml	GRCh37	rs9349320	H2992	NA19786	1
phyml	GRCh37	rs9349320	H2993	HG00136	2
phyml	GRCh37	rs9349320	H2994	NA20762	2
phyml	GRCh37	rs9349320	H2995	HG01619	2
phyml	GRCh37	rs9349320	H2996	HG00188	2
phyml	GRCh37	rs9349320	H2997	HG01260	2
phyml	GRCh37	rs9349320	H2998	HG01119	1
phyml	GRCh37	rs9349320	H2999	HG02470	2
phyml	GRCh37	rs9349320	H3000	NA20536	2
phyml	GRCh37	rs9349320	H3001	NA20506	1
phyml	GRCh37	rs9349320	H3002	HG03950	1
phyml	GRCh37	rs9349320	H3003	NA20859	1
phyml	GRCh37	rs9349320	H3004	HG04185	2
phyml	GRCh37	rs9349320	H3005	HG01047	1
phyml	GRCh37	rs9349320	H3006	HG03696	2
phyml	GRCh37	rs9349320	H3007	NA20868	2
phyml	GRCh37	rs9349320	H3008	HG02727	2
phyml	GRCh37	rs9349320	H3009	NA06989	1
phyml	GRCh37	rs9349320	H3010	HG04106	1
phyml	GRCh37	rs9349320	H3011	HG03837	1
phyml	GRCh37	rs9349320	H3012	HG04153	2
phyml	GRCh37	rs9349320	H3013	HG04162	2
phyml	GRCh37	rs9349320	H3014	NA21095	1
phyml	GRCh37	rs9349320	H3015	NA20827	1
phyml	GRCh37	rs9349320	H3016	HG02439	1
phyml	GRCh37	rs9349320	H3017	NA20317	2
phyml	GRCh37	rs9349320	H3018	HG03548	2
phyml	GRCh37	rs9349320	H3019	HG03064	2
phyml	GRCh37	rs9349320	H3020	HG02309	1
phyml	GRCh37	rs9349320	H3021	HG02817	2
phyml	GRCh37	rs9349320	H3022	NA18507	1
phyml	GRCh37	rs9349320	H3023	NA18923	1
phyml	GRCh37	rs9349320	H3024	HG03755	2
phyml	GRCh37	rs9349320	H3025	HG03686	2
phyml	GRCh37	rs9349320	H3026	HG03945	1
phyml	GRCh37	rs9349320	H3027	HG03856	2
phyml	GRCh37	rs9349320	H3028	HG03432	1
phyml	GRCh37	rs9349320	H3029	NA18517	2
phyml	GRCh37	rs9349320	H3030	NA18871	1
phyml	GRCh37	rs9349320	H3031	HG03168	1
phyml	GRCh37	rs9349320	H3032	HG02953	2
phyml	GRCh37	rs9349320	H3033	HG03088	2
phyml	GRCh37	rs9349320	H3034	HG03279	2
phyml	GRCh37	rs9349320	H3035	NA19455	1
phyml	GRCh37	rs9349320	H3036	NA18498	2
phyml	GRCh37	rs9349320	H3037	HG02884	2
phyml	GRCh37	rs9349320	H3038	NA18858	2
phyml	GRCh37	rs9349320	H3039	NA19462	1
phyml	GRCh37	rs9349320	H3040	HG03631	2
phyml	GRCh37	rs9349320	H3041	NA20887	1
phyml	GRCh37	rs9349320	H3042	HG00598	2
phyml	GRCh37	rs9349320	H3043	NA20878	1
phyml	GRCh37	rs9349320	H3044	HG01092	2
phyml	GRCh37	rs9349320	H3045	HG02810	1
phyml	GRCh37	rs9349320	H3046	HG02891	2
phyml	GRCh37	rs9349320	H3047	NA19920	2
phyml	GRCh37	rs9349320	H3048	HG04033	1
phyml	GRCh37	rs9349320	H3049	HG03815	2
phyml	GRCh37	rs9349320	H3050	HG03108	1
phyml	GRCh37	rs9349320	H3051	HG02013	2
phyml	GRCh37	rs9349320	H3052	HG03099	2
phyml	GRCh37	rs9349320	H3053	HG03133	2
phyml	GRCh37	rs9349320	H3054	HG02343	1
phyml	GRCh37	rs9349320	H3055	NA19092	2
phyml	GRCh37	rs9349320	H3056	NA19223	1
phyml	GRCh37	rs9349320	H3057	NA18519	1
phyml	GRCh37	rs9349320	H3058	HG03064	1
phyml	GRCh37	rs9349320	H3059	HG03376	1
phyml	GRCh37	rs9349320	H3060	HG01985	2
phyml	GRCh37	rs9349320	H3061	HG03476	1
phyml	GRCh37	rs9349320	H3062	HG02763	2
phyml	GRCh37	rs9349320	H3063	HG02585	1
phyml	GRCh37	rs9349320	H3064	NA19108	1
phyml	GRCh37	rs9349320	H3065	HG03433	2
phyml	GRCh37	rs9349320	H3066	HG03547	2
phyml	GRCh37	rs9349320	H3067	HG03081	2
phyml	GRCh37	rs9349320	H3068	NA19922	2
phyml	GRCh37	rs9349320	H3069	HG03096	1
phyml	GRCh37	rs9349320	H3070	HG02715	2
phyml	GRCh37	rs9349320	H3071	HG03225	2
phyml	GRCh37	rs9349320	H3072	HG02852	1
phyml	GRCh37	rs9349320	H3073	NA19189	2
phyml	GRCh37	rs9349320	H3074	NA19707	2
phyml	GRCh37	rs9349320	H3075	NA20339	2
phyml	GRCh37	rs9349320	H3076	HG02318	2
phyml	GRCh37	rs9349320	H3077	HG03902	1
phyml	GRCh37	rs9349320	H3078	HG03653	1
phyml	GRCh37	rs9349320	H3079	HG03894	1
phyml	GRCh37	rs9349320	H3080	NA21103	2
phyml	GRCh37	rs9349320	H3081	HG03965	2
phyml	GRCh37	rs9349320	H3082	HG04186	1
phyml	GRCh37	rs9349320	H3083	HG04042	2
phyml	GRCh37	rs9349320	H3084	HG02380	2
phyml	GRCh37	rs9349320	H3085	NA18740	2
phyml	GRCh37	rs9349320	H3086	HG02392	1
phyml	GRCh37	rs9349320	H3087	HG01844	1
phyml	GRCh37	rs9349320	H3088	HG02133	2
phyml	GRCh37	rs9349320	H3089	NA20853	1
phyml	GRCh37	rs9349320	H3090	HG02137	1
phyml	GRCh37	rs9349320	H3091	HG00684	2
phyml	GRCh37	rs9349320	H3092	NA18615	2
phyml	GRCh37	rs9349320	H3093	HG01847	1
phyml	GRCh37	rs9349320	H3094	HG02375	2
phyml	GRCh37	rs9349320	H3095	HG00699	2
phyml	GRCh37	rs9349320	H3096	HG02164	1
phyml	GRCh37	rs9349320	H3097	HG02184	2
phyml	GRCh37	rs9349320	H3098	NA18638	1
phyml	GRCh37	rs9349320	H3099	HG00533	2
phyml	GRCh37	rs9349320	H3100	HG00599	1
phyml	GRCh37	rs9349320	H3101	HG00403	2
phyml	GRCh37	rs9349320	H3102	HG00620	1
phyml	GRCh37	rs9349320	H3103	HG00403	1
phyml	GRCh37	rs9349320	H3104	HG00689	1
phyml	GRCh37	rs9349320	H3105	NA18532	2
phyml	GRCh37	rs9349320	H3106	HG00595	2
phyml	GRCh37	rs9349320	H3107	HG02116	1
phyml	GRCh37	rs9349320	H3108	HG00623	1
phyml	GRCh37	rs9349320	H3109	HG00565	1
phyml	GRCh37	rs9349320	H3110	HG00707	2
phyml	GRCh37	rs9349320	H3111	HG00464	1
phyml	GRCh37	rs9349320	H3112	NA18939	2
phyml	GRCh37	rs9349320	H3113	HG02885	2
phyml	GRCh37	rs9349320	H3114	HG02854	2
phyml	GRCh37	rs9349320	H3115	NA18868	1
phyml	GRCh37	rs9349320	H3116	NA19027	2
phyml	GRCh37	rs9349320	H3117	NA19017	1
phyml	GRCh37	rs9349320	H3118	HG02585	2
phyml	GRCh37	rs9349320	H3119	NA19141	2
phyml	GRCh37	rs9349320	H3120	NA19376	1
phyml	GRCh37	rs9349320	H3121	NA19770	2
phyml	GRCh37	rs9349320	H3122	HG03559	1
phyml	GRCh37	rs9349320	H3123	HG02943	1
phyml	GRCh37	rs9349320	H3124	HG03224	2
phyml	GRCh37	rs9349320	H3125	HG01889	2
phyml	GRCh37	rs9349320	H3126	HG03240	1
phyml	GRCh37	rs9349320	H3127	HG02679	2
phyml	GRCh37	rs9349320	H3128	HG02621	2
phyml	GRCh37	rs9349320	H3129	HG02895	2
phyml	GRCh37	rs9349320	H3130	HG03738	1
phyml	GRCh37	rs9349320	H3131	HG03162	2
phyml	GRCh37	rs9349320	H3132	HG02108	1
phyml	GRCh37	rs9349320	H3133	NA19909	2
phyml	GRCh37	rs9349320	H3134	HG03557	1
phyml	GRCh37	rs9349320	H3135	HG02128	1
phyml	GRCh37	rs9349320	H3136	HG03874	2
phyml	GRCh37	rs9349320	H3137	HG04061	1
phyml	GRCh37	rs9349320	H3138	HG03604	1
phyml	GRCh37	rs9349320	H3139	HG03796	2
phyml	GRCh37	rs9349320	H3140	HG03976	2
phyml	GRCh37	rs9349320	H3141	HG02402	2
phyml	GRCh37	rs9349320	H3142	HG00672	1
phyml	GRCh37	rs9349320	H3143	NA18747	2
phyml	GRCh37	rs9349320	H3144	HG00525	1
phyml	GRCh37	rs9349320	H3145	NA18945	1
phyml	GRCh37	rs9349320	H3146	NA18552	2
phyml	GRCh37	rs9349320	H3147	HG02787	2
phyml	GRCh37	rs9349320	H3148	HG02399	2
phyml	GRCh37	rs9349320	H3149	HG01809	2
phyml	GRCh37	rs9349320	H3150	HG04006	1
phyml	GRCh37	rs9349320	H3151	HG03742	2
phyml	GRCh37	rs9349320	H3152	HG03777	1
phyml	GRCh37	rs9349320	H3153	HG03974	1
phyml	GRCh37	rs9349320	H3154	HG02787	1
phyml	GRCh37	rs9349320	H3155	HG03986	1
phyml	GRCh37	rs9349320	H3156	NA20901	1
phyml	GRCh37	rs9349320	H3157	HG03703	1
phyml	GRCh37	rs9349320	H3158	HG03898	1
phyml	GRCh37	rs9349320	H3159	HG03673	2
phyml	GRCh37	rs9349320	H3160	HG03913	1
phyml	GRCh37	rs9349320	H3161	NA18999	2
phyml	GRCh37	rs9349320	H3162	HG02255	2
phyml	GRCh37	rs9349320	H3163	HG01806	2
phyml	GRCh37	rs9349320	H3164	HG02187	2
phyml	GRCh37	rs9349320	H3165	HG03974	2
phyml	GRCh37	rs9349320	H3166	HG03694	2
phyml	GRCh37	rs9349320	H3167	HG03824	2
phyml	GRCh37	rs9349320	H3168	HG04019	2
phyml	GRCh37	rs9349320	H3169	HG03779	1
phyml	GRCh37	rs9349320	H3170	HG03796	1
phyml	GRCh37	rs9349320	H3171	NA18638	2
phyml	GRCh37	rs9349320	H3172	NA20886	1
phyml	GRCh37	rs9349320	H3173	HG03772	2
phyml	GRCh37	rs9349320	H3174	HG03785	1
phyml	GRCh37	rs9349320	H3175	HG03785	2
phyml	GRCh37	rs9349320	H3176	HG04025	2
phyml	GRCh37	rs9349320	H3177	HG03646	1
phyml	GRCh37	rs9349320	H3178	HG03812	2
phyml	GRCh37	rs9349320	H3179	HG02142	1
phyml	GRCh37	rs9349320	H3180	HG04210	2
phyml	GRCh37	rs9349320	H3181	HG03752	2
phyml	GRCh37	rs9349320	H3182	HG02449	2
phyml	GRCh37	rs9349320	H3183	HG04017	2
phyml	GRCh37	rs9349320	H3184	HG04056	2
phyml	GRCh37	rs9349320	H3185	HG04042	1
phyml	GRCh37	rs9349320	H3186	HG03652	2
phyml	GRCh37	rs9349320	H3187	NA19462	2
phyml	GRCh37	rs9349320	H3188	HG03786	2
phyml	GRCh37	rs9349320	H3189	HG03772	1
phyml	GRCh37	rs9349320	H3190	NA19457	1
phyml	GRCh37	rs9349320	H3191	HG03298	1
phyml	GRCh37	rs9349320	H3192	NA19982	2
phyml	GRCh37	rs9349320	H3193	HG03298	2
phyml	GRCh37	rs9349320	H3194	HG03300	1
phyml	GRCh37	rs9349320	H3195	NA18570	1
phyml	GRCh37	rs9349320	H3196	HG02383	2
phyml	GRCh37	rs9349320	H3197	HG03985	1
phyml	GRCh37	rs9349320	H3198	HG03015	2
phyml	GRCh37	rs9349320	H3199	HG01816	2
phyml	GRCh37	rs9349320	H3200	HG02155	2
phyml	GRCh37	rs9349320	H3201	HG01874	2
phyml	GRCh37	rs9349320	H3202	HG02164	2
phyml	GRCh37	rs9349320	H3203	HG01842	1
phyml	GRCh37	rs9349320	H3204	HG02181	1
phyml	GRCh37	rs9349320	H3205	HG02029	2
phyml	GRCh37	rs9349320	H3206	NA18571	1
phyml	GRCh37	rs9349320	H3207	NA19070	2
phyml	GRCh37	rs9349320	H3208	HG00457	2
phyml	GRCh37	rs9349320	H3209	HG01865	1
phyml	GRCh37	rs9349320	H3210	HG02064	1
phyml	GRCh37	rs9349320	H3211	NA18986	1
phyml	GRCh37	rs9349320	H3212	HG02084	1
phyml	GRCh37	rs9349320	H3213	HG02521	1
phyml	GRCh37	rs9349320	H3214	HG02082	1
phyml	GRCh37	rs9349320	H3215	HG02395	2
phyml	GRCh37	rs9349320	H3216	HG00608	2
phyml	GRCh37	rs9349320	H3217	HG02512	2
phyml	GRCh37	rs9349320	H3218	HG01498	2
phyml	GRCh37	rs9349320	H3219	NA19664	2
phyml	GRCh37	rs9349320	H3220	NA18952	1
phyml	GRCh37	rs9349320	H3221	NA19729	1
phyml	GRCh37	rs9349320	H3222	NA19079	1
phyml	GRCh37	rs9349320	H3223	NA19758	1
phyml	GRCh37	rs9349320	H3224	HG01948	2
phyml	GRCh37	rs9349320	H3225	NA19792	2
phyml	GRCh37	rs9349320	H3226	HG00672	2
phyml	GRCh37	rs9349320	H3227	HG01124	2
phyml	GRCh37	rs9349320	H3228	HG01272	1
phyml	GRCh37	rs9349320	H3229	HG02147	2
phyml	GRCh37	rs9349320	H3230	HG01953	2
phyml	GRCh37	rs9349320	H3231	HG02147	1
phyml	GRCh37	rs9349320	H3232	NA19720	1
phyml	GRCh37	rs9349320	H3233	HG01944	1
phyml	GRCh37	rs9349320	H3234	HG01921	2
phyml	GRCh37	rs9349320	H3235	HG01566	2
phyml	GRCh37	rs9349320	H3236	NA18637	1
phyml	GRCh37	rs9349320	H3237	NA18630	1
phyml	GRCh37	rs9349320	H3238	HG02067	2
phyml	GRCh37	rs9349320	H3239	NA18615	1
phyml	GRCh37	rs9349320	H3240	HG01697	1
phyml	GRCh37	rs9349320	H3241	HG02852	2
phyml	GRCh37	rs9349320	H3242	NA19443	1
phyml	GRCh37	rs9349320	H3243	NA20127	2
phyml	GRCh37	rs9349320	H3244	HG03313	1
phyml	GRCh37	rs9349320	H3245	HG03202	2
phyml	GRCh37	rs9349320	H3246	HG02780	2
phyml	GRCh37	rs9349320	H3247	HG02778	2
phyml	GRCh37	rs9349320	H3248	HG00318	1
phyml	GRCh37	rs9349320	H3249	HG03741	2
phyml	GRCh37	rs9349320	H3250	HG03740	2
phyml	GRCh37	rs9349320	H3251	HG03615	2
phyml	GRCh37	rs9349320	H3252	HG03121	1
phyml	GRCh37	rs9349320	H3253	HG02445	1
phyml	GRCh37	rs9349320	H3254	NA19114	2
phyml	GRCh37	rs9349320	H3255	HG02555	2
phyml	GRCh37	rs9349320	H3256	NA18511	1
phyml	GRCh37	rs9349320	H3257	HG02090	2
phyml	GRCh37	rs9349320	H3258	HG03643	2
phyml	GRCh37	rs9349320	H3259	NA21098	1
phyml	GRCh37	rs9349320	H3260	HG02603	2
phyml	GRCh37	rs9349320	H3261	NA21124	2
phyml	GRCh37	rs9349320	H3262	HG03733	1
phyml	GRCh37	rs9349320	H3263	HG03899	2
phyml	GRCh37	rs9349320	H3264	HG03894	2
phyml	GRCh37	rs9349320	H3265	HG03922	2
phyml	GRCh37	rs9349320	H3266	HG01256	2
phyml	GRCh37	rs9349320	H3267	HG02425	1
phyml	GRCh37	rs9349320	H3268	NA12890	2
phyml	GRCh37	rs9349320	H3269	NA11995	1
phyml	GRCh37	rs9349320	H3270	HG01048	2
phyml	GRCh37	rs9349320	H3271	HG02219	2
phyml	GRCh37	rs9349320	H3272	NA19213	2
phyml	GRCh37	rs9349320	H3273	HG03342	2
phyml	GRCh37	rs9349320	H3274	HG03085	2
phyml	GRCh37	rs9349320	H3275	NA19350	1
phyml	GRCh37	rs9349320	H3276	HG02307	2
phyml	GRCh37	rs9349320	H3277	HG03097	1
phyml	GRCh37	rs9349320	H3278	NA20299	2
phyml	GRCh37	rs9349320	H3279	NA19385	2
phyml	GRCh37	rs9349320	H3280	NA18916	1
phyml	GRCh37	rs9349320	H3281	HG03452	2
phyml	GRCh37	rs9349320	H3282	NA19152	1
phyml	GRCh37	rs9349320	H3283	HG03401	2
phyml	GRCh37	rs9349320	H3284	HG03451	2
phyml	GRCh37	rs9349320	H3285	HG03058	1
phyml	GRCh37	rs9349320	H3286	NA20321	1
phyml	GRCh37	rs9349320	H3287	HG02620	1
phyml	GRCh37	rs9349320	H3288	HG02589	2
phyml	GRCh37	rs9349320	H3289	NA20334	1
phyml	GRCh37	rs9349320	H3290	NA20412	2
phyml	GRCh37	rs9349320	H3291	HG02817	1
phyml	GRCh37	rs9349320	H3292	HG03198	2
phyml	GRCh37	rs9349320	H3293	HG02882	1
phyml	GRCh37	rs9349320	H3294	HG03240	2
phyml	GRCh37	rs9349320	H3295	HG03401	1
phyml	GRCh37	rs9349320	H3296	HG02896	1
phyml	GRCh37	rs9349320	H3297	NA20355	2
phyml	GRCh37	rs9349320	H3298	HG02317	1
phyml	GRCh37	rs9349320	H3299	HG02595	2
phyml	GRCh37	rs9349320	H3300	HG03045	1
phyml	GRCh37	rs9349320	H3301	HG03559	2
phyml	GRCh37	rs9349320	H3302	HG03410	2
phyml	GRCh37	rs9349320	H3303	HG03120	2
phyml	GRCh37	rs9349320	H3304	HG03066	1
phyml	GRCh37	rs9349320	H3305	HG03514	2
phyml	GRCh37	rs9349320	H3306	NA19901	2
phyml	GRCh37	rs9349320	H3307	NA19711	1
phyml	GRCh37	rs9349320	H3308	HG03313	2
phyml	GRCh37	rs9349320	H3309	HG03478	2
phyml	GRCh37	rs9349320	H3310	HG02855	1
phyml	GRCh37	rs9349320	H3311	NA19346	1
phyml	GRCh37	rs9349320	H3312	NA18507	2
phyml	GRCh37	rs9349320	H3313	NA19328	1
phyml	GRCh37	rs9349320	H3314	NA18489	2
phyml	GRCh37	rs9349320	H3315	HG02840	2
phyml	GRCh37	rs9349320	H3316	HG02317	2
phyml	GRCh37	rs9349320	H3317	NA20355	1
phyml	GRCh37	rs9349320	H3318	NA18522	2
phyml	GRCh37	rs9349320	H3319	HG02878	2
phyml	GRCh37	rs9349320	H3320	HG02667	1
phyml	GRCh37	rs9349320	H3321	HG03451	1
phyml	GRCh37	rs9349320	H3322	HG02837	1
phyml	GRCh37	rs9349320	H3323	HG02888	2
phyml	GRCh37	rs9349320	H3324	HG02332	2
phyml	GRCh37	rs9349320	H3325	HG01402	2
phyml	GRCh37	rs9349320	H3326	HG01886	2
phyml	GRCh37	rs9349320	H3327	NA20291	1
phyml	GRCh37	rs9349320	H3328	HG02778	1
phyml	GRCh37	rs9349320	H3329	HG02737	2
phyml	GRCh37	rs9349320	H3330	HG03642	1
phyml	GRCh37	rs9349320	H3331	HG04152	1
phyml	GRCh37	rs9349320	H3332	HG02793	1
phyml	GRCh37	rs9349320	H3333	HG03645	2
phyml	GRCh37	rs9349320	H3334	HG01597	2
phyml	GRCh37	rs9349320	H3335	HG02508	1
phyml	GRCh37	rs9349320	H3336	HG00304	1
phyml	GRCh37	rs9349320	H3337	HG00182	1
phyml	GRCh37	rs9349320	H3338	HG02186	1
phyml	GRCh37	rs9349320	H3339	HG03048	1
phyml	GRCh37	rs9349320	H3340	HG03055	2
phyml	GRCh37	rs9349320	H3341	HG03484	1
phyml	GRCh37	rs9349320	H3342	NA18486	1
phyml	GRCh37	rs9349320	H3343	NA19153	1
phyml	GRCh37	rs9349320	H3344	HG02545	2
phyml	GRCh37	rs9349320	H3345	NA19037	2
phyml	GRCh37	rs9349320	H3346	NA19025	1
phyml	GRCh37	rs9349320	H3347	HG02283	2
phyml	GRCh37	rs9349320	H3348	NA19430	2
phyml	GRCh37	rs9349320	H3349	NA20769	2
phyml	GRCh37	rs9349320	H3350	NA19393	1
phyml	GRCh37	rs9349320	H3351	HG03066	2
phyml	GRCh37	rs9349320	H3352	HG02798	1
phyml	GRCh37	rs9349320	H3353	NA19720	2
phyml	GRCh37	rs9349320	H3354	HG02757	2
phyml	GRCh37	rs9349320	H3355	HG03372	1
phyml	GRCh37	rs9349320	H3356	HG03159	1
phyml	GRCh37	rs9349320	H3357	NA18508	1
phyml	GRCh37	rs9349320	H3358	HG01474	2
phyml	GRCh37	rs9349320	H3359	HG02325	2
phyml	GRCh37	rs9349320	H3360	HG03478	1
phyml	GRCh37	rs9349320	H3361	HG03484	2
phyml	GRCh37	rs9349320	H3362	HG00598	1
phyml	GRCh37	rs9349320	H3363	HG02133	1
phyml	GRCh37	rs9349320	H3364	NA18630	2
phyml	GRCh37	rs9349320	H3365	HG02808	2
phyml	GRCh37	rs9349320	H3366	HG03558	2
phyml	GRCh37	rs9349320	H3367	HG02402	1
phyml	GRCh37	rs9349320	H3368	HG02070	2
phyml	GRCh37	rs9349320	H3369	HG02121	1
phyml	GRCh37	rs9349320	H3370	HG02401	2
phyml	GRCh37	rs9349320	H3371	HG02407	2
phyml	GRCh37	rs9349320	H3372	HG01308	2
phyml	GRCh37	rs9349320	H3373	HG01305	2
phyml	GRCh37	rs9349320	H3374	HG03209	2
phyml	GRCh37	rs9349320	H3375	NA19318	2
phyml	GRCh37	rs9349320	H3376	NA19403	1
phyml	GRCh37	rs9349320	H3377	HG03078	1
phyml	GRCh37	rs9349320	H3378	HG03112	2
phyml	GRCh37	rs9349320	H3379	HG03464	2
phyml	GRCh37	rs9349320	H3380	NA19471	1
phyml	GRCh37	rs9349320	H3381	HG01440	1
phyml	GRCh37	rs9349320	H3382	NA20127	1
phyml	GRCh37	rs9349320	H3383	NA19452	1
phyml	GRCh37	rs9349320	H3384	HG03472	2
phyml	GRCh37	rs9349320	H3385	HG02982	1
phyml	GRCh37	rs9349320	H3386	NA19467	1
phyml	GRCh37	rs9349320	H3387	HG02610	1
phyml	GRCh37	rs9349320	H3388	HG03558	1
phyml	GRCh37	rs9349320	H3389	NA19116	2
